{"type":"FeatureCollection","source":"https://overpass-api.de/api/interpreter, https://overpass.kumi.systems/api/interpreter — nwr boundary=administrative admin_level=9|7 dentro area(3601543125) = relazione 1543125 (東京都)","verified":"2026-09-06","simplify_m":20.0,"deviazione_massima_m":50.0,"simplify2_m":30.0,"bbox":[139.13615,24.22468,141.47304,35.85087],"features":[{"type":"Feature","bbox":[139.80285,35.75242,139.81513,35.76937],"properties":{"slug":"adachi-adachi","name":"Adachi","name_local":"足立","ward":"Adachi","ward_slug":"adachi","gruppo":"adachi-adachi","gruppo_name":"Adachi","usato":false},"geometry":{"type":"Polygon","coordinates":[[[139.80902,35.75704],[139.81439,35.75242],[139.81513,35.75348],[139.81345,35.75455],[139.81324,35.75914],[139.81373,35.76165],[139.81314,35.76338],[139.8119,35.76476],[139.80362,35.76937],[139.80392,35.76272],[139.80285,35.75945],[139.80902,35.75704]]]}},{"type":"Feature","bbox":[139.8104,35.76918,139.82431,35.77857],"properties":{"slug":"adachi-aoi","name":"Aoi","name_local":"青井","ward":"Adachi","ward_slug":"adachi","gruppo":"adachi-aoi","gruppo_name":"Aoi","usato":false},"geometry":{"type":"Polygon","coordinates":[[[139.8104,35.77085],[139.82196,35.76918],[139.82431,35.77766],[139.81112,35.77857],[139.8104,35.77085]]]}},{"type":"Feature","bbox":[139.81978,35.75558,139.83098,35.77602],"properties":{"slug":"adachi-ayase","name":"Ayase","name_local":"綾瀬","ward":"Adachi","ward_slug":"adachi","gruppo":"adachi-ayase","gruppo_name":"Ayase","usato":false},"geometry":{"type":"Polygon","coordinates":[[[139.81982,35.7605],[139.82027,35.75594],[139.82221,35.75558],[139.8234,35.75583],[139.82415,35.76186],[139.82701,35.76217],[139.82597,35.76168],[139.82532,35.75928],[139.82557,35.75801],[139.82867,35.75739],[139.83011,35.75786],[139.83081,35.75863],[139.83088,35.76283],[139.82913,35.76272],[139.82992,35.77416],[139.82817,35.77406],[139.82801,35.77459],[139.82574,35.77472],[139.82599,35.77577],[139.82385,35.77602],[139.81982,35.7605]]]}},{"type":"Feature","bbox":[139.80323,35.76628,139.8112,35.77857],"properties":{"slug":"adachi-ch-honch","name":"Chūōhonchō","name_local":"中央本町","ward":"Adachi","ward_slug":"adachi","gruppo":"adachi-ch-honch","gruppo_name":"Chūōhonchō","usato":false},"geometry":{"type":"Polygon","coordinates":[[[139.80362,35.76937],[139.80912,35.76628],[139.81076,35.77291],[139.81112,35.77857],[139.80323,35.77846],[139.80362,35.76937]]]}},{"type":"Feature","bbox":[139.76087,35.75711,139.779,35.77557],"properties":{"slug":"adachi-gi","name":"Ōgi","name_local":"扇","ward":"Adachi","ward_slug":"adachi","gruppo":"adachi-gi","gruppo_name":"Ōgi","usato":false},"geometry":{"type":"Polygon","coordinates":[[[139.7745,35.77394],[139.77472,35.77267],[139.77386,35.77137],[139.77419,35.76825],[139.77463,35.76772],[139.77566,35.76752],[139.77532,35.76665],[139.77701,35.76689],[139.77761,35.76511],[139.779,35.76463],[139.77831,35.76342],[139.77724,35.76307],[139.77812,35.76079],[139.77855,35.75711],[139.77363,35.75712],[139.76849,35.75798],[139.76427,35.75994],[139.76162,35.76213],[139.76087,35.76359],[139.76388,35.76487],[139.7639,35.76533],[139.76553,35.76547],[139.76715,35.76485],[139.76736,35.76587],[139.76869,35.76697],[139.76839,35.76889],[139.77076,35.76901],[139.77045,35.77324],[139.77429,35.77557],[139.7745,35.77394]]]}},{"type":"Feature","bbox":[139.80245,35.79811,139.82506,35.81503],"properties":{"slug":"adachi-hanahata","name":"Hanahata","name_local":"花畑","ward":"Adachi","ward_slug":"adachi","gruppo":"adachi-hanahata","gruppo_name":"Hanahata","usato":false},"geometry":{"type":"Polygon","coordinates":[[[139.81962,35.79919],[139.82026,35.80105],[139.82018,35.8028],[139.82078,35.8057],[139.82283,35.80938],[139.82506,35.81091],[139.82499,35.81215],[139.82322,35.81444],[139.82126,35.81503],[139.81986,35.8126],[139.82078,35.81131],[139.81948,35.81172],[139.8174,35.81002],[139.81456,35.8086],[139.81159,35.80817],[139.80439,35.80888],[139.80245,35.80816],[139.8026,35.80737],[139.80612,35.8024],[139.80765,35.80238],[139.8078,35.80068],[139.80888,35.80075],[139.80859,35.79995],[139.80915,35.79918],[139.81008,35.79929],[139.81004,35.79811],[139.81331,35.79847],[139.81701,35.79822],[139.81705,35.79989],[139.81755,35.80088],[139.81905,35.80023],[139.81962,35.79919]]]}},{"type":"Feature","bbox":[139.82913,35.76272,139.8357,35.77316],"properties":{"slug":"adachi-higashi-ayase","name":"Higashi ayase","name_local":"東綾瀬","ward":"Adachi","ward_slug":"adachi","gruppo":"adachi-ayase","gruppo_name":"Ayase","usato":false},"geometry":{"type":"Polygon","coordinates":[[[139.83548,35.76311],[139.83554,35.77316],[139.82958,35.77001],[139.82913,35.76272],[139.83088,35.76283],[139.83216,35.76392],[139.83548,35.76311]]]}},{"type":"Feature","bbox":[139.8102,35.78762,139.817,35.79499],"properties":{"slug":"adachi-higashi-hokima","name":"Higashi hokima","name_local":"東保木間","ward":"Adachi","ward_slug":"adachi","gruppo":"adachi-hokima","gruppo_name":"Hokima","usato":false},"geometry":{"type":"Polygon","coordinates":[[[139.81058,35.78815],[139.8102,35.79493],[139.81306,35.79499],[139.817,35.7941],[139.81688,35.78762],[139.81183,35.78766],[139.81058,35.78815]]]}},{"type":"Feature","bbox":[139.78083,35.79745,139.79487,35.80722],"properties":{"slug":"adachi-higashi-iko","name":"Higashi iko","name_local":"東伊興","ward":"Adachi","ward_slug":"adachi","gruppo":"adachi-iko","gruppo_name":"Iko","usato":false},"geometry":{"type":"Polygon","coordinates":[[[139.78083,35.80452],[139.78339,35.80537],[139.78293,35.80722],[139.78359,35.80662],[139.78692,35.8066],[139.79224,35.80535],[139.79487,35.80529],[139.79207,35.7976],[139.79132,35.79745],[139.79118,35.79789],[139.78922,35.7985],[139.78994,35.8007],[139.79063,35.80155],[139.7895,35.80248],[139.78856,35.80291],[139.78618,35.80279],[139.78642,35.80121],[139.78418,35.80082],[139.78083,35.80452]]]}},{"type":"Feature","bbox":[139.80291,35.78595,139.80977,35.78905],"properties":{"slug":"adachi-higashi-rokugetsu-cho","name":"Higashi rokugetsu cho","name_local":"東六月町","ward":"Adachi","ward_slug":"adachi","gruppo":"adachi-higashi-rokugetsu-cho","gruppo_name":"Higashi rokugetsu cho","usato":false},"geometry":{"type":"Polygon","coordinates":[[[139.80291,35.78888],[139.80906,35.78905],[139.80977,35.78645],[139.80569,35.78661],[139.80556,35.78615],[139.80298,35.78595],[139.80291,35.78888]]]}},{"type":"Feature","bbox":[139.80671,35.7493,139.81552,35.75704],"properties":{"slug":"adachi-hinode-cho","name":"Hinode cho","name_local":"日ノ出町","ward":"Adachi","ward_slug":"adachi","gruppo":"adachi-hinode-cho","gruppo_name":"Hinode cho","usato":false},"geometry":{"type":"Polygon","coordinates":[[[139.80739,35.75319],[139.80671,35.7511],[139.80934,35.75117],[139.80955,35.75005],[139.81045,35.7493],[139.81127,35.75001],[139.81552,35.75099],[139.81359,35.75337],[139.80902,35.75704],[139.807,35.75462],[139.80743,35.75416],[139.80739,35.75319]]]}},{"type":"Feature","bbox":[139.80298,35.77846,139.81025,35.78661],"properties":{"slug":"adachi-hirano","name":"Hirano","name_local":"平野","ward":"Adachi","ward_slug":"adachi","gruppo":"adachi-hirano","gruppo_name":"Hirano","usato":false},"geometry":{"type":"Polygon","coordinates":[[[139.80815,35.77859],[139.80323,35.77846],[139.80298,35.78595],[139.80556,35.78615],[139.80569,35.78661],[139.80977,35.78645],[139.81025,35.78495],[139.80902,35.78481],[139.80869,35.78128],[139.80921,35.78131],[139.80922,35.78013],[139.80803,35.78005],[139.80815,35.77859]]]}},{"type":"Feature","bbox":[139.80803,35.77832,139.81919,35.78495],"properties":{"slug":"adachi-hitotsuya","name":"Hitotsuya","name_local":"一ツ家","ward":"Adachi","ward_slug":"adachi","gruppo":"adachi-hitotsuya","gruppo_name":"Hitotsuya","usato":false},"geometry":{"type":"Polygon","coordinates":[[[139.80815,35.77859],[139.80803,35.78005],[139.80922,35.78013],[139.80921,35.78131],[139.80869,35.78128],[139.80902,35.78481],[139.81648,35.78446],[139.81607,35.7819],[139.81865,35.782],[139.81896,35.78163],[139.81919,35.7802],[139.81718,35.77995],[139.81745,35.77832],[139.80815,35.77859]]]}},{"type":"Feature","bbox":[139.80149,35.78815,139.81074,35.80877],"properties":{"slug":"adachi-hokima","name":"Hokima","name_local":"保木間","ward":"Adachi","ward_slug":"adachi","gruppo":"adachi-hokima","gruppo_name":"Hokima","usato":false},"geometry":{"type":"Polygon","coordinates":[[[139.81069,35.79819],[139.81074,35.79496],[139.81009,35.79481],[139.81058,35.78815],[139.80896,35.78877],[139.80906,35.78905],[139.80291,35.78888],[139.80149,35.80654],[139.80169,35.80826],[139.80351,35.80877],[139.80245,35.80816],[139.8026,35.80737],[139.80612,35.8024],[139.80765,35.80238],[139.8078,35.80068],[139.80888,35.80075],[139.80859,35.79995],[139.80915,35.79918],[139.81008,35.79929],[139.81004,35.79811],[139.81069,35.79819]]]}},{"type":"Feature","bbox":[139.75024,35.77005,139.76045,35.77835],"properties":{"slug":"adachi-horinouchi","name":"Horinouchi","name_local":"堀之内","ward":"Adachi","ward_slug":"adachi","gruppo":"adachi-horinouchi","gruppo_name":"Horinouchi","usato":false},"geometry":{"type":"Polygon","coordinates":[[[139.75682,35.77005],[139.75819,35.77196],[139.76045,35.77151],[139.75942,35.77249],[139.75913,35.77421],[139.76017,35.77698],[139.75745,35.77717],[139.75767,35.7783],[139.75608,35.77835],[139.75624,35.77764],[139.75489,35.77768],[139.75432,35.77604],[139.75175,35.77677],[139.75175,35.77573],[139.75024,35.77305],[139.75682,35.77005]]]}},{"type":"Feature","bbox":[139.80896,35.78446,139.81688,35.78877],"properties":{"slug":"adachi-hozukacho","name":"Hozukacho","name_local":"保塚町","ward":"Adachi","ward_slug":"adachi","gruppo":"adachi-hozukacho","gruppo_name":"Hozukacho","usato":false},"geometry":{"type":"Polygon","coordinates":[[[139.80896,35.78877],[139.81183,35.78766],[139.81688,35.78762],[139.81627,35.78619],[139.81648,35.78446],[139.81027,35.78489],[139.80896,35.78877]]]}},{"type":"Feature","bbox":[139.77935,35.78774,139.78839,35.80082],"properties":{"slug":"adachi-iko","name":"Iko","name_local":"伊興","ward":"Adachi","ward_slug":"adachi","gruppo":"adachi-iko","gruppo_name":"Iko","usato":false},"geometry":{"type":"Polygon","coordinates":[[[139.7861,35.78793],[139.78404,35.78774],[139.78312,35.78872],[139.78326,35.79033],[139.78185,35.79011],[139.78047,35.79048],[139.77935,35.79013],[139.77946,35.80074],[139.78256,35.80052],[139.78418,35.80082],[139.78839,35.79586],[139.7861,35.78793]]]}},{"type":"Feature","bbox":[139.78418,35.79586,139.79063,35.80291],"properties":{"slug":"adachi-iko-honcho","name":"Iko honcho","name_local":"伊興本町","ward":"Adachi","ward_slug":"adachi","gruppo":"adachi-iko-honcho","gruppo_name":"Iko honcho","usato":false},"geometry":{"type":"Polygon","coordinates":[[[139.78839,35.79586],[139.78994,35.8007],[139.79063,35.80155],[139.78856,35.80291],[139.78618,35.80279],[139.78642,35.80121],[139.78418,35.80082],[139.78839,35.79586]]]}},{"type":"Feature","bbox":[139.7504,35.79607,139.77219,35.81267],"properties":{"slug":"adachi-iriya","name":"Iriya","name_local":"入谷","ward":"Adachi","ward_slug":"adachi","gruppo":"adachi-iriya","gruppo_name":"Iriya","usato":false},"geometry":{"type":"Polygon","coordinates":[[[139.77204,35.80512],[139.77219,35.80361],[139.77122,35.80163],[139.76799,35.80197],[139.76796,35.79677],[139.76315,35.79691],[139.76339,35.79607],[139.76077,35.79611],[139.76024,35.7963],[139.76058,35.79754],[139.7598,35.79842],[139.75374,35.80436],[139.75072,35.80625],[139.75044,35.80705],[139.75073,35.80875],[139.7504,35.80925],[139.75085,35.81037],[139.75205,35.8112],[139.75244,35.81053],[139.75297,35.81079],[139.75395,35.81036],[139.75432,35.81063],[139.75414,35.81096],[139.75503,35.81043],[139.75546,35.81266],[139.75706,35.81189],[139.75992,35.81214],[139.76116,35.81267],[139.76136,35.8112],[139.76457,35.81123],[139.76456,35.81208],[139.76594,35.81208],[139.76541,35.80869],[139.76658,35.80857],[139.76649,35.80799],[139.76746,35.8079],[139.76839,35.80673],[139.76769,35.80623],[139.76752,35.80548],[139.77204,35.80512]]]}},{"type":"Feature","bbox":[139.80912,35.76628,139.82196,35.77085],"properties":{"slug":"adachi-k-d","name":"Kōdō","name_local":"弘道","ward":"Adachi","ward_slug":"adachi","gruppo":"adachi-k-d","gruppo_name":"Kōdō","usato":false},"geometry":{"type":"Polygon","coordinates":[[[139.82196,35.76918],[139.81039,35.77085],[139.80912,35.76628],[139.81678,35.76679],[139.82174,35.76836],[139.82196,35.76918]]]}},{"type":"Feature","bbox":[139.75682,35.76359,139.77076,35.78319],"properties":{"slug":"adachi-k-hoku","name":"Kōhoku","name_local":"江北","ward":"Adachi","ward_slug":"adachi","gruppo":"adachi-k-hoku","gruppo_name":"Kōhoku","usato":false},"geometry":{"type":"Polygon","coordinates":[[[139.77017,35.78284],[139.76102,35.78303],[139.76088,35.78154],[139.76222,35.78137],[139.76216,35.78031],[139.75911,35.77447],[139.75942,35.77249],[139.76045,35.77151],[139.75819,35.77196],[139.75682,35.77005],[139.75852,35.76905],[139.75967,35.76746],[139.76087,35.76359],[139.76388,35.76487],[139.7639,35.76533],[139.76553,35.76547],[139.76715,35.76485],[139.76736,35.76587],[139.76869,35.76697],[139.76839,35.76889],[139.77076,35.76901],[139.77017,35.78284]]]}},{"type":"Feature","bbox":[139.75585,35.78663,139.76215,35.7963],"properties":{"slug":"adachi-kaga","name":"Kaga","name_local":"加賀","ward":"Adachi","ward_slug":"adachi","gruppo":"adachi-kaga","gruppo_name":"Kaga","usato":false},"geometry":{"type":"Polygon","coordinates":[[[139.7621,35.79064],[139.76215,35.78919],[139.76096,35.78907],[139.75869,35.78755],[139.75882,35.78711],[139.75667,35.78671],[139.75735,35.78891],[139.75585,35.79064],[139.75997,35.79484],[139.76024,35.7963],[139.76167,35.79608],[139.7621,35.79064]]]}},{"type":"Feature","bbox":[139.82385,35.77406,139.83059,35.78299],"properties":{"slug":"adachi-kahei","name":"Kahei","name_local":"加平","ward":"Adachi","ward_slug":"adachi","gruppo":"adachi-kahei","gruppo_name":"Kahei","usato":false},"geometry":{"type":"Polygon","coordinates":[[[139.82385,35.77602],[139.82599,35.77577],[139.82574,35.77472],[139.82801,35.77459],[139.82817,35.77406],[139.82992,35.77416],[139.83059,35.78209],[139.8268,35.78299],[139.82573,35.78279],[139.82385,35.77602]]]}},{"type":"Feature","bbox":[139.82573,35.78196,139.8311,35.78623],"properties":{"slug":"adachi-kita-kahei-cho","name":"Kita kahei cho","name_local":"北加平町","ward":"Adachi","ward_slug":"adachi","gruppo":"adachi-kita-kahei-cho","gruppo_name":"Kita kahei cho","usato":false},"geometry":{"type":"Polygon","coordinates":[[[139.83059,35.78209],[139.83092,35.78196],[139.8311,35.78623],[139.82654,35.78574],[139.82573,35.78279],[139.8268,35.78299],[139.83059,35.78209]]]}},{"type":"Feature","bbox":[139.77004,35.79434,139.7764,35.80163],"properties":{"slug":"adachi-kojiya","name":"Kojiya","name_local":"古千谷","ward":"Adachi","ward_slug":"adachi","gruppo":"adachi-kojiya","gruppo_name":"Kojiya","usato":false},"geometry":{"type":"Polygon","coordinates":[[[139.77415,35.79434],[139.77418,35.79583],[139.7752,35.79581],[139.77521,35.79956],[139.7764,35.79955],[139.7764,35.80107],[139.77122,35.80163],[139.77053,35.79781],[139.77004,35.79781],[139.77004,35.79438],[139.77415,35.79434]]]}},{"type":"Feature","bbox":[139.77122,35.80085,139.78339,35.81051],"properties":{"slug":"adachi-kojiya-honcho","name":"Kojiya honcho","name_local":"古千谷本町","ward":"Adachi","ward_slug":"adachi","gruppo":"adachi-kojiya-honcho","gruppo_name":"Kojiya honcho","usato":false},"geometry":{"type":"Polygon","coordinates":[[[139.77898,35.8087],[139.78111,35.80712],[139.78293,35.80722],[139.78339,35.80537],[139.78083,35.80452],[139.77956,35.80538],[139.77951,35.80349],[139.77861,35.80351],[139.77855,35.80085],[139.77122,35.80163],[139.77219,35.80361],[139.77204,35.80512],[139.77239,35.80512],[139.7724,35.80583],[139.77373,35.80589],[139.77341,35.80683],[139.77396,35.80815],[139.77728,35.81051],[139.77898,35.8087]]]}},{"type":"Feature","bbox":[139.78209,35.77792,139.79285,35.78814],"properties":{"slug":"adachi-kurihara","name":"Kurihara","name_local":"栗原","ward":"Adachi","ward_slug":"adachi","gruppo":"adachi-kurihara","gruppo_name":"Kurihara","usato":false},"geometry":{"type":"Polygon","coordinates":[[[139.78982,35.77819],[139.79155,35.77825],[139.79166,35.7836],[139.79285,35.78552],[139.78763,35.78576],[139.78845,35.78798],[139.78404,35.78774],[139.78353,35.78566],[139.78343,35.7807],[139.78209,35.77792],[139.78982,35.77819]]]}},{"type":"Feature","bbox":[139.81069,35.78585,139.82795,35.80088],"properties":{"slug":"adachi-minami-hanahata","name":"Minami hanahata","name_local":"南花畑","ward":"Adachi","ward_slug":"adachi","gruppo":"adachi-hanahata","gruppo_name":"Hanahata","usato":false},"geometry":{"type":"Polygon","coordinates":[[[139.81686,35.78755],[139.82079,35.78751],[139.82093,35.78666],[139.82656,35.78585],[139.82795,35.79161],[139.82746,35.79381],[139.8222,35.79586],[139.81937,35.79916],[139.81905,35.80023],[139.81755,35.80088],[139.81705,35.79989],[139.81701,35.79822],[139.81069,35.79819],[139.81074,35.79496],[139.81306,35.79499],[139.817,35.7941],[139.81686,35.78755]]]}},{"type":"Feature","bbox":[139.74821,35.75512,139.76124,35.7656],"properties":{"slug":"adachi-miyagi","name":"Miyagi","name_local":"宮城","ward":"Adachi","ward_slug":"adachi","gruppo":"adachi-miyagi","gruppo_name":"Miyagi","usato":false},"geometry":{"type":"Polygon","coordinates":[[[139.76087,35.76359],[139.76016,35.7656],[139.74882,35.75988],[139.74821,35.75918],[139.74825,35.75824],[139.74981,35.75659],[139.75629,35.75512],[139.75884,35.76166],[139.76124,35.76288],[139.76087,35.76359]]]}},{"type":"Feature","bbox":[139.78275,35.75757,139.7892,35.77186],"properties":{"slug":"adachi-motoki","name":"Motoki","name_local":"本木","ward":"Adachi","ward_slug":"adachi","gruppo":"adachi-motoki","gruppo_name":"Motoki","usato":false},"geometry":{"type":"Polygon","coordinates":[[[139.7834,35.76398],[139.78378,35.7648],[139.78376,35.76698],[139.78481,35.76724],[139.78374,35.7691],[139.78425,35.77182],[139.7847,35.77186],[139.78594,35.76801],[139.78678,35.76435],[139.7865,35.76431],[139.78877,35.76057],[139.7892,35.75857],[139.78326,35.75757],[139.7829,35.76107],[139.78463,35.76336],[139.7834,35.76398]]]}},{"type":"Feature","bbox":[139.78057,35.76398,139.78481,35.76821],"properties":{"slug":"adachi-motokihigashimachi","name":"Motokihigashimachi","name_local":"本木東町","ward":"Adachi","ward_slug":"adachi","gruppo":"adachi-motokihigashimachi","gruppo_name":"Motokihigashimachi","usato":false},"geometry":{"type":"Polygon","coordinates":[[[139.78432,35.76821],[139.78057,35.76731],[139.78126,35.76447],[139.7834,35.76398],[139.78378,35.7648],[139.78376,35.76698],[139.78481,35.76724],[139.78432,35.76821]]]}},{"type":"Feature","bbox":[139.77731,35.76333,139.78126,35.76723],"properties":{"slug":"adachi-motokikitamachi","name":"Motokikitamachi","name_local":"本木北町","ward":"Adachi","ward_slug":"adachi","gruppo":"adachi-motokikitamachi","gruppo_name":"Motokikitamachi","usato":false},"geometry":{"type":"Polygon","coordinates":[[[139.77831,35.76342],[139.78099,35.76333],[139.78126,35.76447],[139.78059,35.76723],[139.77999,35.76652],[139.77731,35.76584],[139.77761,35.76511],[139.779,35.76463],[139.77831,35.76342]]]}},{"type":"Feature","bbox":[139.78045,35.75736,139.78463,35.76447],"properties":{"slug":"adachi-motokiminamimachi","name":"Motokiminamimachi","name_local":"本木南町","ward":"Adachi","ward_slug":"adachi","gruppo":"adachi-motokiminamimachi","gruppo_name":"Motokiminamimachi","usato":false},"geometry":{"type":"Polygon","coordinates":[[[139.78126,35.76447],[139.78045,35.76146],[139.78049,35.76098],[139.781,35.76078],[139.78126,35.75736],[139.78326,35.75757],[139.7829,35.76107],[139.78463,35.76336],[139.78126,35.76447]]]}},{"type":"Feature","bbox":[139.77724,35.75711,139.78126,35.76356],"properties":{"slug":"adachi-motokinishimachi","name":"Motokinishimachi","name_local":"本木西町","ward":"Adachi","ward_slug":"adachi","gruppo":"adachi-motokinishimachi","gruppo_name":"Motokinishimachi","usato":false},"geometry":{"type":"Polygon","coordinates":[[[139.78099,35.76333],[139.78045,35.76146],[139.78049,35.76098],[139.781,35.76078],[139.78126,35.75736],[139.77855,35.75711],[139.77812,35.76079],[139.77724,35.76307],[139.77791,35.76343],[139.78099,35.76333]]]}},{"type":"Feature","bbox":[139.83501,35.78838,139.84683,35.80064],"properties":{"slug":"adachi-mutsugi","name":"Mutsugi","name_local":"六木","ward":"Adachi","ward_slug":"adachi","gruppo":"adachi-mutsugi","gruppo_name":"Mutsugi","usato":false},"geometry":{"type":"Polygon","coordinates":[[[139.84431,35.79194],[139.84466,35.79463],[139.84683,35.79638],[139.84388,35.79952],[139.8398,35.80064],[139.83952,35.79823],[139.83759,35.7978],[139.83645,35.79681],[139.83762,35.79328],[139.8364,35.79301],[139.83685,35.79166],[139.83501,35.79126],[139.83541,35.79004],[139.83649,35.79002],[139.84132,35.78838],[139.8409,35.79041],[139.84448,35.79068],[139.84431,35.79194]]]}},{"type":"Feature","bbox":[139.84375,35.76418,139.85869,35.77845],"properties":{"slug":"adachi-nakagawa","name":"Nakagawa","name_local":"中川","ward":"Adachi","ward_slug":"adachi","gruppo":"adachi-nakagawa","gruppo_name":"Nakagawa","usato":false},"geometry":{"type":"Polygon","coordinates":[[[139.85175,35.76758],[139.85113,35.76976],[139.84515,35.76923],[139.84375,35.77605],[139.85089,35.77845],[139.85781,35.77064],[139.85862,35.76902],[139.85869,35.76753],[139.85818,35.7661],[139.85629,35.76418],[139.85402,35.76547],[139.85223,35.76563],[139.85175,35.76758]]]}},{"type":"Feature","bbox":[139.80924,35.75937,139.82174,35.76836],"properties":{"slug":"adachi-nishi-ayase","name":"Nishi-Ayase","name_local":"西綾瀬","ward":"Adachi","ward_slug":"adachi","gruppo":"adachi-ayase","gruppo_name":"Ayase","usato":false},"geometry":{"type":"Polygon","coordinates":[[[139.81982,35.7605],[139.81712,35.76011],[139.8169,35.76049],[139.81335,35.75937],[139.81373,35.76165],[139.81314,35.76338],[139.8119,35.76476],[139.80924,35.76622],[139.81635,35.76672],[139.82174,35.76836],[139.81982,35.7605]]]}},{"type":"Feature","bbox":[139.79345,35.79478,139.80236,35.80826],"properties":{"slug":"adachi-nishi-hokima","name":"Nishi hokima","name_local":"西保木間","ward":"Adachi","ward_slug":"adachi","gruppo":"adachi-hokima","gruppo_name":"Hokima","usato":false},"geometry":{"type":"Polygon","coordinates":[[[139.80236,35.79478],[139.80149,35.80654],[139.80169,35.80826],[139.7999,35.80649],[139.79887,35.80656],[139.79767,35.80581],[139.79487,35.80529],[139.79345,35.80154],[139.79426,35.80085],[139.79748,35.80177],[139.79787,35.79511],[139.80236,35.79478]]]}},{"type":"Feature","bbox":[139.76997,35.79013,139.78418,35.80538],"properties":{"slug":"adachi-nishi-iko","name":"Nishi iko","name_local":"西伊興","ward":"Adachi","ward_slug":"adachi","gruppo":"adachi-iko","gruppo_name":"Iko","usato":false},"geometry":{"type":"Polygon","coordinates":[[[139.77935,35.79013],[139.77946,35.80074],[139.78256,35.80052],[139.78418,35.80082],[139.78086,35.8045],[139.77956,35.80538],[139.77951,35.80349],[139.77861,35.80351],[139.77855,35.80085],[139.7764,35.80107],[139.7764,35.79955],[139.77521,35.79956],[139.7752,35.79581],[139.77418,35.79583],[139.77415,35.79294],[139.7711,35.79295],[139.77111,35.79436],[139.77004,35.79438],[139.76997,35.79021],[139.77935,35.79013]]]}},{"type":"Feature","bbox":[139.7711,35.79294,139.77415,35.79436],"properties":{"slug":"adachi-nishi-ikocho","name":"Nishi ikocho","name_local":"西伊興町","ward":"Adachi","ward_slug":"adachi","gruppo":"adachi-nishi-ikocho","gruppo_name":"Nishi ikocho","usato":false},"geometry":{"type":"Polygon","coordinates":[[[139.77415,35.79294],[139.7711,35.79295],[139.77111,35.79436],[139.77415,35.79434],[139.77415,35.79294]]]}},{"type":"Feature","bbox":[139.7861,35.78793,139.79207,35.7985],"properties":{"slug":"adachi-nishi-takenotsuka","name":"Nishi Takenotsuka","name_local":"西竹の塚","ward":"Adachi","ward_slug":"adachi","gruppo":"adachi-takenotsuka","gruppo_name":"Takenotsuka","usato":false},"geometry":{"type":"Polygon","coordinates":[[[139.78845,35.78798],[139.79207,35.7976],[139.79132,35.79745],[139.79118,35.79789],[139.78922,35.7985],[139.7861,35.78793],[139.78845,35.78798]]]}},{"type":"Feature","bbox":[139.77017,35.77792,139.78404,35.79048],"properties":{"slug":"adachi-nishiarai","name":"Nishiarai","name_local":"西新井","ward":"Adachi","ward_slug":"adachi","gruppo":"adachi-nishiarai","gruppo_name":"Nishiarai","usato":false},"geometry":{"type":"Polygon","coordinates":[[[139.78209,35.77792],[139.78341,35.78062],[139.78371,35.78279],[139.78353,35.78566],[139.78404,35.78774],[139.78312,35.78872],[139.78326,35.79033],[139.77065,35.7902],[139.77229,35.78624],[139.77267,35.78482],[139.77196,35.78466],[139.77275,35.78284],[139.77017,35.78284],[139.77043,35.77809],[139.78209,35.77792]]]}},{"type":"Feature","bbox":[139.77043,35.77013,139.7847,35.77809],"properties":{"slug":"adachi-nishiaraihonchou","name":"Nishiaraihonchou","name_local":"西新井本町","ward":"Adachi","ward_slug":"adachi","gruppo":"adachi-nishiaraihonchou","gruppo_name":"Nishiaraihonchou","usato":false},"geometry":{"type":"Polygon","coordinates":[[[139.78209,35.77792],[139.77043,35.77809],[139.77045,35.77324],[139.77429,35.77557],[139.77473,35.77275],[139.77428,35.77181],[139.7766,35.77101],[139.77821,35.77129],[139.78019,35.77013],[139.78097,35.77013],[139.78105,35.77164],[139.7847,35.77186],[139.78465,35.77399],[139.7819,35.77615],[139.78209,35.77792]]]}},{"type":"Feature","bbox":[139.7819,35.77202,139.7932,35.77827],"properties":{"slug":"adachi-nishiaraisakaechou","name":"Nishiaraisakaechou","name_local":"西新井栄町","ward":"Adachi","ward_slug":"adachi","gruppo":"adachi-nishiaraisakaechou","gruppo_name":"Nishiaraisakaechou","usato":false},"geometry":{"type":"Polygon","coordinates":[[[139.78209,35.77792],[139.78975,35.77827],[139.79293,35.77529],[139.7931,35.7723],[139.7929,35.77202],[139.79136,35.77224],[139.78465,35.77399],[139.7819,35.77615],[139.78209,35.77792]]]}},{"type":"Feature","bbox":[139.81718,35.77766,139.82504,35.782],"properties":{"slug":"adachi-nishikahei","name":"Nishikahei","name_local":"西加平","ward":"Adachi","ward_slug":"adachi","gruppo":"adachi-kahei","gruppo_name":"Kahei","usato":false},"geometry":{"type":"Polygon","coordinates":[[[139.82431,35.77766],[139.81745,35.77832],[139.81718,35.77995],[139.81919,35.7802],[139.81865,35.782],[139.82263,35.7817],[139.82186,35.78006],[139.82504,35.78029],[139.82431,35.77766]]]}},{"type":"Feature","bbox":[139.75629,35.75357,139.78263,35.76288],"properties":{"slug":"adachi-odai","name":"Odai","name_local":"小台","ward":"Adachi","ward_slug":"adachi","gruppo":"adachi-odai","gruppo_name":"Odai","usato":false},"geometry":{"type":"Polygon","coordinates":[[[139.78207,35.75743],[139.78263,35.75402],[139.76953,35.75357],[139.75629,35.75512],[139.75884,35.76166],[139.76124,35.76288],[139.76162,35.76213],[139.76427,35.75994],[139.76849,35.75798],[139.77363,35.75712],[139.78207,35.75743]]]}},{"type":"Feature","bbox":[139.77386,35.76584,139.78432,35.77182],"properties":{"slug":"adachi-okino","name":"Okino","name_local":"興野","ward":"Adachi","ward_slug":"adachi","gruppo":"adachi-okino","gruppo_name":"Okino","usato":false},"geometry":{"type":"Polygon","coordinates":[[[139.78425,35.77182],[139.78374,35.7691],[139.78432,35.76821],[139.78235,35.76753],[139.78107,35.76768],[139.77999,35.76652],[139.77731,35.76584],[139.77701,35.76689],[139.77532,35.76665],[139.77566,35.76752],[139.77463,35.76772],[139.77419,35.76825],[139.77386,35.77137],[139.77428,35.77181],[139.7766,35.77101],[139.77821,35.77129],[139.78054,35.7701],[139.78097,35.77013],[139.78105,35.77164],[139.78425,35.77182]]]}},{"type":"Feature","bbox":[139.83619,35.77605,139.85089,35.78583],"properties":{"slug":"adachi-oyata","name":"Oyata","name_local":"大谷田","ward":"Adachi","ward_slug":"adachi","gruppo":"adachi-oyata","gruppo_name":"Oyata","usato":false},"geometry":{"type":"Polygon","coordinates":[[[139.84375,35.77605],[139.83619,35.77709],[139.83695,35.7816],[139.83652,35.78466],[139.8418,35.78583],[139.8422,35.78368],[139.84664,35.78469],[139.84958,35.77977],[139.85089,35.77845],[139.84375,35.77605]]]}},{"type":"Feature","bbox":[139.81607,35.78006,139.82656,35.78755],"properties":{"slug":"adachi-rokuch","name":"Rokuchō","name_local":"六町","ward":"Adachi","ward_slug":"adachi","gruppo":"adachi-rokuch","gruppo_name":"Rokuchō","usato":false},"geometry":{"type":"Polygon","coordinates":[[[139.81686,35.78755],[139.82079,35.78751],[139.82093,35.78666],[139.82656,35.78585],[139.82504,35.78029],[139.82186,35.78006],[139.82263,35.7817],[139.81607,35.7819],[139.81654,35.78483],[139.81627,35.78619],[139.81686,35.78755]]]}},{"type":"Feature","bbox":[139.78763,35.78434,139.80301,35.78888],"properties":{"slug":"adachi-rokugatsu","name":"Rokugatsu","name_local":"六月","ward":"Adachi","ward_slug":"adachi","gruppo":"adachi-rokugatsu","gruppo_name":"Rokugatsu","usato":false},"geometry":{"type":"Polygon","coordinates":[[[139.79253,35.78504],[139.79446,35.78434],[139.79572,35.78452],[139.79615,35.78551],[139.8001,35.78474],[139.80301,35.7851],[139.80291,35.78888],[139.7916,35.78829],[139.79138,35.78757],[139.78831,35.7876],[139.78763,35.78576],[139.79285,35.78552],[139.79253,35.78504]]]}},{"type":"Feature","bbox":[139.83541,35.78368,139.84664,35.79068],"properties":{"slug":"adachi-sano","name":"Sano","name_local":"佐野","ward":"Adachi","ward_slug":"adachi","gruppo":"adachi-sano","gruppo_name":"Sano","usato":false},"geometry":{"type":"Polygon","coordinates":[[[139.83713,35.7848],[139.8418,35.78583],[139.8422,35.78368],[139.84664,35.78469],[139.84448,35.79068],[139.8409,35.79041],[139.84132,35.78838],[139.83649,35.79002],[139.83541,35.79004],[139.83713,35.7848]]]}},{"type":"Feature","bbox":[139.76167,35.79021,139.77005,35.79608],"properties":{"slug":"adachi-saranuma","name":"Saranuma","name_local":"皿沼","ward":"Adachi","ward_slug":"adachi","gruppo":"adachi-saranuma","gruppo_name":"Saranuma","usato":false},"geometry":{"type":"Polygon","coordinates":[[[139.76508,35.79046],[139.76997,35.79021],[139.77005,35.79588],[139.76167,35.79608],[139.7621,35.79064],[139.76508,35.79046]]]}},{"type":"Feature","bbox":[139.78458,35.75857,139.7929,35.77399],"properties":{"slug":"adachi-sekibara","name":"Sekibara","name_local":"関原","ward":"Adachi","ward_slug":"adachi","gruppo":"adachi-sekibara","gruppo_name":"Sekibara","usato":false},"geometry":{"type":"Polygon","coordinates":[[[139.79079,35.7588],[139.79018,35.76113],[139.79141,35.76253],[139.79111,35.76498],[139.79276,35.76904],[139.79251,35.77041],[139.7929,35.77202],[139.78465,35.77399],[139.78458,35.77231],[139.78594,35.76801],[139.78678,35.76435],[139.7865,35.76431],[139.78877,35.76057],[139.7892,35.75857],[139.79079,35.7588]]]}},{"type":"Feature","bbox":[139.79857,35.74667,139.80902,35.75945],"properties":{"slug":"adachi-senju","name":"Senju","name_local":"千住","ward":"Adachi","ward_slug":"adachi","gruppo":"adachi-senju","gruppo_name":"Senju","usato":false},"geometry":{"type":"Polygon","coordinates":[[[139.80902,35.75704],[139.807,35.75462],[139.80743,35.75416],[139.80739,35.75319],[139.80639,35.7534],[139.80662,35.75474],[139.80458,35.75015],[139.80383,35.74685],[139.79857,35.74667],[139.80285,35.75945],[139.80902,35.75704]]]}},{"type":"Feature","bbox":[139.81038,35.73945,139.81794,35.74479],"properties":{"slug":"adachi-senju-akebono-cho","name":"Senju akebono cho","name_local":"千住曙町","ward":"Adachi","ward_slug":"adachi","gruppo":"adachi-senju-akebono-cho","gruppo_name":"Senju akebono cho","usato":false},"geometry":{"type":"Polygon","coordinates":[[[139.81051,35.74419],[139.81038,35.74446],[139.81247,35.74479],[139.81397,35.74419],[139.81636,35.74417],[139.81794,35.74259],[139.81574,35.74007],[139.81446,35.73945],[139.8141,35.74026],[139.81301,35.74086],[139.81107,35.74121],[139.81065,35.74287],[139.81088,35.7441],[139.81051,35.74419]]]}},{"type":"Feature","bbox":[139.80383,35.74661,139.81045,35.75474],"properties":{"slug":"adachi-senju-asahi-cho","name":"Senju asahi cho","name_local":"千住旭町","ward":"Adachi","ward_slug":"adachi","gruppo":"adachi-senju-asahi-cho","gruppo_name":"Senju asahi cho","usato":false},"geometry":{"type":"Polygon","coordinates":[[[139.80383,35.74685],[139.81042,35.74684],[139.81045,35.7493],[139.80955,35.75005],[139.80934,35.75117],[139.80671,35.7511],[139.80739,35.75319],[139.80639,35.7534],[139.8067,35.75474],[139.80458,35.75015],[139.80383,35.74685]]]}},{"type":"Feature","bbox":[139.79281,35.73871,139.80214,35.74334],"properties":{"slug":"adachi-senju-hadhido-cho","name":"Senju hadhido cho","name_local":"千住橋戸町","ward":"Adachi","ward_slug":"adachi","gruppo":"adachi-senju-hadhido-cho","gruppo_name":"Senju hadhido cho","usato":false},"geometry":{"type":"Polygon","coordinates":[[[139.79753,35.73939],[139.80134,35.73871],[139.80214,35.74121],[139.79864,35.74163],[139.7981,35.74113],[139.79767,35.74271],[139.79697,35.74305],[139.79663,35.74261],[139.79496,35.74334],[139.79281,35.74054],[139.79753,35.73939]]]}},{"type":"Feature","bbox":[139.80283,35.74331,139.81247,35.74685],"properties":{"slug":"adachi-senju-higashi","name":"Senju higashi","name_local":"千住東","ward":"Adachi","ward_slug":"adachi","gruppo":"adachi-senju-higashi","gruppo_name":"Senju higashi","usato":false},"geometry":{"type":"Polygon","coordinates":[[[139.81247,35.74479],[139.81119,35.74538],[139.81042,35.74684],[139.80383,35.74685],[139.80283,35.74331],[139.80617,35.74331],[139.81247,35.74479]]]}},{"type":"Feature","bbox":[139.79496,35.74107,139.80283,35.74527],"properties":{"slug":"adachi-senju-kawara-cho","name":"Senju kawara cho","name_local":"千住河原町","ward":"Adachi","ward_slug":"adachi","gruppo":"adachi-senju-kawara-cho","gruppo_name":"Senju kawara cho","usato":false},"geometry":{"type":"Polygon","coordinates":[[[139.80214,35.74121],[139.80283,35.74331],[139.79875,35.74402],[139.79595,35.74527],[139.79496,35.74334],[139.79663,35.74261],[139.79697,35.74305],[139.79767,35.74271],[139.7981,35.74113],[139.79864,35.74163],[139.80214,35.74121]]]}},{"type":"Feature","bbox":[139.79736,35.75091,139.80132,35.7553],"properties":{"slug":"adachi-senju-kotobuki-cho","name":"Senju kotobuki cho","name_local":"千住寿町","ward":"Adachi","ward_slug":"adachi","gruppo":"adachi-senju-kotobuki-cho","gruppo_name":"Senju kotobuki cho","usato":false},"geometry":{"type":"Polygon","coordinates":[[[139.80001,35.75091],[139.80132,35.75479],[139.79851,35.7553],[139.79736,35.75232],[139.80001,35.75091]]]}},{"type":"Feature","bbox":[139.78834,35.74054,139.79595,35.74898],"properties":{"slug":"adachi-senju-midori-cho","name":"Senju midori cho","name_local":"千住緑町","ward":"Adachi","ward_slug":"adachi","gruppo":"adachi-senju-midori-cho","gruppo_name":"Senju midori cho","usato":false},"geometry":{"type":"Polygon","coordinates":[[[139.79446,35.74897],[139.79467,35.74624],[139.79595,35.74527],[139.79281,35.74054],[139.79114,35.74167],[139.78944,35.74361],[139.78834,35.74615],[139.7888,35.74729],[139.79105,35.74887],[139.79267,35.74822],[139.79331,35.74836],[139.79328,35.74898],[139.79446,35.74897]]]}},{"type":"Feature","bbox":[139.79435,35.74439,139.79857,35.7507],"properties":{"slug":"adachi-senju-miyamoto-cho","name":"Senju Miyamoto cho","name_local":"千住宮元町","ward":"Adachi","ward_slug":"adachi","gruppo":"adachi-senju-miyamoto-cho","gruppo_name":"Senju Miyamoto cho","usato":false},"geometry":{"type":"Polygon","coordinates":[[[139.79778,35.74439],[139.79857,35.74667],[139.79776,35.74701],[139.79435,35.7507],[139.79473,35.74611],[139.79778,35.74439]]]}},{"type":"Feature","bbox":[139.78847,35.75289,139.79497,35.75923],"properties":{"slug":"adachi-senju-motomachi","name":"Senju motomachi","name_local":"千住元町","ward":"Adachi","ward_slug":"adachi","gruppo":"adachi-senju-motomachi","gruppo_name":"Senju motomachi","usato":false},"geometry":{"type":"Polygon","coordinates":[[[139.79497,35.75289],[139.79374,35.75923],[139.78847,35.75845],[139.78894,35.75631],[139.7907,35.75512],[139.79229,35.75333],[139.79497,35.75289]]]}},{"type":"Feature","bbox":[139.79778,35.74331,139.80383,35.74685],"properties":{"slug":"adachi-senju-naka-cho","name":"Senju naka cho","name_local":"千住仲町","ward":"Adachi","ward_slug":"adachi","gruppo":"adachi-senju-naka-cho","gruppo_name":"Senju naka cho","usato":false},"geometry":{"type":"Polygon","coordinates":[[[139.80283,35.74331],[139.80383,35.74685],[139.79857,35.74667],[139.79778,35.74439],[139.80283,35.74331]]]}},{"type":"Feature","bbox":[139.79597,35.74667,139.80001,35.75232],"properties":{"slug":"adachi-senju-nakai-cho","name":"Senju nakai cho","name_local":"千住中居町","ward":"Adachi","ward_slug":"adachi","gruppo":"adachi-senju-nakai-cho","gruppo_name":"Senju nakai cho","usato":false},"geometry":{"type":"Polygon","coordinates":[[[139.79857,35.74667],[139.80001,35.75091],[139.79736,35.75232],[139.79597,35.74908],[139.79776,35.74701],[139.79857,35.74667]]]}},{"type":"Feature","bbox":[139.79374,35.75479,139.80285,35.75975],"properties":{"slug":"adachi-senju-okawa-cho","name":"Senju Okawa cho","name_local":"千住大川町","ward":"Adachi","ward_slug":"adachi","gruppo":"adachi-senju-okawa-cho","gruppo_name":"Senju Okawa cho","usato":false},"geometry":{"type":"Polygon","coordinates":[[[139.80132,35.75479],[139.80285,35.75945],[139.79732,35.75975],[139.79374,35.75923],[139.79453,35.7551],[139.79832,35.75533],[139.80132,35.75479]]]}},{"type":"Feature","bbox":[139.78207,35.74827,139.79446,35.75845],"properties":{"slug":"adachi-senju-sakuragi","name":"Senju sakuragi","name_local":"千住桜木","ward":"Adachi","ward_slug":"adachi","gruppo":"adachi-senju-sakuragi","gruppo_name":"Senju sakuragi","usato":false},"geometry":{"type":"Polygon","coordinates":[[[139.79435,35.7507],[139.79446,35.74897],[139.79328,35.74898],[139.79331,35.74836],[139.79204,35.74827],[139.79105,35.74887],[139.79144,35.74971],[139.79113,35.75052],[139.78957,35.75234],[139.78263,35.75402],[139.78207,35.75743],[139.78847,35.75845],[139.78894,35.75631],[139.79092,35.75492],[139.79435,35.7507]]]}},{"type":"Feature","bbox":[139.80134,35.73871,139.81107,35.74414],"properties":{"slug":"adachi-senju-sekiya-cho","name":"Senju sekiya cho","name_local":"千住関屋町","ward":"Adachi","ward_slug":"adachi","gruppo":"adachi-senju-sekiya-cho","gruppo_name":"Senju sekiya cho","usato":false},"geometry":{"type":"Polygon","coordinates":[[[139.80283,35.74331],[139.80134,35.73871],[139.80377,35.73895],[139.81107,35.74121],[139.8108,35.74414],[139.80575,35.74325],[139.80283,35.74331]]]}},{"type":"Feature","bbox":[139.79229,35.74908,139.79736,35.75333],"properties":{"slug":"adachi-senju-tatsuta-cho","name":"Senju tatsuta cho","name_local":"千住龍田町","ward":"Adachi","ward_slug":"adachi","gruppo":"adachi-senju-tatsuta-cho","gruppo_name":"Senju tatsuta cho","usato":false},"geometry":{"type":"Polygon","coordinates":[[[139.79736,35.75232],[139.79609,35.75313],[139.79486,35.75289],[139.79229,35.75333],[139.79597,35.74908],[139.79736,35.75232]]]}},{"type":"Feature","bbox":[139.79453,35.75232,139.79851,35.7553],"properties":{"slug":"adachi-senju-yanagi-cho","name":"Senju yanagi cho","name_local":"千住柳町","ward":"Adachi","ward_slug":"adachi","gruppo":"adachi-senju-yanagi-cho","gruppo_name":"Senju yanagi cho","usato":false},"geometry":{"type":"Polygon","coordinates":[[[139.79736,35.75232],[139.79851,35.7553],[139.79453,35.7551],[139.79497,35.75289],[139.79609,35.75313],[139.79736,35.75232]]]}},{"type":"Feature","bbox":[139.74158,35.77305,139.76592,35.79064],"properties":{"slug":"adachi-shikahama","name":"Shikahama","name_local":"鹿浜","ward":"Adachi","ward_slug":"adachi","gruppo":"adachi-shikahama","gruppo_name":"Shikahama","usato":false},"geometry":{"type":"Polygon","coordinates":[[[139.75024,35.77305],[139.75175,35.77573],[139.75175,35.77677],[139.75432,35.77604],[139.75489,35.77768],[139.75624,35.77764],[139.75608,35.77835],[139.75767,35.7783],[139.75694,35.77849],[139.75697,35.77986],[139.75819,35.77984],[139.75827,35.7805],[139.76074,35.78042],[139.76102,35.78303],[139.76537,35.78317],[139.76592,35.78542],[139.76508,35.79046],[139.7621,35.79064],[139.76215,35.78919],[139.76096,35.78907],[139.75869,35.78755],[139.75882,35.78711],[139.7574,35.78703],[139.75733,35.78663],[139.75667,35.78671],[139.75735,35.78891],[139.75585,35.79064],[139.75524,35.79003],[139.75613,35.78859],[139.75557,35.78816],[139.75545,35.78729],[139.7537,35.78704],[139.75366,35.7863],[139.75134,35.78618],[139.75115,35.7865],[139.74961,35.78591],[139.74674,35.78673],[139.74647,35.78435],[139.74534,35.78312],[139.74158,35.78142],[139.74527,35.77605],[139.75024,35.77305]]]}},{"type":"Feature","bbox":[139.79139,35.77825,139.80323,35.78551],"properties":{"slug":"adachi-shimane","name":"Shimane","name_local":"島根","ward":"Adachi","ward_slug":"adachi","gruppo":"adachi-shimane","gruppo_name":"Shimane","usato":false},"geometry":{"type":"Polygon","coordinates":[[[139.80323,35.77846],[139.80301,35.7851],[139.8001,35.78474],[139.79615,35.78551],[139.79572,35.78452],[139.79446,35.78434],[139.79253,35.78504],[139.79203,35.78469],[139.79139,35.78138],[139.79155,35.77825],[139.80323,35.77846]]]}},{"type":"Feature","bbox":[139.82744,35.79114,139.8398,35.80082],"properties":{"slug":"adachi-shimei","name":"Shimei","name_local":"神明","ward":"Adachi","ward_slug":"adachi","gruppo":"adachi-shimei","gruppo_name":"Shimei","usato":false},"geometry":{"type":"Polygon","coordinates":[[[139.83272,35.7922],[139.83762,35.79328],[139.83645,35.79681],[139.83759,35.7978],[139.83952,35.79823],[139.8398,35.80064],[139.83835,35.80082],[139.8371,35.80047],[139.83256,35.79549],[139.83076,35.79451],[139.82744,35.79382],[139.8279,35.79114],[139.83272,35.7922]]]}},{"type":"Feature","bbox":[139.73569,35.76706,139.75852,35.78142],"properties":{"slug":"adachi-shinden","name":"Shinden","name_local":"新田","ward":"Adachi","ward_slug":"adachi","gruppo":"adachi-shinden","gruppo_name":"Shinden","usato":false},"geometry":{"type":"Polygon","coordinates":[[[139.74158,35.78142],[139.73804,35.78018],[139.73847,35.77864],[139.73811,35.77744],[139.73596,35.77369],[139.73569,35.77242],[139.73632,35.77046],[139.74639,35.76706],[139.75066,35.7673],[139.75852,35.76905],[139.7496,35.77333],[139.74527,35.77605],[139.74158,35.78142]]]}},{"type":"Feature","bbox":[139.82654,35.78574,139.83343,35.7922],"properties":{"slug":"adachi-shinmei-minami","name":"Shinmei minami","name_local":"神明南","ward":"Adachi","ward_slug":"adachi","gruppo":"adachi-shinmei-minami","gruppo_name":"Shinmei minami","usato":false},"geometry":{"type":"Polygon","coordinates":[[[139.8311,35.78623],[139.83343,35.78678],[139.83272,35.7922],[139.8279,35.79114],[139.82654,35.78574],[139.8311,35.78623]]]}},{"type":"Feature","bbox":[139.78831,35.78757,139.80291,35.80177],"properties":{"slug":"adachi-takenotsuka","name":"Takenotsuka","name_local":"竹の塚","ward":"Adachi","ward_slug":"adachi","gruppo":"adachi-takenotsuka","gruppo_name":"Takenotsuka","usato":false},"geometry":{"type":"Polygon","coordinates":[[[139.78845,35.78798],[139.79345,35.80154],[139.79426,35.80085],[139.79748,35.80177],[139.79787,35.79511],[139.80236,35.79478],[139.80291,35.78888],[139.7916,35.78829],[139.79138,35.78757],[139.78831,35.7876],[139.78845,35.78798]]]}},{"type":"Feature","bbox":[139.83272,35.78391,139.83713,35.79301],"properties":{"slug":"adachi-tatsunuma","name":"Tatsunuma","name_local":"辰沼","ward":"Adachi","ward_slug":"adachi","gruppo":"adachi-tatsunuma","gruppo_name":"Tatsunuma","usato":false},"geometry":{"type":"Polygon","coordinates":[[[139.83272,35.7922],[139.8364,35.79301],[139.83685,35.79166],[139.83501,35.79126],[139.83713,35.7848],[139.83593,35.78461],[139.83599,35.78414],[139.83331,35.78391],[139.83348,35.78827],[139.83272,35.7922]]]}},{"type":"Feature","bbox":[139.76116,35.80507,139.77728,35.81749],"properties":{"slug":"adachi-toneri","name":"Toneri","name_local":"舎人","ward":"Adachi","ward_slug":"adachi","gruppo":"adachi-toneri","gruppo_name":"Toneri","usato":false},"geometry":{"type":"Polygon","coordinates":[[[139.77204,35.80512],[139.77239,35.80512],[139.7724,35.80583],[139.77373,35.80589],[139.77341,35.80683],[139.77396,35.80815],[139.77728,35.81051],[139.77261,35.81592],[139.77111,35.81707],[139.76864,35.81749],[139.76605,35.81718],[139.76527,35.81645],[139.76589,35.81587],[139.76116,35.81267],[139.76136,35.8112],[139.76457,35.81123],[139.76456,35.81208],[139.76599,35.81206],[139.76541,35.80869],[139.76658,35.80857],[139.76649,35.80799],[139.76746,35.8079],[139.76839,35.80673],[139.76769,35.80623],[139.76752,35.80548],[139.77204,35.80512]]]}},{"type":"Feature","bbox":[139.83511,35.76311,139.84515,35.77703],"properties":{"slug":"adachi-towa","name":"Towa","name_local":"東和","ward":"Adachi","ward_slug":"adachi","gruppo":"adachi-towa","gruppo_name":"Towa","usato":false},"geometry":{"type":"Polygon","coordinates":[[[139.8422,35.76659],[139.83796,35.766],[139.83757,35.76333],[139.83548,35.76311],[139.83554,35.77316],[139.83595,35.77334],[139.83511,35.77563],[139.83644,35.77615],[139.83686,35.77703],[139.84375,35.77605],[139.84515,35.76923],[139.84275,35.76759],[139.8422,35.76659]]]}},{"type":"Feature","bbox":[139.75694,35.77698,139.76222,35.78154],"properties":{"slug":"adachi-tsubaki","name":"Tsubaki","name_local":"椿","ward":"Adachi","ward_slug":"adachi","gruppo":"adachi-tsubaki","gruppo_name":"Tsubaki","usato":false},"geometry":{"type":"Polygon","coordinates":[[[139.76017,35.77698],[139.75745,35.77717],[139.75768,35.77846],[139.75694,35.77849],[139.75697,35.77986],[139.75819,35.77984],[139.75827,35.7805],[139.76074,35.78042],[139.76086,35.78154],[139.76222,35.78137],[139.76145,35.77864],[139.76017,35.77698]]]}},{"type":"Feature","bbox":[139.79018,35.7588,139.80392,35.77529],"properties":{"slug":"adachi-umeda","name":"Umeda","name_local":"梅田","ward":"Adachi","ward_slug":"adachi","gruppo":"adachi-umeda","gruppo_name":"Umeda","usato":false},"geometry":{"type":"Polygon","coordinates":[[[139.7929,35.77202],[139.79321,35.77291],[139.79283,35.77325],[139.79293,35.77529],[139.80362,35.76937],[139.80392,35.76272],[139.80285,35.75945],[139.79732,35.75975],[139.79079,35.7588],[139.79018,35.76113],[139.79141,35.76253],[139.79111,35.76498],[139.79276,35.76904],[139.79251,35.77041],[139.7929,35.77202]]]}},{"type":"Feature","bbox":[139.78982,35.76937,139.80362,35.77846],"properties":{"slug":"adachi-umejima","name":"Umejima","name_local":"梅島","ward":"Adachi","ward_slug":"adachi","gruppo":"adachi-umejima","gruppo_name":"Umejima","usato":false},"geometry":{"type":"Polygon","coordinates":[[[139.78982,35.77819],[139.79293,35.77529],[139.80362,35.76937],[139.80323,35.77846],[139.78982,35.77819]]]}},{"type":"Feature","bbox":[139.8102,35.74259,139.8203,35.75099],"properties":{"slug":"adachi-yanagihara","name":"Yanagihara","name_local":"柳原","ward":"Adachi","ward_slug":"adachi","gruppo":"adachi-yanagihara","gruppo_name":"Yanagihara","usato":false},"geometry":{"type":"Polygon","coordinates":[[[139.81793,35.74772],[139.8203,35.74351],[139.81794,35.74259],[139.81636,35.74417],[139.81397,35.74419],[139.81119,35.74538],[139.8102,35.74755],[139.81072,35.74972],[139.81552,35.75099],[139.81793,35.74772]]]}},{"type":"Feature","bbox":[139.82958,35.77001,139.83695,35.78678],"properties":{"slug":"adachi-yanaka","name":"Yanaka","name_local":"谷中","ward":"Adachi","ward_slug":"adachi","gruppo":"adachi-yanaka","gruppo_name":"Yanaka","usato":false},"geometry":{"type":"Polygon","coordinates":[[[139.83652,35.78466],[139.83593,35.78461],[139.83599,35.78414],[139.83331,35.78391],[139.83343,35.78678],[139.8311,35.78623],[139.82958,35.77001],[139.83595,35.77334],[139.83511,35.77563],[139.83625,35.77601],[139.83686,35.77703],[139.83619,35.77709],[139.83695,35.7816],[139.83652,35.78466]]]}},{"type":"Feature","bbox":[139.76508,35.78284,139.77275,35.79046],"properties":{"slug":"adachi-yazaike","name":"Yazaike","name_local":"谷在家","ward":"Adachi","ward_slug":"adachi","gruppo":"adachi-yazaike","gruppo_name":"Yazaike","usato":false},"geometry":{"type":"Polygon","coordinates":[[[139.76508,35.79046],[139.77065,35.7902],[139.77229,35.78624],[139.77267,35.78482],[139.77196,35.78466],[139.77275,35.78284],[139.76537,35.78317],[139.76592,35.78542],[139.76508,35.79046]]]}},{"type":"Feature","bbox":[139.28344,35.72202,139.28972,35.72831],"properties":{"slug":"akiruno-aburadai","name":"Aburadai","name_local":"油平","ward":"Akiruno","ward_slug":"akiruno","gruppo":"akiruno-aburadai","gruppo_name":"Aburadai","usato":false},"geometry":{"type":"Polygon","coordinates":[[[139.28877,35.72781],[139.28628,35.72831],[139.28574,35.7279],[139.28344,35.72789],[139.2841,35.72305],[139.28384,35.72272],[139.28602,35.72202],[139.28972,35.72257],[139.28877,35.72781]]]}},{"type":"Feature","bbox":[139.24071,35.71049,139.26107,35.72673],"properties":{"slug":"akiruno-ajiro","name":"Ajiro","name_local":"網代","ward":"Akiruno","ward_slug":"akiruno","gruppo":"akiruno-ajiro","gruppo_name":"Ajiro","usato":false},"geometry":{"type":"Polygon","coordinates":[[[139.24497,35.726],[139.24552,35.72664],[139.2463,35.72673],[139.24719,35.72608],[139.25197,35.72543],[139.25417,35.72304],[139.25604,35.72302],[139.25595,35.72243],[139.25663,35.72245],[139.25833,35.72121],[139.26052,35.72107],[139.26052,35.71991],[139.26107,35.71912],[139.26061,35.71887],[139.26066,35.71822],[139.25886,35.71664],[139.25795,35.71375],[139.25712,35.7127],[139.25736,35.71216],[139.25538,35.71269],[139.25429,35.71221],[139.25194,35.71226],[139.24963,35.71049],[139.24841,35.71103],[139.2462,35.71103],[139.24512,35.71334],[139.24443,35.71269],[139.24321,35.71249],[139.24248,35.71341],[139.24071,35.71418],[139.24125,35.7155],[139.24071,35.71659],[139.24129,35.71798],[139.24099,35.71869],[139.24263,35.71953],[139.24284,35.72012],[139.2422,35.72089],[139.24262,35.72175],[139.24474,35.72315],[139.24497,35.726]]]}},{"type":"Feature","bbox":[139.28388,35.72778,139.29345,35.73512],"properties":{"slug":"akiruno-akigawa","name":"Akigawa","name_local":"秋川","ward":"Akiruno","ward_slug":"akiruno","gruppo":"akiruno-akigawa","gruppo_name":"Akigawa","usato":false},"geometry":{"type":"Polygon","coordinates":[[[139.28644,35.73471],[139.2841,35.73446],[139.28438,35.73224],[139.28388,35.73146],[139.284,35.73007],[139.28554,35.72996],[139.28523,35.72826],[139.28875,35.72778],[139.28925,35.72873],[139.29345,35.72859],[139.29197,35.73512],[139.28644,35.73471]]]}},{"type":"Feature","bbox":[139.29482,35.72272,139.30331,35.72673],"properties":{"slug":"akiruno-akiru","name":"Akiru","name_local":"秋留","ward":"Akiruno","ward_slug":"akiruno","gruppo":"akiruno-akiru","gruppo_name":"Akiru","usato":false},"geometry":{"type":"Polygon","coordinates":[[[139.30104,35.7261],[139.2962,35.72673],[139.29547,35.72488],[139.29482,35.72433],[139.29525,35.72294],[139.29957,35.72272],[139.30231,35.72301],[139.30239,35.72332],[139.30331,35.72309],[139.30288,35.72573],[139.30104,35.7261]]]}},{"type":"Feature","bbox":[139.2831,35.71145,139.30584,35.73146],"properties":{"slug":"akiruno-amema","name":"Amema","name_local":"雨間","ward":"Akiruno","ward_slug":"akiruno","gruppo":"akiruno-amema","gruppo_name":"Amema","usato":false},"geometry":{"type":"MultiPolygon","coordinates":[[[[139.3014,35.72289],[139.30231,35.72301],[139.30184,35.72185],[139.30426,35.71996],[139.30584,35.71597],[139.29879,35.71751],[139.29885,35.71514],[139.30003,35.71207],[139.29895,35.71202],[139.29841,35.71145],[139.29806,35.71191],[139.29585,35.71146],[139.29426,35.71338],[139.29229,35.7132],[139.29075,35.71414],[139.29135,35.71704],[139.29094,35.71691],[139.28996,35.71956],[139.29192,35.72157],[139.29149,35.72403],[139.28952,35.72382],[139.28877,35.72781],[139.28925,35.72873],[139.29117,35.7284],[139.29901,35.72854],[139.29928,35.72631],[139.2962,35.72673],[139.29547,35.72488],[139.29482,35.72433],[139.29525,35.72294],[139.3014,35.72289]]],[[[139.28628,35.72831],[139.28574,35.7279],[139.28344,35.72789],[139.2831,35.73031],[139.28388,35.73146],[139.284,35.73007],[139.28554,35.72996],[139.28523,35.72826],[139.28628,35.72831]]]]}},{"type":"Feature","bbox":[139.26835,35.71405,139.2768,35.73342],"properties":{"slug":"akiruno-fuchigami","name":"Fuchigami","name_local":"渕上","ward":"Akiruno","ward_slug":"akiruno","gruppo":"akiruno-fuchigami","gruppo_name":"Fuchigami","usato":false},"geometry":{"type":"Polygon","coordinates":[[[139.27605,35.72509],[139.27603,35.72949],[139.27548,35.73342],[139.27347,35.73332],[139.27321,35.73163],[139.27261,35.73114],[139.27291,35.72648],[139.27237,35.72625],[139.27131,35.72417],[139.27136,35.7217],[139.27255,35.7214],[139.27265,35.72063],[139.27176,35.71885],[139.26835,35.71639],[139.27204,35.71506],[139.27129,35.71492],[139.27177,35.71405],[139.27217,35.71463],[139.27379,35.71479],[139.27491,35.71868],[139.2757,35.7197],[139.27602,35.72132],[139.2768,35.72219],[139.27558,35.72305],[139.27605,35.72509]]]}},{"type":"Feature","bbox":[139.18764,35.73828,139.21948,35.76225],"properties":{"slug":"akiruno-fukasawa","name":"Fukasawa","name_local":"深沢","ward":"Akiruno","ward_slug":"akiruno","gruppo":"akiruno-fukasawa","gruppo_name":"Fukasawa","usato":false},"geometry":{"type":"Polygon","coordinates":[[[139.19768,35.74044],[139.19886,35.74048],[139.19987,35.73968],[139.20578,35.73828],[139.21163,35.73925],[139.21644,35.73868],[139.21912,35.73926],[139.21948,35.74029],[139.21935,35.74126],[139.2165,35.74439],[139.21499,35.74489],[139.21477,35.74668],[139.21243,35.74834],[139.21276,35.75205],[139.21194,35.75225],[139.211,35.75179],[139.20801,35.75253],[139.20639,35.75375],[139.20505,35.75381],[139.20433,35.75579],[139.20177,35.75679],[139.2014,35.75753],[139.19973,35.75811],[139.19797,35.75775],[139.19588,35.75966],[139.19422,35.76051],[139.18872,35.76214],[139.18764,35.7611],[139.18831,35.7589],[139.19105,35.75432],[139.19055,35.75147],[139.19352,35.7498],[139.19519,35.7464],[139.19724,35.74578],[139.19715,35.74434],[139.19796,35.74189],[139.19768,35.74044]]]}},{"type":"Feature","bbox":[139.29491,35.73323,139.30585,35.73846],"properties":{"slug":"akiruno-harakomiya","name":"Harakomiya","name_local":"原小宮","ward":"Akiruno","ward_slug":"akiruno","gruppo":"akiruno-harakomiya","gruppo_name":"Harakomiya","usato":false},"geometry":{"type":"Polygon","coordinates":[[[139.2994,35.73368],[139.29491,35.73456],[139.29511,35.73632],[139.29659,35.73749],[139.29969,35.73846],[139.30067,35.73827],[139.30225,35.736],[139.30585,35.73549],[139.30491,35.73508],[139.30576,35.73438],[139.30514,35.73392],[139.30322,35.73465],[139.30293,35.73323],[139.2994,35.73368]]]}},{"type":"Feature","bbox":[139.25712,35.70979,139.27347,35.73332],"properties":{"slug":"akiruno-hikida","name":"Hikida","name_local":"引田","ward":"Akiruno","ward_slug":"akiruno","gruppo":"akiruno-hikida","gruppo_name":"Hikida","usato":false},"geometry":{"type":"Polygon","coordinates":[[[139.27347,35.73332],[139.27321,35.73163],[139.27261,35.73114],[139.27291,35.72648],[139.27237,35.72625],[139.27131,35.72417],[139.27136,35.7217],[139.27255,35.7214],[139.27265,35.72063],[139.27176,35.71885],[139.26835,35.71639],[139.27204,35.71506],[139.27129,35.71492],[139.27224,35.71295],[139.27171,35.7116],[139.27096,35.7108],[139.26958,35.71067],[139.26889,35.70999],[139.26719,35.71032],[139.26542,35.70979],[139.26446,35.71026],[139.26086,35.71044],[139.2581,35.71224],[139.25736,35.71216],[139.25712,35.7127],[139.25795,35.71375],[139.25886,35.71664],[139.26066,35.71822],[139.26061,35.71887],[139.26107,35.71912],[139.26052,35.71991],[139.2606,35.72108],[139.26341,35.72274],[139.26564,35.72495],[139.26576,35.72646],[139.26702,35.72968],[139.26732,35.73183],[139.26676,35.73251],[139.27347,35.73332]]]}},{"type":"Feature","bbox":[139.29384,35.7256,139.32865,35.73629],"properties":{"slug":"akiruno-hirasawa","name":"Hirasawa","name_local":"平沢","ward":"Akiruno","ward_slug":"akiruno","gruppo":"akiruno-hirasawa","gruppo_name":"Hirasawa","usato":false},"geometry":{"type":"Polygon","coordinates":[[[139.32865,35.72648],[139.32224,35.73014],[139.32099,35.73],[139.32027,35.73079],[139.31876,35.73137],[139.31376,35.73125],[139.31337,35.73198],[139.31347,35.73357],[139.31281,35.7345],[139.31199,35.73447],[139.31017,35.73329],[139.30971,35.73375],[139.30746,35.73393],[139.30763,35.73564],[139.30725,35.73629],[139.30504,35.73534],[139.30576,35.73438],[139.30428,35.73305],[139.29723,35.73389],[139.29467,35.73459],[139.29434,35.73387],[139.29384,35.73077],[139.29492,35.73053],[139.29851,35.73017],[139.29821,35.73115],[139.30108,35.73116],[139.30105,35.73172],[139.30305,35.73182],[139.30362,35.73182],[139.30362,35.73113],[139.30958,35.73115],[139.3131,35.73008],[139.31623,35.73033],[139.31894,35.72999],[139.31911,35.73086],[139.32371,35.72732],[139.32858,35.7256],[139.32865,35.72648]]]}},{"type":"Feature","bbox":[139.31892,35.72748,139.323,35.73086],"properties":{"slug":"akiruno-hirasawa-higashi","name":"Hirasawa higashi","name_local":"平沢東","ward":"Akiruno","ward_slug":"akiruno","gruppo":"akiruno-hirasawa-higashi","gruppo_name":"Hirasawa higashi","usato":false},"geometry":{"type":"Polygon","coordinates":[[[139.323,35.72795],[139.32054,35.72748],[139.3201,35.72946],[139.31899,35.73009],[139.31892,35.73068],[139.323,35.72795]]]}},{"type":"Feature","bbox":[139.30293,35.73305,139.30514,35.73465],"properties":{"slug":"akiruno-hirasawa-nishi","name":"Hirasawa nishi","name_local":"平沢西","ward":"Akiruno","ward_slug":"akiruno","gruppo":"akiruno-hirasawa-nishi","gruppo_name":"Hirasawa nishi","usato":false},"geometry":{"type":"Polygon","coordinates":[[[139.30293,35.73323],[139.30428,35.73305],[139.30514,35.73392],[139.30322,35.73465],[139.30293,35.73323]]]}},{"type":"Feature","bbox":[139.24259,35.72451,139.26732,35.73673],"properties":{"slug":"akiruno-ina","name":"Ina","name_local":"伊奈","ward":"Akiruno","ward_slug":"akiruno","gruppo":"akiruno-ina","gruppo_name":"Ina","usato":false},"geometry":{"type":"Polygon","coordinates":[[[139.26704,35.72996],[139.25904,35.73065],[139.2587,35.72921],[139.25492,35.72821],[139.25474,35.72591],[139.253,35.72601],[139.25301,35.72451],[139.25197,35.72543],[139.24719,35.72608],[139.2463,35.72673],[139.24552,35.72664],[139.24487,35.72601],[139.24302,35.72743],[139.24312,35.72935],[139.24259,35.73002],[139.24309,35.73009],[139.24302,35.73094],[139.24401,35.73144],[139.24436,35.73286],[139.24597,35.73451],[139.24666,35.73574],[139.24636,35.73664],[139.24712,35.73673],[139.25075,35.73641],[139.25147,35.73582],[139.25361,35.7366],[139.25795,35.73555],[139.25839,35.73528],[139.25844,35.73427],[139.26173,35.73374],[139.26284,35.73223],[139.26676,35.73251],[139.26732,35.73183],[139.26704,35.72996]]]}},{"type":"Feature","bbox":[139.20578,35.73096,139.23034,35.74133],"properties":{"slug":"akiruno-irino","name":"Irino","name_local":"入野","ward":"Akiruno","ward_slug":"akiruno","gruppo":"akiruno-irino","gruppo_name":"Irino","usato":false},"geometry":{"type":"Polygon","coordinates":[[[139.20578,35.73828],[139.2058,35.73708],[139.20724,35.73697],[139.20763,35.73609],[139.21018,35.73687],[139.21317,35.73567],[139.21498,35.73402],[139.21716,35.73402],[139.21957,35.73328],[139.22052,35.73411],[139.22026,35.73436],[139.22189,35.73456],[139.22238,35.73369],[139.22294,35.73369],[139.22601,35.73096],[139.227,35.73148],[139.2269,35.73183],[139.22883,35.73359],[139.23034,35.73386],[139.23028,35.73444],[139.22942,35.73508],[139.22825,35.73507],[139.22789,35.73573],[139.22653,35.73601],[139.22567,35.73749],[139.22262,35.73909],[139.22262,35.74014],[139.22054,35.74067],[139.2197,35.74133],[139.21916,35.74089],[139.21936,35.73974],[139.21863,35.73901],[139.21644,35.73868],[139.21163,35.73925],[139.20578,35.73828]]]}},{"type":"Feature","bbox":[139.20755,35.72305,139.22831,35.73687],"properties":{"slug":"akiruno-itsukaichi","name":"Itsukaichi","name_local":"五日市","ward":"Akiruno","ward_slug":"akiruno","gruppo":"akiruno-itsukaichi","gruppo_name":"Itsukaichi","usato":false},"geometry":{"type":"Polygon","coordinates":[[[139.20763,35.73609],[139.21018,35.73687],[139.21317,35.73567],[139.21498,35.73402],[139.21716,35.73402],[139.21957,35.73328],[139.22052,35.73411],[139.22026,35.73436],[139.22189,35.73456],[139.22238,35.73369],[139.22294,35.73369],[139.22508,35.73146],[139.22608,35.73095],[139.227,35.73124],[139.22831,35.73045],[139.22595,35.72875],[139.22798,35.72499],[139.22587,35.72323],[139.22455,35.72305],[139.22198,35.72447],[139.21714,35.72612],[139.2172,35.72685],[139.2164,35.72669],[139.21642,35.72825],[139.21681,35.72862],[139.21654,35.73002],[139.21411,35.73032],[139.2112,35.72982],[139.20888,35.73129],[139.20843,35.73218],[139.20855,35.73416],[139.20755,35.73541],[139.20763,35.73609]]]}},{"type":"Feature","bbox":[139.27387,35.71361,139.28388,35.73237],"properties":{"slug":"akiruno-kami-yozugi","name":"Kami yozugi","name_local":"上代継","ward":"Akiruno","ward_slug":"akiruno","gruppo":"akiruno-kami-yozugi","gruppo_name":"Kami yozugi","usato":false},"geometry":{"type":"MultiPolygon","coordinates":[[[[139.27909,35.72483],[139.27965,35.72474],[139.27962,35.72539],[139.27909,35.72483]]],[[[139.27708,35.72519],[139.27745,35.72518],[139.27721,35.72548],[139.27708,35.72519]]],[[[139.2833,35.72896],[139.28204,35.72896],[139.28206,35.72939],[139.28167,35.7294],[139.28184,35.72847],[139.28149,35.72848],[139.28104,35.72705],[139.28131,35.72653],[139.2808,35.72656],[139.28092,35.72715],[139.28038,35.72739],[139.28052,35.72683],[139.27882,35.72669],[139.27937,35.72662],[139.27962,35.72589],[139.27834,35.7258],[139.27887,35.72545],[139.27874,35.72498],[139.27779,35.7253],[139.27773,35.72446],[139.27688,35.72455],[139.27666,35.72394],[139.27664,35.72434],[139.27594,35.72447],[139.27558,35.72305],[139.2768,35.72219],[139.27602,35.72132],[139.2757,35.7197],[139.27491,35.71868],[139.27387,35.71589],[139.27391,35.71501],[139.2768,35.71397],[139.28135,35.71361],[139.28079,35.71621],[139.28168,35.71728],[139.28041,35.71846],[139.27979,35.7208],[139.27984,35.72212],[139.28039,35.72235],[139.28019,35.72442],[139.27678,35.72497],[139.27729,35.72574],[139.27723,35.72694],[139.27658,35.7262],[139.27697,35.72595],[139.27648,35.72502],[139.27605,35.72509],[139.27575,35.73027],[139.27954,35.73017],[139.27955,35.73067],[139.28075,35.73075],[139.28055,35.73235],[139.2812,35.73237],[139.28213,35.73202],[139.28234,35.73101],[139.28292,35.73178],[139.28287,35.73066],[139.28248,35.73035],[139.2831,35.73031],[139.2833,35.72896]]],[[[139.28212,35.72893],[139.28244,35.72824],[139.28243,35.72895],[139.28212,35.72893]]],[[[139.27771,35.72782],[139.27857,35.72848],[139.27898,35.72846],[139.27889,35.72775],[139.27978,35.72774],[139.28049,35.72857],[139.28055,35.72798],[139.28109,35.72804],[139.2811,35.72908],[139.28,35.72909],[139.27997,35.72855],[139.27851,35.72898],[139.27766,35.72863],[139.27771,35.72782]]]]}},{"type":"Feature","bbox":[139.29879,35.71155,139.30849,35.71751],"properties":{"slug":"akiruno-kikkake","name":"Kikkake","name_local":"切欠","ward":"Akiruno","ward_slug":"akiruno","gruppo":"akiruno-kikkake","gruppo_name":"Kikkake","usato":false},"geometry":{"type":"Polygon","coordinates":[[[139.30003,35.71207],[139.29885,35.71514],[139.29879,35.71751],[139.30584,35.71597],[139.30849,35.71589],[139.3084,35.71499],[139.3064,35.71336],[139.30656,35.71273],[139.30493,35.71155],[139.30388,35.71171],[139.3035,35.7124],[139.30405,35.71388],[139.30257,35.71227],[139.30135,35.71177],[139.30003,35.71207]]]}},{"type":"Feature","bbox":[139.23176,35.71705,139.23645,35.72263],"properties":{"slug":"akiruno-kominedai","name":"Kominedai","name_local":"小峰台","ward":"Akiruno","ward_slug":"akiruno","gruppo":"akiruno-kominedai","gruppo_name":"Kominedai","usato":false},"geometry":{"type":"Polygon","coordinates":[[[139.23545,35.72224],[139.23642,35.71745],[139.23481,35.71705],[139.23305,35.71773],[139.23423,35.71875],[139.23345,35.71897],[139.23219,35.71847],[139.23176,35.72108],[139.23427,35.72208],[139.23446,35.72253],[139.23545,35.72224]]]}},{"type":"Feature","bbox":[139.20606,35.72457,139.2172,35.73218],"properties":{"slug":"akiruno-konakano","name":"Konakano","name_local":"小中野","ward":"Akiruno","ward_slug":"akiruno","gruppo":"akiruno-konakano","gruppo_name":"Konakano","usato":false},"geometry":{"type":"Polygon","coordinates":[[[139.20818,35.72457],[139.21438,35.72595],[139.21714,35.72612],[139.2172,35.72685],[139.2164,35.72669],[139.21684,35.72979],[139.21523,35.73035],[139.2112,35.72982],[139.20888,35.73129],[139.20843,35.73218],[139.20798,35.73066],[139.20606,35.72873],[139.20715,35.72693],[139.20758,35.7249],[139.20818,35.72457]]]}},{"type":"Feature","bbox":[139.20818,35.7162,139.22654,35.72614],"properties":{"slug":"akiruno-kowada","name":"Kowada","name_local":"小和田","ward":"Akiruno","ward_slug":"akiruno","gruppo":"akiruno-kowada","gruppo_name":"Kowada","usato":false},"geometry":{"type":"Polygon","coordinates":[[[139.20818,35.72457],[139.20947,35.72509],[139.21704,35.72614],[139.22198,35.72447],[139.22362,35.72327],[139.2249,35.72302],[139.2263,35.72349],[139.22654,35.72082],[139.2259,35.71808],[139.22434,35.71631],[139.22344,35.71664],[139.222,35.7162],[139.21904,35.71684],[139.21773,35.71786],[139.21724,35.71887],[139.21643,35.71898],[139.2142,35.72086],[139.21296,35.72136],[139.2127,35.72269],[139.20885,35.72397],[139.20818,35.72457]]]}},{"type":"Feature","bbox":[139.29132,35.72648,139.32874,35.755],"properties":{"slug":"akiruno-kusabana","name":"Kusabana","name_local":"草花","ward":"Akiruno","ward_slug":"akiruno","gruppo":"akiruno-kusabana","gruppo_name":"Kusabana","usato":false},"geometry":{"type":"Polygon","coordinates":[[[139.29257,35.74159],[139.29177,35.74291],[139.29197,35.74391],[139.29132,35.7447],[139.29227,35.74541],[139.29482,35.74556],[139.295,35.74763],[139.29666,35.74877],[139.29618,35.74986],[139.29539,35.75037],[139.29486,35.75226],[139.29564,35.7527],[139.29654,35.75455],[139.29857,35.755],[139.30275,35.75494],[139.30704,35.75214],[139.30748,35.75243],[139.30999,35.75139],[139.31138,35.75027],[139.31679,35.74317],[139.32014,35.73326],[139.32199,35.73273],[139.32845,35.72787],[139.32865,35.72648],[139.32224,35.73014],[139.32099,35.73],[139.32027,35.73079],[139.31876,35.73137],[139.31376,35.73125],[139.31337,35.73198],[139.31347,35.73357],[139.31281,35.7345],[139.31199,35.73447],[139.31017,35.73329],[139.30971,35.73375],[139.30746,35.73393],[139.30734,35.73627],[139.30485,35.73545],[139.30249,35.73592],[139.30067,35.73827],[139.29969,35.73846],[139.29716,35.73749],[139.29607,35.73766],[139.29503,35.73849],[139.29381,35.74103],[139.29257,35.74159]]]}},{"type":"Feature","bbox":[139.29088,35.7204,139.32858,35.73182],"properties":{"slug":"akiruno-ninomiya","name":"Ninomiya","name_local":"二宮","ward":"Akiruno","ward_slug":"akiruno","gruppo":"akiruno-ninomiya","gruppo_name":"Ninomiya","usato":false},"geometry":{"type":"MultiPolygon","coordinates":[[[[139.32386,35.72671],[139.32371,35.72732],[139.32858,35.7256],[139.32858,35.72241],[139.32515,35.72165],[139.32505,35.72113],[139.32432,35.72161],[139.32341,35.72451],[139.32386,35.72671]]],[[[139.32017,35.72893],[139.32007,35.72787],[139.32081,35.72534],[139.32064,35.72419],[139.32145,35.72309],[139.32281,35.72241],[139.32293,35.72146],[139.32245,35.7204],[139.3215,35.72074],[139.32135,35.72146],[139.32015,35.72135],[139.31961,35.72323],[139.31812,35.72366],[139.31689,35.7233],[139.31701,35.72496],[139.31601,35.72515],[139.31601,35.72554],[139.31412,35.72551],[139.31386,35.72506],[139.31208,35.72656],[139.31023,35.72633],[139.30916,35.72676],[139.30605,35.72564],[139.30201,35.72644],[139.29928,35.72631],[139.29901,35.72854],[139.29345,35.72859],[139.2928,35.73127],[139.29492,35.73053],[139.29851,35.73017],[139.29821,35.73115],[139.30108,35.73116],[139.30105,35.73172],[139.30362,35.73182],[139.30362,35.73113],[139.30958,35.73115],[139.3131,35.73008],[139.31623,35.73033],[139.31745,35.72991],[139.31927,35.72999],[139.3201,35.72946],[139.32017,35.72893]]]]}},{"type":"Feature","bbox":[139.31994,35.72049,139.32457,35.72893],"properties":{"slug":"akiruno-ninomiya-higashi","name":"Ninomiya higashi","name_local":"二宮東","ward":"Akiruno","ward_slug":"akiruno","gruppo":"akiruno-ninomiya-higashi","gruppo_name":"Ninomiya higashi","usato":false},"geometry":{"type":"Polygon","coordinates":[[[139.32432,35.72161],[139.32446,35.72087],[139.32354,35.72091],[139.32354,35.72049],[139.32254,35.72067],[139.32281,35.72241],[139.32118,35.72331],[139.32063,35.72422],[139.32081,35.72534],[139.32007,35.72787],[139.32017,35.72893],[139.32057,35.72746],[139.323,35.72795],[139.32379,35.72718],[139.32341,35.72451],[139.32432,35.72161]]]}},{"type":"Feature","bbox":[139.30095,35.71691,139.31705,35.72676],"properties":{"slug":"akiruno-nobe","name":"Nobe","name_local":"野辺","ward":"Akiruno","ward_slug":"akiruno","gruppo":"akiruno-nobe","gruppo_name":"Nobe","usato":false},"geometry":{"type":"Polygon","coordinates":[[[139.30095,35.72633],[139.30288,35.72573],[139.30331,35.72309],[139.30239,35.72332],[139.30184,35.72185],[139.30426,35.71996],[139.30487,35.71801],[139.30956,35.71691],[139.3099,35.71843],[139.31182,35.71809],[139.31204,35.71837],[139.31257,35.72098],[139.31393,35.72177],[139.31377,35.72282],[139.31453,35.72283],[139.31458,35.72337],[139.31689,35.7233],[139.31705,35.72408],[139.31701,35.72496],[139.31601,35.72515],[139.31601,35.72554],[139.31412,35.72551],[139.31386,35.72506],[139.31208,35.72656],[139.31023,35.72633],[139.30849,35.72669],[139.30605,35.72564],[139.30095,35.72633]]]}},{"type":"Feature","bbox":[139.30487,35.71124,139.32941,35.72365],"properties":{"slug":"akiruno-ogawa","name":"Ogawa","name_local":"小川","ward":"Akiruno","ward_slug":"akiruno","gruppo":"akiruno-ogawa","gruppo_name":"Ogawa","usato":false},"geometry":{"type":"Polygon","coordinates":[[[139.32505,35.72113],[139.32515,35.72165],[139.32858,35.72241],[139.32941,35.71963],[139.32941,35.71207],[139.32875,35.71177],[139.32874,35.71124],[139.32424,35.71316],[139.32268,35.71674],[139.3196,35.71911],[139.31776,35.71701],[139.31645,35.71453],[139.31389,35.71396],[139.30849,35.71589],[139.30584,35.71597],[139.30487,35.71801],[139.30956,35.71691],[139.3099,35.71843],[139.31182,35.71809],[139.31204,35.71837],[139.31257,35.72098],[139.31393,35.72177],[139.31377,35.72282],[139.31453,35.72283],[139.31458,35.72337],[139.31824,35.72365],[139.31974,35.72309],[139.31957,35.72248],[139.32017,35.72133],[139.32135,35.72146],[139.3215,35.72074],[139.32245,35.7204],[139.31889,35.72027],[139.3187,35.71931],[139.32115,35.71856],[139.32613,35.71461],[139.32701,35.71562],[139.32763,35.71827],[139.32505,35.72113]]]}},{"type":"Feature","bbox":[139.3187,35.71461,139.32763,35.72161],"properties":{"slug":"akiruno-ogawa-higashi","name":"Ogawa higashi","name_local":"小川東","ward":"Akiruno","ward_slug":"akiruno","gruppo":"akiruno-ogawa-higashi","gruppo_name":"Ogawa higashi","usato":false},"geometry":{"type":"Polygon","coordinates":[[[139.32505,35.72113],[139.32432,35.72161],[139.32446,35.72087],[139.32354,35.72091],[139.32354,35.72049],[139.31889,35.72027],[139.3187,35.71931],[139.32115,35.71856],[139.32613,35.71461],[139.32701,35.71562],[139.32763,35.71827],[139.32505,35.72113]]]}},{"type":"Feature","bbox":[139.1641,35.70807,139.1971,35.74378],"properties":{"slug":"akiruno-otsu","name":"Otsu","name_local":"乙津","ward":"Akiruno","ward_slug":"akiruno","gruppo":"akiruno-otsu","gruppo_name":"Otsu","usato":false},"geometry":{"type":"MultiPolygon","coordinates":[[[[139.1641,35.74133],[139.16494,35.74166],[139.16614,35.74143],[139.16775,35.7422],[139.16975,35.74246],[139.17046,35.74301],[139.1759,35.74378],[139.18685,35.74164],[139.18914,35.73969],[139.19005,35.74037],[139.19049,35.74025],[139.19314,35.73784],[139.19432,35.73758],[139.19453,35.73561],[139.19648,35.73413],[139.19604,35.73219],[139.1971,35.73196],[139.19626,35.73033],[139.19532,35.72966],[139.19302,35.72961],[139.1914,35.7286],[139.18956,35.72945],[139.18841,35.72779],[139.18988,35.72674],[139.18594,35.727],[139.18539,35.72327],[139.18337,35.72181],[139.18247,35.72001],[139.18032,35.71943],[139.17662,35.71706],[139.17444,35.71673],[139.17216,35.71571],[139.17077,35.71435],[139.17005,35.71285],[139.16993,35.71114],[139.16517,35.70807],[139.16512,35.71128],[139.16644,35.71406],[139.16572,35.7185],[139.16675,35.71962],[139.16638,35.72029],[139.16703,35.72065],[139.16684,35.72116],[139.16727,35.72193],[139.16687,35.72393],[139.16555,35.72456],[139.16534,35.72711],[139.16624,35.7293],[139.16491,35.73041],[139.16432,35.73249],[139.16504,35.73344],[139.16587,35.73609],[139.16452,35.73776],[139.1641,35.74133]]],[[[139.18625,35.72988],[139.18668,35.72928],[139.1862,35.72822],[139.18227,35.72858],[139.17969,35.72961],[139.1796,35.73011],[139.17876,35.73063],[139.17533,35.73091],[139.17579,35.73152],[139.17628,35.73146],[139.17642,35.73224],[139.17596,35.73584],[139.17518,35.73649],[139.17482,35.73568],[139.17516,35.73386],[139.17412,35.73382],[139.17471,35.73444],[139.17345,35.73398],[139.17394,35.73468],[139.17284,35.73423],[139.17259,35.73447],[139.1732,35.73581],[139.17269,35.73635],[139.17382,35.73776],[139.17229,35.7384],[139.17044,35.73716],[139.16863,35.73887],[139.17341,35.74109],[139.17759,35.73826],[139.17833,35.73581],[139.18307,35.73278],[139.18254,35.73191],[139.18304,35.73127],[139.18287,35.72952],[139.18625,35.72988]]]]}},{"type":"Feature","bbox":[139.2165,35.72937,139.23835,35.74462],"properties":{"slug":"akiruno-sannai","name":"Sannai","name_local":"三内","ward":"Akiruno","ward_slug":"akiruno","gruppo":"akiruno-sannai","gruppo_name":"Sannai","usato":false},"geometry":{"type":"Polygon","coordinates":[[[139.2165,35.74439],[139.21935,35.74126],[139.22262,35.74014],[139.22262,35.73909],[139.22567,35.73749],[139.22639,35.73611],[139.22789,35.73573],[139.22825,35.73507],[139.2291,35.73529],[139.23024,35.73449],[139.23066,35.73298],[139.23154,35.73335],[139.23196,35.73187],[139.23166,35.73099],[139.23312,35.73094],[139.23406,35.7301],[139.23645,35.72937],[139.23835,35.73],[139.23809,35.73128],[139.23623,35.73208],[139.23623,35.73283],[139.23573,35.73335],[139.23613,35.7341],[139.23521,35.73475],[139.23595,35.73564],[139.23509,35.7362],[139.23535,35.73722],[139.23479,35.73786],[139.23479,35.73882],[139.22907,35.73948],[139.22822,35.74012],[139.22647,35.73992],[139.22534,35.74089],[139.22361,35.74129],[139.22188,35.74322],[139.2206,35.74306],[139.21858,35.74444],[139.2165,35.74439]]]}},{"type":"Feature","bbox":[139.28356,35.73077,139.29659,35.74159],"properties":{"slug":"akiruno-sedooka","name":"Sedooka","name_local":"瀬戸岡","ward":"Akiruno","ward_slug":"akiruno","gruppo":"akiruno-sedooka","gruppo_name":"Sedooka","usato":false},"geometry":{"type":"Polygon","coordinates":[[[139.29257,35.74159],[139.28646,35.74129],[139.28465,35.74059],[139.28415,35.73782],[139.28356,35.73785],[139.2841,35.73446],[139.29197,35.73512],[139.2928,35.73127],[139.29384,35.73077],[139.29511,35.73632],[139.29659,35.73749],[139.29503,35.73849],[139.29381,35.74103],[139.29257,35.74159]]]}},{"type":"Feature","bbox":[139.27548,35.71702,139.28484,35.73393],"properties":{"slug":"akiruno-shimo-yozugi","name":"Shimo yozugi","name_local":"下代継","ward":"Akiruno","ward_slug":"akiruno","gruppo":"akiruno-shimo-yozugi","gruppo_name":"Shimo yozugi","usato":false},"geometry":{"type":"MultiPolygon","coordinates":[[[[139.2833,35.72896],[139.2841,35.72305],[139.28394,35.7201],[139.28484,35.71888],[139.2839,35.71702],[139.28168,35.71728],[139.28041,35.71846],[139.27979,35.72084],[139.27984,35.72212],[139.28039,35.72235],[139.28019,35.72442],[139.27776,35.72481],[139.27779,35.7253],[139.27874,35.72498],[139.27887,35.72545],[139.27834,35.7258],[139.27962,35.72589],[139.27937,35.72662],[139.27882,35.72669],[139.28052,35.72683],[139.28064,35.72742],[139.2808,35.72656],[139.28131,35.72653],[139.28104,35.72705],[139.28149,35.72848],[139.28184,35.72847],[139.28167,35.7294],[139.28206,35.72939],[139.28204,35.72896],[139.2833,35.72896]]],[[[139.28212,35.72893],[139.28244,35.72824],[139.28243,35.72895],[139.28212,35.72893]]],[[[139.27909,35.72483],[139.27965,35.72474],[139.27962,35.72539],[139.27909,35.72483]]],[[[139.27771,35.72782],[139.27857,35.72848],[139.27898,35.72846],[139.27889,35.72775],[139.27978,35.72774],[139.28049,35.72857],[139.28055,35.72798],[139.28109,35.72804],[139.2811,35.72908],[139.28,35.72909],[139.27997,35.72855],[139.27851,35.72898],[139.27766,35.72863],[139.27771,35.72782]]],[[[139.27776,35.72481],[139.27678,35.72497],[139.27738,35.72638],[139.27701,35.72696],[139.27658,35.7262],[139.27697,35.72595],[139.27594,35.72447],[139.27664,35.72434],[139.27666,35.72394],[139.27688,35.72455],[139.27764,35.7244],[139.27776,35.72481]]],[[[139.27575,35.73027],[139.27954,35.73017],[139.27955,35.73067],[139.28075,35.73075],[139.28055,35.73235],[139.2812,35.73237],[139.27841,35.73393],[139.27548,35.73342],[139.27575,35.73027]]],[[[139.27708,35.72519],[139.27745,35.72518],[139.27721,35.72548],[139.27708,35.72519]]],[[[139.28213,35.73202],[139.28253,35.73102],[139.28266,35.73185],[139.28213,35.73202]]],[[[139.28365,35.73098],[139.28366,35.73156],[139.28292,35.73178],[139.28287,35.73066],[139.28248,35.73035],[139.28344,35.73034],[139.28365,35.73098]]]]}},{"type":"Feature","bbox":[139.23014,35.71321,139.24497,35.73012],"properties":{"slug":"akiruno-takao","name":"Takao","name_local":"高尾","ward":"Akiruno","ward_slug":"akiruno","gruppo":"akiruno-takao","gruppo_name":"Takao","usato":false},"geometry":{"type":"Polygon","coordinates":[[[139.24497,35.726],[139.24474,35.72315],[139.24262,35.72175],[139.2422,35.72089],[139.24284,35.72012],[139.24263,35.71953],[139.24099,35.71869],[139.24129,35.71798],[139.24071,35.71659],[139.24125,35.7155],[139.24071,35.71418],[139.23941,35.71408],[139.23766,35.71321],[139.23562,35.71484],[139.23478,35.71442],[139.23312,35.71531],[139.23198,35.71505],[139.23041,35.71544],[139.23014,35.71635],[139.23076,35.71707],[139.23095,35.71958],[139.23177,35.72092],[139.23233,35.71927],[139.23219,35.71847],[139.23345,35.71897],[139.23423,35.71875],[139.23305,35.71773],[139.23481,35.71705],[139.23642,35.71745],[139.23586,35.7212],[139.23541,35.72146],[139.23569,35.72167],[139.23501,35.72346],[139.2358,35.72459],[139.23546,35.72512],[139.23593,35.72531],[139.23582,35.72572],[139.23697,35.72739],[139.23687,35.72962],[139.23901,35.73012],[139.24259,35.73002],[139.24312,35.72935],[139.24302,35.72743],[139.24497,35.726]]]}},{"type":"Feature","bbox":[139.22716,35.72621,139.23697,35.73359],"properties":{"slug":"akiruno-tateya","name":"Tateya","name_local":"舘谷","ward":"Akiruno","ward_slug":"akiruno","gruppo":"akiruno-tateya","gruppo_name":"Tateya","usato":false},"geometry":{"type":"MultiPolygon","coordinates":[[[[139.22716,35.73093],[139.22831,35.73045],[139.22998,35.7305],[139.23173,35.72721],[139.23297,35.72629],[139.23372,35.72621],[139.23697,35.72739],[139.23665,35.72941],[139.23406,35.7301],[139.23312,35.73094],[139.23166,35.73099],[139.23196,35.73187],[139.23149,35.73338],[139.23076,35.73296],[139.23048,35.73358],[139.22716,35.73093]]],[[[139.22767,35.73263],[139.22883,35.73359],[139.22968,35.73357],[139.22801,35.73237],[139.22767,35.73263]]]]}},{"type":"Feature","bbox":[139.22653,35.73093,139.23048,35.73386],"properties":{"slug":"akiruno-tateyadai","name":"Tateyadai","name_local":"舘谷台","ward":"Akiruno","ward_slug":"akiruno","gruppo":"akiruno-tateyadai","gruppo_name":"Tateyadai","usato":false},"geometry":{"type":"Polygon","coordinates":[[[139.23034,35.73386],[139.22896,35.73334],[139.22801,35.73237],[139.22767,35.73263],[139.22653,35.73123],[139.22716,35.73093],[139.22822,35.73152],[139.23048,35.73358],[139.23034,35.73386]]]}},{"type":"Feature","bbox":[139.16517,35.6876,139.21724,35.74048],"properties":{"slug":"akiruno-tokura","name":"Tokura","name_local":"戸倉","ward":"Akiruno","ward_slug":"akiruno","gruppo":"akiruno-tokura","gruppo_name":"Tokura","usato":false},"geometry":{"type":"Polygon","coordinates":[[[139.20818,35.72457],[139.20885,35.72397],[139.2127,35.72269],[139.21316,35.72118],[139.2142,35.72086],[139.21643,35.71898],[139.21724,35.71887],[139.21482,35.7165],[139.21382,35.71641],[139.21285,35.71517],[139.21192,35.71504],[139.21033,35.7137],[139.20646,35.71243],[139.20534,35.70939],[139.20538,35.70835],[139.20443,35.70715],[139.2048,35.70611],[139.20437,35.7048],[139.20534,35.7032],[139.20492,35.69984],[139.20342,35.69918],[139.20049,35.69915],[139.20014,35.69829],[139.20077,35.69666],[139.20011,35.69416],[139.20016,35.69013],[139.19939,35.68825],[139.19846,35.68784],[139.19775,35.68858],[139.19553,35.68842],[139.19337,35.68908],[139.1918,35.68797],[139.18962,35.6876],[139.1888,35.68806],[139.18672,35.68804],[139.18433,35.68907],[139.18198,35.68806],[139.17879,35.68924],[139.17589,35.68898],[139.17409,35.68926],[139.17141,35.68874],[139.16962,35.68983],[139.16968,35.69087],[139.17182,35.69264],[139.17227,35.69362],[139.17211,35.6955],[139.17261,35.69719],[139.17234,35.70119],[139.17032,35.70324],[139.16796,35.70406],[139.16645,35.70582],[139.16532,35.70624],[139.16517,35.70807],[139.16993,35.71114],[139.17005,35.71285],[139.17077,35.71435],[139.17216,35.71571],[139.17444,35.71673],[139.17662,35.71706],[139.18032,35.71943],[139.18247,35.72001],[139.18337,35.72181],[139.18539,35.72327],[139.18594,35.727],[139.18975,35.72669],[139.1898,35.7271],[139.18841,35.72779],[139.18966,35.72951],[139.19158,35.7286],[139.19281,35.72955],[139.19472,35.72948],[139.19611,35.73015],[139.1971,35.73196],[139.19604,35.73219],[139.19648,35.73413],[139.19453,35.73561],[139.19435,35.7381],[139.1949,35.7389],[139.19768,35.74044],[139.19886,35.74048],[139.19987,35.73968],[139.20578,35.73828],[139.2058,35.73708],[139.20724,35.73697],[139.20755,35.73541],[139.20855,35.73416],[139.20844,35.73208],[139.20798,35.73066],[139.20606,35.72873],[139.20715,35.72693],[139.20758,35.7249],[139.20818,35.72457]]]}},{"type":"Feature","bbox":[139.22434,35.71537,139.23685,35.73063],"properties":{"slug":"akiruno-totohara","name":"Totohara","name_local":"留原","ward":"Akiruno","ward_slug":"akiruno","gruppo":"akiruno-totohara","gruppo_name":"Totohara","usato":false},"geometry":{"type":"Polygon","coordinates":[[[139.23685,35.72728],[139.23582,35.72572],[139.23593,35.72531],[139.23546,35.72512],[139.2358,35.72459],[139.23501,35.72346],[139.23545,35.72224],[139.23446,35.72253],[139.23427,35.72208],[139.23157,35.72077],[139.23075,35.71872],[139.23076,35.71707],[139.23014,35.71635],[139.23041,35.71544],[139.22885,35.71628],[139.22616,35.7159],[139.22434,35.71631],[139.2259,35.71808],[139.226,35.7195],[139.22647,35.72008],[139.2263,35.72349],[139.22804,35.72513],[139.22595,35.72875],[139.22642,35.7293],[139.22854,35.73056],[139.22968,35.73063],[139.23127,35.72854],[139.23173,35.72721],[139.23297,35.72629],[139.23685,35.72728]]]}},{"type":"Feature","bbox":[139.25839,35.72678,139.26704,35.73065],"properties":{"slug":"akiruno-uenodai","name":"Uenodai","name_local":"上ノ台","ward":"Akiruno","ward_slug":"akiruno","gruppo":"akiruno-uenodai","gruppo_name":"Uenodai","usato":false},"geometry":{"type":"Polygon","coordinates":[[[139.2587,35.72921],[139.25904,35.73065],[139.26704,35.72996],[139.26591,35.72678],[139.25839,35.72771],[139.2587,35.72921]]]}},{"type":"Feature","bbox":[139.28076,35.71275,139.29192,35.72403],"properties":{"slug":"akiruno-ushinuma","name":"Ushinuma","name_local":"牛沼","ward":"Akiruno","ward_slug":"akiruno","gruppo":"akiruno-ushinuma","gruppo_name":"Ushinuma","usato":false},"geometry":{"type":"Polygon","coordinates":[[[139.28384,35.72272],[139.28602,35.72202],[139.28714,35.7221],[139.28972,35.72257],[139.28952,35.72382],[139.29149,35.72403],[139.29192,35.72157],[139.28996,35.71956],[139.29094,35.71691],[139.29135,35.71704],[139.29075,35.71414],[139.29133,35.71367],[139.28798,35.71309],[139.28538,35.71335],[139.28367,35.71275],[139.28135,35.71361],[139.28079,35.71621],[139.28168,35.71728],[139.2839,35.71702],[139.28484,35.71888],[139.28394,35.7201],[139.28384,35.72272]]]}},{"type":"Feature","bbox":[139.253,35.72081,139.26591,35.72928],"properties":{"slug":"akiruno-yamada","name":"Yamada","name_local":"山田","ward":"Akiruno","ward_slug":"akiruno","gruppo":"akiruno-yamada","gruppo_name":"Yamada","usato":false},"geometry":{"type":"Polygon","coordinates":[[[139.25301,35.72451],[139.253,35.72601],[139.25474,35.72591],[139.25492,35.72821],[139.25732,35.72862],[139.2583,35.72928],[139.2587,35.72921],[139.25839,35.72771],[139.26591,35.72678],[139.26561,35.7249],[139.26341,35.72274],[139.2606,35.72108],[139.26074,35.72081],[139.25833,35.72121],[139.25663,35.72245],[139.25595,35.72243],[139.25604,35.72302],[139.25417,35.72304],[139.25301,35.72451]]]}},{"type":"Feature","bbox":[139.23479,35.73,139.24666,35.73977],"properties":{"slug":"akiruno-yokosawa","name":"Yokosawa","name_local":"横沢","ward":"Akiruno","ward_slug":"akiruno","gruppo":"akiruno-yokosawa","gruppo_name":"Yokosawa","usato":false},"geometry":{"type":"Polygon","coordinates":[[[139.24636,35.73664],[139.24538,35.73666],[139.24405,35.7388],[139.242,35.73926],[139.24014,35.7391],[139.23952,35.73977],[139.23868,35.73935],[139.23772,35.73958],[139.23517,35.7392],[139.23479,35.73882],[139.23479,35.73786],[139.23535,35.73722],[139.23509,35.7362],[139.23595,35.73564],[139.23521,35.73475],[139.23613,35.7341],[139.23573,35.73335],[139.23623,35.73283],[139.23623,35.73208],[139.23809,35.73128],[139.23835,35.73],[139.24309,35.73009],[139.24302,35.73094],[139.24401,35.73144],[139.24436,35.73286],[139.24551,35.73374],[139.24666,35.73574],[139.24636,35.73664]]]}},{"type":"Feature","bbox":[139.13615,35.72822,139.19796,35.77892],"properties":{"slug":"akiruno-yozawa","name":"Yozawa","name_local":"養沢","ward":"Akiruno","ward_slug":"akiruno","gruppo":"akiruno-yozawa","gruppo_name":"Yozawa","usato":false},"geometry":{"type":"MultiPolygon","coordinates":[[[[139.19768,35.74044],[139.19796,35.74189],[139.19715,35.74434],[139.19739,35.74552],[139.1969,35.74612],[139.19519,35.7464],[139.19352,35.7498],[139.19055,35.75147],[139.19105,35.75432],[139.18831,35.7589],[139.18764,35.7611],[139.1863,35.76219],[139.18134,35.76304],[139.1806,35.76407],[139.18033,35.76548],[139.18091,35.76673],[139.18082,35.76832],[139.17898,35.77035],[139.17705,35.77077],[139.1671,35.77605],[139.1666,35.77554],[139.16304,35.77824],[139.16121,35.77706],[139.15896,35.77777],[139.15879,35.77852],[139.15823,35.77764],[139.1585,35.77657],[139.15793,35.77575],[139.15845,35.77437],[139.15801,35.77343],[139.15763,35.77316],[139.15749,35.77354],[139.15594,35.77373],[139.15563,35.7733],[139.1546,35.77324],[139.15316,35.77396],[139.15238,35.7759],[139.14872,35.77892],[139.14824,35.77788],[139.14824,35.77529],[139.14638,35.77537],[139.14584,35.77625],[139.14468,35.77696],[139.14371,35.77635],[139.14285,35.77641],[139.14227,35.77483],[139.14099,35.77421],[139.13938,35.77205],[139.13852,35.77189],[139.13764,35.77243],[139.13623,35.77068],[139.13615,35.77013],[139.13878,35.76821],[139.14371,35.76617],[139.14507,35.76403],[139.14721,35.76213],[139.14464,35.76021],[139.14218,35.75998],[139.14049,35.75912],[139.13993,35.75764],[139.14044,35.75573],[139.14452,35.75529],[139.14739,35.75403],[139.14958,35.75409],[139.15195,35.75149],[139.15398,35.7501],[139.15394,35.74869],[139.15589,35.74682],[139.15657,35.7447],[139.16118,35.74304],[139.16214,35.7421],[139.1641,35.74133],[139.16494,35.74166],[139.16614,35.74143],[139.16775,35.7422],[139.16975,35.74246],[139.17046,35.74301],[139.1759,35.74378],[139.18399,35.74229],[139.18685,35.74164],[139.18914,35.73969],[139.19005,35.74037],[139.19049,35.74025],[139.19314,35.73784],[139.19432,35.73758],[139.1949,35.7389],[139.19768,35.74044]]],[[[139.18625,35.72988],[139.18668,35.72928],[139.1862,35.72822],[139.18227,35.72858],[139.17969,35.72961],[139.1796,35.73011],[139.17876,35.73063],[139.17533,35.73091],[139.17579,35.73152],[139.17628,35.73146],[139.17642,35.73224],[139.17596,35.73584],[139.17518,35.73649],[139.17482,35.73568],[139.17516,35.73386],[139.17412,35.73382],[139.17471,35.73444],[139.17345,35.73398],[139.17394,35.73468],[139.17284,35.73423],[139.17259,35.73447],[139.1732,35.73581],[139.17269,35.73635],[139.17382,35.73776],[139.17229,35.7384],[139.17044,35.73716],[139.16863,35.73887],[139.17341,35.74109],[139.17759,35.73826],[139.17833,35.73581],[139.18307,35.73278],[139.18254,35.73191],[139.18304,35.73127],[139.18287,35.72952],[139.18625,35.72988]]]]}},{"type":"Feature","bbox":[139.36698,35.70259,139.37715,35.71085],"properties":{"slug":"akishima-asahicho","name":"Asahicho","name_local":"朝日町","ward":"Akishima","ward_slug":"akishima","gruppo":"akishima-asahicho","gruppo_name":"Asahicho","usato":false},"geometry":{"type":"Polygon","coordinates":[[[139.37376,35.70971],[139.36983,35.71085],[139.36931,35.70921],[139.36698,35.70612],[139.37448,35.70259],[139.37715,35.70872],[139.37376,35.70971]]]}},{"type":"Feature","bbox":[139.38296,35.69846,139.39399,35.70601],"properties":{"slug":"akishima-azuma-ch","name":"Azuma-chō","name_local":"東町","ward":"Akishima","ward_slug":"akishima","gruppo":"akishima-azuma-ch","gruppo_name":"Azuma-chō","usato":false},"geometry":{"type":"Polygon","coordinates":[[[139.39335,35.70344],[139.39291,35.70234],[139.39399,35.70183],[139.39267,35.69908],[139.39015,35.69887],[139.39005,35.69846],[139.38296,35.70093],[139.3854,35.70601],[139.39335,35.70344]]]}},{"type":"Feature","bbox":[139.35362,35.71246,139.36641,35.72325],"properties":{"slug":"akishima-daikanyama","name":"Daikanyama","name_local":"代官山","ward":"Akishima","ward_slug":"akishima","gruppo":"akishima-daikanyama","gruppo_name":"Daikanyama","usato":false},"geometry":{"type":"Polygon","coordinates":[[[139.35362,35.71574],[139.35466,35.72005],[139.35641,35.72148],[139.36166,35.72215],[139.36573,35.72325],[139.36641,35.72106],[139.36462,35.71246],[139.35362,35.71574]]]}},{"type":"Feature","bbox":[139.3721,35.69145,139.38662,35.70879],"properties":{"slug":"akishima-fukujima-ch","name":"Fukujima-chō","name_local":"福島町","ward":"Akishima","ward_slug":"akishima","gruppo":"akishima-fukujima-ch","gruppo_name":"Fukujima-chō","usato":false},"geometry":{"type":"MultiPolygon","coordinates":[[[[139.38391,35.69145],[139.38411,35.69201],[139.38304,35.69243],[139.3831,35.6937],[139.38245,35.69363],[139.38214,35.69483],[139.38232,35.69765],[139.38308,35.69889],[139.38569,35.69805],[139.38662,35.69977],[139.38218,35.70114],[139.37734,35.70149],[139.37704,35.69919],[139.3759,35.69678],[139.3721,35.69178],[139.38391,35.69145]]],[[[139.38546,35.70609],[139.38167,35.70721],[139.38207,35.70879],[139.38566,35.7087],[139.38566,35.70831],[139.38634,35.70831],[139.38662,35.70789],[139.38546,35.70609]]]]}},{"type":"Feature","bbox":[139.38167,35.70609,139.38661,35.70879],"properties":{"slug":"akishima-fukujimacho","name":"Fukujimacho","name_local":"福島町","ward":"Akishima","ward_slug":"akishima","gruppo":"akishima-fukujima-ch","gruppo_name":"Fukujima-chō","usato":false},"geometry":{"type":"Polygon","coordinates":[[[139.3818,35.70777],[139.38167,35.70721],[139.38546,35.70609],[139.38661,35.70799],[139.38566,35.70831],[139.38566,35.7087],[139.38207,35.70879],[139.3818,35.70777]]]}},{"type":"Feature","bbox":[139.38214,35.69128,139.39005,35.69977],"properties":{"slug":"akishima-gochicho","name":"Gochicho","name_local":"郷地町","ward":"Akishima","ward_slug":"akishima","gruppo":"akishima-gochicho","gruppo_name":"Gochicho","usato":false},"geometry":{"type":"Polygon","coordinates":[[[139.39005,35.69846],[139.38861,35.69621],[139.38921,35.69417],[139.38904,35.69351],[139.38509,35.69128],[139.38391,35.69145],[139.38411,35.69201],[139.38304,35.69243],[139.3831,35.6937],[139.38245,35.69363],[139.38214,35.69483],[139.38232,35.69765],[139.38308,35.69889],[139.38569,35.69805],[139.38662,35.69977],[139.39005,35.69846]]]}},{"type":"Feature","bbox":[139.33153,35.69198,139.34988,35.71528],"properties":{"slug":"akishima-haijimacho","name":"Haijimacho","name_local":"拝島町","ward":"Akishima","ward_slug":"akishima","gruppo":"akishima-haijimacho","gruppo_name":"Haijimacho","usato":false},"geometry":{"type":"Polygon","coordinates":[[[139.34838,35.69232],[139.34778,35.69309],[139.34598,35.69395],[139.34557,35.69501],[139.34988,35.70589],[139.3418,35.70996],[139.33751,35.71528],[139.33163,35.71237],[139.33153,35.7097],[139.33308,35.70453],[139.33682,35.70151],[139.33559,35.69906],[139.33625,35.69758],[139.33614,35.69586],[139.33862,35.69498],[139.34038,35.69365],[139.34231,35.69367],[139.34406,35.69255],[139.34648,35.69198],[139.34838,35.69232]]]}},{"type":"Feature","bbox":[139.35579,35.70383,139.36405,35.7117],"properties":{"slug":"akishima-jogawaracho","name":"Jogawaracho","name_local":"上川原町","ward":"Akishima","ward_slug":"akishima","gruppo":"akishima-jogawaracho","gruppo_name":"Jogawaracho","usato":false},"geometry":{"type":"Polygon","coordinates":[[[139.36405,35.709],[139.36149,35.71052],[139.3578,35.7117],[139.35729,35.71096],[139.35579,35.71028],[139.36036,35.70383],[139.36046,35.70443],[139.361,35.70428],[139.36138,35.70517],[139.36312,35.70645],[139.36405,35.709]]]}},{"type":"Feature","bbox":[139.33852,35.71028,139.35893,35.72159],"properties":{"slug":"akishima-matsubaracho","name":"Matsubaracho","name_local":"松原町","ward":"Akishima","ward_slug":"akishima","gruppo":"akishima-matsubaracho","gruppo_name":"Matsubaracho","usato":false},"geometry":{"type":"Polygon","coordinates":[[[139.35579,35.71028],[139.35743,35.7111],[139.35893,35.71412],[139.34635,35.71805],[139.34501,35.71892],[139.34294,35.72159],[139.34095,35.72108],[139.33852,35.71897],[139.33941,35.71762],[139.33908,35.71752],[139.33928,35.71703],[139.35396,35.71288],[139.35579,35.71028]]]}},{"type":"Feature","bbox":[139.33751,35.70589,139.35579,35.71708],"properties":{"slug":"akishima-midoricho","name":"Midoricho","name_local":"緑町","ward":"Akishima","ward_slug":"akishima","gruppo":"akishima-midoricho","gruppo_name":"Midoricho","usato":false},"geometry":{"type":"Polygon","coordinates":[[[139.33946,35.71708],[139.3387,35.7152],[139.33751,35.71528],[139.34108,35.71064],[139.34266,35.7094],[139.34988,35.70589],[139.35089,35.70774],[139.35579,35.71028],[139.35396,35.71288],[139.33946,35.71708]]]}},{"type":"Feature","bbox":[139.34294,35.71574,139.37054,35.72636],"properties":{"slug":"akishima-mihoricho","name":"Mihoricho","name_local":"美堀町","ward":"Akishima","ward_slug":"akishima","gruppo":"akishima-mihoricho","gruppo_name":"Mihoricho","usato":false},"geometry":{"type":"Polygon","coordinates":[[[139.36573,35.72325],[139.37011,35.72429],[139.37054,35.72601],[139.36567,35.72514],[139.36565,35.72586],[139.36213,35.72636],[139.36175,35.72537],[139.36283,35.7249],[139.36215,35.72399],[139.35727,35.72589],[139.35704,35.72546],[139.35312,35.72501],[139.35263,35.72293],[139.3517,35.72267],[139.35172,35.72224],[139.35012,35.72223],[139.34913,35.72143],[139.34699,35.72155],[139.34519,35.72085],[139.34515,35.72142],[139.34374,35.72107],[139.34294,35.72159],[139.34567,35.7184],[139.35362,35.71574],[139.35466,35.72005],[139.35641,35.72148],[139.36166,35.72215],[139.36573,35.72325]]]}},{"type":"Feature","bbox":[139.36983,35.71051,139.37765,35.71663],"properties":{"slug":"akishima-miyazawacho","name":"Miyazawacho","name_local":"宮沢町","ward":"Akishima","ward_slug":"akishima","gruppo":"akishima-miyazawacho","gruppo_name":"Miyazawacho","usato":false},"geometry":{"type":"Polygon","coordinates":[[[139.37177,35.71577],[139.37355,35.71561],[139.37409,35.71663],[139.37765,35.7151],[139.3771,35.71423],[139.37305,35.71361],[139.37192,35.71226],[139.37227,35.71209],[139.37153,35.71088],[139.37094,35.71051],[139.36983,35.71085],[139.3712,35.71336],[139.37177,35.71577]]]}},{"type":"Feature","bbox":[139.36036,35.69178,139.37765,35.71663],"properties":{"slug":"akishima-miyazawacho-2","name":"Miyazawacho","name_local":"宮沢町","ward":"Akishima","ward_slug":"akishima","gruppo":"akishima-miyazawacho","gruppo_name":"Miyazawacho","usato":false},"geometry":{"type":"MultiPolygon","coordinates":[[[[139.3721,35.69178],[139.37475,35.69512],[139.37261,35.69648],[139.3693,35.69761],[139.36845,35.69934],[139.37097,35.70009],[139.37085,35.70196],[139.36681,35.70187],[139.36694,35.70607],[139.36614,35.70781],[139.36405,35.709],[139.36312,35.70645],[139.36138,35.70517],[139.361,35.70428],[139.36046,35.70443],[139.36036,35.70383],[139.36308,35.69962],[139.36312,35.69373],[139.36752,35.69218],[139.3721,35.69178]]],[[[139.36983,35.71085],[139.37131,35.71059],[139.37227,35.71209],[139.37192,35.71226],[139.37305,35.71361],[139.3771,35.71423],[139.37765,35.7151],[139.37409,35.71663],[139.37355,35.71561],[139.37177,35.71577],[139.3712,35.71336],[139.36983,35.71085]]]]}},{"type":"Feature","bbox":[139.38363,35.70344,139.39853,35.71907],"properties":{"slug":"akishima-mokusei-no-mori","name":"Mokusei no mori","name_local":"もくせいの杜","ward":"Akishima","ward_slug":"akishima","gruppo":"akishima-mokusei-no-mori","gruppo_name":"Mokusei no mori","usato":false},"geometry":{"type":"Polygon","coordinates":[[[139.39049,35.70444],[139.3854,35.70601],[139.38661,35.70799],[139.38566,35.70831],[139.38566,35.7087],[139.38363,35.70871],[139.38377,35.71907],[139.38732,35.71901],[139.38884,35.7179],[139.38709,35.71667],[139.38898,35.71439],[139.39104,35.71533],[139.3945,35.71165],[139.3957,35.71289],[139.39853,35.71141],[139.39584,35.70706],[139.3951,35.70618],[139.39459,35.70623],[139.39437,35.70517],[139.39487,35.70484],[139.39459,35.70395],[139.39382,35.70415],[139.39335,35.70344],[139.39049,35.70444]]]}},{"type":"Feature","bbox":[139.37206,35.71408,139.38305,35.72562],"properties":{"slug":"akishima-musashino","name":"Musashino","name_local":"武蔵野","ward":"Akishima","ward_slug":"akishima","gruppo":"akishima-musashino","gruppo_name":"Musashino","usato":false},"geometry":{"type":"Polygon","coordinates":[[[139.38164,35.71798],[139.38139,35.71627],[139.38037,35.71408],[139.37243,35.71742],[139.37206,35.71711],[139.37364,35.725],[139.37635,35.72553],[139.37738,35.72433],[139.37682,35.72415],[139.37711,35.72377],[139.3801,35.72562],[139.38185,35.72301],[139.37911,35.7217],[139.38305,35.71974],[139.38164,35.71798]]]}},{"type":"Feature","bbox":[139.36662,35.69512,139.38685,35.72072],"properties":{"slug":"akishima-nakagami-ch","name":"Nakagami-chō","name_local":"中神町","ward":"Akishima","ward_slug":"akishima","gruppo":"akishima-nakagami-ch","gruppo_name":"Nakagami-chō","usato":false},"geometry":{"type":"MultiPolygon","coordinates":[[[[139.37448,35.70259],[139.36989,35.70503],[139.3669,35.70601],[139.36681,35.70187],[139.37085,35.70196],[139.37097,35.70009],[139.36845,35.69934],[139.3693,35.69761],[139.37261,35.69648],[139.37475,35.69512],[139.37699,35.69907],[139.37734,35.70149],[139.37414,35.70141],[139.37448,35.70259]]],[[[139.37094,35.71051],[139.37153,35.71088],[139.37227,35.71209],[139.37192,35.71226],[139.37305,35.71361],[139.3771,35.71423],[139.37765,35.7151],[139.38037,35.71408],[139.38139,35.71627],[139.38176,35.71825],[139.38305,35.71974],[139.38206,35.72008],[139.38298,35.72072],[139.38555,35.72012],[139.38685,35.71909],[139.38377,35.71907],[139.38361,35.70876],[139.38207,35.70879],[139.3818,35.70777],[139.38076,35.70808],[139.38131,35.70925],[139.38039,35.70953],[139.3794,35.70791],[139.37094,35.71051]]]]}},{"type":"Feature","bbox":[139.37094,35.70777,139.38685,35.72072],"properties":{"slug":"akishima-nakagamicho","name":"Nakagamicho","name_local":"中神町","ward":"Akishima","ward_slug":"akishima","gruppo":"akishima-nakagami-ch","gruppo_name":"Nakagami-chō","usato":false},"geometry":{"type":"Polygon","coordinates":[[[139.37715,35.70872],[139.37094,35.71051],[139.37153,35.71088],[139.37227,35.71209],[139.37192,35.71226],[139.37305,35.71361],[139.3771,35.71423],[139.37765,35.7151],[139.38037,35.71408],[139.38139,35.71627],[139.38176,35.71825],[139.38305,35.71974],[139.38206,35.72008],[139.38298,35.72072],[139.38555,35.72012],[139.38685,35.71909],[139.38377,35.71907],[139.38361,35.70876],[139.38207,35.70879],[139.3818,35.70777],[139.38076,35.70808],[139.38131,35.70925],[139.38039,35.70953],[139.3794,35.70791],[139.37715,35.70872]]]}},{"type":"Feature","bbox":[139.37177,35.71561,139.37409,35.71742],"properties":{"slug":"akishima-ogamicho","name":"Ogamicho","name_local":"大神町","ward":"Akishima","ward_slug":"akishima","gruppo":"akishima-ogamicho","gruppo_name":"Ogamicho","usato":false},"geometry":{"type":"Polygon","coordinates":[[[139.37177,35.71577],[139.37355,35.71561],[139.37409,35.71663],[139.37243,35.71742],[139.37177,35.71577]]]}},{"type":"Feature","bbox":[139.35291,35.69279,139.37409,35.71742],"properties":{"slug":"akishima-ogamicho-2","name":"Ogamicho","name_local":"大神町","ward":"Akishima","ward_slug":"akishima","gruppo":"akishima-ogamicho","gruppo_name":"Ogamicho","usato":false},"geometry":{"type":"MultiPolygon","coordinates":[[[[139.36312,35.69373],[139.36285,35.70024],[139.35696,35.70864],[139.35617,35.70839],[139.35557,35.70712],[139.356,35.70444],[139.3549,35.70347],[139.35779,35.7021],[139.35668,35.70027],[139.35685,35.69907],[139.3564,35.69721],[139.35291,35.69279],[139.35468,35.69329],[139.36312,35.69373]]],[[[139.37177,35.71577],[139.37355,35.71561],[139.37409,35.71663],[139.37243,35.71742],[139.37177,35.71577]]]]}},{"type":"Feature","bbox":[139.3578,35.70607,139.36983,35.71418],"properties":{"slug":"akishima-showacho","name":"Showacho","name_local":"昭和町","ward":"Akishima","ward_slug":"akishima","gruppo":"akishima-showacho","gruppo_name":"Showacho","usato":false},"geometry":{"type":"Polygon","coordinates":[[[139.36694,35.70607],[139.36931,35.70921],[139.36983,35.71085],[139.35895,35.71418],[139.3578,35.7117],[139.36164,35.71045],[139.36614,35.70781],[139.36694,35.70607]]]}},{"type":"Feature","bbox":[139.37414,35.70093,139.38546,35.70872],"properties":{"slug":"akishima-tamagawacho","name":"Tamagawacho","name_local":"玉川町","ward":"Akishima","ward_slug":"akishima","gruppo":"akishima-tamagawacho","gruppo_name":"Tamagawacho","usato":false},"geometry":{"type":"Polygon","coordinates":[[[139.38546,35.70609],[139.37715,35.70872],[139.37414,35.70141],[139.37789,35.70148],[139.38296,35.70093],[139.38546,35.70609]]]}},{"type":"Feature","bbox":[139.34559,35.69232,139.35779,35.71028],"properties":{"slug":"akishima-tanakacho","name":"Tanakacho","name_local":"田中町","ward":"Akishima","ward_slug":"akishima","gruppo":"akishima-tanakacho","gruppo_name":"Tanakacho","usato":false},"geometry":{"type":"Polygon","coordinates":[[[139.35291,35.69279],[139.3564,35.69721],[139.35685,35.69907],[139.35668,35.70027],[139.35779,35.7021],[139.3549,35.70347],[139.356,35.70444],[139.35557,35.70712],[139.35617,35.70839],[139.35696,35.70864],[139.35579,35.71028],[139.35046,35.70729],[139.34559,35.69516],[139.34585,35.69408],[139.34786,35.69303],[139.34838,35.69232],[139.35291,35.69279]]]}},{"type":"Feature","bbox":[139.3794,35.70721,139.3818,35.70953],"properties":{"slug":"akishima-tsuijicho","name":"Tsuijicho","name_local":"築地町","ward":"Akishima","ward_slug":"akishima","gruppo":"akishima-tsuijicho","gruppo_name":"Tsuijicho","usato":false},"geometry":{"type":"Polygon","coordinates":[[[139.38167,35.70721],[139.3794,35.70791],[139.38039,35.70953],[139.38131,35.70925],[139.38076,35.70808],[139.3818,35.70777],[139.38167,35.70721]]]}},{"type":"Feature","bbox":[139.36462,35.71085,139.37366,35.72521],"properties":{"slug":"akishima-tsutsujigaoka","name":"Tsutsujigaoka","name_local":"つつじが丘","ward":"Akishima","ward_slug":"akishima","gruppo":"akishima-tsutsujigaoka","gruppo_name":"Tsutsujigaoka","usato":false},"geometry":{"type":"Polygon","coordinates":[[[139.37295,35.72146],[139.37124,35.71346],[139.36983,35.71085],[139.36462,35.71246],[139.36641,35.72106],[139.36573,35.72325],[139.37366,35.72521],[139.37295,35.72146]]]}},{"type":"Feature","bbox":[139.77294,35.73184,139.79139,35.74447],"properties":{"slug":"arakawa-arakawa","name":"Arakawa","name_local":"荒川","ward":"Arakawa","ward_slug":"arakawa","gruppo":"arakawa-arakawa","gruppo_name":"Arakawa","usato":false},"geometry":{"type":"Polygon","coordinates":[[[139.78873,35.73184],[139.77866,35.73325],[139.77852,35.73408],[139.7764,35.73684],[139.77665,35.73705],[139.77294,35.73768],[139.77376,35.73909],[139.77332,35.73937],[139.77414,35.74128],[139.7753,35.74258],[139.77507,35.74346],[139.77562,35.74375],[139.77575,35.74447],[139.77707,35.74367],[139.78182,35.74262],[139.78344,35.74336],[139.78911,35.7441],[139.79139,35.74149],[139.79055,35.74085],[139.78835,35.73736],[139.78887,35.73583],[139.78848,35.73574],[139.78857,35.73496],[139.78919,35.73452],[139.78778,35.73244],[139.78873,35.73184]]]}},{"type":"Feature","bbox":[139.77126,35.72478,139.79232,35.73341],"properties":{"slug":"arakawa-higashi-nippori","name":"Higashi-Nippori","name_local":"東日暮里","ward":"Arakawa","ward_slug":"arakawa","gruppo":"arakawa-higashi-nippori","gruppo_name":"Higashi-Nippori","usato":false},"geometry":{"type":"Polygon","coordinates":[[[139.79217,35.73102],[139.79152,35.73131],[139.78961,35.72864],[139.78825,35.72794],[139.78375,35.7276],[139.78301,35.72665],[139.78229,35.7265],[139.78215,35.72554],[139.78128,35.72529],[139.78128,35.72478],[139.77656,35.72535],[139.77412,35.72659],[139.77297,35.72596],[139.77126,35.72743],[139.7742,35.73083],[139.77532,35.73341],[139.79232,35.7314],[139.79217,35.73102]]]}},{"type":"Feature","bbox":[139.76409,35.73768,139.77841,35.75387],"properties":{"slug":"arakawa-higashi-ogu","name":"Higashi Ogu","name_local":"東尾久","ward":"Arakawa","ward_slug":"arakawa","gruppo":"arakawa-higashi-ogu","gruppo_name":"Higashi Ogu","usato":false},"geometry":{"type":"Polygon","coordinates":[[[139.76869,35.73923],[139.76987,35.73905],[139.77078,35.73807],[139.77294,35.73768],[139.77376,35.73909],[139.77332,35.73937],[139.77414,35.74128],[139.7753,35.74258],[139.77507,35.74346],[139.77562,35.74375],[139.7762,35.74577],[139.77534,35.74623],[139.77643,35.74768],[139.77695,35.75084],[139.77805,35.75076],[139.77841,35.75178],[139.77839,35.7525],[139.77739,35.75295],[139.77734,35.75382],[139.76953,35.75357],[139.76606,35.75387],[139.76575,35.74733],[139.76503,35.74727],[139.76507,35.74421],[139.76409,35.74421],[139.76413,35.74279],[139.76574,35.74158],[139.76823,35.7414],[139.76869,35.73923]]]}},{"type":"Feature","bbox":[139.77534,35.74262,139.79144,35.75407],"properties":{"slug":"arakawa-machiya","name":"Machiya","name_local":"町屋","ward":"Arakawa","ward_slug":"arakawa","gruppo":"arakawa-machiya","gruppo_name":"Machiya","usato":false},"geometry":{"type":"Polygon","coordinates":[[[139.77606,35.74603],[139.77534,35.74623],[139.77643,35.74768],[139.77695,35.75084],[139.77805,35.75076],[139.77841,35.75178],[139.77839,35.7525],[139.77739,35.75295],[139.77734,35.75382],[139.78231,35.75407],[139.7888,35.75271],[139.78957,35.75234],[139.79144,35.74971],[139.79118,35.74898],[139.78845,35.74674],[139.78848,35.74532],[139.78911,35.7441],[139.78836,35.74385],[139.78368,35.7434],[139.78182,35.74262],[139.77652,35.74395],[139.77575,35.74447],[139.77606,35.74603]]]}},{"type":"Feature","bbox":[139.78778,35.72803,139.81474,35.74149],"properties":{"slug":"arakawa-minami-senju","name":"Minami-Senju","name_local":"南千住","ward":"Arakawa","ward_slug":"arakawa","gruppo":"arakawa-minami-senju","gruppo_name":"Minami-Senju","usato":true},"geometry":{"type":"Polygon","coordinates":[[[139.79281,35.74054],[139.79472,35.73987],[139.80233,35.73866],[139.81118,35.74123],[139.8141,35.74026],[139.81474,35.7375],[139.81448,35.73652],[139.81079,35.73189],[139.81005,35.73028],[139.8098,35.72803],[139.80143,35.72917],[139.79517,35.72892],[139.79508,35.7298],[139.79433,35.72979],[139.79428,35.73034],[139.79244,35.73033],[139.79232,35.7314],[139.78873,35.73184],[139.78778,35.73244],[139.78919,35.73452],[139.78857,35.73496],[139.78848,35.73574],[139.78888,35.73577],[139.78835,35.73736],[139.78857,35.73774],[139.79055,35.74085],[139.79139,35.74149],[139.79281,35.74054]]]}},{"type":"Feature","bbox":[139.76135,35.72732,139.77867,35.7381],"properties":{"slug":"arakawa-nishi-nippori","name":"Nishi-Nippori","name_local":"西日暮里","ward":"Arakawa","ward_slug":"arakawa","gruppo":"arakawa-nishi-nippori","gruppo_name":"Nishi-Nippori","usato":false},"geometry":{"type":"Polygon","coordinates":[[[139.77069,35.7381],[139.76377,35.73539],[139.76444,35.73463],[139.76327,35.73353],[139.76212,35.73397],[139.76149,35.73376],[139.76182,35.7329],[139.76135,35.73239],[139.76152,35.73196],[139.7651,35.73026],[139.76561,35.72949],[139.76579,35.72769],[139.76724,35.72732],[139.76993,35.72813],[139.77126,35.72743],[139.7742,35.73083],[139.77532,35.73341],[139.77867,35.73303],[139.77858,35.73397],[139.7764,35.73684],[139.77665,35.73705],[139.77069,35.7381]]]}},{"type":"Feature","bbox":[139.74945,35.74343,139.76606,35.75485],"properties":{"slug":"arakawa-nishi-ogu","name":"Nishi-Ogu","name_local":"西尾久","ward":"Arakawa","ward_slug":"arakawa","gruppo":"arakawa-nishi-ogu","gruppo_name":"Nishi-Ogu","usato":false},"geometry":{"type":"Polygon","coordinates":[[[139.75777,35.75485],[139.75726,35.75316],[139.75102,35.75361],[139.75089,35.75253],[139.74956,35.75143],[139.74964,35.75029],[139.75228,35.74915],[139.75523,35.74889],[139.75491,35.74773],[139.75536,35.74749],[139.75797,35.74747],[139.75795,35.74616],[139.7572,35.74522],[139.76013,35.74343],[139.76053,35.74395],[139.76266,35.74349],[139.76409,35.74421],[139.76507,35.74421],[139.76503,35.74727],[139.76575,35.74733],[139.76606,35.75387],[139.75777,35.75485]]]}},{"type":"Feature","bbox":[139.74026,35.71494,139.75471,35.72732],"properties":{"slug":"bunky-hakusan","name":"Hakusan","name_local":"白山","ward":"Bunkyō","ward_slug":"bunky","gruppo":"bunky-hakusan","gruppo_name":"Hakusan","usato":false},"geometry":{"type":"Polygon","coordinates":[[[139.7456,35.72732],[139.75215,35.7236],[139.75471,35.71898],[139.75353,35.71847],[139.75346,35.71755],[139.75435,35.71636],[139.75326,35.71502],[139.75205,35.71503],[139.75197,35.71546],[139.74825,35.71494],[139.74205,35.71908],[139.74026,35.72078],[139.7419,35.72314],[139.74329,35.72258],[139.74354,35.72294],[139.74413,35.72274],[139.74635,35.72454],[139.7456,35.72732]]]}},{"type":"Feature","bbox":[139.7528,35.70124,139.76771,35.71572],"properties":{"slug":"bunky-hong","name":"Hongō","name_local":"本郷","ward":"Bunkyō","ward_slug":"bunky","gruppo":"bunky-hong","gruppo_name":"Hongō","usato":false},"geometry":{"type":"Polygon","coordinates":[[[139.76564,35.71354],[139.76771,35.7128],[139.76763,35.71147],[139.76686,35.7114],[139.76736,35.7108],[139.76681,35.71087],[139.76662,35.71041],[139.76527,35.71044],[139.76522,35.70989],[139.76426,35.70986],[139.76424,35.70877],[139.76372,35.70875],[139.76374,35.70752],[139.76504,35.70741],[139.76434,35.70431],[139.76227,35.70124],[139.75538,35.70205],[139.7528,35.71118],[139.75524,35.71162],[139.75741,35.71458],[139.75893,35.71538],[139.76164,35.71572],[139.76564,35.71354]]]}},{"type":"Feature","bbox":[139.74127,35.72261,139.75865,35.73591],"properties":{"slug":"bunky-honkomagome","name":"Honkomagome","name_local":"本駒込","ward":"Bunkyō","ward_slug":"bunky","gruppo":"bunky-honkomagome","gruppo_name":"Honkomagome","usato":false},"geometry":{"type":"Polygon","coordinates":[[[139.74389,35.72864],[139.74127,35.73116],[139.74343,35.7327],[139.74232,35.73356],[139.74304,35.73471],[139.74529,35.73591],[139.74761,35.73517],[139.74783,35.73472],[139.74744,35.7346],[139.74824,35.73349],[139.74893,35.73353],[139.74856,35.73308],[139.74895,35.73283],[139.7503,35.73348],[139.75062,35.73395],[139.7503,35.73438],[139.75266,35.73527],[139.75865,35.73268],[139.7565,35.72788],[139.75511,35.72568],[139.75374,35.72456],[139.75415,35.72307],[139.75268,35.72261],[139.75197,35.72378],[139.74389,35.72864]]]}},{"type":"Feature","bbox":[139.7433,35.70205,139.75538,35.70805],"properties":{"slug":"bunky-k-raku","name":"Kōraku","name_local":"後楽","ward":"Bunkyō","ward_slug":"bunky","gruppo":"bunky-k-raku","gruppo_name":"Kōraku","usato":false},"geometry":{"type":"Polygon","coordinates":[[[139.7545,35.70549],[139.75538,35.70205],[139.74911,35.70293],[139.74514,35.70253],[139.7433,35.70777],[139.74509,35.70805],[139.74655,35.7067],[139.75191,35.70693],[139.7545,35.70549]]]}},{"type":"Feature","bbox":[139.74011,35.70549,139.7545,35.71388],"properties":{"slug":"bunky-kasuga","name":"Kasuga","name_local":"春日","ward":"Bunkyō","ward_slug":"bunky","gruppo":"bunky-kasuga","gruppo_name":"Kasuga","usato":false},"geometry":{"type":"Polygon","coordinates":[[[139.74526,35.71105],[139.74982,35.70858],[139.75364,35.70845],[139.7545,35.70549],[139.75191,35.70693],[139.74655,35.7067],[139.74402,35.70938],[139.74227,35.7104],[139.74033,35.71088],[139.7408,35.71184],[139.74011,35.71328],[139.74118,35.71388],[139.74526,35.71105]]]}},{"type":"Feature","bbox":[139.7308,35.71006,139.74118,35.71781],"properties":{"slug":"bunky-kohinata","name":"Kohinata","name_local":"小日向","ward":"Bunkyō","ward_slug":"bunky","gruppo":"bunky-kohinata","gruppo_name":"Kohinata","usato":false},"geometry":{"type":"Polygon","coordinates":[[[139.7308,35.71533],[139.73277,35.71609],[139.73678,35.71607],[139.73645,35.7172],[139.73674,35.71781],[139.73899,35.7163],[139.74118,35.71388],[139.74011,35.71328],[139.74078,35.7117],[139.74033,35.71088],[139.73717,35.71072],[139.73555,35.71006],[139.73221,35.71098],[139.73136,35.71274],[139.73131,35.7149],[139.7308,35.71533]]]}},{"type":"Feature","bbox":[139.73647,35.70845,139.75364,35.72076],"properties":{"slug":"bunky-koishikawa","name":"Koishikawa","name_local":"小石川","ward":"Bunkyō","ward_slug":"bunky","gruppo":"bunky-koishikawa","gruppo_name":"Koishikawa","usato":false},"geometry":{"type":"Polygon","coordinates":[[[139.75205,35.71503],[139.75197,35.71546],[139.74825,35.71494],[139.74205,35.71908],[139.74028,35.72076],[139.73718,35.71858],[139.7369,35.71877],[139.73647,35.71811],[139.73899,35.7163],[139.74069,35.71421],[139.74544,35.71095],[139.74982,35.70858],[139.75364,35.70845],[139.75205,35.71503]]]}},{"type":"Feature","bbox":[139.71726,35.71197,139.72842,35.72005],"properties":{"slug":"bunky-mejirodai","name":"Mejirodai","name_local":"目白台","ward":"Bunkyō","ward_slug":"bunky","gruppo":"bunky-mejirodai","gruppo_name":"Mejirodai","usato":false},"geometry":{"type":"Polygon","coordinates":[[[139.72471,35.71512],[139.72522,35.71463],[139.72327,35.71197],[139.7203,35.71366],[139.71726,35.71461],[139.71796,35.71695],[139.71773,35.71736],[139.71827,35.71796],[139.71927,35.71752],[139.71955,35.71833],[139.72179,35.71892],[139.72212,35.71868],[139.72293,35.71903],[139.72311,35.71975],[139.72416,35.72005],[139.72662,35.71885],[139.72842,35.7154],[139.72471,35.71512]]]}},{"type":"Feature","bbox":[139.75268,35.71602,139.75926,35.72634],"properties":{"slug":"bunky-muk-gaoka","name":"Mukōgaoka","name_local":"向丘","ward":"Bunkyō","ward_slug":"bunky","gruppo":"bunky-muk-gaoka","gruppo_name":"Mukōgaoka","usato":false},"geometry":{"type":"Polygon","coordinates":[[[139.75686,35.72443],[139.75836,35.7218],[139.75926,35.71712],[139.75835,35.71685],[139.75859,35.71602],[139.75752,35.71611],[139.75548,35.71804],[139.75268,35.72261],[139.75415,35.72307],[139.75374,35.72456],[139.75553,35.72634],[139.75686,35.72443]]]}},{"type":"Feature","bbox":[139.75974,35.71565,139.76875,35.7215],"properties":{"slug":"bunky-nezu","name":"Nezu","name_local":"根津","ward":"Bunkyō","ward_slug":"bunky","gruppo":"bunky-nezu","gruppo_name":"Nezu","usato":false},"geometry":{"type":"Polygon","coordinates":[[[139.76534,35.72],[139.76801,35.71717],[139.76875,35.71573],[139.7677,35.71565],[139.76678,35.7168],[139.76598,35.7165],[139.76478,35.71767],[139.76437,35.71735],[139.76389,35.71809],[139.76236,35.71798],[139.76229,35.71856],[139.76041,35.71936],[139.75974,35.72043],[139.7636,35.7215],[139.76534,35.72]]]}},{"type":"Feature","bbox":[139.75205,35.71118,139.75878,35.71898],"properties":{"slug":"bunky-nishikata","name":"Nishikata","name_local":"西片","ward":"Bunkyō","ward_slug":"bunky","gruppo":"bunky-nishikata","gruppo_name":"Nishikata","usato":false},"geometry":{"type":"Polygon","coordinates":[[[139.75471,35.71898],[139.75353,35.71847],[139.75338,35.71792],[139.75432,35.71626],[139.75326,35.71502],[139.75205,35.71503],[139.7528,35.71118],[139.75524,35.71162],[139.75741,35.71458],[139.75878,35.71534],[139.75859,35.71602],[139.75749,35.71614],[139.75471,35.71898]]]}},{"type":"Feature","bbox":[139.72481,35.71067,139.73221,35.7205],"properties":{"slug":"bunky-otowa","name":"Otowa","name_local":"音羽","ward":"Bunkyō","ward_slug":"bunky","gruppo":"bunky-otowa","gruppo_name":"Otowa","usato":false},"geometry":{"type":"Polygon","coordinates":[[[139.72842,35.7154],[139.73055,35.71135],[139.73137,35.71067],[139.73221,35.71098],[139.73136,35.71274],[139.73131,35.7149],[139.72986,35.71533],[139.72858,35.718],[139.72874,35.71953],[139.72825,35.7205],[139.72497,35.71972],[139.72671,35.71875],[139.72842,35.7154]]]}},{"type":"Feature","bbox":[139.72205,35.70749,139.73555,35.7154],"properties":{"slug":"bunky-sekiguchi","name":"Sekiguchi","name_local":"関口","ward":"Bunkyō","ward_slug":"bunky","gruppo":"bunky-sekiguchi","gruppo_name":"Sekiguchi","usato":true},"geometry":{"type":"Polygon","coordinates":[[[139.73006,35.71213],[139.73137,35.71067],[139.73555,35.70923],[139.73531,35.70814],[139.73428,35.70829],[139.73407,35.7078],[139.73249,35.70749],[139.73135,35.70809],[139.73157,35.70938],[139.72841,35.70923],[139.72795,35.70941],[139.72793,35.70991],[139.72666,35.71011],[139.72585,35.70928],[139.72525,35.70946],[139.72537,35.70977],[139.72372,35.70996],[139.72335,35.711],[139.72205,35.71156],[139.72243,35.7123],[139.72327,35.71197],[139.72522,35.71463],[139.72484,35.7153],[139.72842,35.7154],[139.73006,35.71213]]]}},{"type":"Feature","bbox":[139.75553,35.72059,139.76484,35.73268],"properties":{"slug":"bunky-sendagi","name":"Sendagi","name_local":"千駄木","ward":"Bunkyō","ward_slug":"bunky","gruppo":"bunky-sendagi","gruppo_name":"Sendagi","usato":false},"geometry":{"type":"Polygon","coordinates":[[[139.76135,35.73239],[139.76376,35.72973],[139.76484,35.72762],[139.76349,35.72244],[139.7636,35.7215],[139.75843,35.72059],[139.75818,35.72244],[139.75553,35.72634],[139.75865,35.73268],[139.76015,35.73171],[139.76135,35.73239]]]}},{"type":"Feature","bbox":[139.73536,35.72078,139.74635,35.73198],"properties":{"slug":"bunky-sengoku","name":"Sengoku","name_local":"千石","ward":"Bunkyō","ward_slug":"bunky","gruppo":"bunky-sengoku","gruppo_name":"Sengoku","usato":false},"geometry":{"type":"Polygon","coordinates":[[[139.73674,35.73018],[139.73642,35.73052],[139.7388,35.73198],[139.74076,35.73022],[139.7417,35.73075],[139.7456,35.72732],[139.74635,35.72454],[139.74413,35.72274],[139.74354,35.72294],[139.74329,35.72258],[139.7419,35.72314],[139.74026,35.72078],[139.73659,35.72418],[139.73536,35.72607],[139.73744,35.72686],[139.73677,35.72736],[139.73714,35.72756],[139.73681,35.72812],[139.7355,35.72925],[139.73674,35.73018]]]}},{"type":"Feature","bbox":[139.73141,35.70777,139.74509,35.71097],"properties":{"slug":"bunky-suid","name":"Suidō","name_local":"水道","ward":"Bunkyō","ward_slug":"bunky","gruppo":"bunky-suid","gruppo_name":"Suidō","usato":false},"geometry":{"type":"Polygon","coordinates":[[[139.73555,35.70923],[139.74276,35.70817],[139.7433,35.70777],[139.74509,35.70805],[139.7435,35.70971],[139.74008,35.71097],[139.73689,35.71067],[139.73544,35.71006],[139.73348,35.71084],[139.73141,35.71094],[139.73555,35.70923]]]}},{"type":"Feature","bbox":[139.72268,35.71513,139.74028,35.72707],"properties":{"slug":"bunky-tsuka","name":"Ōtsuka","name_local":"大塚","ward":"Bunkyō","ward_slug":"bunky","gruppo":"bunky-tsuka","gruppo_name":"Ōtsuka","usato":false},"geometry":{"type":"Polygon","coordinates":[[[139.723,35.72334],[139.72268,35.72503],[139.72442,35.72543],[139.72438,35.72605],[139.72536,35.7261],[139.72468,35.72666],[139.72617,35.72651],[139.72636,35.72707],[139.72934,35.72554],[139.72991,35.72627],[139.73115,35.72437],[139.73196,35.72411],[139.73242,35.72425],[139.7322,35.72466],[139.73292,35.7248],[139.73301,35.72534],[139.73335,35.72504],[139.734,35.72552],[139.73427,35.72517],[139.73582,35.72506],[139.74028,35.72076],[139.73718,35.71858],[139.7369,35.71877],[139.73644,35.718],[139.73678,35.71607],[139.73277,35.71609],[139.73016,35.71513],[139.72858,35.718],[139.72874,35.71953],[139.72825,35.7205],[139.72497,35.71972],[139.72323,35.7223],[139.723,35.72334]]]}},{"type":"Feature","bbox":[139.75835,35.71354,139.76604,35.72069],"properties":{"slug":"bunky-yayoi","name":"Yayoi","name_local":"弥生","ward":"Bunkyō","ward_slug":"bunky","gruppo":"bunky-yayoi","gruppo_name":"Yayoi","usato":false},"geometry":{"type":"Polygon","coordinates":[[[139.76187,35.71878],[139.76025,35.71948],[139.75994,35.72069],[139.75843,35.72059],[139.75926,35.71712],[139.75835,35.71685],[139.75878,35.71534],[139.76164,35.71572],[139.76564,35.71354],[139.76602,35.71547],[139.7653,35.71677],[139.76444,35.71721],[139.76493,35.71752],[139.76437,35.71735],[139.76382,35.71811],[139.76236,35.71798],[139.76187,35.71878]]]}},{"type":"Feature","bbox":[139.76227,35.69949,139.77246,35.71107],"properties":{"slug":"bunky-yushima","name":"Yushima","name_local":"湯島","ward":"Bunkyō","ward_slug":"bunky","gruppo":"bunky-yushima","gruppo_name":"Yushima","usato":false},"geometry":{"type":"Polygon","coordinates":[[[139.76643,35.69953],[139.76346,35.70026],[139.76227,35.70124],[139.76434,35.70431],[139.76504,35.70741],[139.76374,35.70752],[139.76372,35.70875],[139.76424,35.70877],[139.76426,35.70986],[139.7681,35.71104],[139.76804,35.71026],[139.76664,35.71039],[139.76676,35.70939],[139.76717,35.70919],[139.76659,35.70919],[139.76688,35.70868],[139.76659,35.70863],[139.77147,35.70914],[139.77155,35.70829],[139.77246,35.70814],[139.7723,35.70717],[139.77008,35.70735],[139.76986,35.70371],[139.76932,35.7033],[139.76802,35.70332],[139.76815,35.70262],[139.76656,35.7027],[139.76621,35.70182],[139.76695,35.70105],[139.76867,35.70054],[139.76832,35.69949],[139.76728,35.70013],[139.76643,35.69953]]]}},{"type":"Feature","bbox":[139.74432,35.67741,139.76141,35.69052],"properties":{"slug":"chiyoda-chiyoda","name":"Chiyoda","name_local":"千代田","ward":"Chiyoda","ward_slug":"chiyoda","gruppo":"chiyoda-chiyoda","gruppo_name":"Chiyoda","usato":false},"geometry":{"type":"Polygon","coordinates":[[[139.74614,35.6799],[139.74733,35.67951],[139.74958,35.6775],[139.75115,35.67741],[139.75306,35.67795],[139.75357,35.67885],[139.7548,35.67845],[139.75554,35.67988],[139.75464,35.68023],[139.75525,35.68196],[139.75612,35.68182],[139.75643,35.68275],[139.75769,35.68252],[139.75813,35.68364],[139.75981,35.68326],[139.76141,35.68726],[139.76072,35.68921],[139.75997,35.6893],[139.75977,35.68995],[139.75615,35.69052],[139.75278,35.68897],[139.75215,35.68946],[139.74834,35.68811],[139.74547,35.688],[139.74432,35.68349],[139.74614,35.6799]]]}},{"type":"Feature","bbox":[139.7392,35.69466,139.74993,35.7015],"properties":{"slug":"chiyoda-fujimi","name":"Fujimi","name_local":"富士見","ward":"Chiyoda","ward_slug":"chiyoda","gruppo":"chiyoda-fujimi","gruppo_name":"Fujimi","usato":false},"geometry":{"type":"Polygon","coordinates":[[[139.7476,35.69629],[139.74728,35.69656],[139.74493,35.6961],[139.73997,35.69466],[139.7392,35.69523],[139.74316,35.70026],[139.74393,35.69991],[139.745,35.7015],[139.7461,35.70094],[139.7461,35.70035],[139.74715,35.70022],[139.74696,35.69949],[139.74856,35.69876],[139.74966,35.69766],[139.74993,35.69691],[139.7476,35.69629]]]}},{"type":"Feature","bbox":[139.73083,35.68758,139.73702,35.69177],"properties":{"slug":"chiyoda-gobanch","name":"Gobanchō","name_local":"五番町","ward":"Chiyoda","ward_slug":"chiyoda","gruppo":"chiyoda-gobanch","gruppo_name":"Gobanchō","usato":false},"geometry":{"type":"Polygon","coordinates":[[[139.73638,35.69118],[139.73702,35.68997],[139.73083,35.68758],[139.7324,35.69001],[139.73546,35.69177],[139.73638,35.69118]]]}},{"type":"Feature","bbox":[139.74166,35.67931,139.74614,35.68343],"properties":{"slug":"chiyoda-hayabusacho","name":"Hayabusacho","name_local":"隼町","ward":"Chiyoda","ward_slug":"chiyoda","gruppo":"chiyoda-hayabusacho","gruppo_name":"Hayabusacho","usato":false},"geometry":{"type":"Polygon","coordinates":[[[139.7444,35.68316],[139.74614,35.6799],[139.74307,35.67931],[139.74192,35.68022],[139.74166,35.68343],[139.7444,35.68316]]]}},{"type":"Feature","bbox":[139.75289,35.6707,139.75968,35.67689],"properties":{"slug":"chiyoda-hibiya-koen","name":"Hibiya-Koen","name_local":"日比谷公園","ward":"Chiyoda","ward_slug":"chiyoda","gruppo":"chiyoda-hibiya-koen","gruppo_name":"Hibiya-Koen","usato":false},"geometry":{"type":"Polygon","coordinates":[[[139.75289,35.67205],[139.75599,35.67689],[139.75968,35.67546],[139.75611,35.6707],[139.75289,35.67205]]]}},{"type":"Feature","bbox":[139.77814,35.69284,139.78285,35.69784],"properties":{"slug":"chiyoda-higashikanda","name":"Higashikanda","name_local":"東神田","ward":"Chiyoda","ward_slug":"chiyoda","gruppo":"chiyoda-higashikanda","gruppo_name":"Higashikanda","usato":false},"geometry":{"type":"Polygon","coordinates":[[[139.78006,35.69682],[139.78016,35.69784],[139.78285,35.69763],[139.78269,35.69618],[139.78175,35.6963],[139.7816,35.69525],[139.78285,35.69513],[139.78276,35.69466],[139.78029,35.69284],[139.77904,35.6941],[139.77814,35.69646],[139.7783,35.69685],[139.78006,35.69682]]]}},{"type":"Feature","bbox":[139.73821,35.67857,139.74307,35.68343],"properties":{"slug":"chiyoda-hirakawach","name":"Hirakawachō","name_local":"平河町","ward":"Chiyoda","ward_slug":"chiyoda","gruppo":"chiyoda-hirakawach","gruppo_name":"Hirakawachō","usato":false},"geometry":{"type":"Polygon","coordinates":[[[139.7403,35.68327],[139.73821,35.68298],[139.73856,35.67857],[139.74307,35.67931],[139.74192,35.68022],[139.74166,35.68343],[139.7403,35.68327]]]}},{"type":"Feature","bbox":[139.75563,35.69015,139.75891,35.69494],"properties":{"slug":"chiyoda-hitotsubashi","name":"Hitotsubashi","name_local":"一ツ橋","ward":"Chiyoda","ward_slug":"chiyoda","gruppo":"chiyoda-hitotsubashi","gruppo_name":"Hitotsubashi","usato":false},"geometry":{"type":"Polygon","coordinates":[[[139.75891,35.6912],[139.75831,35.69494],[139.75577,35.69484],[139.75629,35.69303],[139.75598,35.69302],[139.75608,35.69215],[139.75563,35.69216],[139.75622,35.69039],[139.75881,35.69015],[139.75891,35.6912]]]}},{"type":"Feature","bbox":[139.73783,35.68523,139.74553,35.68946],"properties":{"slug":"chiyoda-ichibanch","name":"Ichibanchō","name_local":"一番町","ward":"Chiyoda","ward_slug":"chiyoda","gruppo":"chiyoda-ichibanch","gruppo_name":"Ichibanchō","usato":false},"geometry":{"type":"Polygon","coordinates":[[[139.73892,35.68607],[139.73783,35.68788],[139.74266,35.68946],[139.74225,35.68821],[139.74553,35.68916],[139.74491,35.68523],[139.73917,35.68573],[139.73892,35.68607]]]}},{"type":"Feature","bbox":[139.74347,35.69691,139.75236,35.70296],"properties":{"slug":"chiyoda-iidabashi","name":"Iidabashi","name_local":"飯田橋","ward":"Chiyoda","ward_slug":"chiyoda","gruppo":"chiyoda-iidabashi","gruppo_name":"Iidabashi","usato":true},"geometry":{"type":"Polygon","coordinates":[[[139.74495,35.70244],[139.7468,35.70296],[139.75089,35.70262],[139.75075,35.70155],[139.75236,35.69791],[139.75,35.69821],[139.75087,35.69702],[139.74993,35.69691],[139.74856,35.69876],[139.74696,35.69949],[139.74715,35.70022],[139.7461,35.70035],[139.7461,35.70094],[139.745,35.7015],[139.74393,35.69991],[139.74347,35.70012],[139.74431,35.70136],[139.74361,35.70169],[139.74443,35.70247],[139.74495,35.70244]]]}},{"type":"Feature","bbox":[139.77474,35.69097,139.77994,35.69693],"properties":{"slug":"chiyoda-iwamotocho","name":"Iwamotocho","name_local":"岩本町","ward":"Chiyoda","ward_slug":"chiyoda","gruppo":"chiyoda-iwamotocho","gruppo_name":"Iwamotocho","usato":false},"geometry":{"type":"Polygon","coordinates":[[[139.7783,35.69685],[139.77852,35.69516],[139.77994,35.6932],[139.77876,35.69234],[139.77518,35.69097],[139.77474,35.69238],[139.77541,35.69693],[139.7783,35.69685]]]}},{"type":"Feature","bbox":[139.73013,35.68225,139.74491,35.68635],"properties":{"slug":"chiyoda-k-jimachi","name":"Kōjimachi","name_local":"麹町","ward":"Chiyoda","ward_slug":"chiyoda","gruppo":"chiyoda-k-jimachi","gruppo_name":"Kōjimachi","usato":false},"geometry":{"type":"Polygon","coordinates":[[[139.74166,35.68343],[139.7444,35.68316],[139.74491,35.68523],[139.73917,35.68573],[139.73892,35.68607],[139.73794,35.68515],[139.7353,35.68456],[139.73378,35.68526],[139.73343,35.6863],[139.73241,35.68568],[139.73049,35.68635],[139.73013,35.68502],[139.73068,35.68359],[139.73305,35.68437],[139.73361,35.683],[139.73444,35.68225],[139.73674,35.68297],[139.74166,35.68343]]]}},{"type":"Feature","bbox":[139.76971,35.68917,139.77381,35.69467],"properties":{"slug":"chiyoda-kajicho","name":"Kajicho","name_local":"鍛冶町","ward":"Chiyoda","ward_slug":"chiyoda","gruppo":"chiyoda-kajicho","gruppo_name":"Kajicho","usato":true},"geometry":{"type":"Polygon","coordinates":[[[139.77247,35.69378],[139.77381,35.69051],[139.76971,35.68917],[139.77157,35.69452],[139.77212,35.69467],[139.77247,35.69378]]]}},{"type":"Feature","bbox":[139.77297,35.69916,139.77439,35.6998],"properties":{"slug":"chiyoda-kanda-aioich","name":"Kanda-Aioichō","name_local":"神田相生町","ward":"Chiyoda","ward_slug":"chiyoda","gruppo":"chiyoda-kanda-aioich","gruppo_name":"Kanda-Aioichō","usato":false},"geometry":{"type":"Polygon","coordinates":[[[139.77431,35.69916],[139.77297,35.69927],[139.77305,35.6998],[139.77439,35.69973],[139.77431,35.69916]]]}},{"type":"Feature","bbox":[139.76551,35.69523,139.76924,35.69909],"properties":{"slug":"chiyoda-kanda-awajich","name":"Kanda-Awajichō","name_local":"神田淡路町","ward":"Chiyoda","ward_slug":"chiyoda","gruppo":"chiyoda-kanda-awajich","gruppo_name":"Kanda-Awajichō","usato":false},"geometry":{"type":"Polygon","coordinates":[[[139.76633,35.69722],[139.76565,35.69523],[139.76819,35.6957],[139.76792,35.69616],[139.76924,35.69759],[139.76869,35.6981],[139.7689,35.69836],[139.76751,35.69909],[139.76633,35.69722]]]}},{"type":"Feature","bbox":[139.77282,35.69806,139.77504,35.69927],"properties":{"slug":"chiyoda-kanda-hanaokach","name":"Kanda-Hanaokachō","name_local":"神田花岡町","ward":"Chiyoda","ward_slug":"chiyoda","gruppo":"chiyoda-kanda-hanaokach","gruppo_name":"Kanda-Hanaokachō","usato":true},"geometry":{"type":"Polygon","coordinates":[[[139.77282,35.69816],[139.77504,35.69806],[139.77504,35.69913],[139.77297,35.69927],[139.77282,35.69816]]]}},{"type":"Feature","bbox":[139.77212,35.6933,139.77501,35.69537],"properties":{"slug":"chiyoda-kanda-higashimatsushitacho","name":"Kanda-Higashimatsushitacho","name_local":"神田東松下町","ward":"Chiyoda","ward_slug":"chiyoda","gruppo":"chiyoda-kanda-higashimatsushitacho","gruppo_name":"Kanda-Higashimatsushitacho","usato":false},"geometry":{"type":"Polygon","coordinates":[[[139.77212,35.69467],[139.77247,35.69378],[139.77398,35.69418],[139.77434,35.6933],[139.7749,35.69344],[139.77501,35.6942],[139.7747,35.6941],[139.77447,35.69468],[139.77488,35.6948],[139.77466,35.69537],[139.77212,35.69467]]]}},{"type":"Feature","bbox":[139.77542,35.69753,139.7761,35.69852],"properties":{"slug":"chiyoda-kanda-hirakawacho","name":"Kanda-Hirakawacho","name_local":"神田平河町","ward":"Chiyoda","ward_slug":"chiyoda","gruppo":"chiyoda-kanda-hirakawacho","gruppo_name":"Kanda-Hirakawacho","usato":false},"geometry":{"type":"Polygon","coordinates":[[[139.77542,35.69852],[139.77542,35.69753],[139.77608,35.69758],[139.7761,35.69833],[139.77542,35.69852]]]}},{"type":"Feature","bbox":[139.77447,35.6941,139.77541,35.69695],"properties":{"slug":"chiyoda-kanda-iwamotocho","name":"Kanda-Iwamotocho","name_local":"神田岩本町","ward":"Chiyoda","ward_slug":"chiyoda","gruppo":"chiyoda-kanda-iwamotocho","gruppo_name":"Kanda-Iwamotocho","usato":false},"geometry":{"type":"Polygon","coordinates":[[[139.77481,35.69695],[139.77541,35.69693],[139.77501,35.6942],[139.7747,35.6941],[139.77481,35.69695]]]}},{"type":"Feature","bbox":[139.77434,35.69238,139.7749,35.69344],"properties":{"slug":"chiyoda-kanda-iwamotocho-2","name":"Kanda-Iwamotocho","name_local":"神田東紺屋町","ward":"Chiyoda","ward_slug":"chiyoda","gruppo":"chiyoda-kanda-iwamotocho","gruppo_name":"Kanda-Iwamotocho","usato":false},"geometry":{"type":"Polygon","coordinates":[[[139.7749,35.69344],[139.77434,35.6933],[139.77474,35.69238],[139.7749,35.69344]]]}},{"type":"Feature","bbox":[139.77543,35.69865,139.78056,35.70059],"properties":{"slug":"chiyoda-kanda-izumicho","name":"Kanda-Izumicho","name_local":"神田和泉町","ward":"Chiyoda","ward_slug":"chiyoda","gruppo":"chiyoda-kanda-izumicho","gruppo_name":"Kanda-Izumicho","usato":false},"geometry":{"type":"Polygon","coordinates":[[[139.77557,35.70059],[139.78056,35.70015],[139.78029,35.69865],[139.77543,35.69881],[139.77557,35.70059]]]}},{"type":"Feature","bbox":[139.75255,35.69302,139.76133,35.69911],"properties":{"slug":"chiyoda-kanda-jimbocho","name":"Kanda-Jimbocho","name_local":"神田神保町","ward":"Chiyoda","ward_slug":"chiyoda","gruppo":"chiyoda-kanda-jimbocho","gruppo_name":"Kanda-Jimbocho","usato":true},"geometry":{"type":"Polygon","coordinates":[[[139.75679,35.69855],[139.75255,35.69687],[139.7532,35.69478],[139.75534,35.69385],[139.75598,35.69302],[139.75629,35.69303],[139.75577,35.69484],[139.75831,35.69494],[139.75855,35.69384],[139.76115,35.69386],[139.76133,35.69553],[139.7605,35.69602],[139.75847,35.69877],[139.75815,35.69911],[139.75679,35.69855]]]}},{"type":"Feature","bbox":[139.76978,35.69289,139.77157,35.69452],"properties":{"slug":"chiyoda-kanda-kajicho","name":"Kanda-Kajicho","name_local":"神田鍛冶町","ward":"Chiyoda","ward_slug":"chiyoda","gruppo":"chiyoda-kanda-kajicho","gruppo_name":"Kanda-Kajicho","usato":false},"geometry":{"type":"Polygon","coordinates":[[[139.76978,35.69403],[139.77025,35.69289],[139.77126,35.69317],[139.77157,35.69452],[139.76978,35.69403]]]}},{"type":"Feature","bbox":[139.77303,35.69206,139.7747,35.69287],"properties":{"slug":"chiyoda-kanda-kitamorimonocho","name":"Kanda-Kitamorimonocho","name_local":"神田北乗物町","ward":"Chiyoda","ward_slug":"chiyoda","gruppo":"chiyoda-kanda-kitamorimonocho","gruppo_name":"Kanda-Kitamorimonocho","usato":false},"geometry":{"type":"Polygon","coordinates":[[[139.77452,35.69287],[139.77303,35.69244],[139.77318,35.69206],[139.7747,35.69248],[139.77452,35.69287]]]}},{"type":"Feature","bbox":[139.77279,35.69133,139.77494,35.6933],"properties":{"slug":"chiyoda-kanda-konyacho","name":"Kanda-Konyacho","name_local":"神田紺屋町","ward":"Chiyoda","ward_slug":"chiyoda","gruppo":"chiyoda-kanda-konyacho","gruppo_name":"Kanda-Konyacho","usato":false},"geometry":{"type":"MultiPolygon","coordinates":[[[[139.77474,35.69238],[139.77494,35.69177],[139.77348,35.69133],[139.77318,35.69206],[139.77474,35.69238]]],[[[139.77434,35.6933],[139.77279,35.69298],[139.77303,35.69244],[139.77452,35.69287],[139.77434,35.6933]]]]}},{"type":"Feature","bbox":[139.77431,35.69892,139.77565,35.70162],"properties":{"slug":"chiyoda-kanda-matsunagacho","name":"Kanda-Matsunagacho","name_local":"神田松永町","ward":"Chiyoda","ward_slug":"chiyoda","gruppo":"chiyoda-kanda-matsunagacho","gruppo_name":"Kanda-Matsunagacho","usato":false},"geometry":{"type":"Polygon","coordinates":[[[139.77557,35.70059],[139.77565,35.70152],[139.7751,35.70162],[139.77512,35.6999],[139.77439,35.69973],[139.77431,35.69916],[139.77544,35.69892],[139.77557,35.70059]]]}},{"type":"Feature","bbox":[139.77362,35.69051,139.77518,35.69142],"properties":{"slug":"chiyoda-kanda-mikuracho","name":"Kanda-Mikuracho","name_local":"神田美倉町","ward":"Chiyoda","ward_slug":"chiyoda","gruppo":"chiyoda-kanda-mikuracho","gruppo_name":"Kanda-Mikuracho","usato":false},"geometry":{"type":"Polygon","coordinates":[[[139.77518,35.69097],[139.77381,35.69051],[139.77362,35.69099],[139.775,35.69142],[139.77518,35.69097]]]}},{"type":"Feature","bbox":[139.75075,35.69876,139.75715,35.70262],"properties":{"slug":"chiyoda-kanda-misakich","name":"Kanda-Misakichō","name_local":"神田三崎町","ward":"Chiyoda","ward_slug":"chiyoda","gruppo":"chiyoda-kanda-misakich","gruppo_name":"Kanda-Misakichō","usato":false},"geometry":{"type":"Polygon","coordinates":[[[139.75667,35.70177],[139.75715,35.70011],[139.75217,35.69876],[139.75075,35.70155],[139.75089,35.70262],[139.75667,35.70177]]]}},{"type":"Feature","bbox":[139.76492,35.69232,139.76641,35.69414],"properties":{"slug":"chiyoda-kanda-mitosirocho","name":"Kanda-Mitosirocho","name_local":"神田美土代町","ward":"Chiyoda","ward_slug":"chiyoda","gruppo":"chiyoda-kanda-mitosirocho","gruppo_name":"Kanda-Mitosirocho","usato":false},"geometry":{"type":"Polygon","coordinates":[[[139.76522,35.69383],[139.76492,35.69246],[139.76617,35.69232],[139.76641,35.69414],[139.76522,35.69383]]]}},{"type":"Feature","bbox":[139.77247,35.69298,139.7743,35.69418],"properties":{"slug":"chiyoda-kanda-myamacho","name":"Kanda-Myamacho","name_local":"神田富山町","ward":"Chiyoda","ward_slug":"chiyoda","gruppo":"chiyoda-kanda-myamacho","gruppo_name":"Kanda-Myamacho","usato":false},"geometry":{"type":"Polygon","coordinates":[[[139.77247,35.69378],[139.77279,35.69298],[139.7743,35.6934],[139.77398,35.69418],[139.77247,35.69378]]]}},{"type":"Feature","bbox":[139.77305,35.69966,139.77513,35.70175],"properties":{"slug":"chiyoda-kanda-neribeich","name":"Kanda-Neribeichō","name_local":"神田練塀町","ward":"Chiyoda","ward_slug":"chiyoda","gruppo":"chiyoda-kanda-neribeich","gruppo_name":"Kanda-Neribeichō","usato":false},"geometry":{"type":"Polygon","coordinates":[[[139.77305,35.6998],[139.77339,35.70175],[139.7751,35.70162],[139.7749,35.69966],[139.77305,35.6998]]]}},{"type":"Feature","bbox":[139.77348,35.69099,139.775,35.69177],"properties":{"slug":"chiyoda-kanda-nishifukudacho","name":"Kanda-Nishifukudacho","name_local":"神田西福田町","ward":"Chiyoda","ward_slug":"chiyoda","gruppo":"chiyoda-kanda-nishifukudacho","gruppo_name":"Kanda-Nishifukudacho","usato":false},"geometry":{"type":"Polygon","coordinates":[[[139.77348,35.69133],[139.77362,35.69099],[139.775,35.69142],[139.77494,35.69177],[139.77348,35.69133]]]}},{"type":"Feature","bbox":[139.75855,35.68931,139.76522,35.69396],"properties":{"slug":"chiyoda-kanda-nishikicho","name":"Kanda-Nishikicho","name_local":"神田錦町","ward":"Chiyoda","ward_slug":"chiyoda","gruppo":"chiyoda-kanda-nishikicho","gruppo_name":"Kanda-Nishikicho","usato":false},"geometry":{"type":"Polygon","coordinates":[[[139.76391,35.69396],[139.75855,35.69384],[139.75891,35.6912],[139.76107,35.69116],[139.76424,35.68931],[139.76522,35.69383],[139.76391,35.69396]]]}},{"type":"Feature","bbox":[139.75998,35.69383,139.76748,35.697],"properties":{"slug":"chiyoda-kanda-ogawamachi","name":"Kanda-Ogawamachi","name_local":"神田小川町","ward":"Chiyoda","ward_slug":"chiyoda","gruppo":"chiyoda-kanda-ogawamachi","gruppo_name":"Kanda-Ogawamachi","usato":false},"geometry":{"type":"Polygon","coordinates":[[[139.76509,35.69562],[139.76565,35.69523],[139.76682,35.69568],[139.76707,35.69526],[139.76748,35.69542],[139.76746,35.69444],[139.76527,35.69383],[139.76115,35.69386],[139.76133,35.69553],[139.75998,35.69672],[139.76163,35.69686],[139.76338,35.69622],[139.76343,35.69557],[139.76509,35.69562]]]}},{"type":"Feature","bbox":[139.77273,35.69693,139.78029,35.69892],"properties":{"slug":"chiyoda-kanda-sakumach","name":"Kanda-Sakumachō","name_local":"神田佐久間町","ward":"Chiyoda","ward_slug":"chiyoda","gruppo":"chiyoda-kanda-sakumach","gruppo_name":"Kanda-Sakumachō","usato":false},"geometry":{"type":"Polygon","coordinates":[[[139.77481,35.69695],[139.77541,35.69693],[139.77541,35.69728],[139.78009,35.69712],[139.78029,35.69865],[139.77504,35.69892],[139.77504,35.69806],[139.77282,35.69816],[139.77273,35.69698],[139.77481,35.69695]],[[139.77542,35.69753],[139.77608,35.69758],[139.77595,35.69851],[139.77542,35.69852],[139.77542,35.69753]]]}},{"type":"Feature","bbox":[139.77541,35.69682,139.78009,35.69728],"properties":{"slug":"chiyoda-kanda-sakumagashi","name":"Kanda-Sakumagashi","name_local":"神田佐久間河岸","ward":"Chiyoda","ward_slug":"chiyoda","gruppo":"chiyoda-kanda-sakumagashi","gruppo_name":"Kanda-Sakumagashi","usato":false},"geometry":{"type":"Polygon","coordinates":[[[139.77541,35.69728],[139.78009,35.69712],[139.78006,35.69682],[139.77541,35.69693],[139.77541,35.69728]]]}},{"type":"Feature","bbox":[139.75678,35.69672,139.76094,35.70129],"properties":{"slug":"chiyoda-kanda-sarugakucho","name":"Kanda Sarugakucho","name_local":"神田猿楽町","ward":"Chiyoda","ward_slug":"chiyoda","gruppo":"chiyoda-kanda-sarugakucho","gruppo_name":"Kanda Sarugakucho","usato":false},"geometry":{"type":"Polygon","coordinates":[[[139.76075,35.697],[139.75998,35.69672],[139.75715,35.70011],[139.75678,35.70129],[139.75892,35.70047],[139.76094,35.69876],[139.76075,35.697]]]}},{"type":"Feature","bbox":[139.76746,35.69403,139.77481,35.69836],"properties":{"slug":"chiyoda-kanda-sudach","name":"Kanda-Sudachō","name_local":"神田須田町","ward":"Chiyoda","ward_slug":"chiyoda","gruppo":"chiyoda-kanda-sudach","gruppo_name":"Kanda-Sudachō","usato":false},"geometry":{"type":"Polygon","coordinates":[[[139.7689,35.69836],[139.77128,35.69704],[139.77481,35.69695],[139.7747,35.69539],[139.76978,35.69403],[139.76933,35.69514],[139.76746,35.69444],[139.76748,35.69542],[139.76819,35.6957],[139.76792,35.69616],[139.76924,35.69759],[139.76869,35.6981],[139.7689,35.69836]]]}},{"type":"Feature","bbox":[139.75667,35.69551,139.76751,35.70177],"properties":{"slug":"chiyoda-kanda-surugadai","name":"Kanda-Surugadai","name_local":"神田駿河台","ward":"Chiyoda","ward_slug":"chiyoda","gruppo":"chiyoda-kanda-surugadai","gruppo_name":"Kanda-Surugadai","usato":false},"geometry":{"type":"Polygon","coordinates":[[[139.75991,35.69977],[139.75678,35.70129],[139.75667,35.70177],[139.7616,35.70152],[139.76346,35.70026],[139.76751,35.69909],[139.76551,35.69551],[139.76343,35.69557],[139.76338,35.69622],[139.76075,35.697],[139.76094,35.69876],[139.75991,35.69977]]]}},{"type":"Feature","bbox":[139.76838,35.69256,139.77025,35.69514],"properties":{"slug":"chiyoda-kanda-tacho","name":"Kanda-Tacho","name_local":"神田多町","ward":"Chiyoda","ward_slug":"chiyoda","gruppo":"chiyoda-kanda-tacho","gruppo_name":"Kanda-Tacho","usato":false},"geometry":{"type":"Polygon","coordinates":[[[139.77025,35.69289],[139.76902,35.69256],[139.76838,35.69483],[139.76933,35.69514],[139.77025,35.69289]]]}},{"type":"Feature","bbox":[139.76617,35.69219,139.76902,35.69483],"properties":{"slug":"chiyoda-kanda-tsukasamachi","name":"Kanda-Tsukasamachi","name_local":"神田司町","ward":"Chiyoda","ward_slug":"chiyoda","gruppo":"chiyoda-kanda-tsukasamachi","gruppo_name":"Kanda-Tsukasamachi","usato":false},"geometry":{"type":"Polygon","coordinates":[[[139.76902,35.69256],[139.76617,35.69232],[139.76641,35.69414],[139.76838,35.69483],[139.76902,35.69256]]]}},{"type":"Feature","bbox":[139.74308,35.6696,139.75599,35.67807],"properties":{"slug":"chiyoda-kasumigaseki","name":"Kasumigaseki","name_local":"霞が関","ward":"Chiyoda","ward_slug":"chiyoda","gruppo":"chiyoda-kasumigaseki","gruppo_name":"Kasumigaseki","usato":true},"geometry":{"type":"Polygon","coordinates":[[[139.74948,35.67093],[139.74761,35.6696],[139.74497,35.67068],[139.74503,35.67101],[139.74308,35.6714],[139.74662,35.67289],[139.7498,35.67747],[139.7515,35.67747],[139.75327,35.67807],[139.75599,35.67689],[139.7518,35.67015],[139.74948,35.67093]]]}},{"type":"Feature","bbox":[139.73068,35.67845,139.73856,35.68437],"properties":{"slug":"chiyoda-kioich","name":"Kioichō","name_local":"紀尾井町","ward":"Chiyoda","ward_slug":"chiyoda","gruppo":"chiyoda-kioich","gruppo_name":"Kioichō","usato":false},"geometry":{"type":"Polygon","coordinates":[[[139.73177,35.68144],[139.73068,35.68359],[139.73298,35.68437],[139.73444,35.68225],[139.73661,35.68295],[139.73821,35.68298],[139.73856,35.67857],[139.73669,35.67845],[139.73656,35.67881],[139.73367,35.67898],[139.73177,35.68144]]]}},{"type":"Feature","bbox":[139.74533,35.68792,139.75615,35.69514],"properties":{"slug":"chiyoda-kitanomaru-park","name":"Kitanomaru Park","name_local":"北の丸公園","ward":"Chiyoda","ward_slug":"chiyoda","gruppo":"chiyoda-kitanomaru-park","gruppo_name":"Kitanomaru Park","usato":false},"geometry":{"type":"Polygon","coordinates":[[[139.75563,35.69216],[139.75533,35.69271],[139.75344,35.69345],[139.75161,35.69366],[139.75026,35.69514],[139.74946,35.69507],[139.74752,35.69432],[139.74765,35.69235],[139.74706,35.69136],[139.74785,35.68978],[139.74556,35.68918],[139.74533,35.68824],[139.7464,35.68792],[139.74834,35.68811],[139.75215,35.68946],[139.75278,35.68897],[139.75615,35.69052],[139.75563,35.69216]]]}},{"type":"Feature","bbox":[139.75327,35.67543,139.76263,35.68449],"properties":{"slug":"chiyoda-kokyo-gaien-national-garden","name":"Kokyo Gaien National Garden","name_local":"皇居外苑","ward":"Chiyoda","ward_slug":"chiyoda","gruppo":"chiyoda-kokyo-gaien-national-garden","gruppo_name":"Kokyo Gaien National Garden","usato":false},"geometry":{"type":"Polygon","coordinates":[[[139.76081,35.67857],[139.76263,35.68418],[139.76023,35.68449],[139.75981,35.68326],[139.75813,35.68364],[139.75769,35.68252],[139.75643,35.68275],[139.75612,35.68182],[139.75525,35.68196],[139.75464,35.68023],[139.75554,35.67988],[139.7548,35.67845],[139.75357,35.67885],[139.75327,35.67807],[139.75962,35.67543],[139.76081,35.67857]]]}},{"type":"Feature","bbox":[139.73546,35.69114,139.75277,35.69821],"properties":{"slug":"chiyoda-kudan-kita","name":"Kudan-Kita","name_local":"九段北","ward":"Chiyoda","ward_slug":"chiyoda","gruppo":"chiyoda-kudan-kita","gruppo_name":"Kudan-Kita","usato":true},"geometry":{"type":"Polygon","coordinates":[[[139.73997,35.69466],[139.74493,35.6961],[139.74728,35.69656],[139.74853,35.69636],[139.74877,35.69677],[139.75087,35.69702],[139.75,35.69821],[139.75236,35.69791],[139.75277,35.69565],[139.74939,35.69516],[139.7362,35.69114],[139.73546,35.69177],[139.73743,35.69308],[139.7392,35.69523],[139.73997,35.69466]]]}},{"type":"Feature","bbox":[139.73638,35.68997,139.75608,35.69565],"properties":{"slug":"chiyoda-kudan-minami","name":"Kudan-Minami","name_local":"九段南","ward":"Chiyoda","ward_slug":"chiyoda","gruppo":"chiyoda-kudan-minami","gruppo_name":"Kudan-Minami","usato":false},"geometry":{"type":"Polygon","coordinates":[[[139.75598,35.69302],[139.75608,35.69215],[139.75563,35.69216],[139.75533,35.69271],[139.75344,35.69345],[139.75161,35.69366],[139.75026,35.69514],[139.74946,35.69507],[139.74752,35.69432],[139.74765,35.69235],[139.74707,35.69131],[139.74591,35.69144],[139.74621,35.69287],[139.73702,35.68997],[139.73638,35.69118],[139.74939,35.69516],[139.75277,35.69565],[139.75349,35.69452],[139.75534,35.69385],[139.75598,35.69302]]]}},{"type":"Feature","bbox":[139.76006,35.67522,139.77065,35.68573],"properties":{"slug":"chiyoda-marunouchi","name":"Marunouchi","name_local":"丸の内","ward":"Chiyoda","ward_slug":"chiyoda","gruppo":"chiyoda-marunouchi","gruppo_name":"Marunouchi","usato":true},"geometry":{"type":"Polygon","coordinates":[[[139.76006,35.67643],[139.76538,35.67522],[139.76734,35.67737],[139.767,35.67744],[139.77065,35.68369],[139.76095,35.68573],[139.76023,35.68449],[139.76263,35.68418],[139.76006,35.67643]]]}},{"type":"Feature","bbox":[139.73675,35.6714,139.7498,35.6799],"properties":{"slug":"chiyoda-nagatacho","name":"Nagatacho","name_local":"永田町","ward":"Chiyoda","ward_slug":"chiyoda","gruppo":"chiyoda-nagatacho","gruppo_name":"Nagatacho","usato":false},"geometry":{"type":"Polygon","coordinates":[[[139.73675,35.6783],[139.74614,35.6799],[139.74733,35.67951],[139.7498,35.67747],[139.74662,35.67289],[139.74308,35.6714],[139.73892,35.67374],[139.73675,35.6783]]]}},{"type":"Feature","bbox":[139.73343,35.68458,139.73892,35.68788],"properties":{"slug":"chiyoda-nibanch","name":"Nibanchō","name_local":"二番町","ward":"Chiyoda","ward_slug":"chiyoda","gruppo":"chiyoda-nibanch","gruppo_name":"Nibanchō","usato":false},"geometry":{"type":"Polygon","coordinates":[[[139.7339,35.68517],[139.73581,35.68463],[139.73794,35.68515],[139.73892,35.68607],[139.73783,35.68788],[139.73343,35.6863],[139.7339,35.68517]]]}},{"type":"Feature","bbox":[139.75217,35.69687,139.75815,35.70011],"properties":{"slug":"chiyoda-nishi-kanda","name":"Nishi-Kanda","name_local":"西神田","ward":"Chiyoda","ward_slug":"chiyoda","gruppo":"chiyoda-nishi-kanda","gruppo_name":"Nishi-Kanda","usato":false},"geometry":{"type":"Polygon","coordinates":[[[139.75236,35.69791],[139.75279,35.69689],[139.75815,35.69911],[139.75715,35.70011],[139.75217,35.69876],[139.75236,35.69791]]]}},{"type":"Feature","bbox":[139.73049,35.68568,139.73625,35.68938],"properties":{"slug":"chiyoda-rokuban-ch","name":"Rokuban-chō","name_local":"六番町","ward":"Chiyoda","ward_slug":"chiyoda","gruppo":"chiyoda-rokuban-ch","gruppo_name":"Rokuban-chō","usato":false},"geometry":{"type":"Polygon","coordinates":[[[139.73049,35.68635],[139.73241,35.68568],[139.73625,35.68727],[139.73537,35.68938],[139.73083,35.68758],[139.73049,35.68635]]]}},{"type":"Feature","bbox":[139.73948,35.68821,139.74784,35.69287],"properties":{"slug":"chiyoda-sanbanch","name":"Sanbanchō","name_local":"三番町","ward":"Chiyoda","ward_slug":"chiyoda","gruppo":"chiyoda-sanbanch","gruppo_name":"Sanbanchō","usato":false},"geometry":{"type":"Polygon","coordinates":[[[139.74038,35.68881],[139.73948,35.69087],[139.74621,35.69287],[139.74591,35.69144],[139.74707,35.69131],[139.74784,35.68984],[139.74225,35.68821],[139.74275,35.68946],[139.74038,35.68881]]]}},{"type":"Feature","bbox":[139.76621,35.69698,139.77369,35.70523],"properties":{"slug":"chiyoda-soto-kanda","name":"Soto-Kanda","name_local":"外神田","ward":"Chiyoda","ward_slug":"chiyoda","gruppo":"chiyoda-soto-kanda","gruppo_name":"Soto-Kanda","usato":true},"geometry":{"type":"Polygon","coordinates":[[[139.76656,35.7027],[139.76815,35.70262],[139.76802,35.70332],[139.76932,35.7033],[139.76986,35.70371],[139.76996,35.70523],[139.77327,35.70501],[139.77301,35.70286],[139.77369,35.7028],[139.77273,35.69698],[139.77071,35.69724],[139.76643,35.69953],[139.76728,35.70013],[139.76832,35.69949],[139.76867,35.70054],[139.76695,35.70105],[139.76621,35.70182],[139.76656,35.7027]]]}},{"type":"Feature","bbox":[139.75881,35.6838,139.77104,35.6912],"properties":{"slug":"chiyoda-temachi","name":"Ōtemachi","name_local":"大手町","ward":"Chiyoda","ward_slug":"chiyoda","gruppo":"chiyoda-temachi","gruppo_name":"Ōtemachi","usato":false},"geometry":{"type":"Polygon","coordinates":[[[139.75881,35.69015],[139.76072,35.68921],[139.76141,35.68726],[139.76095,35.68573],[139.77094,35.6838],[139.77104,35.68486],[139.77039,35.68624],[139.76793,35.68859],[139.76412,35.68933],[139.76095,35.69119],[139.75891,35.6912],[139.75881,35.69015]]]}},{"type":"Feature","bbox":[139.76424,35.68859,139.77137,35.6932],"properties":{"slug":"chiyoda-uchikanda","name":"Uchikanda","name_local":"内神田","ward":"Chiyoda","ward_slug":"chiyoda","gruppo":"chiyoda-uchikanda","gruppo_name":"Uchikanda","usato":false},"geometry":{"type":"Polygon","coordinates":[[[139.76793,35.68859],[139.76971,35.68917],[139.77137,35.6932],[139.7676,35.69219],[139.76492,35.69246],[139.76424,35.68931],[139.76793,35.68859]]]}},{"type":"Feature","bbox":[139.75205,35.66863,139.76043,35.67314],"properties":{"slug":"chiyoda-uchisaiwaich","name":"Uchisaiwaichō","name_local":"内幸町","ward":"Chiyoda","ward_slug":"chiyoda","gruppo":"chiyoda-uchisaiwaich","gruppo_name":"Uchisaiwaichō","usato":false},"geometry":{"type":"Polygon","coordinates":[[[139.76043,35.67207],[139.75856,35.66863],[139.75205,35.67061],[139.75289,35.67205],[139.75611,35.6707],[139.75768,35.67314],[139.76043,35.67207]]]}},{"type":"Feature","bbox":[139.73537,35.68727,139.74038,35.69087],"properties":{"slug":"chiyoda-yonbanch","name":"Yonbanchō","name_local":"四番町","ward":"Chiyoda","ward_slug":"chiyoda","gruppo":"chiyoda-yonbanch","gruppo_name":"Yonbanchō","usato":false},"geometry":{"type":"Polygon","coordinates":[[[139.73783,35.68788],[139.74038,35.68881],[139.73948,35.69087],[139.73537,35.68938],[139.73625,35.68727],[139.73783,35.68788]]]}},{"type":"Feature","bbox":[139.75768,35.67207,139.76538,35.67643],"properties":{"slug":"chiyoda-yurakuch","name":"Yurakuchō","name_local":"有楽町","ward":"Chiyoda","ward_slug":"chiyoda","gruppo":"chiyoda-yurakuch","gruppo_name":"Yurakuchō","usato":false},"geometry":{"type":"Polygon","coordinates":[[[139.76043,35.67207],[139.76389,35.67335],[139.76538,35.67522],[139.76006,35.67643],[139.75944,35.67488],[139.75768,35.67314],[139.76043,35.67207]]]}},{"type":"Feature","bbox":[139.77419,35.66432,139.78131,35.67033],"properties":{"slug":"chuo-akashicho","name":"Akashicho","name_local":"明石町","ward":"Chuo","ward_slug":"chuo","gruppo":"chuo-akashicho","gruppo_name":"Akashicho","usato":false},"geometry":{"type":"Polygon","coordinates":[[[139.77727,35.66962],[139.77494,35.67033],[139.77545,35.66991],[139.77419,35.66704],[139.77757,35.66629],[139.77664,35.6654],[139.77803,35.66432],[139.77988,35.66587],[139.78131,35.66853],[139.77727,35.66962]]]}},{"type":"Feature","bbox":[139.75856,35.66308,139.77245,35.67593],"properties":{"slug":"chuo-ginza","name":"Ginza","name_local":"銀座","ward":"Chuo","ward_slug":"chuo","gruppo":"chuo-ginza","gruppo_name":"Ginza","usato":true},"geometry":{"type":"Polygon","coordinates":[[[139.76043,35.67207],[139.75856,35.66863],[139.76237,35.66681],[139.76323,35.66522],[139.76291,35.66356],[139.76354,35.66308],[139.76735,35.66669],[139.76761,35.66782],[139.77183,35.67146],[139.77245,35.67406],[139.76603,35.67593],[139.76389,35.67335],[139.76043,35.67207]]]}},{"type":"Feature","bbox":[139.75952,35.65548,139.76998,35.66356],"properties":{"slug":"chuo-hama-rikyu-gardens","name":"Hama-rikyu Gardens","name_local":"浜離宮庭園","ward":"Chuo","ward_slug":"chuo","gruppo":"chuo-hama-rikyu-gardens","gruppo_name":"Hama-rikyu Gardens","usato":true},"geometry":{"type":"Polygon","coordinates":[[[139.76596,35.65548],[139.76998,35.65879],[139.76291,35.66356],[139.75952,35.659],[139.76596,35.65548]]]}},{"type":"Feature","bbox":[139.76473,35.6402,139.78977,35.66341],"properties":{"slug":"chuo-harumi","name":"Harumi","name_local":"晴海","ward":"Chuo","ward_slug":"chuo","gruppo":"chuo-harumi","gruppo_name":"Harumi","usato":false},"geometry":{"type":"Polygon","coordinates":[[[139.78938,35.65885],[139.78977,35.65418],[139.76817,35.6402],[139.76473,35.64698],[139.78881,35.66341],[139.78938,35.65885]]]}},{"type":"Feature","bbox":[139.77245,35.6738,139.78071,35.67866],"properties":{"slug":"chuo-hatch-bori","name":"Hatchōbori","name_local":"八丁堀","ward":"Chuo","ward_slug":"chuo","gruppo":"chuo-hatch-bori","gruppo_name":"Hatchōbori","usato":true},"geometry":{"type":"Polygon","coordinates":[[[139.78011,35.67459],[139.77895,35.67613],[139.77942,35.67684],[139.7751,35.67866],[139.77245,35.67406],[139.78071,35.6738],[139.78011,35.67459]]]}},{"type":"Feature","bbox":[139.78184,35.68972,139.7889,35.69586],"properties":{"slug":"chuo-higashi-nihonbashi","name":"Higashi nihonbashi","name_local":"東日本橋","ward":"Chuo","ward_slug":"chuo","gruppo":"chuo-nihonbashi","gruppo_name":"Nihonbashi","usato":false},"geometry":{"type":"Polygon","coordinates":[[[139.78541,35.69586],[139.78504,35.69317],[139.78437,35.69323],[139.78184,35.69114],[139.78296,35.68983],[139.78443,35.69077],[139.78513,35.68972],[139.7889,35.69206],[139.7889,35.6948],[139.78541,35.69586]]]}},{"type":"Feature","bbox":[139.77501,35.66962,139.77859,35.67388],"properties":{"slug":"chuo-irifune","name":"Irifune","name_local":"入船","ward":"Chuo","ward_slug":"chuo","gruppo":"chuo-irifune","gruppo_name":"Irifune","usato":false},"geometry":{"type":"Polygon","coordinates":[[[139.77785,35.67109],[139.77859,35.67383],[139.77655,35.67388],[139.77501,35.67021],[139.77727,35.66962],[139.77785,35.67109]]]}},{"type":"Feature","bbox":[139.7681,35.65294,139.7811,35.66305],"properties":{"slug":"chuo-kachidoki","name":"Kachidoki","name_local":"勝どき","ward":"Chuo","ward_slug":"chuo","gruppo":"chuo-kachidoki","gruppo_name":"Kachidoki","usato":false},"geometry":{"type":"Polygon","coordinates":[[[139.77592,35.65473],[139.7811,35.65825],[139.77601,35.66305],[139.7681,35.65737],[139.77175,35.65391],[139.77211,35.65415],[139.77338,35.65294],[139.77592,35.65473]]]}},{"type":"Feature","bbox":[139.76768,35.67406,139.77473,35.67983],"properties":{"slug":"chuo-ky-bashi","name":"Kyōbashi","name_local":"京橋","ward":"Chuo","ward_slug":"chuo","gruppo":"chuo-ky-bashi","gruppo_name":"Kyōbashi","usato":false},"geometry":{"type":"Polygon","coordinates":[[[139.7704,35.67983],[139.77473,35.67804],[139.77245,35.67406],[139.76768,35.67545],[139.7704,35.67983]]]}},{"type":"Feature","bbox":[139.77727,35.66853,139.78285,35.67383],"properties":{"slug":"chuo-minato","name":"Minato","name_local":"湊","ward":"Chuo","ward_slug":"chuo","gruppo":"chuo-minato","gruppo_name":"Minato","usato":false},"geometry":{"type":"Polygon","coordinates":[[[139.78226,35.6717],[139.78071,35.6738],[139.77859,35.67383],[139.77727,35.66962],[139.78131,35.66853],[139.78217,35.67051],[139.78285,35.6709],[139.78226,35.6717]]]}},{"type":"Feature","bbox":[139.7704,35.67804,139.77862,35.68437],"properties":{"slug":"chuo-nihonbashi","name":"Nihonbashi","name_local":"日本橋","ward":"Chuo","ward_slug":"chuo","gruppo":"chuo-nihonbashi","gruppo_name":"Nihonbashi","usato":true},"geometry":{"type":"Polygon","coordinates":[[[139.77302,35.68429],[139.77469,35.68401],[139.77765,35.68437],[139.77862,35.68406],[139.77473,35.67804],[139.7704,35.67983],[139.77302,35.68429]]]}},{"type":"Feature","bbox":[139.78029,35.69184,139.78541,35.6966],"properties":{"slug":"chuo-nihonbashi-bakurocho","name":"Nihonbashi bakurocho","name_local":"日本橋馬喰町","ward":"Chuo","ward_slug":"chuo","gruppo":"chuo-nihonbashi-bakurocho","gruppo_name":"Nihonbashi bakurocho","usato":false},"geometry":{"type":"Polygon","coordinates":[[[139.78511,35.69483],[139.78541,35.69586],[139.7829,35.6966],[139.78269,35.69618],[139.78175,35.6963],[139.7816,35.69525],[139.78285,35.69513],[139.78276,35.69466],[139.78029,35.69284],[139.78122,35.69184],[139.78511,35.69483]]]}},{"type":"Feature","bbox":[139.78237,35.67691,139.79086,35.683],"properties":{"slug":"chuo-nihonbashi-hakozakich","name":"Nihonbashi-Hakozakichō","name_local":"日本橋箱崎町","ward":"Chuo","ward_slug":"chuo","gruppo":"chuo-nihonbashi-hakozakich","gruppo_name":"Nihonbashi-Hakozakichō","usato":false},"geometry":{"type":"Polygon","coordinates":[[[139.78635,35.68174],[139.78865,35.683],[139.79086,35.68132],[139.78779,35.67691],[139.78237,35.67978],[139.78635,35.68174]]]}},{"type":"Feature","bbox":[139.78465,35.68295,139.79294,35.69206],"properties":{"slug":"chuo-nihonbashi-hamacho","name":"Nihonbashi hamacho","name_local":"日本橋浜町","ward":"Chuo","ward_slug":"chuo","gruppo":"chuo-nihonbashi-hamacho","gruppo_name":"Nihonbashi hamacho","usato":false},"geometry":{"type":"Polygon","coordinates":[[[139.78863,35.68298],[139.79294,35.68603],[139.792,35.68779],[139.79019,35.68948],[139.7889,35.69206],[139.78513,35.68972],[139.78584,35.68866],[139.78465,35.68787],[139.78863,35.68298]]]}},{"type":"Feature","bbox":[139.78296,35.68787,139.78584,35.69077],"properties":{"slug":"chuo-nihonbashi-hisamatsucho","name":"Nihonbashi hisamatsucho","name_local":"日本橋久松町","ward":"Chuo","ward_slug":"chuo","gruppo":"chuo-nihonbashi-hisamatsucho","gruppo_name":"Nihonbashi hisamatsucho","usato":false},"geometry":{"type":"Polygon","coordinates":[[[139.78465,35.68787],[139.78296,35.68983],[139.78443,35.69077],[139.78584,35.68866],[139.78465,35.68787]]]}},{"type":"Feature","bbox":[139.77239,35.68422,139.77829,35.69146],"properties":{"slug":"chuo-nihonbashi-honch","name":"Nihonbashi-Honchō","name_local":"日本橋本町","ward":"Chuo","ward_slug":"chuo","gruppo":"chuo-nihonbashi-honch","gruppo_name":"Nihonbashi-Honchō","usato":false},"geometry":{"type":"Polygon","coordinates":[[[139.77696,35.68431],[139.77691,35.68488],[139.77624,35.68478],[139.77503,35.68761],[139.77424,35.68733],[139.77313,35.69],[139.77239,35.69004],[139.77661,35.69146],[139.77789,35.68839],[139.7769,35.68802],[139.77829,35.68422],[139.77696,35.68431]]]}},{"type":"Feature","bbox":[139.76793,35.68429,139.7731,35.68961],"properties":{"slug":"chuo-nihonbashi-hongokuch","name":"Nihonbashi-Hongokuchō","name_local":"日本橋本石町","ward":"Chuo","ward_slug":"chuo","gruppo":"chuo-nihonbashi-hongokuch","gruppo_name":"Nihonbashi-Hongokuchō","usato":false},"geometry":{"type":"Polygon","coordinates":[[[139.77302,35.68429],[139.77107,35.68961],[139.76793,35.68859],[139.77005,35.68669],[139.77098,35.68465],[139.77302,35.68429]]]}},{"type":"Feature","bbox":[139.77774,35.68629,139.78252,35.68998],"properties":{"slug":"chuo-nihonbashi-horidomecho","name":"Nihonbashi horidomecho","name_local":"日本橋堀留町","ward":"Chuo","ward_slug":"chuo","gruppo":"chuo-nihonbashi-horidomecho","gruppo_name":"Nihonbashi horidomecho","usato":false},"geometry":{"type":"Polygon","coordinates":[[[139.77789,35.68839],[139.77845,35.68858],[139.77932,35.68629],[139.78252,35.688],[139.78084,35.68998],[139.78022,35.6896],[139.77997,35.68988],[139.77774,35.68866],[139.77789,35.68839]]]}},{"type":"Feature","bbox":[139.7751,35.67808,139.77998,35.68406],"properties":{"slug":"chuo-nihonbashi-kabutoch","name":"Nihonbashi-Kabutochō","name_local":"日本橋兜町","ward":"Chuo","ward_slug":"chuo","gruppo":"chuo-nihonbashi-kabutoch","gruppo_name":"Nihonbashi-Kabutochō","usato":false},"geometry":{"type":"Polygon","coordinates":[[[139.77654,35.67808],[139.77876,35.6815],[139.77998,35.68227],[139.77862,35.68406],[139.7751,35.67866],[139.77654,35.67808]]]}},{"type":"Feature","bbox":[139.78061,35.68052,139.78863,35.68505],"properties":{"slug":"chuo-nihonbashi-kakigaracho","name":"Nihonbashi Kakigaracho","name_local":"日本橋蛎殻町","ward":"Chuo","ward_slug":"chuo","gruppo":"chuo-nihonbashi-kakigaracho","gruppo_name":"Nihonbashi Kakigaracho","usato":false},"geometry":{"type":"Polygon","coordinates":[[[139.78138,35.68395],[139.78217,35.68438],[139.78318,35.68319],[139.78702,35.68505],[139.78863,35.68298],[139.78349,35.68052],[139.78061,35.68354],[139.78138,35.68395]]]}},{"type":"Feature","bbox":[139.77654,35.67684,139.78231,35.68227],"properties":{"slug":"chuo-nihonbashi-kayabach","name":"Nihonbashi-Kayabachō","name_local":"日本橋茅場町","ward":"Chuo","ward_slug":"chuo","gruppo":"chuo-nihonbashi-kayabach","gruppo_name":"Nihonbashi-Kayabachō","usato":false},"geometry":{"type":"Polygon","coordinates":[[[139.77942,35.67684],[139.78231,35.67982],[139.77998,35.68227],[139.77876,35.6815],[139.77654,35.67808],[139.77942,35.67684]]]}},{"type":"Feature","bbox":[139.77826,35.67982,139.78349,35.68536],"properties":{"slug":"chuo-nihonbashi-koamich","name":"Nihonbashi-Koamichō","name_local":"日本橋小網町","ward":"Chuo","ward_slug":"chuo","gruppo":"chuo-nihonbashi-koamich","gruppo_name":"Nihonbashi-Koamichō","usato":false},"geometry":{"type":"Polygon","coordinates":[[[139.78231,35.67982],[139.78349,35.68052],[139.78061,35.68354],[139.78138,35.68395],[139.78028,35.68536],[139.77826,35.6849],[139.77829,35.68422],[139.77948,35.68333],[139.78031,35.68159],[139.78231,35.67982]]]}},{"type":"Feature","bbox":[139.7769,35.6849,139.77994,35.68858],"properties":{"slug":"chuo-nihonbashi-kobunacho","name":"Nihonbashi kobunacho","name_local":"日本橋小舟町","ward":"Chuo","ward_slug":"chuo","gruppo":"chuo-nihonbashi-kobunacho","gruppo_name":"Nihonbashi kobunacho","usato":false},"geometry":{"type":"Polygon","coordinates":[[[139.77826,35.6849],[139.7769,35.68802],[139.77845,35.68858],[139.77994,35.68526],[139.77826,35.6849]]]}},{"type":"Feature","bbox":[139.77661,35.6896,139.78127,35.6932],"properties":{"slug":"chuo-nihonbashi-kodenmacho","name":"Nihonbashi kodenmacho","name_local":"日本橋小伝馬町","ward":"Chuo","ward_slug":"chuo","gruppo":"chuo-nihonbashi-kodenmacho","gruppo_name":"Nihonbashi kodenmacho","usato":false},"geometry":{"type":"Polygon","coordinates":[[[139.77661,35.69146],[139.77735,35.6896],[139.78127,35.69178],[139.77994,35.6932],[139.77661,35.69146]]]}},{"type":"Feature","bbox":[139.77107,35.68401,139.77696,35.69004],"properties":{"slug":"chuo-nihonbashi-muromachi","name":"Nihonbashi-Muromachi","name_local":"日本橋室町","ward":"Chuo","ward_slug":"chuo","gruppo":"chuo-nihonbashi-muromachi","gruppo_name":"Nihonbashi-Muromachi","usato":false},"geometry":{"type":"Polygon","coordinates":[[[139.77239,35.69004],[139.77107,35.68961],[139.77302,35.68429],[139.77469,35.68401],[139.77696,35.68431],[139.77691,35.68488],[139.77624,35.68478],[139.77503,35.68761],[139.77424,35.68733],[139.77313,35.69],[139.77239,35.69004]]]}},{"type":"Feature","bbox":[139.78865,35.68132,139.79315,35.68603],"properties":{"slug":"chuo-nihonbashi-nakasu","name":"Nihonbashi-Nakasu","name_local":"日本橋中洲","ward":"Chuo","ward_slug":"chuo","gruppo":"chuo-nihonbashi-nakasu","gruppo_name":"Nihonbashi-Nakasu","usato":false},"geometry":{"type":"Polygon","coordinates":[[[139.78865,35.683],[139.79086,35.68132],[139.79268,35.68354],[139.79315,35.68503],[139.79294,35.68603],[139.78865,35.683]]]}},{"type":"Feature","bbox":[139.77945,35.68319,139.78702,35.688],"properties":{"slug":"chuo-nihonbashi-ningyocho","name":"Nihonbashi ningyocho","name_local":"日本橋人形町","ward":"Chuo","ward_slug":"chuo","gruppo":"chuo-nihonbashi-ningyocho","gruppo_name":"Nihonbashi ningyocho","usato":false},"geometry":{"type":"Polygon","coordinates":[[[139.78028,35.68536],[139.77994,35.68526],[139.77945,35.68633],[139.78252,35.688],[139.78339,35.68703],[139.78477,35.68787],[139.78702,35.68505],[139.78318,35.68319],[139.78217,35.68438],[139.78138,35.68395],[139.78028,35.68536]]]}},{"type":"Feature","bbox":[139.77735,35.68866,139.78239,35.69174],"properties":{"slug":"chuo-nihonbashi-odenmacho","name":"Nihonbashi Odenmacho","name_local":"日本橋大伝馬町","ward":"Chuo","ward_slug":"chuo","gruppo":"chuo-nihonbashi-odenmacho","gruppo_name":"Nihonbashi Odenmacho","usato":false},"geometry":{"type":"Polygon","coordinates":[[[139.77774,35.68866],[139.77735,35.6896],[139.78106,35.69174],[139.78239,35.69049],[139.78197,35.69071],[139.77774,35.68866]]]}},{"type":"Feature","bbox":[139.78084,35.68703,139.78465,35.69071],"properties":{"slug":"chuo-nihonbashi-tomizawacho","name":"Nihonbashi tomizawacho","name_local":"日本橋富沢町","ward":"Chuo","ward_slug":"chuo","gruppo":"chuo-nihonbashi-tomizawacho","gruppo_name":"Nihonbashi tomizawacho","usato":false},"geometry":{"type":"Polygon","coordinates":[[[139.78465,35.68787],[139.78239,35.69049],[139.78197,35.69071],[139.78084,35.68998],[139.78339,35.68703],[139.78465,35.68787]]]}},{"type":"Feature","bbox":[139.78127,35.69114,139.78529,35.69481],"properties":{"slug":"chuo-nihonbashi-yokoyamacho","name":"Nihonbashi yokoyamacho","name_local":"日本橋横山町","ward":"Chuo","ward_slug":"chuo","gruppo":"chuo-nihonbashi-yokoyamacho","gruppo_name":"Nihonbashi yokoyamacho","usato":false},"geometry":{"type":"Polygon","coordinates":[[[139.78127,35.69178],[139.78184,35.69114],[139.78437,35.69323],[139.78504,35.69317],[139.78529,35.69481],[139.78127,35.69178]]]}},{"type":"Feature","bbox":[139.77896,35.6709,139.78779,35.67982],"properties":{"slug":"chuo-shinkawa","name":"Shinkawa","name_local":"新川","ward":"Chuo","ward_slug":"chuo","gruppo":"chuo-shinkawa","gruppo_name":"Shinkawa","usato":false},"geometry":{"type":"Polygon","coordinates":[[[139.78011,35.67459],[139.78285,35.6709],[139.78657,35.67287],[139.78779,35.67691],[139.78231,35.67982],[139.77896,35.6763],[139.78011,35.67459]]]}},{"type":"Feature","bbox":[139.77183,35.6701,139.77655,35.67406],"properties":{"slug":"chuo-shintomi","name":"Shintomi","name_local":"新富","ward":"Chuo","ward_slug":"chuo","gruppo":"chuo-shintomi","gruppo_name":"Shintomi","usato":true},"geometry":{"type":"Polygon","coordinates":[[[139.77183,35.67146],[139.77245,35.67406],[139.77655,35.67388],[139.77485,35.6701],[139.77183,35.67146]]]}},{"type":"Feature","bbox":[139.7641,35.64698,139.77338,35.65737],"properties":{"slug":"chuo-toyomich","name":"Toyomichō","name_local":"豊海町","ward":"Chuo","ward_slug":"chuo","gruppo":"chuo-toyomich","gruppo_name":"Toyomichō","usato":false},"geometry":{"type":"Polygon","coordinates":[[[139.76596,35.65548],[139.7681,35.65737],[139.77175,35.65391],[139.77211,35.65415],[139.77338,35.65294],[139.76473,35.64698],[139.7641,35.64826],[139.76596,35.65548]]]}},{"type":"Feature","bbox":[139.76367,35.65879,139.77803,35.67146],"properties":{"slug":"chuo-tsukiji","name":"Tsukiji","name_local":"築地","ward":"Chuo","ward_slug":"chuo","gruppo":"chuo-tsukiji","gruppo_name":"Tsukiji","usato":false},"geometry":{"type":"Polygon","coordinates":[[[139.77625,35.6632],[139.76998,35.65879],[139.76367,35.66321],[139.76735,35.66669],[139.76761,35.66782],[139.77183,35.67146],[139.77545,35.66991],[139.77419,35.66704],[139.77757,35.66629],[139.77664,35.6654],[139.77803,35.66432],[139.77625,35.6632]]]}},{"type":"Feature","bbox":[139.77601,35.65825,139.78713,35.66788],"properties":{"slug":"chuo-tsukishima","name":"Tsukishima","name_local":"月島","ward":"Chuo","ward_slug":"chuo","gruppo":"chuo-tsukishima","gruppo_name":"Tsukishima","usato":false},"geometry":{"type":"Polygon","coordinates":[[[139.77955,35.66555],[139.77601,35.66305],[139.7811,35.65825],[139.78713,35.66232],[139.78102,35.66788],[139.77955,35.66555]]]}},{"type":"Feature","bbox":[139.78102,35.66232,139.78881,35.67287],"properties":{"slug":"chuo-tsukuda","name":"Tsukuda","name_local":"佃","ward":"Chuo","ward_slug":"chuo","gruppo":"chuo-tsukuda","gruppo_name":"Tsukuda","usato":false},"geometry":{"type":"Polygon","coordinates":[[[139.78444,35.67172],[139.78217,35.67051],[139.78102,35.66788],[139.78713,35.66232],[139.78881,35.66341],[139.78808,35.66889],[139.78657,35.67287],[139.78444,35.67172]]]}},{"type":"Feature","bbox":[139.76603,35.67545,139.77302,35.68465],"properties":{"slug":"chuo-yaesu","name":"Yaesu","name_local":"八重洲","ward":"Chuo","ward_slug":"chuo","gruppo":"chuo-yaesu","gruppo_name":"Yaesu","usato":false},"geometry":{"type":"Polygon","coordinates":[[[139.76768,35.67545],[139.77302,35.68429],[139.77098,35.68465],[139.77026,35.6825],[139.767,35.67744],[139.76734,35.67737],[139.76603,35.67593],[139.76768,35.67545]]]}},{"type":"Feature","bbox":[139.86351,35.70301,139.87625,35.71589],"properties":{"slug":"edogawa-chuo","name":"Chuo","name_local":"中央","ward":"Edogawa","ward_slug":"edogawa","gruppo":"edogawa-chuo","gruppo_name":"Chuo","usato":false},"geometry":{"type":"Polygon","coordinates":[[[139.86798,35.70325],[139.87507,35.70301],[139.87571,35.70825],[139.87625,35.70941],[139.87422,35.71589],[139.86972,35.71364],[139.86884,35.71356],[139.86732,35.712],[139.86667,35.7129],[139.86358,35.71334],[139.86769,35.7078],[139.86798,35.70325]]]}},{"type":"Feature","bbox":[139.86969,35.67212,139.90967,35.69195],"properties":{"slug":"edogawa-edogawa","name":"Edogawa","name_local":"江戸川","ward":"Edogawa","ward_slug":"edogawa","gruppo":"edogawa-edogawa","gruppo_name":"Edogawa","usato":false},"geometry":{"type":"Polygon","coordinates":[[[139.87087,35.67639],[139.86969,35.67483],[139.8706,35.67442],[139.88564,35.67212],[139.88562,35.67486],[139.88643,35.67857],[139.88794,35.67999],[139.89355,35.682],[139.90593,35.68367],[139.90967,35.68659],[139.90884,35.68703],[139.90929,35.6889],[139.90627,35.69195],[139.90404,35.69024],[139.8996,35.6878],[139.89921,35.68625],[139.89752,35.68426],[139.89694,35.68412],[139.8957,35.68484],[139.89391,35.68808],[139.88272,35.67898],[139.8753,35.67645],[139.87087,35.67639]]]}},{"type":"Feature","bbox":[139.8518,35.67483,139.87352,35.68948],"properties":{"slug":"edogawa-funabori","name":"Funabori","name_local":"船堀","ward":"Edogawa","ward_slug":"edogawa","gruppo":"edogawa-funabori","gruppo_name":"Funabori","usato":false},"geometry":{"type":"Polygon","coordinates":[[[139.85518,35.68948],[139.87207,35.68418],[139.87176,35.68178],[139.87204,35.68011],[139.87352,35.68045],[139.86969,35.67483],[139.8683,35.67546],[139.86263,35.68027],[139.85516,35.68288],[139.8518,35.68449],[139.85518,35.68948]]]}},{"type":"Feature","bbox":[139.87087,35.67639,139.89325,35.70381],"properties":{"slug":"edogawa-haruecho","name":"Haruecho","name_local":"春江町","ward":"Edogawa","ward_slug":"edogawa","gruppo":"edogawa-haruecho","gruppo_name":"Haruecho","usato":false},"geometry":{"type":"MultiPolygon","coordinates":[[[[139.88474,35.70232],[139.88601,35.69261],[139.88609,35.687],[139.89117,35.69403],[139.89248,35.69811],[139.89325,35.70346],[139.89313,35.70381],[139.89088,35.70325],[139.89123,35.70195],[139.88474,35.70232]]],[[[139.87722,35.67941],[139.87518,35.67645],[139.87087,35.67639],[139.87517,35.68355],[139.8781,35.68298],[139.88214,35.68322],[139.87841,35.68098],[139.87722,35.67941]]]]}},{"type":"Feature","bbox":[139.87259,35.64979,139.88738,35.67345],"properties":{"slug":"edogawa-higashi-kasai","name":"Higashi Kasai","name_local":"東葛西","ward":"Edogawa","ward_slug":"edogawa","gruppo":"edogawa-higashi-kasai","gruppo_name":"Higashi Kasai","usato":false},"geometry":{"type":"Polygon","coordinates":[[[139.87679,35.67345],[139.87338,35.66758],[139.87259,35.65595],[139.87486,35.6559],[139.87692,35.65487],[139.87739,35.65432],[139.87742,35.65321],[139.87916,35.65076],[139.88125,35.65077],[139.88251,35.64979],[139.8854,35.65017],[139.8869,35.65373],[139.88738,35.65617],[139.88723,35.66879],[139.88564,35.67212],[139.87679,35.67345]]]}},{"type":"Feature","bbox":[139.88509,35.71757,139.89955,35.73599],"properties":{"slug":"edogawa-higashi-koiwa","name":"Higashi koiwa","name_local":"東小岩","ward":"Edogawa","ward_slug":"edogawa","gruppo":"edogawa-higashi-koiwa","gruppo_name":"Higashi koiwa","usato":false},"geometry":{"type":"Polygon","coordinates":[[[139.88509,35.73527],[139.89165,35.71757],[139.89431,35.72106],[139.89955,35.72277],[139.89798,35.72429],[139.8972,35.72675],[139.89726,35.72928],[139.89853,35.73292],[139.8909,35.73591],[139.8879,35.73599],[139.88509,35.73527]]]}},{"type":"Feature","bbox":[139.85518,35.68636,139.86798,35.70325],"properties":{"slug":"edogawa-higashi-komatsugawa","name":"Higashi Komatsugawa","name_local":"東小松川","ward":"Edogawa","ward_slug":"edogawa","gruppo":"edogawa-komatsugawa","gruppo_name":"Komatsugawa","usato":false},"geometry":{"type":"Polygon","coordinates":[[[139.86343,35.69508],[139.86358,35.69735],[139.86558,35.6995],[139.86505,35.70114],[139.86524,35.7023],[139.86798,35.70325],[139.86758,35.69104],[139.86504,35.68636],[139.85518,35.68948],[139.85714,35.69524],[139.86171,35.69517],[139.86299,35.69458],[139.86343,35.69508]]]}},{"type":"Feature","bbox":[139.87957,35.71521,139.89035,35.72253],"properties":{"slug":"edogawa-higashi-matsumoto","name":"Higashi matsumoto","name_local":"東松本","ward":"Edogawa","ward_slug":"edogawa","gruppo":"edogawa-matsumoto","gruppo_name":"Matsumoto","usato":false},"geometry":{"type":"Polygon","coordinates":[[[139.88192,35.71521],[139.88345,35.71554],[139.88324,35.71622],[139.8842,35.71638],[139.884,35.717],[139.88306,35.7168],[139.88287,35.71751],[139.88378,35.71769],[139.88339,35.71857],[139.88908,35.71728],[139.89035,35.71664],[139.88996,35.71787],[139.88849,35.71794],[139.88848,35.71849],[139.88211,35.72075],[139.88095,35.72253],[139.87957,35.72125],[139.88192,35.71521]]]}},{"type":"Feature","bbox":[139.8925,35.68412,139.90256,35.693],"properties":{"slug":"edogawa-higashi-mizue","name":"Higashi Mizue","name_local":"東瑞江","ward":"Edogawa","ward_slug":"edogawa","gruppo":"edogawa-mizue","gruppo_name":"Mizue","usato":false},"geometry":{"type":"Polygon","coordinates":[[[139.8925,35.69081],[139.89475,35.68615],[139.8957,35.68484],[139.89694,35.68412],[139.89752,35.68426],[139.89921,35.68625],[139.8996,35.6878],[139.90256,35.68952],[139.89903,35.693],[139.8925,35.69081]]]}},{"type":"Feature","bbox":[139.90884,35.68659,139.91775,35.702],"properties":{"slug":"edogawa-higashi-shinozaki","name":"Higashi Shinozaki","name_local":"東篠崎","ward":"Edogawa","ward_slug":"edogawa","gruppo":"edogawa-higashi-shinozaki","gruppo_name":"Higashi Shinozaki","usato":false},"geometry":{"type":"Polygon","coordinates":[[[139.91044,35.68741],[139.91491,35.69229],[139.91638,35.69439],[139.91585,35.69465],[139.91775,35.69733],[139.91767,35.69929],[139.91642,35.702],[139.916,35.702],[139.91337,35.69691],[139.91164,35.6956],[139.91049,35.69386],[139.90884,35.68703],[139.90967,35.68659],[139.91044,35.68741]]]}},{"type":"Feature","bbox":[139.91585,35.69439,139.91889,35.70478],"properties":{"slug":"edogawa-higashi-shinozakimachi","name":"Higashi Shinozakimachi","name_local":"東篠崎町","ward":"Edogawa","ward_slug":"edogawa","gruppo":"edogawa-shinozakimachi","gruppo_name":"Shinozakimachi","usato":false},"geometry":{"type":"Polygon","coordinates":[[[139.91811,35.69684],[139.91873,35.69771],[139.91889,35.69892],[139.91817,35.70188],[139.9167,35.70478],[139.91628,35.70221],[139.91767,35.69929],[139.91783,35.69756],[139.91585,35.69465],[139.91638,35.69439],[139.91811,35.69684]]]}},{"type":"Feature","bbox":[139.83312,35.69819,139.85564,35.71901],"properties":{"slug":"edogawa-hirai","name":"Hirai","name_local":"平井","ward":"Edogawa","ward_slug":"edogawa","gruppo":"edogawa-hirai","gruppo_name":"Hirai","usato":false},"geometry":{"type":"Polygon","coordinates":[[[139.84283,35.71901],[139.8392,35.7168],[139.83809,35.71763],[139.83623,35.71808],[139.83477,35.71766],[139.83364,35.71665],[139.83312,35.71558],[139.83366,35.71396],[139.83527,35.71252],[139.83939,35.7109],[139.83979,35.7101],[139.83487,35.7059],[139.8344,35.70451],[139.83616,35.7027],[139.84194,35.70045],[139.84546,35.69819],[139.84818,35.69896],[139.8514,35.70187],[139.85564,35.70394],[139.8534,35.70793],[139.85098,35.71087],[139.84283,35.71901]]]}},{"type":"Feature","bbox":[139.86623,35.71322,139.87737,35.72314],"properties":{"slug":"edogawa-honisshiki","name":"Honisshiki","name_local":"本一色","ward":"Edogawa","ward_slug":"edogawa","gruppo":"edogawa-honisshiki","gruppo_name":"Honisshiki","usato":false},"geometry":{"type":"Polygon","coordinates":[[[139.86813,35.72284],[139.8701,35.72314],[139.8702,35.72268],[139.87141,35.72288],[139.8716,35.72237],[139.8741,35.72279],[139.87737,35.71918],[139.87384,35.71576],[139.86842,35.71322],[139.86839,35.71461],[139.86623,35.71841],[139.8674,35.7203],[139.86734,35.72115],[139.86813,35.72284]]]}},{"type":"Feature","bbox":[139.8723,35.63983,139.8854,35.65017],"properties":{"slug":"edogawa-horiecho","name":"Horiecho","name_local":"堀江町","ward":"Edogawa","ward_slug":"edogawa","gruppo":"edogawa-horiecho","gruppo_name":"Horiecho","usato":false},"geometry":{"type":"Polygon","coordinates":[[[139.88359,35.65016],[139.8854,35.65017],[139.88349,35.64512],[139.87378,35.63983],[139.8723,35.64164],[139.87614,35.6429],[139.87612,35.64333],[139.88181,35.6456],[139.88276,35.64684],[139.88359,35.65016]]]}},{"type":"Feature","bbox":[139.87207,35.68297,139.88611,35.70251],"properties":{"slug":"edogawa-ichinoe","name":"Ichinoe","name_local":"一之江","ward":"Edogawa","ward_slug":"edogawa","gruppo":"edogawa-ichinoe","gruppo_name":"Ichinoe","usato":false},"geometry":{"type":"Polygon","coordinates":[[[139.87207,35.68418],[139.8783,35.68297],[139.88214,35.68322],[139.88514,35.68545],[139.88611,35.68471],[139.88601,35.69261],[139.88474,35.70232],[139.88149,35.70251],[139.88208,35.69752],[139.88074,35.69755],[139.88058,35.69658],[139.87926,35.69598],[139.88056,35.69472],[139.8787,35.69143],[139.87658,35.69091],[139.87655,35.68793],[139.87367,35.68729],[139.87236,35.68557],[139.87207,35.68418]]]}},{"type":"Feature","bbox":[139.87192,35.68245,139.87517,35.68418],"properties":{"slug":"edogawa-ichinoecho","name":"Ichinoecho","name_local":"一之江町","ward":"Edogawa","ward_slug":"edogawa","gruppo":"edogawa-ichinoecho","gruppo_name":"Ichinoecho","usato":false},"geometry":{"type":"Polygon","coordinates":[[[139.87207,35.68418],[139.87192,35.68316],[139.87473,35.68245],[139.87517,35.68355],[139.87207,35.68418]]]}},{"type":"Feature","bbox":[139.89412,35.70694,139.91031,35.72019],"properties":{"slug":"edogawa-kami-shinozaki","name":"Kami shinozaki","name_local":"上篠崎","ward":"Edogawa","ward_slug":"edogawa","gruppo":"edogawa-kami-shinozaki","gruppo_name":"Kami shinozaki","usato":false},"geometry":{"type":"Polygon","coordinates":[[[139.8959,35.70694],[139.90346,35.70765],[139.90301,35.71041],[139.90446,35.71048],[139.90467,35.7113],[139.90833,35.71097],[139.91031,35.7123],[139.90812,35.71386],[139.90569,35.71784],[139.90316,35.72019],[139.89915,35.71717],[139.89412,35.71577],[139.89719,35.71354],[139.89867,35.70969],[139.89459,35.71033],[139.8959,35.70694]]]}},{"type":"Feature","bbox":[139.86813,35.72237,139.87712,35.73265],"properties":{"slug":"edogawa-kamiisshiki","name":"Kamiisshiki","name_local":"上一色","ward":"Edogawa","ward_slug":"edogawa","gruppo":"edogawa-kamiisshiki","gruppo_name":"Kamiisshiki","usato":false},"geometry":{"type":"Polygon","coordinates":[[[139.87712,35.7257],[139.8721,35.73265],[139.87183,35.72956],[139.86997,35.72892],[139.87092,35.72475],[139.86869,35.72405],[139.86902,35.72342],[139.86813,35.72284],[139.8701,35.72314],[139.8702,35.72268],[139.87141,35.72288],[139.8716,35.72237],[139.8741,35.72279],[139.87341,35.72506],[139.87712,35.7257]]]}},{"type":"Feature","bbox":[139.847,35.6688,139.86969,35.68449],"properties":{"slug":"edogawa-kita-kasai","name":"Kita Kasai","name_local":"北葛西","ward":"Edogawa","ward_slug":"edogawa","gruppo":"edogawa-kita-kasai","gruppo_name":"Kita Kasai","usato":false},"geometry":{"type":"Polygon","coordinates":[[[139.84854,35.67965],[139.847,35.67476],[139.85202,35.67445],[139.853,35.67479],[139.8534,35.67373],[139.85879,35.66991],[139.86605,35.6688],[139.86713,35.67158],[139.86969,35.67483],[139.8683,35.67546],[139.86671,35.67705],[139.86076,35.67201],[139.85985,35.67281],[139.86231,35.67501],[139.86005,35.67694],[139.8619,35.68052],[139.8518,35.68449],[139.84854,35.67965]]]}},{"type":"Feature","bbox":[139.88037,35.73292,139.90096,35.75121],"properties":{"slug":"edogawa-kita-koiwa","name":"Kita-Koiwa","name_local":"北小岩","ward":"Edogawa","ward_slug":"edogawa","gruppo":"edogawa-kita-koiwa","gruppo_name":"Kita-Koiwa","usato":false},"geometry":{"type":"Polygon","coordinates":[[[139.88178,35.7432],[139.88509,35.73527],[139.8879,35.73599],[139.8909,35.73591],[139.89853,35.73292],[139.90088,35.73746],[139.90096,35.74006],[139.89945,35.74439],[139.89666,35.74671],[139.89287,35.74808],[139.88969,35.75121],[139.88483,35.75053],[139.88304,35.7499],[139.88277,35.74936],[139.88066,35.74969],[139.88037,35.74859],[139.88292,35.74832],[139.88322,35.74781],[139.88288,35.7473],[139.88395,35.74739],[139.88386,35.74692],[139.88436,35.74646],[139.88507,35.74641],[139.88491,35.74552],[139.88205,35.74425],[139.88232,35.74337],[139.88178,35.7432]]]}},{"type":"Feature","bbox":[139.89165,35.71577,139.90316,35.72277],"properties":{"slug":"edogawa-kita-shinozaki","name":"Kita Shinozaki","name_local":"北篠崎","ward":"Edogawa","ward_slug":"edogawa","gruppo":"edogawa-kita-shinozaki","gruppo_name":"Kita Shinozaki","usato":false},"geometry":{"type":"Polygon","coordinates":[[[139.89165,35.71757],[139.89412,35.71577],[139.89915,35.71717],[139.90316,35.72019],[139.89955,35.72277],[139.89431,35.72106],[139.89165,35.71757]]]}},{"type":"Feature","bbox":[139.84546,35.67965,139.85727,35.70394],"properties":{"slug":"edogawa-komatsugawa","name":"Komatsugawa","name_local":"小松川","ward":"Edogawa","ward_slug":"edogawa","gruppo":"edogawa-komatsugawa","gruppo_name":"Komatsugawa","usato":false},"geometry":{"type":"Polygon","coordinates":[[[139.8563,35.70232],[139.85727,35.69722],[139.85712,35.69487],[139.85567,35.69021],[139.84854,35.67965],[139.84579,35.68072],[139.84608,35.68234],[139.84677,35.68299],[139.84602,35.68383],[139.84768,35.68859],[139.84806,35.69194],[139.8478,35.6947],[139.84546,35.69819],[139.84818,35.69896],[139.8514,35.70187],[139.85564,35.70394],[139.8563,35.70232]]]}},{"type":"Feature","bbox":[139.86504,35.68418,139.87763,35.70325],"properties":{"slug":"edogawa-matsue","name":"Matsue","name_local":"松江","ward":"Edogawa","ward_slug":"edogawa","gruppo":"edogawa-matsue","gruppo_name":"Matsue","usato":false},"geometry":{"type":"Polygon","coordinates":[[[139.8761,35.70295],[139.8756,35.69969],[139.87497,35.69844],[139.87405,35.6984],[139.87372,35.69757],[139.87144,35.69581],[139.87763,35.69116],[139.87658,35.69091],[139.87655,35.68793],[139.87367,35.68729],[139.87236,35.68557],[139.87207,35.68418],[139.86504,35.68636],[139.86758,35.69104],[139.86798,35.70325],[139.8761,35.70295]]]}},{"type":"Feature","bbox":[139.87392,35.71194,139.88278,35.72125],"properties":{"slug":"edogawa-matsumoto","name":"Matsumoto","name_local":"松本","ward":"Edogawa","ward_slug":"edogawa","gruppo":"edogawa-matsumoto","gruppo_name":"Matsumoto","usato":false},"geometry":{"type":"Polygon","coordinates":[[[139.88278,35.71251],[139.87957,35.72125],[139.87392,35.71584],[139.87422,35.71589],[139.87536,35.71253],[139.87889,35.71307],[139.87917,35.71194],[139.88278,35.71251]]]}},{"type":"Feature","bbox":[139.85098,35.70092,139.86798,35.71445],"properties":{"slug":"edogawa-matsushima","name":"Matsushima","name_local":"松島","ward":"Edogawa","ward_slug":"edogawa","gruppo":"edogawa-matsushima","gruppo_name":"Matsushima","usato":false},"geometry":{"type":"Polygon","coordinates":[[[139.86116,35.71416],[139.8624,35.71301],[139.86333,35.7132],[139.86426,35.71241],[139.8675,35.70815],[139.86798,35.70325],[139.85671,35.70092],[139.85478,35.70561],[139.85098,35.71087],[139.85471,35.7127],[139.85544,35.71395],[139.85624,35.71377],[139.85667,35.71427],[139.85812,35.71383],[139.85844,35.71416],[139.85869,35.71381],[139.8593,35.71427],[139.85986,35.71375],[139.86084,35.71445],[139.86116,35.71416]]]}},{"type":"Feature","bbox":[139.86481,35.64164,139.8836,35.65613],"properties":{"slug":"edogawa-minami-kasai","name":"Minami Kasai","name_local":"南葛西","ward":"Edogawa","ward_slug":"edogawa","gruppo":"edogawa-minami-kasai","gruppo_name":"Minami Kasai","usato":false},"geometry":{"type":"Polygon","coordinates":[[[139.87259,35.65595],[139.87051,35.65578],[139.86879,35.65467],[139.86661,35.65426],[139.86672,35.65168],[139.86481,35.65014],[139.86547,35.64946],[139.86698,35.64924],[139.87157,35.64729],[139.87183,35.64551],[139.86908,35.64415],[139.8723,35.64164],[139.87614,35.6429],[139.87612,35.64333],[139.88181,35.6456],[139.88268,35.64665],[139.8836,35.64999],[139.88241,35.64981],[139.88084,35.65086],[139.87916,35.65076],[139.87742,35.65321],[139.87739,35.65432],[139.87692,35.65487],[139.87486,35.6559],[139.87259,35.65595]]]}},{"type":"Feature","bbox":[139.8751,35.71604,139.89165,35.73527],"properties":{"slug":"edogawa-minami-koiwa","name":"Minami koiwa","name_local":"南小岩","ward":"Edogawa","ward_slug":"edogawa","gruppo":"edogawa-minami-koiwa","gruppo_name":"Minami koiwa","usato":false},"geometry":{"type":"Polygon","coordinates":[[[139.87957,35.72125],[139.88095,35.72253],[139.88211,35.72075],[139.88848,35.71849],[139.88849,35.71794],[139.88996,35.71787],[139.89054,35.71604],[139.89165,35.71757],[139.88509,35.73527],[139.88146,35.73333],[139.8751,35.72872],[139.87957,35.72125]]]}},{"type":"Feature","bbox":[139.89781,35.68874,139.91164,35.70062],"properties":{"slug":"edogawa-minami-shinozakimachi","name":"Minami Shinozakimachi","name_local":"南篠崎町","ward":"Edogawa","ward_slug":"edogawa","gruppo":"edogawa-shinozakimachi","gruppo_name":"Shinozakimachi","usato":false},"geometry":{"type":"Polygon","coordinates":[[[139.90933,35.68874],[139.90887,35.68966],[139.90686,35.69102],[139.90627,35.69195],[139.90256,35.68952],[139.90086,35.69154],[139.89944,35.69227],[139.89802,35.69495],[139.89877,35.6953],[139.89781,35.6963],[139.89959,35.69745],[139.89871,35.69894],[139.90366,35.70062],[139.90444,35.69913],[139.9054,35.69946],[139.90636,35.69767],[139.91164,35.6956],[139.91049,35.69386],[139.90933,35.68874]]]}},{"type":"Feature","bbox":[139.89093,35.69081,139.89959,35.70184],"properties":{"slug":"edogawa-mizue","name":"Mizue","name_local":"瑞江","ward":"Edogawa","ward_slug":"edogawa","gruppo":"edogawa-mizue","gruppo_name":"Mizue","usato":false},"geometry":{"type":"Polygon","coordinates":[[[139.89093,35.69368],[139.8925,35.69081],[139.89903,35.693],[139.89802,35.69495],[139.89877,35.6953],[139.89781,35.6963],[139.89959,35.69745],[139.89726,35.7016],[139.89294,35.70184],[139.89248,35.69811],[139.89093,35.69368]]]}},{"type":"Feature","bbox":[139.86353,35.65387,139.87679,35.67483],"properties":{"slug":"edogawa-naka-kasai","name":"Naka Kasai","name_local":"中葛西","ward":"Edogawa","ward_slug":"edogawa","gruppo":"edogawa-naka-kasai","gruppo_name":"Naka Kasai","usato":false},"geometry":{"type":"Polygon","coordinates":[[[139.86969,35.67483],[139.867,35.67134],[139.86439,35.6643],[139.86353,35.65387],[139.86592,35.65469],[139.86661,35.65426],[139.86879,35.65467],[139.87051,35.65578],[139.87259,35.65595],[139.87338,35.66758],[139.87679,35.67345],[139.86969,35.67483]]]}},{"type":"Feature","bbox":[139.88385,35.70195,139.89364,35.70753],"properties":{"slug":"edogawa-nihori","name":"Nihori","name_local":"新堀","ward":"Edogawa","ward_slug":"edogawa","gruppo":"edogawa-nihori","gruppo_name":"Nihori","usato":false},"geometry":{"type":"Polygon","coordinates":[[[139.88474,35.70232],[139.89123,35.70195],[139.89088,35.70325],[139.89313,35.70381],[139.89325,35.70346],[139.89364,35.70508],[139.89062,35.70687],[139.88942,35.70618],[139.88801,35.70622],[139.88798,35.70589],[139.88477,35.70691],[139.88464,35.70753],[139.88385,35.70753],[139.88474,35.70232]]]}},{"type":"Feature","bbox":[139.87176,35.68011,139.87473,35.68316],"properties":{"slug":"edogawa-ninoecho","name":"Ninoecho","name_local":"二之江町","ward":"Edogawa","ward_slug":"edogawa","gruppo":"edogawa-ninoecho","gruppo_name":"Ninoecho","usato":false},"geometry":{"type":"Polygon","coordinates":[[[139.87192,35.68316],[139.87204,35.68011],[139.87352,35.68045],[139.87473,35.68245],[139.87192,35.68316]]]}},{"type":"Feature","bbox":[139.87144,35.69116,139.88208,35.70295],"properties":{"slug":"edogawa-nishi-ichinoe","name":"Nishi Ichinoe","name_local":"西一之江","ward":"Edogawa","ward_slug":"edogawa","gruppo":"edogawa-ichinoe","gruppo_name":"Ichinoe","usato":false},"geometry":{"type":"Polygon","coordinates":[[[139.88149,35.70251],[139.88208,35.69752],[139.88074,35.69755],[139.88058,35.69658],[139.87926,35.69598],[139.88056,35.69472],[139.8787,35.69143],[139.87763,35.69116],[139.87144,35.69581],[139.87372,35.69757],[139.87405,35.6984],[139.87497,35.69844],[139.8756,35.69969],[139.8761,35.70295],[139.88149,35.70251]]]}},{"type":"Feature","bbox":[139.8463,35.65377,139.86605,35.67479],"properties":{"slug":"edogawa-nishi-kasai","name":"Nishi Kasai","name_local":"西葛西","ward":"Edogawa","ward_slug":"edogawa","gruppo":"edogawa-nishi-kasai","gruppo_name":"Nishi Kasai","usato":false},"geometry":{"type":"Polygon","coordinates":[[[139.85711,35.67118],[139.85879,35.66991],[139.86605,35.6688],[139.86436,35.66419],[139.86344,35.65377],[139.85902,35.65486],[139.85667,35.66249],[139.85691,35.66318],[139.85219,35.66551],[139.85042,35.66526],[139.8463,35.6656],[139.847,35.67476],[139.85202,35.67445],[139.853,35.67479],[139.8534,35.67373],[139.85711,35.67118]]]}},{"type":"Feature","bbox":[139.8721,35.72872,139.88509,35.7432],"properties":{"slug":"edogawa-nishi-koiwa","name":"Nishi koiwa","name_local":"西小岩","ward":"Edogawa","ward_slug":"edogawa","gruppo":"edogawa-nishi-koiwa","gruppo_name":"Nishi koiwa","usato":false},"geometry":{"type":"Polygon","coordinates":[[[139.88509,35.73527],[139.88146,35.73333],[139.8751,35.72872],[139.8721,35.73265],[139.87276,35.7339],[139.87241,35.73449],[139.87423,35.73604],[139.87383,35.73661],[139.87283,35.73663],[139.87281,35.73745],[139.87313,35.73762],[139.87377,35.73676],[139.87472,35.7366],[139.87509,35.73724],[139.87664,35.73695],[139.87683,35.73843],[139.87761,35.73948],[139.87701,35.73975],[139.87758,35.74023],[139.87682,35.74043],[139.87675,35.74104],[139.87811,35.74109],[139.8801,35.74026],[139.87978,35.74155],[139.88104,35.74197],[139.88095,35.7427],[139.88167,35.74279],[139.88178,35.7432],[139.88509,35.73527]]]}},{"type":"Feature","bbox":[139.85671,35.69458,139.86596,35.7028],"properties":{"slug":"edogawa-nishi-komatsugawamachi","name":"Nishi Komatsugawamachi","name_local":"西小松川町","ward":"Edogawa","ward_slug":"edogawa","gruppo":"edogawa-nishi-komatsugawamachi","gruppo_name":"Nishi Komatsugawamachi","usato":false},"geometry":{"type":"Polygon","coordinates":[[[139.85671,35.70092],[139.86596,35.7028],[139.86505,35.70186],[139.86544,35.69899],[139.86358,35.69735],[139.86343,35.69485],[139.86299,35.69458],[139.86171,35.69517],[139.85714,35.69524],[139.85727,35.69722],[139.85671,35.70092]]]}},{"type":"Feature","bbox":[139.87518,35.67645,139.89391,35.69365],"properties":{"slug":"edogawa-nishi-mizue","name":"Nishi Mizue","name_local":"西瑞江","ward":"Edogawa","ward_slug":"edogawa","gruppo":"edogawa-mizue","gruppo_name":"Mizue","usato":false},"geometry":{"type":"Polygon","coordinates":[[[139.87518,35.67645],[139.88272,35.67898],[139.89391,35.68808],[139.89101,35.69365],[139.88609,35.687],[139.88611,35.68471],[139.88514,35.68545],[139.87841,35.68098],[139.87518,35.67645]]]}},{"type":"Feature","bbox":[139.89165,35.70969,139.89867,35.71757],"properties":{"slug":"edogawa-nishi-shinozaki","name":"Nishi shinozaki","name_local":"西篠崎","ward":"Edogawa","ward_slug":"edogawa","gruppo":"edogawa-nishi-shinozaki","gruppo_name":"Nishi shinozaki","usato":false},"geometry":{"type":"Polygon","coordinates":[[[139.89412,35.71577],[139.89719,35.71354],[139.89867,35.70969],[139.89459,35.71033],[139.89165,35.71757],[139.89412,35.71577]]]}},{"type":"Feature","bbox":[139.87341,35.71918,139.87957,35.7257],"properties":{"slug":"edogawa-okinomiyacho","name":"Okinomiyacho","name_local":"興宮町","ward":"Edogawa","ward_slug":"edogawa","gruppo":"edogawa-okinomiyacho","gruppo_name":"Okinomiyacho","usato":false},"geometry":{"type":"Polygon","coordinates":[[[139.87957,35.72125],[139.87712,35.7257],[139.87341,35.72506],[139.87395,35.72296],[139.87737,35.71918],[139.87957,35.72125]]]}},{"type":"Feature","bbox":[139.87507,35.70232,139.88474,35.71307],"properties":{"slug":"edogawa-osugi","name":"Osugi","name_local":"大杉","ward":"Edogawa","ward_slug":"edogawa","gruppo":"edogawa-osugi","gruppo_name":"Osugi","usato":false},"geometry":{"type":"Polygon","coordinates":[[[139.87507,35.70301],[139.88474,35.70232],[139.88278,35.71251],[139.87917,35.71194],[139.87889,35.71307],[139.87536,35.71253],[139.87625,35.70941],[139.87571,35.70825],[139.87507,35.70301]]]}},{"type":"Feature","bbox":[139.84549,35.63841,139.87378,35.65481],"properties":{"slug":"edogawa-rinkaicho","name":"Rinkaicho","name_local":"臨海町","ward":"Edogawa","ward_slug":"edogawa","gruppo":"edogawa-rinkaicho","gruppo_name":"Rinkaicho","usato":false},"geometry":{"type":"Polygon","coordinates":[[[139.85815,35.65447],[139.85909,35.65481],[139.86317,35.65371],[139.86581,35.65467],[139.86647,35.65448],[139.86672,35.65168],[139.86481,35.65008],[139.86547,35.64946],[139.86698,35.64924],[139.87157,35.64729],[139.87183,35.64551],[139.86909,35.64408],[139.87228,35.64166],[139.87378,35.63983],[139.87067,35.63871],[139.86915,35.639],[139.86659,35.63847],[139.86095,35.63841],[139.85525,35.63994],[139.85179,35.64203],[139.84549,35.64284],[139.84641,35.65478],[139.85815,35.65447]]]}},{"type":"Feature","bbox":[139.84573,35.65447,139.85909,35.6656],"properties":{"slug":"edogawa-seishincho","name":"Seishincho","name_local":"清新町","ward":"Edogawa","ward_slug":"edogawa","gruppo":"edogawa-seishincho","gruppo_name":"Seishincho","usato":false},"geometry":{"type":"Polygon","coordinates":[[[139.8463,35.6656],[139.85042,35.66526],[139.85219,35.66551],[139.85691,35.66318],[139.85667,35.66249],[139.85812,35.65835],[139.8585,35.65574],[139.85909,35.65481],[139.85827,35.65447],[139.84641,35.65478],[139.84573,35.6587],[139.8463,35.6656]]]}},{"type":"Feature","bbox":[139.9108,35.6956,139.9157,35.7017],"properties":{"slug":"edogawa-shimo-shinozakimachi","name":"Shimo Shinozakimachi","name_local":"下篠崎町","ward":"Edogawa","ward_slug":"edogawa","gruppo":"edogawa-shinozakimachi","gruppo_name":"Shinozakimachi","usato":false},"geometry":{"type":"Polygon","coordinates":[[[139.9157,35.70123],[139.91337,35.69691],[139.91164,35.6956],[139.9108,35.69621],[139.91316,35.7017],[139.9157,35.70123]]]}},{"type":"Feature","bbox":[139.8959,35.6958,139.9167,35.7123],"properties":{"slug":"edogawa-shinozakimachi","name":"Shinozakimachi","name_local":"篠崎町","ward":"Edogawa","ward_slug":"edogawa","gruppo":"edogawa-shinozakimachi","gruppo_name":"Shinozakimachi","usato":false},"geometry":{"type":"Polygon","coordinates":[[[139.90263,35.70028],[139.90366,35.70062],[139.90444,35.69913],[139.9054,35.69946],[139.90636,35.69767],[139.91049,35.6958],[139.91192,35.69823],[139.91316,35.7017],[139.9157,35.70123],[139.916,35.702],[139.91642,35.702],[139.9167,35.70478],[139.91618,35.70801],[139.91343,35.71051],[139.91031,35.7123],[139.90833,35.71097],[139.90467,35.7113],[139.90446,35.71048],[139.90301,35.71041],[139.90346,35.70765],[139.8959,35.70694],[139.89791,35.7016],[139.90141,35.70276],[139.90263,35.70028]]]}},{"type":"Feature","bbox":[139.88192,35.70353,139.89718,35.71857],"properties":{"slug":"edogawa-shishibone","name":"Shishibone","name_local":"鹿骨","ward":"Edogawa","ward_slug":"edogawa","gruppo":"edogawa-shishibone","gruppo_name":"Shishibone","usato":false},"geometry":{"type":"Polygon","coordinates":[[[139.88385,35.70753],[139.88464,35.70753],[139.88477,35.70691],[139.88798,35.70589],[139.88801,35.70622],[139.88942,35.70618],[139.89062,35.70687],[139.89621,35.70353],[139.89718,35.70359],[139.89165,35.71757],[139.89054,35.71604],[139.89035,35.71664],[139.88908,35.71728],[139.88339,35.71857],[139.8842,35.71638],[139.88324,35.71622],[139.88345,35.71554],[139.88192,35.71521],[139.88385,35.70753]]]}},{"type":"Feature","bbox":[139.88287,35.7168,139.884,35.71769],"properties":{"slug":"edogawa-shishibonecho","name":"Shishibonecho","name_local":"鹿骨町","ward":"Edogawa","ward_slug":"edogawa","gruppo":"edogawa-shishibonecho","gruppo_name":"Shishibonecho","usato":false},"geometry":{"type":"Polygon","coordinates":[[[139.884,35.717],[139.88306,35.7168],[139.88287,35.71751],[139.88378,35.71769],[139.884,35.717]]]}},{"type":"Feature","bbox":[139.85985,35.67201,139.86671,35.68052],"properties":{"slug":"edogawa-ukitacho","name":"Ukitacho","name_local":"宇喜田町","ward":"Edogawa","ward_slug":"edogawa","gruppo":"edogawa-ukitacho","gruppo_name":"Ukitacho","usato":false},"geometry":{"type":"Polygon","coordinates":[[[139.8619,35.68052],[139.86005,35.67694],[139.86231,35.67501],[139.85985,35.67281],[139.86076,35.67201],[139.86671,35.67705],[139.8619,35.68052]]]}},{"type":"Feature","bbox":[139.89294,35.69894,139.90263,35.70508],"properties":{"slug":"edogawa-yagouchi","name":"Yagouchi","name_local":"谷河内","ward":"Edogawa","ward_slug":"edogawa","gruppo":"edogawa-yagouchi","gruppo_name":"Yagouchi","usato":false},"geometry":{"type":"Polygon","coordinates":[[[139.89325,35.70346],[139.89364,35.70508],[139.89621,35.70353],[139.89718,35.70359],[139.89791,35.7016],[139.90141,35.70276],[139.90263,35.70028],[139.89871,35.69894],[139.89726,35.7016],[139.89294,35.70184],[139.89325,35.70346]]]}},{"type":"Feature","bbox":[139.31406,35.73367,139.34093,35.75032],"properties":{"slug":"fussa-fussa","name":"Fussa","name_local":"福生","ward":"Fussa","ward_slug":"fussa","gruppo":"fussa-fussa","gruppo_name":"Fussa","usato":false},"geometry":{"type":"MultiPolygon","coordinates":[[[[139.32738,35.73388],[139.32771,35.73422],[139.32629,35.73605],[139.32646,35.7375],[139.32623,35.73792],[139.32562,35.73762],[139.32583,35.73879],[139.32491,35.74103],[139.32832,35.74175],[139.32554,35.74545],[139.32398,35.74465],[139.32285,35.7448],[139.32302,35.74534],[139.3221,35.74645],[139.31943,35.74796],[139.31983,35.74839],[139.31869,35.74864],[139.31825,35.75023],[139.31735,35.74902],[139.31406,35.74685],[139.31679,35.74317],[139.31826,35.73892],[139.32008,35.73935],[139.32069,35.73909],[139.32387,35.7361],[139.32377,35.73576],[139.32536,35.735],[139.32515,35.73471],[139.32578,35.73382],[139.32738,35.73388]]],[[[139.32856,35.74141],[139.32967,35.74188],[139.32654,35.74593],[139.32752,35.74716],[139.32843,35.74773],[139.32879,35.74667],[139.32983,35.74683],[139.33125,35.74375],[139.33261,35.74452],[139.33587,35.74458],[139.33604,35.74618],[139.33537,35.74602],[139.33514,35.74701],[139.3363,35.7475],[139.33726,35.75024],[139.33875,35.75032],[139.33731,35.74732],[139.33822,35.73991],[139.34007,35.73609],[139.33942,35.73605],[139.33888,35.73542],[139.33899,35.735],[139.33937,35.73506],[139.33917,35.7343],[139.33748,35.73374],[139.33699,35.73552],[139.33598,35.73674],[139.3342,35.73669],[139.33021,35.74156],[139.32894,35.74107],[139.32856,35.74141]]],[[[139.34093,35.73435],[139.3395,35.73412],[139.33946,35.73441],[139.34061,35.73499],[139.34093,35.73435]]]]}},{"type":"Feature","bbox":[139.33848,35.73392,139.34061,35.73609],"properties":{"slug":"fussa-fussa-ninomiya","name":"Fussa Ninomiya","name_local":"福生二宮","ward":"Fussa","ward_slug":"fussa","gruppo":"fussa-fussa-ninomiya","gruppo_name":"Fussa Ninomiya","usato":false},"geometry":{"type":"Polygon","coordinates":[[[139.34061,35.73499],[139.33857,35.73392],[139.33941,35.73486],[139.33888,35.73542],[139.33942,35.73605],[139.34007,35.73609],[139.34061,35.73499]]]}},{"type":"Feature","bbox":[139.32554,35.74141,139.32967,35.74593],"properties":{"slug":"fussa-higashicho","name":"Higashicho","name_local":"東町","ward":"Fussa","ward_slug":"fussa","gruppo":"fussa-higashicho","gruppo_name":"Higashicho","usato":false},"geometry":{"type":"Polygon","coordinates":[[[139.32554,35.74545],[139.32856,35.74141],[139.32967,35.74188],[139.32654,35.74593],[139.32554,35.74545]]]}},{"type":"Feature","bbox":[139.32491,35.73802,139.33176,35.74189],"properties":{"slug":"fussa-honcho","name":"Honcho","name_local":"本町","ward":"Fussa","ward_slug":"fussa","gruppo":"fussa-honcho","gruppo_name":"Honcho","usato":false},"geometry":{"type":"Polygon","coordinates":[[[139.32832,35.74175],[139.32894,35.74107],[139.33021,35.74156],[139.33176,35.73972],[139.3313,35.7399],[139.32752,35.73802],[139.32735,35.73831],[139.32581,35.73813],[139.32491,35.74103],[139.32832,35.74175]]]}},{"type":"Feature","bbox":[139.31825,35.74465,139.32934,35.7547],"properties":{"slug":"fussa-kamidaira","name":"Kamidaira","name_local":"加美平","ward":"Fussa","ward_slug":"fussa","gruppo":"fussa-kamidaira","gruppo_name":"Kamidaira","usato":false},"geometry":{"type":"Polygon","coordinates":[[[139.32934,35.74675],[139.32879,35.74667],[139.32843,35.74773],[139.32624,35.74564],[139.32398,35.74465],[139.32285,35.7448],[139.32302,35.74534],[139.3221,35.74645],[139.31943,35.74796],[139.31983,35.74839],[139.31869,35.74864],[139.31825,35.75023],[139.31888,35.75088],[139.32087,35.75022],[139.32169,35.75064],[139.32103,35.75152],[139.32272,35.75235],[139.32196,35.75334],[139.32471,35.7547],[139.32542,35.75374],[139.32638,35.75423],[139.32731,35.75276],[139.32812,35.74941],[139.32919,35.74792],[139.32934,35.74675]]]}},{"type":"Feature","bbox":[139.31826,35.73078,139.32895,35.73935],"properties":{"slug":"fussa-kita-denen","name":"Kita denen","name_local":"北田園","ward":"Fussa","ward_slug":"fussa","gruppo":"fussa-kita-denen","gruppo_name":"Kita denen","usato":false},"geometry":{"type":"Polygon","coordinates":[[[139.32895,35.73188],[139.32671,35.73106],[139.32528,35.73202],[139.32455,35.73078],[139.32139,35.73306],[139.32015,35.73324],[139.31826,35.73892],[139.32008,35.73935],[139.32069,35.73909],[139.32387,35.7361],[139.32377,35.73576],[139.32536,35.735],[139.32515,35.73471],[139.32578,35.73382],[139.32738,35.73388],[139.32895,35.73188]]]}},{"type":"Feature","bbox":[139.32913,35.71207,139.35535,35.73435],"properties":{"slug":"fussa-kumagawa","name":"Kumagawa","name_local":"熊川","ward":"Fussa","ward_slug":"fussa","gruppo":"fussa-kumagawa","gruppo_name":"Kumagawa","usato":false},"geometry":{"type":"Polygon","coordinates":[[[139.3395,35.73412],[139.34093,35.73435],[139.34278,35.72909],[139.34296,35.72754],[139.34479,35.72495],[139.34599,35.72553],[139.34683,35.72434],[139.35317,35.72736],[139.35305,35.72793],[139.35414,35.72796],[139.35535,35.7262],[139.35535,35.72528],[139.35312,35.72501],[139.35263,35.72293],[139.3517,35.72267],[139.35172,35.72224],[139.35012,35.72223],[139.34913,35.72143],[139.34699,35.72155],[139.34519,35.72085],[139.34515,35.72142],[139.34374,35.72107],[139.3432,35.72161],[139.34236,35.72162],[139.34095,35.72108],[139.33852,35.71897],[139.33946,35.71708],[139.3387,35.7152],[139.33738,35.71527],[139.33365,35.71323],[139.33259,35.71288],[139.33229,35.71339],[139.32941,35.71207],[139.32932,35.7199],[139.33169,35.71992],[139.33342,35.72266],[139.33286,35.72848],[139.33141,35.73047],[139.32913,35.73198],[139.33199,35.73331],[139.33748,35.73355],[139.3395,35.73412]]]}},{"type":"Feature","bbox":[139.33871,35.7331,139.33918,35.73346],"properties":{"slug":"fussa-kumagawa-ninomiya","name":"Kumagawa ninomiya","name_local":"熊川二宮","ward":"Fussa","ward_slug":"fussa","gruppo":"fussa-kumagawa-ninomiya","gruppo_name":"Kumagawa ninomiya","usato":false},"geometry":{"type":"MultiPolygon","coordinates":[]}},{"type":"Feature","bbox":[139.32455,35.7199,139.33341,35.73202],"properties":{"slug":"fussa-minami-denen","name":"Minami denen","name_local":"南田園","ward":"Fussa","ward_slug":"fussa","gruppo":"fussa-minami-denen","gruppo_name":"Minami denen","usato":false},"geometry":{"type":"Polygon","coordinates":[[[139.32913,35.73198],[139.33141,35.73047],[139.33298,35.7282],[139.33341,35.72238],[139.33169,35.71992],[139.32932,35.7199],[139.32841,35.72338],[139.32874,35.7275],[139.32455,35.73078],[139.32528,35.73202],[139.32671,35.73106],[139.32913,35.73198]]]}},{"type":"Feature","bbox":[139.32731,35.74375,139.33604,35.75367],"properties":{"slug":"fussa-musashinodai","name":"Musashinodai","name_local":"武蔵野台","ward":"Fussa","ward_slug":"fussa","gruppo":"fussa-musashinodai","gruppo_name":"Musashinodai","usato":false},"geometry":{"type":"Polygon","coordinates":[[[139.33514,35.74701],[139.33537,35.74602],[139.33604,35.74618],[139.33587,35.74458],[139.33261,35.74452],[139.33125,35.74375],[139.32812,35.74941],[139.32731,35.75276],[139.32918,35.75367],[139.32967,35.75239],[139.33166,35.7531],[139.33208,35.75164],[139.33377,35.7519],[139.33514,35.74701]]]}},{"type":"Feature","bbox":[139.32562,35.7335,139.3342,35.7399],"properties":{"slug":"fussa-shimo","name":"Shimo","name_local":"志茂","ward":"Fussa","ward_slug":"fussa","gruppo":"fussa-shimo","gruppo_name":"Shimo","usato":false},"geometry":{"type":"Polygon","coordinates":[[[139.32581,35.73813],[139.32562,35.73762],[139.32623,35.73792],[139.32646,35.7375],[139.32637,35.73577],[139.32877,35.7335],[139.32982,35.73399],[139.32954,35.73447],[139.3342,35.73669],[139.3313,35.7399],[139.32752,35.73802],[139.32735,35.73831],[139.32581,35.73813]]]}},{"type":"Feature","bbox":[139.32736,35.73188,139.33748,35.73674],"properties":{"slug":"fussa-ushihama","name":"Ushihama","name_local":"牛浜","ward":"Fussa","ward_slug":"fussa","gruppo":"fussa-ushihama","gruppo_name":"Ushihama","usato":false},"geometry":{"type":"Polygon","coordinates":[[[139.32771,35.73422],[139.32736,35.73363],[139.32895,35.73188],[139.33199,35.73331],[139.33748,35.73355],[139.33699,35.73552],[139.33598,35.73674],[139.3342,35.73669],[139.32954,35.73447],[139.32982,35.73399],[139.32877,35.7335],[139.32771,35.73422]]]}},{"type":"Feature","bbox":[139.33427,35.72434,139.35987,35.75209],"properties":{"slug":"fussa-yokota-kichi-nain","name":"Yokota kichi nain","name_local":"横田基地内","ward":"Fussa","ward_slug":"fussa","gruppo":"fussa-yokota-kichi-nain","gruppo_name":"Yokota kichi nain","usato":false},"geometry":{"type":"Polygon","coordinates":[[[139.33514,35.74701],[139.3363,35.7475],[139.33726,35.75024],[139.33875,35.75032],[139.3373,35.74747],[139.33822,35.73991],[139.34143,35.73331],[139.34296,35.72754],[139.34479,35.72495],[139.34599,35.72553],[139.34683,35.72434],[139.35317,35.72736],[139.35235,35.73221],[139.35295,35.73611],[139.35898,35.73755],[139.35878,35.73872],[139.35987,35.73958],[139.3584,35.74034],[139.3587,35.74113],[139.35491,35.74277],[139.35604,35.74509],[139.3499,35.74773],[139.35043,35.74514],[139.35333,35.74253],[139.35207,35.74124],[139.34552,35.74707],[139.34233,35.74616],[139.34264,35.74967],[139.34173,35.74989],[139.34096,35.74947],[139.34032,35.7503],[139.3391,35.75028],[139.33743,35.75206],[139.33724,35.75147],[139.33674,35.75209],[139.33589,35.75118],[139.33427,35.75103],[139.33514,35.74701]]]}},{"type":"Feature","bbox":[139.29827,35.64924,139.30742,35.65732],"properties":{"slug":"hachioji-osm-15312395","name":"並木町","name_local":"並木町","ward":"Hachioji","ward_slug":"hachioji","gruppo":"hachioji-osm-15312395","gruppo_name":"並木町","usato":false},"geometry":{"type":"Polygon","coordinates":[[[139.2984,35.65152],[139.29904,35.65071],[139.29897,35.64924],[139.30742,35.6538],[139.30604,35.65543],[139.30335,35.65732],[139.30205,35.65507],[139.2984,35.65152]]]}},{"type":"Feature","bbox":[139.32052,35.76112,139.33073,35.7689],"properties":{"slug":"hamura-fujimidaira","name":"Fujimidaira","name_local":"富士見平","ward":"Hamura","ward_slug":"hamura","gruppo":"hamura-fujimidaira","gruppo_name":"Fujimidaira","usato":false},"geometry":{"type":"Polygon","coordinates":[[[139.32357,35.76112],[139.32052,35.76513],[139.32905,35.7689],[139.32769,35.76747],[139.33073,35.7642],[139.3249,35.76203],[139.32357,35.76112]]]}},{"type":"Feature","bbox":[139.33016,35.75099,139.33809,35.76415],"properties":{"slug":"hamura-futabacho","name":"Futabacho","name_local":"双葉町","ward":"Hamura","ward_slug":"hamura","gruppo":"hamura-futabacho","gruppo_name":"Futabacho","usato":false},"geometry":{"type":"Polygon","coordinates":[[[139.33605,35.75906],[139.33569,35.75923],[139.33599,35.76],[139.33572,35.7604],[139.33624,35.76117],[139.33596,35.76173],[139.33201,35.76064],[139.3308,35.76394],[139.33016,35.7639],[139.33126,35.76206],[139.3339,35.75099],[139.33465,35.7514],[139.33394,35.75248],[139.33346,35.75513],[139.33738,35.75726],[139.33809,35.7571],[139.33721,35.75755],[139.33605,35.75906]]]}},{"type":"Feature","bbox":[139.31422,35.75633,139.33372,35.77281],"properties":{"slug":"hamura-gonokami","name":"Gonokami","name_local":"五ノ神","ward":"Hamura","ward_slug":"hamura","gruppo":"hamura-gonokami","gruppo_name":"Gonokami","usato":false},"geometry":{"type":"MultiPolygon","coordinates":[[[[139.31686,35.75717],[139.31422,35.76073],[139.32052,35.76513],[139.32357,35.76112],[139.31747,35.75633],[139.31686,35.75717]]],[[[139.32905,35.7689],[139.32857,35.76838],[139.33055,35.76704],[139.33145,35.76793],[139.33323,35.76766],[139.33372,35.77101],[139.33287,35.7711],[139.33131,35.77281],[139.3288,35.77118],[139.3303,35.77007],[139.32905,35.7689]]]]}},{"type":"Feature","bbox":[139.29647,35.75103,139.33662,35.76838],"properties":{"slug":"hamura-hane","name":"Hane","name_local":"羽","ward":"Hamura","ward_slug":"hamura","gruppo":"hamura-hane","gruppo_name":"Hane","usato":false},"geometry":{"type":"MultiPolygon","coordinates":[[[[139.30157,35.75856],[139.2994,35.75948],[139.29799,35.76156],[139.29707,35.76153],[139.29744,35.76008],[139.29654,35.75455],[139.30206,35.75507],[139.30704,35.75214],[139.30748,35.75243],[139.31049,35.75103],[139.31201,35.75186],[139.30971,35.75488],[139.30871,35.75529],[139.30691,35.75711],[139.30157,35.75856]]],[[[139.33534,35.76667],[139.33181,35.76791],[139.33055,35.76704],[139.32857,35.76838],[139.32769,35.76747],[139.32896,35.76576],[139.32939,35.76591],[139.33038,35.7648],[139.33182,35.76159],[139.33323,35.76201],[139.33347,35.76319],[139.33401,35.7632],[139.33408,35.76271],[139.33471,35.7628],[139.33442,35.76367],[139.33628,35.76375],[139.33467,35.76474],[139.33546,35.76505],[139.33502,35.76613],[139.33662,35.76602],[139.33534,35.76667]]]]}},{"type":"Feature","bbox":[139.3075,35.75335,139.31686,35.76373],"properties":{"slug":"hamura-hane-higashi","name":"Hane higashi","name_local":"羽東","ward":"Hamura","ward_slug":"hamura","gruppo":"hamura-hane-higashi","gruppo_name":"Hane higashi","usato":false},"geometry":{"type":"Polygon","coordinates":[[[139.30817,35.75636],[139.3075,35.75819],[139.30917,35.75999],[139.30867,35.76075],[139.312,35.76373],[139.31686,35.75717],[139.31451,35.75395],[139.31308,35.75335],[139.30817,35.75636]]]}},{"type":"Feature","bbox":[139.29655,35.75856,139.30919,35.77261],"properties":{"slug":"hamura-hane-kami","name":"Hane kami","name_local":"羽加美","ward":"Hamura","ward_slug":"hamura","gruppo":"hamura-hane-kami","gruppo_name":"Hane kami","usato":false},"geometry":{"type":"Polygon","coordinates":[[[139.29685,35.76502],[139.29904,35.76526],[139.29996,35.76733],[139.2996,35.76783],[139.30541,35.77261],[139.30919,35.76753],[139.30754,35.76695],[139.30332,35.76368],[139.30226,35.76137],[139.30224,35.76086],[139.30276,35.76052],[139.30157,35.75856],[139.2994,35.75948],[139.29799,35.76156],[139.29707,35.76153],[139.29655,35.76293],[139.29685,35.76502]]]}},{"type":"Feature","bbox":[139.30157,35.75633,139.312,35.76753],"properties":{"slug":"hamura-hane-naka","name":"Hane naka","name_local":"羽中","ward":"Hamura","ward_slug":"hamura","gruppo":"hamura-hane-naka","gruppo_name":"Hane naka","usato":false},"geometry":{"type":"Polygon","coordinates":[[[139.30157,35.75856],[139.30276,35.76052],[139.30224,35.76086],[139.30226,35.76137],[139.30332,35.76368],[139.30754,35.76695],[139.30919,35.76753],[139.312,35.76373],[139.30867,35.76075],[139.30917,35.75999],[139.3075,35.75819],[139.30817,35.75636],[139.30691,35.75711],[139.30157,35.75856]]]}},{"type":"Feature","bbox":[139.29213,35.76502,139.30342,35.77653],"properties":{"slug":"hamura-hane-nishi","name":"Hane nishi","name_local":"羽西","ward":"Hamura","ward_slug":"hamura","gruppo":"hamura-hane-nishi","gruppo_name":"Hane nishi","usato":false},"geometry":{"type":"Polygon","coordinates":[[[139.2996,35.76783],[139.30259,35.76999],[139.30342,35.77119],[139.30179,35.77247],[139.2985,35.77228],[139.29779,35.77258],[139.29709,35.77378],[139.29485,35.77493],[139.29366,35.77653],[139.29213,35.77534],[139.29278,35.77251],[139.29511,35.76999],[139.29685,35.76502],[139.29906,35.76528],[139.29996,35.76733],[139.2996,35.76783]]]}},{"type":"Feature","bbox":[139.31049,35.74685,139.34329,35.76394],"properties":{"slug":"hamura-kawasaki","name":"Kawasaki","name_local":"川崎","ward":"Hamura","ward_slug":"hamura","gruppo":"hamura-kawasaki","gruppo_name":"Kawasaki","usato":false},"geometry":{"type":"MultiPolygon","coordinates":[[[[139.32103,35.75152],[139.32169,35.75064],[139.32087,35.75022],[139.31882,35.75087],[139.31702,35.74879],[139.31528,35.75006],[139.3141,35.75194],[139.31255,35.75322],[139.31451,35.75395],[139.31686,35.75717],[139.32103,35.75152]]],[[[139.33427,35.75103],[139.33465,35.7514],[139.33394,35.75248],[139.33346,35.75513],[139.33738,35.75726],[139.33858,35.75699],[139.33857,35.75604],[139.33814,35.75596],[139.33835,35.75536],[139.33918,35.75551],[139.3387,35.75491],[139.33893,35.75434],[139.33993,35.75394],[139.34233,35.75411],[139.34329,35.75364],[139.34264,35.74967],[139.34173,35.74989],[139.34096,35.74947],[139.34032,35.7503],[139.3391,35.75028],[139.33743,35.75206],[139.33724,35.75147],[139.33674,35.75209],[139.33589,35.75118],[139.33427,35.75103]]],[[[139.33635,35.76369],[139.33442,35.76367],[139.33471,35.7628],[139.33408,35.76271],[139.33401,35.7632],[139.33347,35.76319],[139.33323,35.76201],[139.33182,35.76159],[139.33201,35.76064],[139.33596,35.76173],[139.33585,35.76213],[139.33629,35.7623],[139.33557,35.76311],[139.33635,35.76369]]],[[[139.31049,35.75103],[139.31406,35.74685],[139.3155,35.74763],[139.31201,35.75186],[139.31049,35.75103]]]]}},{"type":"Feature","bbox":[139.30919,35.76073,139.3303,35.77707],"properties":{"slug":"hamura-midorigaoka","name":"Midorigaoka","name_local":"緑ケ丘","ward":"Hamura","ward_slug":"hamura","gruppo":"hamura-midorigaoka","gruppo_name":"Midorigaoka","usato":false},"geometry":{"type":"Polygon","coordinates":[[[139.31422,35.76073],[139.30919,35.76753],[139.31564,35.7715],[139.31425,35.77332],[139.31893,35.77555],[139.32071,35.77707],[139.3303,35.77007],[139.32846,35.7685],[139.32087,35.76537],[139.31422,35.76073]]]}},{"type":"Feature","bbox":[139.29366,35.77119,139.30563,35.78136],"properties":{"slug":"hamura-ozakudai","name":"Ozakudai","name_local":"小作台","ward":"Hamura","ward_slug":"hamura","gruppo":"hamura-ozakudai","gruppo_name":"Ozakudai","usato":false},"geometry":{"type":"Polygon","coordinates":[[[139.29779,35.77258],[139.2985,35.77228],[139.30179,35.77247],[139.30342,35.77119],[139.30494,35.77212],[139.30541,35.77261],[139.3038,35.77467],[139.30563,35.77763],[139.30243,35.77802],[139.30169,35.77988],[139.30011,35.78012],[139.29973,35.78105],[139.29752,35.78136],[139.29711,35.77954],[139.29366,35.77653],[139.29485,35.77493],[139.29709,35.77378],[139.29779,35.77258]]]}},{"type":"Feature","bbox":[139.3038,35.76753,139.32071,35.77851],"properties":{"slug":"hamura-sakaecho","name":"Sakaecho","name_local":"栄町","ward":"Hamura","ward_slug":"hamura","gruppo":"hamura-sakaecho","gruppo_name":"Sakaecho","usato":false},"geometry":{"type":"Polygon","coordinates":[[[139.3038,35.77467],[139.30919,35.76753],[139.31564,35.7715],[139.31425,35.77332],[139.31893,35.77555],[139.32071,35.77707],[139.31877,35.77851],[139.31255,35.77554],[139.31145,35.77699],[139.30888,35.77576],[139.30783,35.77719],[139.30697,35.77679],[139.30591,35.77821],[139.3038,35.77467]]]}},{"type":"Feature","bbox":[139.31747,35.75152,139.33377,35.7639],"properties":{"slug":"hamura-shinmeidai","name":"Shinmeidai","name_local":"神明台","ward":"Hamura","ward_slug":"hamura","gruppo":"hamura-shinmeidai","gruppo_name":"Shinmeidai","usato":false},"geometry":{"type":"Polygon","coordinates":[[[139.33377,35.7519],[139.33208,35.75164],[139.33166,35.7531],[139.32967,35.75239],[139.32918,35.75367],[139.32731,35.75276],[139.32638,35.75423],[139.32542,35.75374],[139.32471,35.7547],[139.32196,35.75334],[139.32272,35.75235],[139.32103,35.75152],[139.31747,35.75633],[139.3245,35.76182],[139.33016,35.7639],[139.33126,35.76206],[139.33377,35.7519]]]}},{"type":"Feature","bbox":[139.30799,35.74763,139.31702,35.75632],"properties":{"slug":"hamura-tamagawa","name":"Tamagawa","name_local":"玉川","ward":"Hamura","ward_slug":"hamura","gruppo":"hamura-tamagawa","gruppo_name":"Tamagawa","usato":false},"geometry":{"type":"Polygon","coordinates":[[[139.31468,35.75114],[139.31528,35.75006],[139.31702,35.74879],[139.3155,35.74763],[139.30971,35.75488],[139.30871,35.75529],[139.30799,35.75632],[139.31301,35.7534],[139.31255,35.75322],[139.31468,35.75114]]]}},{"type":"Feature","bbox":[139.51466,35.74554,139.5286,35.75947],"properties":{"slug":"higashikurume-chuocho","name":"Chuocho","name_local":"中央町","ward":"Higashikurume","ward_slug":"higashikurume","gruppo":"higashikurume-chuocho","gruppo_name":"Chuocho","usato":false},"geometry":{"type":"Polygon","coordinates":[[[139.5286,35.75486],[139.52788,35.75471],[139.52659,35.7535],[139.52426,35.75362],[139.5249,35.75294],[139.52441,35.75151],[139.5254,35.75028],[139.52564,35.74889],[139.52278,35.74554],[139.52124,35.74698],[139.51466,35.74878],[139.5157,35.75357],[139.51537,35.75517],[139.52212,35.75687],[139.52427,35.75834],[139.52732,35.75947],[139.5286,35.75486]]]}},{"type":"Feature","bbox":[139.53555,35.76162,139.54591,35.76632],"properties":{"slug":"higashikurume-daimoncho","name":"Daimoncho","name_local":"大門町","ward":"Higashikurume","ward_slug":"higashikurume","gruppo":"higashikurume-daimoncho","gruppo_name":"Daimoncho","usato":false},"geometry":{"type":"Polygon","coordinates":[[[139.53711,35.76293],[139.54474,35.76162],[139.54562,35.76206],[139.54591,35.76287],[139.54462,35.76303],[139.54256,35.76412],[139.54004,35.76628],[139.53802,35.76632],[139.53555,35.76508],[139.53579,35.76315],[139.53711,35.76293]]]}},{"type":"Feature","bbox":[139.53327,35.74763,139.54254,35.75763],"properties":{"slug":"higashikurume-gakuencho","name":"Gakuencho","name_local":"学園町","ward":"Higashikurume","ward_slug":"higashikurume","gruppo":"higashikurume-gakuencho","gruppo_name":"Gakuencho","usato":false},"geometry":{"type":"Polygon","coordinates":[[[139.54254,35.75293],[139.53649,35.74763],[139.53327,35.74913],[139.5352,35.75101],[139.5357,35.75435],[139.53664,35.756],[139.53615,35.7569],[139.53687,35.75763],[139.54047,35.75399],[139.54254,35.75293]]]}},{"type":"Feature","bbox":[139.50857,35.74674,139.51594,35.75984],"properties":{"slug":"higashikurume-hachimancho","name":"Hachimancho","name_local":"八幡町","ward":"Higashikurume","ward_slug":"higashikurume","gruppo":"higashikurume-hachimancho","gruppo_name":"Hachimancho","usato":false},"geometry":{"type":"Polygon","coordinates":[[[139.50857,35.75],[139.50975,35.75126],[139.50883,35.75248],[139.51021,35.75285],[139.51106,35.75478],[139.51223,35.75582],[139.51009,35.75668],[139.50881,35.75774],[139.51107,35.75874],[139.51594,35.75984],[139.51515,35.75667],[139.5157,35.75357],[139.5144,35.74674],[139.50857,35.75]]]}},{"type":"Feature","bbox":[139.53131,35.74456,139.53649,35.74908],"properties":{"slug":"higashikurume-hibarigaoka-danchi","name":"Hibarigaoka danchi","name_local":"ひばりが丘団地","ward":"Higashikurume","ward_slug":"higashikurume","gruppo":"higashikurume-hibarigaoka-danchi","gruppo_name":"Hibarigaoka danchi","usato":false},"geometry":{"type":"Polygon","coordinates":[[[139.53649,35.74763],[139.53329,35.74456],[139.53232,35.74457],[139.53131,35.74773],[139.53195,35.74783],[139.53334,35.74908],[139.53649,35.74763]]]}},{"type":"Feature","bbox":[139.53064,35.75988,139.53711,35.76479],"properties":{"slug":"higashikurume-higashi-honcho","name":"Higashi honcho","name_local":"東本町","ward":"Higashikurume","ward_slug":"higashikurume","gruppo":"higashikurume-honcho","gruppo_name":"Honcho","usato":false},"geometry":{"type":"Polygon","coordinates":[[[139.53064,35.76374],[139.53422,35.75988],[139.53459,35.75997],[139.53487,35.7617],[139.53693,35.7625],[139.53711,35.76293],[139.53579,35.76315],[139.53559,35.76479],[139.53547,35.76399],[139.53196,35.76409],[139.53064,35.76374]]]}},{"type":"Feature","bbox":[139.52597,35.76374,139.53699,35.77055],"properties":{"slug":"higashikurume-hikawadai","name":"Hikawadai","name_local":"氷川台","ward":"Higashikurume","ward_slug":"higashikurume","gruppo":"higashikurume-hikawadai","gruppo_name":"Hikawadai","usato":false},"geometry":{"type":"Polygon","coordinates":[[[139.52597,35.76841],[139.53064,35.76374],[139.53196,35.76409],[139.53547,35.76399],[139.53555,35.76508],[139.5349,35.76672],[139.53699,35.77055],[139.52741,35.7677],[139.52702,35.76858],[139.52597,35.76841]]]}},{"type":"Feature","bbox":[139.52683,35.75422,139.53687,35.76374],"properties":{"slug":"higashikurume-honcho","name":"Honcho","name_local":"本町","ward":"Higashikurume","ward_slug":"higashikurume","gruppo":"higashikurume-honcho","gruppo_name":"Honcho","usato":false},"geometry":{"type":"Polygon","coordinates":[[[139.52683,35.76097],[139.52797,35.75614],[139.52898,35.75422],[139.53009,35.75439],[139.53176,35.75566],[139.53367,35.75615],[139.53384,35.75701],[139.53601,35.75679],[139.53687,35.75763],[139.53064,35.76374],[139.52843,35.76258],[139.52683,35.76097]]]}},{"type":"Feature","bbox":[139.5349,35.76404,139.54333,35.77201],"properties":{"slug":"higashikurume-kanayamacho","name":"Kanayamacho","name_local":"金山町","ward":"Higashikurume","ward_slug":"higashikurume","gruppo":"higashikurume-kanayamacho","gruppo_name":"Kanayamacho","usato":false},"geometry":{"type":"Polygon","coordinates":[[[139.54276,35.76404],[139.54004,35.76628],[139.53793,35.7663],[139.53555,35.76508],[139.5349,35.76672],[139.53699,35.77055],[139.54093,35.77201],[139.54051,35.76763],[139.54287,35.76886],[139.54333,35.76794],[139.54268,35.76604],[139.54276,35.76404]]]}},{"type":"Feature","bbox":[139.51627,35.76095,139.53064,35.76841],"properties":{"slug":"higashikurume-koyama","name":"Koyama","name_local":"小山","ward":"Higashikurume","ward_slug":"higashikurume","gruppo":"higashikurume-koyama","gruppo_name":"Koyama","usato":false},"geometry":{"type":"Polygon","coordinates":[[[139.51627,35.76564],[139.51661,35.7625],[139.51968,35.76291],[139.52364,35.76261],[139.52458,35.76239],[139.5263,35.76095],[139.52702,35.76105],[139.52843,35.76258],[139.53064,35.76374],[139.52597,35.76841],[139.52157,35.76782],[139.51627,35.76564]]]}},{"type":"Feature","bbox":[139.50732,35.73793,139.52046,35.74878],"properties":{"slug":"higashikurume-maesawa","name":"Maesawa","name_local":"前沢","ward":"Higashikurume","ward_slug":"higashikurume","gruppo":"higashikurume-maesawa","gruppo_name":"Maesawa","usato":false},"geometry":{"type":"Polygon","coordinates":[[[139.51981,35.74274],[139.52046,35.74555],[139.52013,35.74735],[139.51466,35.74878],[139.5144,35.74674],[139.51241,35.74782],[139.50732,35.73965],[139.50806,35.73948],[139.50801,35.73832],[139.51232,35.73793],[139.51286,35.74074],[139.51258,35.74133],[139.5129,35.74163],[139.51353,35.74157],[139.51324,35.73872],[139.5141,35.73867],[139.51437,35.74147],[139.51519,35.74138],[139.51497,35.73905],[139.51925,35.73902],[139.51981,35.74274]]]}},{"type":"Feature","bbox":[139.51925,35.73347,139.53135,35.74735],"properties":{"slug":"higashikurume-minamicho","name":"Minamicho","name_local":"南町","ward":"Higashikurume","ward_slug":"higashikurume","gruppo":"higashikurume-minamicho","gruppo_name":"Minamicho","usato":false},"geometry":{"type":"Polygon","coordinates":[[[139.52351,35.73568],[139.52913,35.73964],[139.53135,35.74026],[139.52739,35.74368],[139.52629,35.74267],[139.52348,35.74467],[139.52153,35.74683],[139.52013,35.74735],[139.52046,35.74555],[139.51925,35.73902],[139.5212,35.73885],[139.52028,35.73347],[139.52351,35.73568]]]}},{"type":"Feature","bbox":[139.52278,35.74267,139.53664,35.75714],"properties":{"slug":"higashikurume-minamisawa","name":"Minamisawa","name_local":"南沢","ward":"Higashikurume","ward_slug":"higashikurume","gruppo":"higashikurume-minamisawa","gruppo_name":"Minamisawa","usato":false},"geometry":{"type":"Polygon","coordinates":[[[139.52739,35.74368],[139.52629,35.74267],[139.52278,35.74554],[139.52564,35.74889],[139.5254,35.75028],[139.52441,35.75151],[139.5249,35.75294],[139.52426,35.75362],[139.52659,35.7535],[139.52788,35.75471],[139.5286,35.75486],[139.52898,35.75422],[139.52961,35.7542],[139.53176,35.75566],[139.53367,35.75615],[139.53384,35.75701],[139.53647,35.75682],[139.53664,35.756],[139.5357,35.75435],[139.53516,35.75094],[139.53195,35.74783],[139.53131,35.74773],[139.53232,35.74457],[139.5287,35.74483],[139.52739,35.74368]]]}},{"type":"Feature","bbox":[139.50486,35.7588,139.51662,35.76564],"properties":{"slug":"higashikurume-nobidome","name":"Nobidome","name_local":"野火止","ward":"Higashikurume","ward_slug":"higashikurume","gruppo":"higashikurume-nobidome","gruppo_name":"Nobidome","usato":false},"geometry":{"type":"Polygon","coordinates":[[[139.51143,35.7588],[139.5108,35.75928],[139.51049,35.76036],[139.50761,35.75933],[139.50651,35.76016],[139.50516,35.75996],[139.50486,35.76129],[139.50943,35.76262],[139.51627,35.76564],[139.51662,35.7626],[139.51594,35.75984],[139.51143,35.7588]]]}},{"type":"Feature","bbox":[139.51519,35.75517,139.52732,35.76291],"properties":{"slug":"higashikurume-saiwaicho","name":"Saiwaicho","name_local":"幸町","ward":"Higashikurume","ward_slug":"higashikurume","gruppo":"higashikurume-saiwaicho","gruppo_name":"Saiwaicho","usato":false},"geometry":{"type":"Polygon","coordinates":[[[139.52732,35.75947],[139.52427,35.75834],[139.52212,35.75687],[139.51537,35.75517],[139.51519,35.75714],[139.51661,35.7625],[139.51968,35.76291],[139.52458,35.76239],[139.52622,35.76098],[139.52683,35.76097],[139.52732,35.75947]]]}},{"type":"Feature","bbox":[139.53687,35.75293,139.54683,35.76297],"properties":{"slug":"higashikurume-sengencho","name":"Sengencho","name_local":"浅間町","ward":"Higashikurume","ward_slug":"higashikurume","gruppo":"higashikurume-sengencho","gruppo_name":"Sengencho","usato":false},"geometry":{"type":"Polygon","coordinates":[[[139.53687,35.75763],[139.54047,35.75399],[139.54254,35.75293],[139.54466,35.75453],[139.54496,35.75675],[139.5465,35.75953],[139.54683,35.76269],[139.5461,35.76297],[139.54562,35.76206],[139.54411,35.76097],[139.5409,35.76005],[139.53687,35.75763]]]}},{"type":"Feature","bbox":[139.49255,35.74868,139.51223,35.76129],"properties":{"slug":"higashikurume-shimosato","name":"Shimosato","name_local":"下里","ward":"Higashikurume","ward_slug":"higashikurume","gruppo":"higashikurume-shimosato","gruppo_name":"Shimosato","usato":false},"geometry":{"type":"Polygon","coordinates":[[[139.49892,35.74887],[139.49673,35.75065],[139.49612,35.7498],[139.49517,35.75025],[139.49422,35.75184],[139.4944,35.75214],[139.49255,35.75302],[139.49386,35.75337],[139.4935,35.75433],[139.49465,35.75561],[139.49431,35.75624],[139.49516,35.75663],[139.49487,35.75707],[139.49557,35.75788],[139.49518,35.75855],[139.50486,35.76129],[139.50516,35.75996],[139.50651,35.76016],[139.50761,35.75933],[139.51049,35.76036],[139.5108,35.75928],[139.51143,35.7588],[139.50881,35.75774],[139.51009,35.75668],[139.51223,35.75582],[139.51106,35.75478],[139.51021,35.75285],[139.50883,35.75248],[139.50975,35.75126],[139.50857,35.75],[139.50387,35.75259],[139.50294,35.75148],[139.50026,35.75028],[139.49925,35.74868],[139.49892,35.74887]]]}},{"type":"Feature","bbox":[139.54268,35.76269,139.54749,35.77042],"properties":{"slug":"higashikurume-shinhocho","name":"Shinhocho","name_local":"神宝町","ward":"Higashikurume","ward_slug":"higashikurume","gruppo":"higashikurume-shinhocho","gruppo_name":"Shinhocho","usato":false},"geometry":{"type":"Polygon","coordinates":[[[139.54707,35.77042],[139.54694,35.76824],[139.54749,35.76628],[139.54693,35.76431],[139.54724,35.76317],[139.54701,35.76269],[139.54624,35.763],[139.54563,35.76275],[139.54276,35.76404],[139.54268,35.76604],[139.54334,35.76787],[139.54286,35.76894],[139.54707,35.77042]]]}},{"type":"Feature","bbox":[139.53431,35.75763,139.54487,35.76293],"properties":{"slug":"higashikurume-shinkawamachi","name":"Shinkawamachi","name_local":"新川町","ward":"Higashikurume","ward_slug":"higashikurume","gruppo":"higashikurume-shinkawamachi","gruppo_name":"Shinkawamachi","usato":false},"geometry":{"type":"Polygon","coordinates":[[[139.53431,35.7599],[139.53687,35.75763],[139.5409,35.76005],[139.54344,35.76068],[139.54487,35.76157],[139.53711,35.76293],[139.53693,35.7625],[139.53487,35.7617],[139.53431,35.7599]]]}},{"type":"Feature","bbox":[139.49791,35.74008,139.51241,35.75259],"properties":{"slug":"higashikurume-takiyama","name":"Takiyama","name_local":"滝山","ward":"Higashikurume","ward_slug":"higashikurume","gruppo":"higashikurume-takiyama","gruppo_name":"Takiyama","usato":false},"geometry":{"type":"Polygon","coordinates":[[[139.50417,35.74042],[139.50447,35.741],[139.5032,35.74133],[139.50387,35.74305],[139.49791,35.74622],[139.49898,35.74825],[139.49892,35.74887],[139.49925,35.74868],[139.50026,35.75028],[139.50294,35.75148],[139.50387,35.75259],[139.51241,35.74782],[139.5083,35.74123],[139.50674,35.74187],[139.5056,35.74008],[139.50417,35.74042]]]}},{"type":"Feature","bbox":[139.54051,35.76763,139.54796,35.77427],"properties":{"slug":"higashikurume-uenohara","name":"Uenohara","name_local":"上の原","ward":"Higashikurume","ward_slug":"higashikurume","gruppo":"higashikurume-uenohara","gruppo_name":"Uenohara","usato":false},"geometry":{"type":"Polygon","coordinates":[[[139.54093,35.77201],[139.54051,35.76763],[139.54286,35.76894],[139.54707,35.77042],[139.54796,35.77279],[139.54759,35.77427],[139.54093,35.77201]]]}},{"type":"Feature","bbox":[139.48461,35.74169,139.49898,35.75224],"properties":{"slug":"higashikurume-yanagikubo","name":"Yanagikubo","name_local":"柳窪","ward":"Higashikurume","ward_slug":"higashikurume","gruppo":"higashikurume-yanagikubo","gruppo_name":"Yanagikubo","usato":false},"geometry":{"type":"Polygon","coordinates":[[[139.49515,35.75059],[139.49433,35.75217],[139.49321,35.75166],[139.49068,35.75224],[139.48946,35.75079],[139.48892,35.75103],[139.48801,35.75022],[139.48826,35.75006],[139.48771,35.74953],[139.48801,35.74927],[139.48663,35.74873],[139.4875,35.74727],[139.4873,35.74632],[139.4867,35.74563],[139.48535,35.74549],[139.48461,35.74426],[139.48536,35.74397],[139.48771,35.74499],[139.48782,35.74397],[139.49056,35.74468],[139.49143,35.74169],[139.49794,35.74443],[139.49791,35.74622],[139.49898,35.74825],[139.49892,35.74887],[139.49673,35.75065],[139.49612,35.7498],[139.49515,35.75059]]]}},{"type":"Feature","bbox":[139.50373,35.73219,139.5069,35.74033],"properties":{"slug":"higashikurume-yayoi","name":"Yayoi","name_local":"弥生","ward":"Higashikurume","ward_slug":"higashikurume","gruppo":"higashikurume-yayoi","gruppo_name":"Yayoi","usato":false},"geometry":{"type":"Polygon","coordinates":[[[139.50455,35.74033],[139.50373,35.73676],[139.50482,35.73676],[139.50445,35.73225],[139.50541,35.73219],[139.50571,35.73617],[139.50657,35.73602],[139.5069,35.73975],[139.50455,35.74033]]]}},{"type":"Feature","bbox":[139.4755,35.76707,139.49797,35.78145],"properties":{"slug":"higashimurayama-akitsucho","name":"Akitsucho","name_local":"秋津町","ward":"Higashimurayama","ward_slug":"higashimurayama","gruppo":"higashimurayama-akitsucho","gruppo_name":"Akitsucho","usato":false},"geometry":{"type":"Polygon","coordinates":[[[139.47776,35.77207],[139.47627,35.77535],[139.4766,35.77545],[139.4755,35.77664],[139.47663,35.77794],[139.47714,35.77807],[139.47717,35.77775],[139.47841,35.77852],[139.47913,35.77938],[139.47886,35.77974],[139.47938,35.78003],[139.4803,35.77997],[139.48279,35.78107],[139.48329,35.78074],[139.48476,35.781],[139.48758,35.77986],[139.48912,35.77982],[139.48899,35.77904],[139.49027,35.7793],[139.48984,35.78057],[139.49024,35.78084],[139.49049,35.78041],[139.49271,35.78019],[139.49272,35.77971],[139.49368,35.7794],[139.49362,35.78145],[139.49608,35.78101],[139.49638,35.77892],[139.49688,35.77836],[139.49642,35.77634],[139.49797,35.77212],[139.49698,35.77149],[139.49171,35.77013],[139.49048,35.76887],[139.4898,35.76724],[139.48903,35.76707],[139.48605,35.76948],[139.48032,35.7724],[139.47776,35.77207]]]}},{"type":"Feature","bbox":[139.48327,35.75712,139.50471,35.77258],"properties":{"slug":"higashimurayama-aobacho","name":"Aobacho","name_local":"青葉町","ward":"Higashimurayama","ward_slug":"higashimurayama","gruppo":"higashimurayama-aobacho","gruppo_name":"Aobacho","usato":false},"geometry":{"type":"Polygon","coordinates":[[[139.48327,35.76246],[139.48679,35.76619],[139.4878,35.7662],[139.48987,35.7673],[139.49048,35.76887],[139.49171,35.77013],[139.49698,35.77149],[139.49867,35.77258],[139.50023,35.76999],[139.50137,35.76554],[139.4968,35.76244],[139.50471,35.76125],[139.49697,35.75928],[139.49198,35.75712],[139.48748,35.76053],[139.48327,35.76246]]]}},{"type":"Feature","bbox":[139.44699,35.73698,139.46495,35.75291],"properties":{"slug":"higashimurayama-fujimicho","name":"Fujimicho","name_local":"富士見町","ward":"Higashimurayama","ward_slug":"higashimurayama","gruppo":"higashimurayama-fujimicho","gruppo_name":"Fujimicho","usato":false},"geometry":{"type":"Polygon","coordinates":[[[139.46444,35.74315],[139.45143,35.73698],[139.45051,35.73707],[139.45006,35.738],[139.45065,35.73843],[139.45014,35.73843],[139.4501,35.73879],[139.45154,35.73895],[139.45138,35.74046],[139.45187,35.74056],[139.45185,35.74116],[139.45085,35.74201],[139.45107,35.74521],[139.45162,35.74559],[139.45145,35.74649],[139.45029,35.74658],[139.45007,35.74764],[139.44845,35.74773],[139.44823,35.74908],[139.44904,35.74906],[139.44913,35.74963],[139.44737,35.74921],[139.44726,35.74978],[139.44764,35.74983],[139.44699,35.75231],[139.44926,35.75291],[139.46495,35.74604],[139.46444,35.74315]]]}},{"type":"Feature","bbox":[139.46682,35.73437,139.48715,35.74912],"properties":{"slug":"higashimurayama-hagiyamacho","name":"Hagiyamacho","name_local":"萩山町","ward":"Higashimurayama","ward_slug":"higashimurayama","gruppo":"higashimurayama-hagiyamacho","gruppo_name":"Hagiyamacho","usato":false},"geometry":{"type":"Polygon","coordinates":[[[139.48618,35.73437],[139.48356,35.73446],[139.48359,35.73521],[139.47907,35.73538],[139.47901,35.73717],[139.47749,35.73736],[139.47761,35.73996],[139.47487,35.74098],[139.47227,35.74257],[139.46682,35.74406],[139.47082,35.74668],[139.47783,35.74912],[139.48715,35.74601],[139.48535,35.74549],[139.48461,35.74426],[139.48536,35.74397],[139.48578,35.74257],[139.4846,35.74235],[139.48503,35.74086],[139.48708,35.74095],[139.48618,35.73437]]]}},{"type":"Feature","bbox":[139.46528,35.75148,139.47621,35.76477],"properties":{"slug":"higashimurayama-honcho","name":"Honcho","name_local":"本町","ward":"Higashimurayama","ward_slug":"higashimurayama","gruppo":"higashimurayama-honcho","gruppo_name":"Honcho","usato":false},"geometry":{"type":"Polygon","coordinates":[[[139.47621,35.75403],[139.47566,35.75493],[139.47475,35.75487],[139.47449,35.75525],[139.47407,35.7561],[139.47399,35.75855],[139.47344,35.75959],[139.47096,35.75914],[139.46871,35.76061],[139.46868,35.76382],[139.46714,35.76477],[139.46559,35.76181],[139.46528,35.75236],[139.46805,35.75148],[139.47243,35.75157],[139.47621,35.75403]]]}},{"type":"Feature","bbox":[139.46714,35.75914,139.48903,35.77602],"properties":{"slug":"higashimurayama-kumegawacho","name":"Kumegawacho","name_local":"久米川町","ward":"Higashimurayama","ward_slug":"higashimurayama","gruppo":"higashimurayama-kumegawacho","gruppo_name":"Kumegawacho","usato":false},"geometry":{"type":"Polygon","coordinates":[[[139.48903,35.76707],[139.48605,35.76948],[139.48032,35.7724],[139.47776,35.77207],[139.47627,35.77535],[139.47471,35.77546],[139.47377,35.77602],[139.4738,35.77477],[139.47123,35.77411],[139.47158,35.77398],[139.47074,35.77328],[139.47077,35.77279],[139.47165,35.77232],[139.46714,35.76477],[139.46868,35.76382],[139.46871,35.76061],[139.47096,35.75914],[139.4834,35.76141],[139.48327,35.76246],[139.48562,35.76468],[139.48571,35.76531],[139.48679,35.76619],[139.4878,35.7662],[139.48903,35.76707]]]}},{"type":"Feature","bbox":[139.44264,35.75265,139.45742,35.76199],"properties":{"slug":"higashimurayama-meguritacho","name":"Meguritacho","name_local":"廻田町","ward":"Higashimurayama","ward_slug":"higashimurayama","gruppo":"higashimurayama-meguritacho","gruppo_name":"Meguritacho","usato":false},"geometry":{"type":"Polygon","coordinates":[[[139.44742,35.75265],[139.45263,35.75352],[139.45742,35.75537],[139.45592,35.75835],[139.45326,35.76177],[139.45255,35.76152],[139.45231,35.76199],[139.44932,35.76129],[139.44755,35.7599],[139.44708,35.76038],[139.44621,35.75944],[139.44472,35.75891],[139.44423,35.7598],[139.44386,35.75892],[139.44264,35.75792],[139.44485,35.75537],[139.44636,35.75561],[139.44742,35.75265]]]}},{"type":"Feature","bbox":[139.44926,35.74604,139.46553,35.75803],"properties":{"slug":"higashimurayama-misumicho","name":"Misumicho","name_local":"美住町","ward":"Higashimurayama","ward_slug":"higashimurayama","gruppo":"higashimurayama-misumicho","gruppo_name":"Misumicho","usato":false},"geometry":{"type":"Polygon","coordinates":[[[139.44926,35.75291],[139.46495,35.74604],[139.46553,35.75803],[139.46335,35.75785],[139.45263,35.75352],[139.44926,35.75291]]]}},{"type":"Feature","bbox":[139.45241,35.75537,139.46645,35.76809],"properties":{"slug":"higashimurayama-noguchicho","name":"Noguchicho","name_local":"野口町","ward":"Higashimurayama","ward_slug":"higashimurayama","gruppo":"higashimurayama-noguchicho","gruppo_name":"Noguchicho","usato":false},"geometry":{"type":"Polygon","coordinates":[[[139.45742,35.75537],[139.46335,35.75785],[139.46553,35.75803],[139.46559,35.76181],[139.46645,35.76412],[139.46443,35.76513],[139.46539,35.76786],[139.46346,35.76809],[139.4541,35.76645],[139.45241,35.76648],[139.45326,35.76177],[139.45592,35.75835],[139.45742,35.75537]]]}},{"type":"Feature","bbox":[139.47344,35.74601,139.49557,35.76246],"properties":{"slug":"higashimurayama-ontacho","name":"Ontacho","name_local":"恩多町","ward":"Higashimurayama","ward_slug":"higashimurayama","gruppo":"higashimurayama-ontacho","gruppo_name":"Ontacho","usato":false},"geometry":{"type":"Polygon","coordinates":[[[139.49518,35.75855],[139.49557,35.75788],[139.49487,35.75707],[139.49516,35.75663],[139.49431,35.75624],[139.49465,35.75561],[139.4935,35.75433],[139.49386,35.75337],[139.49255,35.75302],[139.49411,35.75223],[139.49321,35.75166],[139.49068,35.75224],[139.48946,35.75079],[139.48892,35.75103],[139.48801,35.75022],[139.48826,35.75006],[139.48771,35.74953],[139.48801,35.74927],[139.48663,35.74873],[139.4875,35.74727],[139.48715,35.74601],[139.47754,35.74921],[139.47843,35.75219],[139.47775,35.75514],[139.47731,35.75539],[139.47621,35.75403],[139.47566,35.75493],[139.47475,35.75487],[139.47407,35.7561],[139.47399,35.75855],[139.47344,35.75959],[139.4834,35.76141],[139.48327,35.76246],[139.48748,35.76053],[139.49198,35.75712],[139.49518,35.75855]]]}},{"type":"Feature","bbox":[139.46444,35.74315,139.47843,35.75551],"properties":{"slug":"higashimurayama-sakaecho","name":"Sakaecho","name_local":"栄町","ward":"Higashimurayama","ward_slug":"higashimurayama","gruppo":"higashimurayama-sakaecho","gruppo_name":"Sakaecho","usato":false},"geometry":{"type":"Polygon","coordinates":[[[139.46466,35.74436],[139.46528,35.75236],[139.46805,35.75148],[139.47243,35.75157],[139.47621,35.75403],[139.47756,35.75551],[139.47843,35.75219],[139.47754,35.74921],[139.47783,35.74912],[139.47082,35.74668],[139.46688,35.74409],[139.46444,35.74315],[139.46466,35.74436]]]}},{"type":"Feature","bbox":[139.45207,35.76352,139.47165,35.77421],"properties":{"slug":"higashimurayama-suwacho","name":"Suwacho","name_local":"諏訪町","ward":"Higashimurayama","ward_slug":"higashimurayama","gruppo":"higashimurayama-suwacho","gruppo_name":"Suwacho","usato":false},"geometry":{"type":"Polygon","coordinates":[[[139.45241,35.76648],[139.4649,35.76802],[139.46539,35.76786],[139.46443,35.76513],[139.46642,35.76431],[139.4664,35.76352],[139.47165,35.77232],[139.47086,35.77265],[139.4708,35.77324],[139.46984,35.77421],[139.46447,35.77345],[139.46369,35.77282],[139.4625,35.77346],[139.4614,35.77342],[139.45919,35.77216],[139.45802,35.76969],[139.45506,35.76987],[139.4539,35.76945],[139.45319,35.7685],[139.45278,35.76862],[139.45207,35.76738],[139.45241,35.76648]]]}},{"type":"Feature","bbox":[139.44006,35.75792,139.45326,35.76912],"properties":{"slug":"higashimurayama-tamakocho","name":"Tamakocho","name_local":"多摩湖町","ward":"Higashimurayama","ward_slug":"higashimurayama","gruppo":"higashimurayama-tamakocho","gruppo_name":"Tamakocho","usato":false},"geometry":{"type":"Polygon","coordinates":[[[139.44264,35.75792],[139.44386,35.75892],[139.44423,35.7598],[139.44472,35.75891],[139.44621,35.75944],[139.44708,35.76038],[139.44755,35.7599],[139.44932,35.76129],[139.45231,35.76199],[139.45255,35.76152],[139.45326,35.76177],[139.45206,35.7671],[139.45278,35.76862],[139.4513,35.76912],[139.44988,35.76853],[139.44787,35.76897],[139.44674,35.76855],[139.44477,35.76665],[139.44298,35.76723],[139.44077,35.767],[139.44006,35.76382],[139.44006,35.76345],[139.44061,35.76331],[139.44056,35.76046],[139.44264,35.75792]]]}},{"type":"Feature","bbox":[139.42353,35.74253,139.43543,35.74725],"properties":{"slug":"higashiyamato-chuo","name":"Chuo","name_local":"中央","ward":"Higashiyamato","ward_slug":"higashiyamato","gruppo":"higashiyamato-chuo","gruppo_name":"Chuo","usato":false},"geometry":{"type":"Polygon","coordinates":[[[139.42738,35.74725],[139.42353,35.74666],[139.4244,35.74255],[139.43453,35.74253],[139.43543,35.74705],[139.42738,35.74725]]]}},{"type":"Feature","bbox":[139.40706,35.74689,139.41757,35.76205],"properties":{"slug":"higashiyamato-imokubo","name":"Imokubo","name_local":"芋窪","ward":"Higashiyamato","ward_slug":"higashiyamato","gruppo":"higashiyamato-imokubo","gruppo_name":"Imokubo","usato":false},"geometry":{"type":"Polygon","coordinates":[[[139.41683,35.75749],[139.41631,35.7555],[139.41548,35.75505],[139.41648,35.75359],[139.4157,35.75268],[139.41563,35.75192],[139.41741,35.75152],[139.41687,35.7503],[139.41723,35.75017],[139.4161,35.74996],[139.41572,35.74917],[139.41757,35.74845],[139.41709,35.74689],[139.40719,35.74857],[139.4073,35.7529],[139.409,35.75515],[139.40902,35.75605],[139.40973,35.75716],[139.40914,35.75897],[139.40868,35.75901],[139.40795,35.7605],[139.40706,35.76112],[139.40879,35.76205],[139.41242,35.76132],[139.41449,35.76015],[139.41524,35.75871],[139.41683,35.75749]]]}},{"type":"Feature","bbox":[139.41036,35.73857,139.41674,35.74807],"properties":{"slug":"higashiyamato-kamikitadai","name":"Kamikitadai","name_local":"上北台","ward":"Higashiyamato","ward_slug":"higashiyamato","gruppo":"higashiyamato-kamikitadai","gruppo_name":"Kamikitadai","usato":false},"geometry":{"type":"Polygon","coordinates":[[[139.41585,35.74711],[139.41591,35.74335],[139.41674,35.73857],[139.41135,35.73992],[139.41055,35.74207],[139.41036,35.74807],[139.41585,35.74711]]]}},{"type":"Feature","bbox":[139.44414,35.73838,139.45127,35.74589],"properties":{"slug":"higashiyamato-kiyohara","name":"Kiyohara","name_local":"清原","ward":"Higashiyamato","ward_slug":"higashiyamato","gruppo":"higashiyamato-kiyohara","gruppo_name":"Kiyohara","usato":false},"geometry":{"type":"Polygon","coordinates":[[[139.45085,35.74201],[139.44994,35.74094],[139.44486,35.73838],[139.4442,35.74544],[139.44451,35.74541],[139.44447,35.74589],[139.45107,35.74521],[139.45085,35.74201]]]}},{"type":"Feature","bbox":[139.42368,35.75373,139.43651,35.7609],"properties":{"slug":"higashiyamato-kohan","name":"Kohan","name_local":"湖畔","ward":"Higashiyamato","ward_slug":"higashiyamato","gruppo":"higashiyamato-kohan","gruppo_name":"Kohan","usato":false},"geometry":{"type":"Polygon","coordinates":[[[139.42734,35.75795],[139.42827,35.75928],[139.4295,35.75936],[139.4302,35.76053],[139.43253,35.76003],[139.43399,35.76029],[139.43482,35.7609],[139.43513,35.76083],[139.43472,35.76074],[139.43473,35.76023],[139.43511,35.76014],[139.43546,35.75901],[139.43651,35.75813],[139.43637,35.75771],[139.43553,35.75783],[139.43551,35.75699],[139.43399,35.75752],[139.43296,35.75658],[139.43317,35.75628],[139.43194,35.75373],[139.42897,35.75429],[139.42709,35.75501],[139.4265,35.75571],[139.42602,35.75561],[139.42595,35.75635],[139.42524,35.75623],[139.42493,35.75698],[139.42368,35.75784],[139.42387,35.75943],[139.42546,35.75762],[139.42734,35.75795]]]}},{"type":"Feature","bbox":[139.43339,35.73319,139.44493,35.74273],"properties":{"slug":"higashiyamato-mukohara","name":"Mukohara","name_local":"向原","ward":"Higashiyamato","ward_slug":"higashiyamato","gruppo":"higashiyamato-mukohara","gruppo_name":"Mukohara","usato":false},"geometry":{"type":"Polygon","coordinates":[[[139.44477,35.73518],[139.44233,35.73636],[139.43561,35.73319],[139.43502,35.73442],[139.43554,35.73459],[139.43505,35.73678],[139.43433,35.73677],[139.43462,35.73742],[139.43521,35.73755],[139.43523,35.73831],[139.43461,35.73833],[139.43434,35.73776],[139.43357,35.73791],[139.43339,35.7384],[139.43376,35.73859],[139.43355,35.73899],[139.43437,35.7392],[139.43364,35.74096],[139.4344,35.74112],[139.43458,35.74052],[139.43501,35.74062],[139.43453,35.74253],[139.44464,35.74273],[139.44477,35.73518]]]}},{"type":"Feature","bbox":[139.43453,35.74253,139.44464,35.74705],"properties":{"slug":"higashiyamato-nakahara","name":"Nakahara","name_local":"仲原","ward":"Higashiyamato","ward_slug":"higashiyamato","gruppo":"higashiyamato-nakahara","gruppo_name":"Nakahara","usato":false},"geometry":{"type":"Polygon","coordinates":[[[139.44253,35.74608],[139.44447,35.74589],[139.44414,35.74449],[139.44457,35.74412],[139.44464,35.74273],[139.43453,35.74253],[139.43543,35.74705],[139.43916,35.74686],[139.44253,35.74608]]]}},{"type":"Feature","bbox":[139.4244,35.73402,139.43554,35.74255],"properties":{"slug":"higashiyamato-nangai","name":"Nangai","name_local":"南街","ward":"Higashiyamato","ward_slug":"higashiyamato","gruppo":"higashiyamato-nangai","gruppo_name":"Nangai","usato":false},"geometry":{"type":"Polygon","coordinates":[[[139.42495,35.73641],[139.43348,35.73402],[139.43508,35.73424],[139.43554,35.73459],[139.43505,35.73678],[139.43433,35.73677],[139.43462,35.73742],[139.43521,35.73755],[139.43523,35.73831],[139.43461,35.73833],[139.43434,35.73776],[139.43357,35.73791],[139.43339,35.7384],[139.43376,35.73859],[139.43355,35.73899],[139.43437,35.7392],[139.43364,35.74096],[139.4344,35.74112],[139.43458,35.74052],[139.43501,35.74062],[139.43453,35.74253],[139.4244,35.74255],[139.42533,35.73806],[139.42495,35.73641]]]}},{"type":"Feature","bbox":[139.42078,35.74666,139.4332,35.7595],"properties":{"slug":"higashiyamato-narahashi","name":"Narahashi","name_local":"奈良橋","ward":"Higashiyamato","ward_slug":"higashiyamato","gruppo":"higashiyamato-narahashi","gruppo_name":"Narahashi","usato":false},"geometry":{"type":"Polygon","coordinates":[[[139.42387,35.75943],[139.42368,35.75784],[139.42493,35.75698],[139.42524,35.75623],[139.42595,35.75635],[139.42602,35.75561],[139.4265,35.75571],[139.42709,35.75501],[139.43034,35.75395],[139.43017,35.75264],[139.43247,35.75211],[139.4332,35.75148],[139.43246,35.75003],[139.43169,35.75004],[139.43104,35.74921],[139.4305,35.74728],[139.42353,35.74666],[139.42279,35.75012],[139.4216,35.75129],[139.4218,35.75189],[139.42249,35.7522],[139.42193,35.75318],[139.42167,35.75706],[139.42078,35.75753],[139.42278,35.7595],[139.42387,35.75943]]]}},{"type":"Feature","bbox":[139.43697,35.73297,139.45319,35.73777],"properties":{"slug":"higashiyamato-sakaecho","name":"Sakaecho","name_local":"栄町","ward":"Higashiyamato","ward_slug":"higashiyamato","gruppo":"higashiyamato-sakaecho","gruppo_name":"Sakaecho","usato":false},"geometry":{"type":"Polygon","coordinates":[[[139.45143,35.73698],[139.44642,35.73493],[139.44483,35.73516],[139.44233,35.73636],[139.43697,35.73383],[139.45275,35.73297],[139.45319,35.73777],[139.45143,35.73698]]]}},{"type":"Feature","bbox":[139.41123,35.73004,139.43561,35.73984],"properties":{"slug":"higashiyamato-sakuragaoka","name":"Sakuragaoka","name_local":"桜が丘","ward":"Higashiyamato","ward_slug":"higashiyamato","gruppo":"higashiyamato-sakuragaoka","gruppo_name":"Sakuragaoka","usato":false},"geometry":{"type":"Polygon","coordinates":[[[139.42879,35.73004],[139.43561,35.73319],[139.43508,35.73424],[139.43348,35.73402],[139.41169,35.73984],[139.4116,35.73932],[139.41207,35.73927],[139.41221,35.73849],[139.41123,35.73748],[139.41197,35.73705],[139.41301,35.73717],[139.41269,35.73608],[139.41402,35.73652],[139.41489,35.73293],[139.41671,35.7321],[139.42227,35.73145],[139.42671,35.7315],[139.42643,35.73012],[139.42879,35.73004]]]}},{"type":"Feature","bbox":[139.43244,35.74608,139.44253,35.76084],"properties":{"slug":"higashiyamato-sayama","name":"Sayama","name_local":"狭山","ward":"Higashiyamato","ward_slug":"higashiyamato","gruppo":"higashiyamato-sayama","gruppo_name":"Sayama","usato":false},"geometry":{"type":"Polygon","coordinates":[[[139.44035,35.75699],[139.43991,35.75643],[139.44016,35.75604],[139.43943,35.75559],[139.44082,35.75514],[139.44163,35.75366],[139.44253,35.74608],[139.43806,35.74693],[139.43828,35.74799],[139.4374,35.74824],[139.43905,35.75382],[139.43767,35.75457],[139.43244,35.75495],[139.43317,35.75628],[139.43296,35.75658],[139.43399,35.75752],[139.43551,35.75699],[139.43553,35.75783],[139.43637,35.75771],[139.43651,35.75813],[139.43605,35.75823],[139.43617,35.75864],[139.43546,35.75901],[139.43511,35.76014],[139.43473,35.76023],[139.43483,35.76084],[139.43605,35.7602],[139.43773,35.76041],[139.4391,35.75993],[139.4382,35.75869],[139.44035,35.75699]]]}},{"type":"Feature","bbox":[139.43943,35.74519,139.45162,35.75699],"properties":{"slug":"higashiyamato-shimizu","name":"Shimizu","name_local":"清水","ward":"Higashiyamato","ward_slug":"higashiyamato","gruppo":"higashiyamato-shimizu","gruppo_name":"Shimizu","usato":false},"geometry":{"type":"Polygon","coordinates":[[[139.44035,35.75699],[139.44253,35.75582],[139.44325,35.75597],[139.44303,35.75662],[139.44345,35.75691],[139.44485,35.75537],[139.44636,35.75561],[139.44745,35.75257],[139.44691,35.75188],[139.44764,35.74983],[139.44726,35.74978],[139.44737,35.74921],[139.44913,35.74963],[139.44904,35.74906],[139.44823,35.74908],[139.44845,35.74773],[139.45007,35.74764],[139.45029,35.74658],[139.45138,35.74664],[139.45162,35.74559],[139.45121,35.74519],[139.44253,35.74608],[139.44163,35.75366],[139.44082,35.75514],[139.43943,35.75559],[139.44016,35.75604],[139.43991,35.75643],[139.44035,35.75699]]]}},{"type":"Feature","bbox":[139.44477,35.73496,139.45187,35.74201],"properties":{"slug":"higashiyamato-shinbori","name":"Shinbori","name_local":"新堀","ward":"Higashiyamato","ward_slug":"higashiyamato","gruppo":"higashiyamato-shinbori","gruppo_name":"Shinbori","usato":false},"geometry":{"type":"Polygon","coordinates":[[[139.44831,35.73557],[139.45143,35.73698],[139.45051,35.73707],[139.45006,35.738],[139.45064,35.73818],[139.4501,35.73879],[139.45154,35.73895],[139.45138,35.74046],[139.45187,35.74056],[139.45185,35.74116],[139.45106,35.74201],[139.44852,35.74009],[139.44486,35.73838],[139.44477,35.73518],[139.44679,35.73496],[139.44831,35.73557]]]}},{"type":"Feature","bbox":[139.43017,35.74693,139.43905,35.75514],"properties":{"slug":"higashiyamato-takagi","name":"Takagi","name_local":"高木","ward":"Higashiyamato","ward_slug":"higashiyamato","gruppo":"higashiyamato-takagi","gruppo_name":"Takagi","usato":false},"geometry":{"type":"Polygon","coordinates":[[[139.43244,35.75495],[139.43767,35.75457],[139.43905,35.75382],[139.4374,35.74824],[139.43828,35.74799],[139.43806,35.74693],[139.4305,35.74728],[139.43104,35.74921],[139.43169,35.75004],[139.43246,35.75003],[139.4332,35.75148],[139.43247,35.75211],[139.43017,35.75264],[139.43034,35.75395],[139.43194,35.75373],[139.43244,35.75495]]]}},{"type":"Feature","bbox":[139.39266,35.75582,139.44345,35.76942],"properties":{"slug":"higashiyamato-tamako","name":"Tamako","name_local":"多摩湖","ward":"Higashiyamato","ward_slug":"higashiyamato","gruppo":"higashiyamato-tamako","gruppo_name":"Tamako","usato":false},"geometry":{"type":"Polygon","coordinates":[[[139.39414,35.76281],[139.39607,35.76303],[139.39818,35.76268],[139.40239,35.7612],[139.4049,35.76228],[139.40705,35.76109],[139.40879,35.76205],[139.41242,35.76132],[139.41449,35.76015],[139.41524,35.75871],[139.41683,35.75749],[139.41789,35.75755],[139.4189,35.75819],[139.41996,35.75759],[139.42097,35.75778],[139.42278,35.7595],[139.42346,35.75958],[139.42589,35.75755],[139.42736,35.75797],[139.42831,35.7593],[139.4295,35.75936],[139.43025,35.76054],[139.43253,35.76003],[139.43493,35.76089],[139.43605,35.7602],[139.43773,35.76041],[139.4391,35.75993],[139.4382,35.75869],[139.44122,35.75643],[139.44253,35.75582],[139.44325,35.75597],[139.44303,35.75662],[139.44345,35.75683],[139.44064,35.76021],[139.44061,35.76331],[139.44006,35.76345],[139.44077,35.767],[139.4401,35.76744],[139.43957,35.76887],[139.43857,35.76924],[139.43756,35.76799],[139.43612,35.76748],[139.43322,35.76765],[139.43182,35.76666],[139.42916,35.76738],[139.42758,35.76684],[139.42503,35.76764],[139.42382,35.7673],[139.42205,35.76812],[139.41962,35.76623],[139.41794,35.76657],[139.41623,35.76633],[139.41584,35.76714],[139.41389,35.7675],[139.41313,35.76832],[139.41194,35.76826],[139.40965,35.76899],[139.40727,35.76873],[139.40432,35.76942],[139.40314,35.76871],[139.40168,35.76886],[139.40041,35.76842],[139.39969,35.76696],[139.39847,35.76595],[139.39807,35.76462],[139.39266,35.76362],[139.39308,35.76292],[139.39414,35.76281]]]}},{"type":"Feature","bbox":[139.41585,35.73641,139.4253,35.74711],"properties":{"slug":"higashiyamato-tateno","name":"Tateno","name_local":"立野","ward":"Higashiyamato","ward_slug":"higashiyamato","gruppo":"higashiyamato-tateno","gruppo_name":"Tateno","usato":false},"geometry":{"type":"Polygon","coordinates":[[[139.41585,35.74711],[139.41591,35.74335],[139.41674,35.73857],[139.42495,35.73641],[139.4253,35.73827],[139.42353,35.74666],[139.42023,35.7464],[139.41585,35.74711]]]}},{"type":"Feature","bbox":[139.41555,35.74638,139.42353,35.75819],"properties":{"slug":"higashiyamato-zoshiki","name":"Zoshiki","name_local":"蔵敷","ward":"Higashiyamato","ward_slug":"higashiyamato","gruppo":"higashiyamato-zoshiki","gruppo_name":"Zoshiki","usato":false},"geometry":{"type":"Polygon","coordinates":[[[139.42081,35.75774],[139.42082,35.75737],[139.42167,35.75706],[139.42193,35.75318],[139.42249,35.7522],[139.4218,35.75189],[139.4216,35.75129],[139.42279,35.75012],[139.42353,35.74666],[139.4206,35.74638],[139.41709,35.74689],[139.41757,35.74845],[139.41572,35.74917],[139.4161,35.74996],[139.41723,35.75017],[139.41687,35.7503],[139.41748,35.75114],[139.41741,35.75152],[139.41563,35.75192],[139.4157,35.75268],[139.41648,35.75359],[139.41575,35.75421],[139.41555,35.75532],[139.41631,35.7555],[139.41683,35.75749],[139.41789,35.75755],[139.4189,35.75819],[139.41996,35.75759],[139.42081,35.75774]]]}},{"type":"Feature","bbox":[139.41263,35.66193,139.43028,35.66832],"properties":{"slug":"hino-arai","name":"Arai","name_local":"新井","ward":"Hino","ward_slug":"hino","gruppo":"hino-arai","gruppo_name":"Arai","usato":false},"geometry":{"type":"Polygon","coordinates":[[[139.41263,35.66524],[139.41326,35.66476],[139.41582,35.66441],[139.41826,35.66301],[139.42014,35.66326],[139.42009,35.66285],[139.42062,35.66265],[139.42294,35.66259],[139.42284,35.66212],[139.42468,35.66193],[139.42595,35.66219],[139.42692,35.66303],[139.4291,35.66353],[139.43028,35.66458],[139.42816,35.66569],[139.42216,35.66709],[139.4192,35.66832],[139.4171,35.66827],[139.41713,35.66746],[139.41263,35.66524]]]}},{"type":"Feature","bbox":[139.35891,35.65209,139.37943,35.6658],"properties":{"slug":"hino-asahigaoka","name":"Asahigaoka","name_local":"旭が丘","ward":"Hino","ward_slug":"hino","gruppo":"hino-asahigaoka","gruppo_name":"Asahigaoka","usato":false},"geometry":{"type":"Polygon","coordinates":[[[139.36425,35.65584],[139.36474,35.65528],[139.36449,35.65428],[139.36512,35.65221],[139.3685,35.65209],[139.37116,35.65306],[139.37943,35.65833],[139.37374,35.65879],[139.37316,35.66041],[139.37422,35.66092],[139.37416,35.66133],[139.37255,35.66359],[139.37161,35.6658],[139.36963,35.66473],[139.36998,35.66419],[139.36935,35.66386],[139.35891,35.65925],[139.35999,35.65813],[139.36425,35.65584]]]}},{"type":"Feature","bbox":[139.37316,35.65839,139.37772,35.66187],"properties":{"slug":"hino-fujimachi","name":"Fujimachi","name_local":"富士町","ward":"Hino","ward_slug":"hino","gruppo":"hino-fujimachi","gruppo_name":"Fujimachi","usato":false},"geometry":{"type":"Polygon","coordinates":[[[139.37423,35.66096],[139.37316,35.66041],[139.37374,35.65879],[139.37612,35.65839],[139.37772,35.65864],[139.37723,35.66117],[139.37674,35.66111],[139.37663,35.66159],[139.37618,35.66187],[139.37423,35.66096]]]}},{"type":"Feature","bbox":[139.36895,35.64702,139.38154,35.65696],"properties":{"slug":"hino-higashi-hirayama","name":"Higashi Hirayama","name_local":"東平山","ward":"Hino","ward_slug":"hino","gruppo":"hino-hirayama","gruppo_name":"Hirayama","usato":false},"geometry":{"type":"Polygon","coordinates":[[[139.37804,35.64702],[139.38154,35.65088],[139.38068,35.65167],[139.38083,35.65294],[139.37728,35.65696],[139.37116,35.65306],[139.36895,35.65218],[139.36929,35.65081],[139.37105,35.64947],[139.37525,35.65075],[139.37552,35.6499],[139.37804,35.64702]]]}},{"type":"Feature","bbox":[139.38359,35.65819,139.39852,35.66838],"properties":{"slug":"hino-higashi-toyoda","name":"Higashi Toyoda","name_local":"東豊田","ward":"Hino","ward_slug":"hino","gruppo":"hino-toyoda","gruppo_name":"Toyoda","usato":false},"geometry":{"type":"Polygon","coordinates":[[[139.39335,35.66654],[139.39405,35.66755],[139.39233,35.6681],[139.39181,35.66777],[139.39186,35.66838],[139.39033,35.66812],[139.39013,35.66754],[139.38911,35.66756],[139.38544,35.66607],[139.38359,35.66306],[139.38872,35.66015],[139.38854,35.65987],[139.38955,35.65936],[139.38929,35.65915],[139.38965,35.65885],[139.38993,35.65908],[139.39162,35.65819],[139.39329,35.66098],[139.39852,35.66334],[139.39519,35.66446],[139.39496,35.6651],[139.39325,35.66616],[139.39335,35.66654]]]}},{"type":"Feature","bbox":[139.39873,35.66947,139.419,35.68507],"properties":{"slug":"hino-hino","name":"Hino","name_local":"日野","ward":"Hino","ward_slug":"hino","gruppo":"hino-hino","gruppo_name":"Hino","usato":false},"geometry":{"type":"Polygon","coordinates":[[[139.40135,35.67494],[139.40172,35.67431],[139.40021,35.67365],[139.40039,35.6733],[139.4,35.67303],[139.40049,35.67209],[139.39892,35.67119],[139.39894,35.66954],[139.40078,35.66947],[139.40335,35.67119],[139.4053,35.67108],[139.40683,35.67188],[139.40887,35.67178],[139.4088,35.67261],[139.4084,35.67254],[139.40827,35.67307],[139.40869,35.67358],[139.40825,35.674],[139.40868,35.6747],[139.41351,35.67515],[139.4175,35.67618],[139.41596,35.67718],[139.41672,35.678],[139.4162,35.67886],[139.419,35.68217],[139.40742,35.68507],[139.40611,35.68201],[139.40388,35.68004],[139.40246,35.67677],[139.40237,35.67534],[139.40197,35.67529],[139.40197,35.67487],[139.40135,35.67494]]]}},{"type":"Feature","bbox":[139.39275,35.67487,139.40742,35.68805],"properties":{"slug":"hino-hino-honmachi","name":"Hino honmachi","name_local":"日野本町","ward":"Hino","ward_slug":"hino","gruppo":"hino-hino-honmachi","gruppo_name":"Hino honmachi","usato":false},"geometry":{"type":"Polygon","coordinates":[[[139.39391,35.67952],[139.39433,35.6795],[139.39275,35.67682],[139.39732,35.67551],[139.40197,35.67487],[139.40388,35.68004],[139.40611,35.68201],[139.40742,35.68507],[139.39851,35.68805],[139.39391,35.67952]]]}},{"type":"Feature","bbox":[139.3708,35.66886,139.38762,35.6805],"properties":{"slug":"hino-hinodai","name":"Hinodai","name_local":"日野台","ward":"Hino","ward_slug":"hino","gruppo":"hino-hinodai","gruppo_name":"Hinodai","usato":false},"geometry":{"type":"Polygon","coordinates":[[[139.37424,35.67021],[139.3849,35.67398],[139.38762,35.67755],[139.38572,35.67735],[139.38404,35.67795],[139.38506,35.67843],[139.38454,35.67928],[139.38473,35.68],[139.38386,35.6802],[139.37976,35.6805],[139.3759,35.67982],[139.37669,35.67823],[139.37608,35.67656],[139.37632,35.67604],[139.37215,35.67199],[139.3708,35.66886],[139.37424,35.67021]]]}},{"type":"Feature","bbox":[139.37646,35.63939,139.39262,35.65412],"properties":{"slug":"hino-hirayama","name":"Hirayama","name_local":"平山","ward":"Hino","ward_slug":"hino","gruppo":"hino-hirayama","gruppo_name":"Hirayama","usato":false},"geometry":{"type":"Polygon","coordinates":[[[139.39262,35.64481],[139.38969,35.6441],[139.38898,35.64339],[139.38895,35.64244],[139.38778,35.64057],[139.38652,35.64057],[139.38501,35.64145],[139.38388,35.64146],[139.38295,35.6409],[139.38185,35.64146],[139.37959,35.63993],[139.378,35.63939],[139.37692,35.6412],[139.37805,35.64131],[139.37807,35.64177],[139.37716,35.64237],[139.37759,35.64263],[139.37863,35.64199],[139.3791,35.64347],[139.37646,35.64548],[139.38287,35.65215],[139.38874,35.65412],[139.39011,35.65108],[139.38986,35.64943],[139.39198,35.64668],[139.39202,35.6453],[139.39262,35.64481]]]}},{"type":"Feature","bbox":[139.38812,35.63977,139.41827,35.65766],"properties":{"slug":"hino-hodokubo","name":"Hodokubo","name_local":"程久保","ward":"Hino","ward_slug":"hino","gruppo":"hino-hodokubo","gruppo_name":"Hodokubo","usato":false},"geometry":{"type":"Polygon","coordinates":[[[139.41709,35.6492],[139.41749,35.64958],[139.41711,35.65105],[139.41824,35.65087],[139.41827,35.6533],[139.41683,35.65312],[139.41584,35.65392],[139.41383,35.65445],[139.41367,35.65613],[139.41293,35.65766],[139.41188,35.65664],[139.4114,35.65725],[139.41058,35.65641],[139.40967,35.65673],[139.40857,35.65633],[139.40961,35.65567],[139.40842,35.65557],[139.40817,35.65528],[139.40858,35.65481],[139.4082,35.65421],[139.40702,35.65387],[139.4051,35.65375],[139.40471,35.65514],[139.40176,35.65484],[139.40149,35.65399],[139.40056,35.65406],[139.40018,35.65332],[139.39904,35.65285],[139.39924,35.65088],[139.39857,35.65105],[139.39647,35.64984],[139.39533,35.64968],[139.39433,35.64714],[139.39517,35.64603],[139.39474,35.6457],[139.39481,35.64516],[139.39384,35.64424],[139.39262,35.64481],[139.38969,35.6441],[139.38898,35.64339],[139.38895,35.64244],[139.38812,35.64105],[139.38848,35.64083],[139.39025,35.64139],[139.39144,35.64085],[139.39243,35.63978],[139.39408,35.64032],[139.39516,35.63987],[139.39606,35.6405],[139.39805,35.6402],[139.39939,35.6416],[139.40073,35.64167],[139.40128,35.64251],[139.40471,35.64359],[139.40525,35.6447],[139.40652,35.64462],[139.40709,35.64535],[139.40787,35.64529],[139.40814,35.64478],[139.40985,35.64463],[139.41283,35.6466],[139.415,35.64703],[139.41709,35.6492]]]}},{"type":"Feature","bbox":[139.41584,35.66322,139.43505,35.68217],"properties":{"slug":"hino-ishida","name":"Ishida","name_local":"石田","ward":"Hino","ward_slug":"hino","gruppo":"hino-ishida","gruppo_name":"Ishida","usato":false},"geometry":{"type":"MultiPolygon","coordinates":[[[[139.42059,35.67051],[139.42685,35.67375],[139.43505,35.66574],[139.43262,35.66322],[139.42783,35.66579],[139.42216,35.66709],[139.41931,35.66831],[139.41629,35.66818],[139.41584,35.66994],[139.42059,35.67051]]],[[[139.4175,35.67618],[139.41821,35.67615],[139.42317,35.67825],[139.419,35.68217],[139.4162,35.67886],[139.41672,35.678],[139.41596,35.67718],[139.4175,35.67618]]]]}},{"type":"Feature","bbox":[139.40133,35.66491,139.4082,35.67069],"properties":{"slug":"hino-kamida","name":"Kamida","name_local":"上田","ward":"Hino","ward_slug":"hino","gruppo":"hino-kamida","gruppo_name":"Kamida","usato":false},"geometry":{"type":"Polygon","coordinates":[[[139.40214,35.67023],[139.40326,35.67022],[139.40332,35.67069],[139.40508,35.67058],[139.40487,35.67001],[139.40325,35.67019],[139.40331,35.66928],[139.4051,35.6695],[139.40523,35.67015],[139.40613,35.6702],[139.40623,35.66976],[139.40817,35.67006],[139.40741,35.66745],[139.40671,35.66669],[139.40753,35.66533],[139.4073,35.66491],[139.40508,35.66553],[139.40241,35.66514],[139.40205,35.66669],[139.40134,35.66667],[139.40133,35.6679],[139.40336,35.66795],[139.40347,35.66872],[139.40214,35.67023]]]}},{"type":"Feature","bbox":[139.39407,35.66334,139.40347,35.67023],"properties":{"slug":"hino-kawabe-horinouchi","name":"Kawabe horinouchi","name_local":"川辺堀之内","ward":"Hino","ward_slug":"hino","gruppo":"hino-kawabe-horinouchi","gruppo_name":"Kawabe horinouchi","usato":false},"geometry":{"type":"Polygon","coordinates":[[[139.40214,35.67023],[139.40347,35.66872],[139.40336,35.66795],[139.40133,35.6679],[139.40134,35.66667],[139.40205,35.66669],[139.40241,35.66514],[139.39852,35.66334],[139.39503,35.66464],[139.39467,35.6666],[139.39407,35.66751],[139.39614,35.66844],[139.39814,35.66849],[139.39919,35.66964],[139.40078,35.66947],[139.40214,35.67023]]]}},{"type":"Feature","bbox":[139.40671,35.6645,139.42685,35.67825],"properties":{"slug":"hino-manganji","name":"Manganji","name_local":"万願寺","ward":"Hino","ward_slug":"hino","gruppo":"hino-manganji","gruppo_name":"Manganji","usato":false},"geometry":{"type":"Polygon","coordinates":[[[139.4175,35.67618],[139.41821,35.67615],[139.42317,35.67825],[139.42685,35.67375],[139.42017,35.67033],[139.41584,35.66994],[139.41629,35.66818],[139.4171,35.66827],[139.41713,35.66746],[139.41302,35.66532],[139.40928,35.6645],[139.4073,35.66491],[139.40753,35.66533],[139.40671,35.66669],[139.40741,35.66745],[139.40867,35.67096],[139.40874,35.67134],[139.40814,35.67147],[139.40887,35.67178],[139.4088,35.67261],[139.4084,35.67254],[139.40827,35.67307],[139.40869,35.67358],[139.40825,35.674],[139.40868,35.6747],[139.41351,35.67515],[139.4175,35.67618]]]}},{"type":"Feature","bbox":[139.38874,35.64424,139.40918,35.66553],"properties":{"slug":"hino-minamidaira","name":"Minamidaira","name_local":"南平","ward":"Hino","ward_slug":"hino","gruppo":"hino-minamidaira","gruppo_name":"Minamidaira","usato":false},"geometry":{"type":"Polygon","coordinates":[[[139.40471,35.65514],[139.40167,35.65481],[139.40149,35.65399],[139.40056,35.65406],[139.40018,35.65332],[139.39904,35.65285],[139.39924,35.65088],[139.39857,35.65105],[139.39647,35.64984],[139.39533,35.64968],[139.39527,35.64896],[139.39466,35.6487],[139.39433,35.64714],[139.39521,35.64587],[139.39474,35.6457],[139.39481,35.64516],[139.39384,35.64424],[139.39214,35.645],[139.39198,35.64668],[139.38986,35.64943],[139.39011,35.65108],[139.38874,35.65412],[139.39007,35.65548],[139.39329,35.66098],[139.40241,35.66514],[139.40508,35.66553],[139.4073,35.66491],[139.40671,35.6633],[139.40733,35.66281],[139.40794,35.66304],[139.40896,35.66078],[139.40918,35.65869],[139.40868,35.65838],[139.40869,35.65781],[139.40537,35.65616],[139.40471,35.65514]]]}},{"type":"Feature","bbox":[139.40471,35.653,139.42927,35.66286],"properties":{"slug":"hino-misawa","name":"Misawa","name_local":"三沢","ward":"Hino","ward_slug":"hino","gruppo":"hino-misawa","gruppo_name":"Misawa","usato":false},"geometry":{"type":"Polygon","coordinates":[[[139.41827,35.6533],[139.41683,35.65312],[139.41584,35.65392],[139.41383,35.65445],[139.41367,35.65613],[139.41293,35.65766],[139.41188,35.65664],[139.4114,35.65725],[139.41058,35.65641],[139.40967,35.65673],[139.40857,35.65633],[139.40965,35.6558],[139.4083,35.65546],[139.40858,35.65481],[139.4082,35.65421],[139.4051,35.65375],[139.40471,35.65517],[139.40537,35.65616],[139.40869,35.65781],[139.40868,35.65838],[139.40992,35.65897],[139.41024,35.65986],[139.41255,35.6598],[139.41375,35.659],[139.41402,35.65946],[139.41485,35.65918],[139.41512,35.66041],[139.41979,35.66085],[139.42009,35.66285],[139.42294,35.66259],[139.42284,35.66212],[139.42468,35.66193],[139.42618,35.66238],[139.42621,35.66084],[139.42574,35.66073],[139.42591,35.6594],[139.42838,35.65952],[139.42831,35.65836],[139.42797,35.65823],[139.429,35.65799],[139.42927,35.6547],[139.42466,35.65403],[139.42333,35.65468],[139.42012,35.653],[139.41909,35.65441],[139.41846,35.65458],[139.41827,35.6533]]]}},{"type":"Feature","bbox":[139.40214,35.66928,139.40874,35.67188],"properties":{"slug":"hino-miya","name":"Miya","name_local":"宮","ward":"Hino","ward_slug":"hino","gruppo":"hino-miya","gruppo_name":"Miya","usato":false},"geometry":{"type":"Polygon","coordinates":[[[139.40826,35.67175],[139.40814,35.67135],[139.40874,35.67134],[139.40826,35.67008],[139.40623,35.66976],[139.40613,35.6702],[139.40523,35.67015],[139.4051,35.6695],[139.40331,35.66928],[139.40325,35.67019],[139.40487,35.67001],[139.40508,35.67058],[139.40332,35.67069],[139.40326,35.67022],[139.40214,35.67023],[139.40335,35.67119],[139.4053,35.67108],[139.40683,35.67188],[139.40826,35.67175]]]}},{"type":"Feature","bbox":[139.41709,35.64365,139.44069,35.66455],"properties":{"slug":"hino-mogusa","name":"Mogusa","name_local":"百草","ward":"Hino","ward_slug":"hino","gruppo":"hino-mogusa","gruppo_name":"Mogusa","usato":false},"geometry":{"type":"MultiPolygon","coordinates":[[[[139.42927,35.6547],[139.43078,35.65547],[139.4338,35.65493],[139.43402,35.65521],[139.43357,35.65593],[139.43408,35.65602],[139.43691,35.65304],[139.43647,35.65278],[139.43664,35.65238],[139.43767,35.65213],[139.43712,35.65147],[139.43732,35.64997],[139.43405,35.65086],[139.4335,35.64972],[139.43375,35.6487],[139.43343,35.64818],[139.43008,35.64757],[139.4299,35.64716],[139.43122,35.64695],[139.431,35.64656],[139.43021,35.64595],[139.42767,35.6457],[139.42726,35.64365],[139.426,35.64434],[139.42552,35.64538],[139.42186,35.64633],[139.42131,35.64731],[139.41921,35.64771],[139.41709,35.6492],[139.41749,35.64958],[139.41711,35.65105],[139.41824,35.65087],[139.41824,35.65453],[139.41909,35.65441],[139.42012,35.653],[139.42333,35.65468],[139.42466,35.65403],[139.42927,35.6547]]],[[[139.43521,35.65613],[139.43559,35.65568],[139.43558,35.65614],[139.43521,35.65613]]],[[[139.42833,35.66194],[139.42807,35.6613],[139.4291,35.66109],[139.42921,35.6614],[139.42833,35.66194]]],[[[139.44069,35.65996],[139.43806,35.65793],[139.43612,35.65785],[139.43543,35.65726],[139.4349,35.65875],[139.43597,35.65922],[139.43491,35.66071],[139.43355,35.66066],[139.43432,35.65776],[139.43321,35.65755],[139.43314,35.65711],[139.43223,35.65758],[139.43158,35.65693],[139.43071,35.65754],[139.43084,35.65846],[139.43207,35.65846],[139.43214,35.65888],[139.43083,35.65896],[139.43089,35.66033],[139.43137,35.66084],[139.43132,35.66243],[139.43233,35.66185],[139.43193,35.66159],[139.43202,35.66068],[139.43347,35.66067],[139.43347,35.66117],[139.43615,35.66455],[139.44069,35.65996]]]]}},{"type":"Feature","bbox":[139.35709,35.64365,139.37804,35.66016],"properties":{"slug":"hino-nishi-hirayama","name":"Nishi Hirayama","name_local":"西平山","ward":"Hino","ward_slug":"hino","gruppo":"hino-hirayama","gruppo_name":"Hirayama","usato":false},"geometry":{"type":"Polygon","coordinates":[[[139.36884,35.65216],[139.36512,35.65221],[139.36447,35.65569],[139.36129,35.65773],[139.35999,35.65813],[139.35825,35.65978],[139.3573,35.66001],[139.35967,35.65728],[139.35919,35.6564],[139.35862,35.65628],[139.35872,35.65577],[139.35756,35.65615],[139.35709,35.65588],[139.35952,35.65365],[139.3604,35.65181],[139.36336,35.65016],[139.36379,35.64893],[139.36461,35.6486],[139.36547,35.64686],[139.36764,35.64494],[139.36923,35.64414],[139.37281,35.64365],[139.375,35.64444],[139.37804,35.64702],[139.37552,35.6499],[139.37525,35.65075],[139.37105,35.64947],[139.36929,35.65081],[139.36884,35.65216]]]}},{"type":"Feature","bbox":[139.42574,35.64992,139.44184,35.66574],"properties":{"slug":"hino-ochikawa","name":"Ochikawa","name_local":"落川","ward":"Hino","ward_slug":"hino","gruppo":"hino-ochikawa","gruppo_name":"Ochikawa","usato":false},"geometry":{"type":"MultiPolygon","coordinates":[[[[139.44184,35.65847],[139.44069,35.65996],[139.43806,35.65793],[139.43612,35.65785],[139.43543,35.65726],[139.4349,35.65875],[139.43597,35.65922],[139.43491,35.66071],[139.43355,35.66066],[139.43432,35.65776],[139.43321,35.65755],[139.43322,35.65712],[139.43223,35.65758],[139.43158,35.65693],[139.43086,35.65714],[139.43084,35.65846],[139.43207,35.65846],[139.43214,35.65888],[139.43083,35.65896],[139.43089,35.66033],[139.43137,35.66084],[139.43132,35.66243],[139.43233,35.66185],[139.43193,35.66159],[139.43202,35.66068],[139.43347,35.66067],[139.43347,35.66117],[139.43615,35.66455],[139.43505,35.66574],[139.43262,35.66322],[139.43028,35.66458],[139.4291,35.66353],[139.42692,35.66303],[139.42618,35.66238],[139.42621,35.66084],[139.42574,35.66073],[139.42591,35.6594],[139.42838,35.65952],[139.42831,35.65836],[139.42797,35.65823],[139.429,35.65799],[139.42927,35.6547],[139.43078,35.65547],[139.4338,35.65493],[139.43402,35.65521],[139.43357,35.65593],[139.43408,35.65602],[139.43691,35.65304],[139.43647,35.65278],[139.43664,35.65238],[139.43767,35.65213],[139.43851,35.65339],[139.43836,35.65425],[139.43899,35.65587],[139.44062,35.65644],[139.43933,35.65718],[139.44184,35.65847]]],[[[139.42833,35.66194],[139.42807,35.6613],[139.4291,35.66109],[139.42921,35.6614],[139.42833,35.66194]]],[[[139.43521,35.65613],[139.43559,35.65568],[139.43558,35.65614],[139.43521,35.65613]]],[[[139.43732,35.64997],[139.43703,35.65076],[139.43736,35.65185],[139.43801,35.65037],[139.43786,35.64992],[139.43732,35.64997]]]]}},{"type":"Feature","bbox":[139.38363,35.67035,139.39433,35.6795],"properties":{"slug":"hino-osakaue","name":"Osakaue","name_local":"大坂上","ward":"Hino","ward_slug":"hino","gruppo":"hino-osakaue","gruppo_name":"Osakaue","usato":false},"geometry":{"type":"Polygon","coordinates":[[[139.39275,35.67682],[139.39133,35.67035],[139.38496,35.6707],[139.38482,35.67272],[139.38408,35.67273],[139.38363,35.67343],[139.38559,35.67452],[139.38739,35.67739],[139.39177,35.67935],[139.39433,35.6795],[139.39275,35.67682]]]}},{"type":"Feature","bbox":[139.37626,35.67988,139.39851,35.69163],"properties":{"slug":"hino-sakaemachi","name":"Sakaemachi","name_local":"栄町","ward":"Hino","ward_slug":"hino","gruppo":"hino-sakaemachi","gruppo_name":"Sakaemachi","usato":false},"geometry":{"type":"Polygon","coordinates":[[[139.37989,35.68387],[139.38182,35.68346],[139.38273,35.68223],[139.38306,35.68356],[139.38279,35.68394],[139.38864,35.6824],[139.39294,35.68074],[139.39409,35.67988],[139.39851,35.68805],[139.39513,35.68918],[139.38769,35.69038],[139.38509,35.69128],[139.37626,35.69163],[139.37906,35.68796],[139.38013,35.68772],[139.38,35.68672],[139.37784,35.68775],[139.37751,35.68721],[139.37776,35.68669],[139.37695,35.6861],[139.37628,35.68619],[139.37741,35.6859],[139.3784,35.68616],[139.37989,35.68387]]]}},{"type":"Feature","bbox":[139.37058,35.66604,139.37577,35.67021],"properties":{"slug":"hino-sakuramachi","name":"Sakuramachi","name_local":"さくら町","ward":"Hino","ward_slug":"hino","gruppo":"hino-sakuramachi","gruppo_name":"Sakuramachi","usato":false},"geometry":{"type":"Polygon","coordinates":[[[139.37424,35.67021],[139.37058,35.66877],[139.37246,35.66604],[139.37577,35.66697],[139.37424,35.67021]]]}},{"type":"Feature","bbox":[139.37505,35.67733,139.39409,35.68632],"properties":{"slug":"hino-shinmachi","name":"Shinmachi","name_local":"新町","ward":"Hino","ward_slug":"hino","gruppo":"hino-shinmachi","gruppo_name":"Shinmachi","usato":false},"geometry":{"type":"Polygon","coordinates":[[[139.37839,35.68036],[139.38161,35.6805],[139.38473,35.68],[139.38454,35.67928],[139.38506,35.67843],[139.38404,35.67795],[139.38605,35.67733],[139.38762,35.67755],[139.39177,35.67935],[139.39391,35.67952],[139.39409,35.67988],[139.39088,35.68162],[139.38279,35.68394],[139.38306,35.68356],[139.38273,35.68223],[139.38182,35.68346],[139.37973,35.68397],[139.3784,35.68616],[139.37741,35.6859],[139.37611,35.68632],[139.37526,35.68561],[139.3761,35.68528],[139.3758,35.68474],[139.37506,35.68483],[139.37603,35.68384],[139.37542,35.68302],[139.37568,35.68237],[139.37505,35.68176],[139.37614,35.68094],[139.3759,35.67982],[139.37839,35.68036]]]}},{"type":"Feature","bbox":[139.39033,35.66751,139.40172,35.67682],"properties":{"slug":"hino-shinmei","name":"Shinmei","name_local":"神明","ward":"Hino","ward_slug":"hino","gruppo":"hino-shinmei","gruppo_name":"Shinmei","usato":false},"geometry":{"type":"Polygon","coordinates":[[[139.39407,35.66751],[139.39614,35.66844],[139.39814,35.66849],[139.39917,35.67015],[139.39873,35.67072],[139.39911,35.67156],[139.40054,35.67218],[139.4,35.67303],[139.40039,35.6733],[139.40021,35.67365],[139.40172,35.67431],[139.40135,35.67494],[139.39732,35.67551],[139.39275,35.67682],[139.3919,35.67209],[139.39033,35.66812],[139.39186,35.66838],[139.39181,35.66777],[139.39233,35.6681],[139.39407,35.66751]]]}},{"type":"Feature","bbox":[139.40671,35.65869,139.42014,35.66524],"properties":{"slug":"hino-takahata","name":"Takahata","name_local":"高幡","ward":"Hino","ward_slug":"hino","gruppo":"hino-takahata","gruppo_name":"Takahata","usato":false},"geometry":{"type":"Polygon","coordinates":[[[139.40918,35.65869],[139.40896,35.66078],[139.40794,35.66304],[139.40733,35.66281],[139.40671,35.6633],[139.4073,35.66491],[139.40928,35.6645],[139.41263,35.66524],[139.41326,35.66476],[139.41582,35.66441],[139.41826,35.66301],[139.42014,35.66326],[139.41979,35.66085],[139.41512,35.66041],[139.41485,35.65918],[139.41402,35.65946],[139.41375,35.659],[139.41255,35.6598],[139.41024,35.65986],[139.40992,35.65897],[139.40918,35.65869]]]}},{"type":"Feature","bbox":[139.37161,35.65833,139.39133,35.67343],"properties":{"slug":"hino-tamadaira","name":"Tamadaira","name_local":"多摩平","ward":"Hino","ward_slug":"hino","gruppo":"hino-tamadaira","gruppo_name":"Tamadaira","usato":false},"geometry":{"type":"Polygon","coordinates":[[[139.37246,35.66604],[139.37577,35.66697],[139.37424,35.67021],[139.38363,35.67343],[139.38408,35.67273],[139.38482,35.67272],[139.38496,35.6707],[139.39133,35.67035],[139.39084,35.67003],[139.39013,35.66754],[139.38911,35.66756],[139.38544,35.66607],[139.38389,35.664],[139.38359,35.66306],[139.38392,35.66282],[139.38271,35.66151],[139.38321,35.66111],[139.37943,35.65833],[139.37774,35.65854],[139.37723,35.66117],[139.37674,35.66111],[139.37618,35.66187],[139.37423,35.66096],[139.37178,35.66514],[139.37161,35.6658],[139.37246,35.66604]]]}},{"type":"Feature","bbox":[139.37728,35.65088,139.39162,35.66282],"properties":{"slug":"hino-toyoda","name":"Toyoda","name_local":"豊田","ward":"Hino","ward_slug":"hino","gruppo":"hino-toyoda","gruppo_name":"Toyoda","usato":false},"geometry":{"type":"Polygon","coordinates":[[[139.38154,35.65088],[139.38287,35.65215],[139.38874,35.65412],[139.39007,35.65548],[139.39162,35.65819],[139.38993,35.65908],[139.38965,35.65885],[139.38929,35.65915],[139.38955,35.65936],[139.38854,35.65987],[139.38872,35.66015],[139.38392,35.66282],[139.38271,35.66151],[139.38328,35.66123],[139.38267,35.66042],[139.37728,35.65696],[139.38083,35.65294],[139.38068,35.65167],[139.38154,35.65088]]]}},{"type":"Feature","bbox":[139.24405,35.73146,139.28465,35.76023],"properties":{"slug":"hinode-hirai","name":"Hirai","name_local":"平井","ward":"Hinode","ward_slug":"hinode","gruppo":"hinode-hirai","gruppo_name":"Hirai","usato":false},"geometry":{"type":"Polygon","coordinates":[[[139.24405,35.7388],[139.2451,35.73878],[139.24627,35.73984],[139.24815,35.74047],[139.25191,35.73963],[139.25191,35.74125],[139.25255,35.74205],[139.25386,35.74246],[139.25395,35.74355],[139.25344,35.74361],[139.25303,35.74428],[139.25489,35.74467],[139.25366,35.74507],[139.25287,35.74697],[139.25435,35.74803],[139.25523,35.74778],[139.25576,35.74976],[139.25308,35.75355],[139.25387,35.75503],[139.25349,35.75538],[139.25395,35.75599],[139.25348,35.75657],[139.25368,35.75815],[139.25494,35.75975],[139.25586,35.76023],[139.25586,35.75939],[139.26185,35.75559],[139.26756,35.75484],[139.26965,35.75348],[139.27199,35.75345],[139.27344,35.75391],[139.27546,35.75363],[139.27761,35.75229],[139.2785,35.74977],[139.27989,35.74935],[139.28067,35.74708],[139.28047,35.74438],[139.28,35.74337],[139.27956,35.74336],[139.2793,35.74207],[139.28278,35.74041],[139.28465,35.74059],[139.28415,35.73782],[139.28356,35.73785],[139.28438,35.73224],[139.28388,35.73146],[139.27957,35.73302],[139.27841,35.73393],[139.26284,35.73223],[139.26173,35.73374],[139.25844,35.73427],[139.25839,35.73528],[139.25795,35.73555],[139.25361,35.7366],[139.25147,35.73582],[139.25063,35.73643],[139.24543,35.73663],[139.24405,35.7388]]]}},{"type":"Feature","bbox":[139.16304,35.73878,139.25694,35.78919],"properties":{"slug":"hinode-oguno","name":"Oguno","name_local":"大久野","ward":"Hinode","ward_slug":"hinode","gruppo":"hinode-oguno","gruppo_name":"Oguno","usato":false},"geometry":{"type":"Polygon","coordinates":[[[139.24405,35.7388],[139.2451,35.73878],[139.24627,35.73984],[139.24815,35.74047],[139.25191,35.73963],[139.25191,35.74125],[139.25255,35.74205],[139.2537,35.74217],[139.25406,35.74308],[139.25395,35.74355],[139.25295,35.74409],[139.25316,35.74452],[139.25401,35.74427],[139.25489,35.74467],[139.25366,35.74507],[139.25287,35.74697],[139.25435,35.74803],[139.25523,35.74778],[139.25576,35.74976],[139.25308,35.75355],[139.25387,35.75503],[139.25349,35.75538],[139.25395,35.75599],[139.25348,35.75657],[139.25357,35.75769],[139.25494,35.75975],[139.25694,35.76101],[139.25624,35.76189],[139.25525,35.76196],[139.25495,35.76293],[139.25413,35.76351],[139.25429,35.76403],[139.25299,35.76398],[139.25191,35.76448],[139.25077,35.766],[139.24589,35.76738],[139.24264,35.76681],[139.2383,35.76701],[139.23812,35.76862],[139.23536,35.76937],[139.23374,35.76862],[139.2321,35.76876],[139.23078,35.76997],[139.22829,35.77081],[139.22744,35.77202],[139.22593,35.77186],[139.22414,35.77288],[139.22258,35.77245],[139.22085,35.77403],[139.21688,35.77281],[139.21541,35.77315],[139.21434,35.77409],[139.21053,35.77318],[139.20931,35.7746],[139.20937,35.77587],[139.20818,35.7764],[139.20644,35.77844],[139.20567,35.77829],[139.20488,35.77973],[139.20357,35.78016],[139.20222,35.78242],[139.20071,35.78328],[139.20053,35.78385],[139.19889,35.78445],[139.19834,35.78638],[139.1943,35.78738],[139.19221,35.78919],[139.1912,35.78868],[139.18879,35.78908],[139.18618,35.78778],[139.18153,35.7875],[139.17921,35.78613],[139.17562,35.78486],[139.17192,35.78211],[139.16657,35.78092],[139.16567,35.77956],[139.16304,35.77824],[139.1666,35.77554],[139.1671,35.77605],[139.17705,35.77077],[139.17898,35.77035],[139.18082,35.76832],[139.18091,35.76673],[139.18033,35.76548],[139.1806,35.76407],[139.18148,35.7629],[139.18554,35.76242],[139.18752,35.76111],[139.18918,35.76225],[139.19367,35.76077],[139.19588,35.75966],[139.19797,35.75775],[139.20002,35.75806],[139.20151,35.75745],[139.20177,35.75679],[139.20433,35.75579],[139.20508,35.7538],[139.20639,35.75375],[139.209,35.75221],[139.211,35.75179],[139.21194,35.75225],[139.21276,35.75205],[139.21239,35.74844],[139.21477,35.74668],[139.21499,35.74489],[139.21567,35.74441],[139.21858,35.74444],[139.2206,35.74306],[139.22188,35.74322],[139.22361,35.74129],[139.22534,35.74089],[139.22647,35.73992],[139.22822,35.74012],[139.22907,35.73948],[139.23464,35.73879],[139.23517,35.7392],[139.23772,35.73958],[139.23868,35.73935],[139.23952,35.73977],[139.24014,35.7391],[139.242,35.73926],[139.24405,35.7388]]]}},{"type":"Feature","bbox":[139.25576,35.74032,139.29666,35.76168],"properties":{"slug":"hinode-sugao","name":"Sugao","name_local":"菅生","ward":"Hinode","ward_slug":"hinode","gruppo":"hinode-sugao","gruppo_name":"Sugao","usato":false},"geometry":{"type":"Polygon","coordinates":[[[139.29257,35.74159],[139.29177,35.74291],[139.29197,35.74391],[139.29132,35.7447],[139.29227,35.74541],[139.29482,35.74556],[139.295,35.74763],[139.29666,35.74877],[139.29618,35.74986],[139.29539,35.75037],[139.29486,35.75226],[139.29564,35.7527],[139.29654,35.75455],[139.29558,35.75525],[139.29386,35.75567],[139.29354,35.75707],[139.29233,35.75756],[139.29009,35.76007],[139.28814,35.75961],[139.28752,35.76098],[139.27632,35.76168],[139.27443,35.7609],[139.26932,35.76113],[139.2669,35.75997],[139.26427,35.76055],[139.26351,35.75997],[139.26152,35.75983],[139.25686,35.76071],[139.25576,35.76005],[139.25586,35.75939],[139.26185,35.75559],[139.26756,35.75484],[139.26965,35.75348],[139.27199,35.75345],[139.27344,35.75391],[139.27546,35.75363],[139.27761,35.75229],[139.2785,35.74977],[139.27989,35.74935],[139.28067,35.74708],[139.28047,35.74438],[139.28,35.74337],[139.27956,35.74336],[139.2793,35.74207],[139.28333,35.74032],[139.28646,35.74129],[139.29257,35.74159]]]}},{"type":"Feature","bbox":[139.67606,35.77489,139.68379,35.7793],"properties":{"slug":"itabashi-aioicho","name":"Aioicho","name_local":"相生町","ward":"Itabashi","ward_slug":"itabashi","gruppo":"itabashi-aioicho","gruppo_name":"Aioicho","usato":false},"geometry":{"type":"Polygon","coordinates":[[[139.68075,35.7793],[139.67721,35.77861],[139.67745,35.77793],[139.67606,35.77783],[139.67607,35.77683],[139.68379,35.77489],[139.68075,35.7793]]]}},{"type":"Feature","bbox":[139.63494,35.76938,139.65213,35.78812],"properties":{"slug":"itabashi-akatsuka","name":"Akatsuka","name_local":"赤塚","ward":"Itabashi","ward_slug":"itabashi","gruppo":"itabashi-akatsuka","gruppo_name":"Akatsuka","usato":false},"geometry":{"type":"Polygon","coordinates":[[[139.64514,35.78556],[139.63868,35.78812],[139.63777,35.78811],[139.63804,35.78247],[139.63545,35.78005],[139.63675,35.77863],[139.63494,35.77629],[139.6403,35.7727],[139.64425,35.77076],[139.64796,35.76971],[139.65213,35.76938],[139.65082,35.77322],[139.65001,35.7798],[139.64896,35.78148],[139.64514,35.78556]]]}},{"type":"Feature","bbox":[139.63235,35.76851,139.65218,35.77484],"properties":{"slug":"itabashi-akatsuka-shimachi","name":"Akatsuka shimachi","name_local":"赤塚新町","ward":"Itabashi","ward_slug":"itabashi","gruppo":"itabashi-akatsuka-shimachi","gruppo_name":"Akatsuka shimachi","usato":false},"geometry":{"type":"Polygon","coordinates":[[[139.65213,35.76938],[139.64796,35.76971],[139.64509,35.77043],[139.64103,35.77229],[139.63708,35.77484],[139.63564,35.77378],[139.63501,35.77444],[139.6338,35.77273],[139.63288,35.77268],[139.63316,35.77209],[139.63235,35.77121],[139.63358,35.77061],[139.63354,35.76986],[139.63473,35.76987],[139.63482,35.7687],[139.64101,35.7688],[139.64268,35.77075],[139.64578,35.769],[139.64752,35.76851],[139.65218,35.76895],[139.65213,35.76938]]]}},{"type":"Feature","bbox":[139.69092,35.77155,139.70469,35.78428],"properties":{"slug":"itabashi-azusawa","name":"Azusawa","name_local":"小豆沢","ward":"Itabashi","ward_slug":"itabashi","gruppo":"itabashi-azusawa","gruppo_name":"Azusawa","usato":false},"geometry":{"type":"Polygon","coordinates":[[[139.69993,35.77155],[139.69092,35.78008],[139.69647,35.78094],[139.69657,35.7823],[139.69907,35.78227],[139.70241,35.78428],[139.70321,35.78219],[139.70255,35.78158],[139.70264,35.78109],[139.70469,35.77456],[139.70258,35.77365],[139.69993,35.77155]]]}},{"type":"Feature","bbox":[139.64514,35.78129,139.65128,35.78591],"properties":{"slug":"itabashi-daimon","name":"Daimon","name_local":"大門","ward":"Itabashi","ward_slug":"itabashi","gruppo":"itabashi-daimon","gruppo_name":"Daimon","usato":false},"geometry":{"type":"Polygon","coordinates":[[[139.64575,35.78591],[139.64514,35.78556],[139.64543,35.78521],[139.64911,35.78129],[139.64969,35.7816],[139.65128,35.78479],[139.64575,35.78591]]]}},{"type":"Feature","bbox":[139.69489,35.75858,139.70256,35.76297],"properties":{"slug":"itabashi-fujimi-cho","name":"Fujimi cho","name_local":"富士見町","ward":"Itabashi","ward_slug":"itabashi","gruppo":"itabashi-fujimi-cho","gruppo_name":"Fujimi cho","usato":false},"geometry":{"type":"Polygon","coordinates":[[[139.70245,35.76211],[139.70057,35.76252],[139.70049,35.76209],[139.69962,35.76216],[139.69523,35.76297],[139.69489,35.75858],[139.70256,35.76052],[139.70245,35.76211]]]}},{"type":"Feature","bbox":[139.67076,35.78703,139.69527,35.80093],"properties":{"slug":"itabashi-funado","name":"Funado","name_local":"舟渡","ward":"Itabashi","ward_slug":"itabashi","gruppo":"itabashi-funado","gruppo_name":"Funado","usato":false},"geometry":{"type":"Polygon","coordinates":[[[139.67107,35.79183],[139.67495,35.79122],[139.6811,35.79201],[139.68401,35.79174],[139.68699,35.79005],[139.68939,35.78703],[139.69063,35.79057],[139.69462,35.79559],[139.69527,35.79769],[139.6951,35.79975],[139.69242,35.80062],[139.6892,35.80093],[139.67994,35.79893],[139.67437,35.79912],[139.67153,35.79978],[139.67076,35.79633],[139.67171,35.79382],[139.67107,35.79183]]]}},{"type":"Feature","bbox":[139.69489,35.7554,139.7043,35.76052],"properties":{"slug":"itabashi-futaba-cho","name":"Futaba cho","name_local":"双葉町","ward":"Itabashi","ward_slug":"itabashi","gruppo":"itabashi-futaba-cho","gruppo_name":"Futaba cho","usato":false},"geometry":{"type":"Polygon","coordinates":[[[139.70256,35.76052],[139.69489,35.75858],[139.69492,35.75742],[139.70141,35.75631],[139.70308,35.75649],[139.7043,35.7554],[139.70315,35.75765],[139.70256,35.76052]]]}},{"type":"Feature","bbox":[139.673,35.77718,139.68075,35.79185],"properties":{"slug":"itabashi-hasune","name":"Hasune","name_local":"蓮根","ward":"Itabashi","ward_slug":"itabashi","gruppo":"itabashi-hasune","gruppo_name":"Hasune","usato":false},"geometry":{"type":"Polygon","coordinates":[[[139.68075,35.7793],[139.67721,35.77861],[139.67745,35.77793],[139.67606,35.77783],[139.67598,35.77718],[139.67379,35.77865],[139.67365,35.78126],[139.67455,35.78837],[139.673,35.7914],[139.67635,35.79127],[139.68,35.79185],[139.67895,35.78217],[139.68075,35.7793]]]}},{"type":"Feature","bbox":[139.69993,35.7668,139.70648,35.77454],"properties":{"slug":"itabashi-hasunumacho","name":"Hasunumacho","name_local":"蓮沼町","ward":"Itabashi","ward_slug":"itabashi","gruppo":"itabashi-hasunumacho","gruppo_name":"Hasunumacho","usato":false},"geometry":{"type":"Polygon","coordinates":[[[139.70344,35.7668],[139.69993,35.77155],[139.70258,35.77365],[139.70458,35.77454],[139.70436,35.7738],[139.70482,35.77374],[139.70544,35.77233],[139.70648,35.76789],[139.70344,35.7668]]]}},{"type":"Feature","bbox":[139.68346,35.75178,139.68984,35.75693],"properties":{"slug":"itabashi-higashiyamacho","name":"Higashiyamacho","name_local":"東山町","ward":"Itabashi","ward_slug":"itabashi","gruppo":"itabashi-higashiyamacho","gruppo_name":"Higashiyamacho","usato":false},"geometry":{"type":"Polygon","coordinates":[[[139.68984,35.75392],[139.68505,35.75693],[139.68487,35.75386],[139.68352,35.75379],[139.68346,35.752],[139.68771,35.75178],[139.68984,35.75392]]]}},{"type":"Feature","bbox":[139.70413,35.75081,139.70842,35.75716],"properties":{"slug":"itabashi-hikawa-cho","name":"Hikawa cho","name_local":"氷川町","ward":"Itabashi","ward_slug":"itabashi","gruppo":"itabashi-hikawa-cho","gruppo_name":"Hikawa cho","usato":false},"geometry":{"type":"Polygon","coordinates":[[[139.70551,35.75081],[139.70413,35.75392],[139.70494,35.75426],[139.7043,35.7554],[139.70669,35.75628],[139.707,35.75716],[139.70842,35.75334],[139.7084,35.75136],[139.70551,35.75081]]]}},{"type":"Feature","bbox":[139.70523,35.75677,139.71139,35.76286],"properties":{"slug":"itabashi-honcho","name":"Honcho","name_local":"本町","ward":"Itabashi","ward_slug":"itabashi","gruppo":"itabashi-honcho","gruppo_name":"Honcho","usato":false},"geometry":{"type":"Polygon","coordinates":[[[139.70523,35.7622],[139.70671,35.76207],[139.70974,35.76286],[139.70991,35.76116],[139.70944,35.761],[139.7095,35.76061],[139.71073,35.76098],[139.71139,35.75885],[139.70957,35.75757],[139.70979,35.75677],[139.70865,35.75726],[139.70718,35.7572],[139.70523,35.7622]]]}},{"type":"Feature","bbox":[139.70944,35.75885,139.71525,35.76328],"properties":{"slug":"itabashi-inaridai","name":"Inaridai","name_local":"稲荷台","ward":"Itabashi","ward_slug":"itabashi","gruppo":"itabashi-inaridai","gruppo_name":"Inaridai","usato":false},"geometry":{"type":"Polygon","coordinates":[[[139.71497,35.76168],[139.71525,35.76146],[139.71221,35.75892],[139.71139,35.75885],[139.71073,35.76098],[139.7095,35.76061],[139.70944,35.761],[139.70991,35.76116],[139.70983,35.76242],[139.71258,35.76328],[139.71315,35.76327],[139.71497,35.76168]]]}},{"type":"Feature","bbox":[139.70823,35.74518,139.72275,35.75588],"properties":{"slug":"itabashi-itabashi","name":"Itabashi","name_local":"板橋","ward":"Itabashi","ward_slug":"itabashi","gruppo":"itabashi-itabashi","gruppo_name":"Itabashi","usato":false},"geometry":{"type":"Polygon","coordinates":[[[139.71963,35.74518],[139.71478,35.74599],[139.71449,35.74544],[139.71386,35.74548],[139.70917,35.74634],[139.70927,35.74683],[139.70823,35.74698],[139.70845,35.7522],[139.70966,35.75161],[139.71285,35.7528],[139.71108,35.75468],[139.7123,35.75588],[139.71577,35.75314],[139.71784,35.75328],[139.72028,35.75244],[139.72122,35.75274],[139.72275,35.752],[139.72176,35.74898],[139.72217,35.7488],[139.72174,35.74799],[139.72221,35.74746],[139.72132,35.74747],[139.72123,35.74629],[139.72019,35.74673],[139.71963,35.74518]]]}},{"type":"Feature","bbox":[139.6977,35.7648,139.70371,35.76901],"properties":{"slug":"itabashi-izumicho","name":"Izumicho","name_local":"泉町","ward":"Itabashi","ward_slug":"itabashi","gruppo":"itabashi-izumicho","gruppo_name":"Izumicho","usato":false},"geometry":{"type":"Polygon","coordinates":[[[139.70208,35.76901],[139.69928,35.76872],[139.6977,35.76633],[139.69844,35.76512],[139.69894,35.7648],[139.70371,35.76608],[139.70208,35.76901]]]}},{"type":"Feature","bbox":[139.71184,35.752,139.72241,35.76146],"properties":{"slug":"itabashi-kaga","name":"Kaga","name_local":"加賀","ward":"Itabashi","ward_slug":"itabashi","gruppo":"itabashi-kaga","gruppo_name":"Kaga","usato":false},"geometry":{"type":"Polygon","coordinates":[[[139.71776,35.75856],[139.7192,35.75717],[139.7192,35.75671],[139.72114,35.75542],[139.72022,35.75502],[139.72241,35.75355],[139.7224,35.752],[139.72122,35.75274],[139.72028,35.75244],[139.71784,35.75328],[139.71577,35.75314],[139.7123,35.75588],[139.71348,35.75722],[139.71184,35.75861],[139.71525,35.76146],[139.71629,35.76072],[139.71776,35.75856]]]}},{"type":"Feature","bbox":[139.669,35.75973,139.67972,35.76719],"properties":{"slug":"itabashi-kami-itabashi","name":"Kami Itabashi","name_local":"上板橋","ward":"Itabashi","ward_slug":"itabashi","gruppo":"itabashi-itabashi","gruppo_name":"Itabashi","usato":false},"geometry":{"type":"Polygon","coordinates":[[[139.67611,35.76589],[139.669,35.76719],[139.67073,35.76224],[139.67961,35.75973],[139.67945,35.76231],[139.67616,35.76386],[139.67611,35.76589]]]}},{"type":"Feature","bbox":[139.67231,35.74393,139.68551,35.75512],"properties":{"slug":"itabashi-komone","name":"Komone","name_local":"小茂根","ward":"Itabashi","ward_slug":"itabashi","gruppo":"itabashi-komone","gruppo_name":"Komone","usato":false},"geometry":{"type":"Polygon","coordinates":[[[139.68496,35.74788],[139.68381,35.74807],[139.6843,35.74696],[139.68408,35.74618],[139.68266,35.74474],[139.68086,35.7445],[139.68098,35.74393],[139.67577,35.7456],[139.67231,35.74451],[139.67236,35.74568],[139.67498,35.75174],[139.67441,35.75286],[139.67358,35.75328],[139.67331,35.75472],[139.67403,35.75512],[139.67561,35.75479],[139.67934,35.75229],[139.68551,35.75186],[139.68496,35.74788]]]}},{"type":"Feature","bbox":[139.70205,35.74087,139.70916,35.74495],"properties":{"slug":"itabashi-kumano-cho","name":"Kumano cho","name_local":"熊野町","ward":"Itabashi","ward_slug":"itabashi","gruppo":"itabashi-kumano-cho","gruppo_name":"Kumano cho","usato":false},"geometry":{"type":"Polygon","coordinates":[[[139.70205,35.74495],[139.70658,35.74484],[139.70667,35.74436],[139.70916,35.74451],[139.70854,35.74235],[139.70726,35.74087],[139.70205,35.74495]]]}},{"type":"Feature","bbox":[139.68202,35.76266,139.69844,35.77489],"properties":{"slug":"itabashi-maenocho","name":"Maenocho","name_local":"前野町","ward":"Itabashi","ward_slug":"itabashi","gruppo":"itabashi-maenocho","gruppo_name":"Maenocho","usato":false},"geometry":{"type":"Polygon","coordinates":[[[139.69733,35.77042],[139.69395,35.77398],[139.69289,35.77311],[139.68906,35.7742],[139.68794,35.77402],[139.68785,35.7744],[139.68634,35.77429],[139.68379,35.77489],[139.68415,35.77358],[139.68367,35.77267],[139.6841,35.77243],[139.683,35.76968],[139.68202,35.76871],[139.68244,35.76794],[139.68217,35.76666],[139.68278,35.766],[139.68226,35.76436],[139.68427,35.76365],[139.69755,35.76266],[139.69751,35.76322],[139.69637,35.76439],[139.69844,35.76512],[139.698,35.76599],[139.69461,35.76773],[139.69551,35.76972],[139.69733,35.77042]]]}},{"type":"Feature","bbox":[139.69851,35.73578,139.70454,35.7437],"properties":{"slug":"itabashi-minami-cho","name":"Minami cho","name_local":"南町","ward":"Itabashi","ward_slug":"itabashi","gruppo":"itabashi-minami-cho","gruppo_name":"Minami cho","usato":false},"geometry":{"type":"Polygon","coordinates":[[[139.70191,35.73632],[139.70358,35.73578],[139.70392,35.73737],[139.70454,35.73809],[139.70289,35.73975],[139.70047,35.7437],[139.69851,35.74346],[139.69907,35.73989],[139.70078,35.74005],[139.7021,35.73726],[139.70171,35.73713],[139.70191,35.73632]]]}},{"type":"Feature","bbox":[139.68275,35.75392,139.69277,35.76055],"properties":{"slug":"itabashi-minami-tokiwadai","name":"Minami Tokiwadai","name_local":"南常盤台","ward":"Itabashi","ward_slug":"itabashi","gruppo":"itabashi-tokiwadai","gruppo_name":"Tokiwadai","usato":false},"geometry":{"type":"Polygon","coordinates":[[[139.68505,35.75693],[139.68275,35.75824],[139.68335,35.76055],[139.68907,35.75882],[139.69277,35.75716],[139.68984,35.75392],[139.68505,35.75693]]]}},{"type":"Feature","bbox":[139.63565,35.78556,139.64612,35.79886],"properties":{"slug":"itabashi-misono","name":"Misono","name_local":"三園","ward":"Itabashi","ward_slug":"itabashi","gruppo":"itabashi-misono","gruppo_name":"Misono","usato":false},"geometry":{"type":"Polygon","coordinates":[[[139.63777,35.78811],[139.63565,35.7906],[139.63747,35.79078],[139.63805,35.79208],[139.63884,35.79252],[139.63919,35.79369],[139.63983,35.79385],[139.64016,35.79527],[139.6396,35.79552],[139.64073,35.7959],[139.64029,35.79803],[139.64069,35.79775],[139.64119,35.79808],[139.64252,35.79726],[139.64306,35.79832],[139.64357,35.79813],[139.64435,35.79886],[139.64612,35.79788],[139.64396,35.7925],[139.64344,35.78968],[139.64414,35.7875],[139.64485,35.78651],[139.64587,35.78622],[139.64569,35.78571],[139.64514,35.78556],[139.63868,35.78812],[139.63777,35.78811]]]}},{"type":"Feature","bbox":[139.69637,35.76209,139.70523,35.76608],"properties":{"slug":"itabashi-miyamotocho","name":"Miyamotocho","name_local":"宮本町","ward":"Itabashi","ward_slug":"itabashi","gruppo":"itabashi-miyamotocho","gruppo_name":"Miyamotocho","usato":false},"geometry":{"type":"Polygon","coordinates":[[[139.70371,35.76608],[139.69637,35.76439],[139.69751,35.76322],[139.69755,35.76266],[139.70049,35.76209],[139.70057,35.76252],[139.70245,35.76211],[139.70523,35.7622],[139.70371,35.76608]]]}},{"type":"Feature","bbox":[139.67898,35.73861,139.68822,35.74807],"properties":{"slug":"itabashi-mukaihara","name":"Mukaihara","name_local":"向原","ward":"Itabashi","ward_slug":"itabashi","gruppo":"itabashi-mukaihara","gruppo_name":"Mukaihara","usato":false},"geometry":{"type":"Polygon","coordinates":[[[139.68822,35.74183],[139.68804,35.74067],[139.68027,35.73861],[139.67898,35.74034],[139.67969,35.7416],[139.68028,35.74156],[139.68027,35.74195],[139.67977,35.74177],[139.68005,35.74209],[139.6805,35.74202],[139.68101,35.7436],[139.68086,35.7445],[139.68266,35.74474],[139.68408,35.74618],[139.6843,35.74696],[139.68381,35.74807],[139.68563,35.74781],[139.68534,35.74552],[139.68634,35.74388],[139.68685,35.74227],[139.68647,35.74206],[139.68693,35.74165],[139.68822,35.74183]]]}},{"type":"Feature","bbox":[139.69506,35.75015,139.70103,35.75551],"properties":{"slug":"itabashi-naka-cho","name":"Naka cho","name_local":"仲町","ward":"Itabashi","ward_slug":"itabashi","gruppo":"itabashi-naka-cho","gruppo_name":"Naka cho","usato":false},"geometry":{"type":"Polygon","coordinates":[[[139.69596,35.75073],[139.69872,35.75015],[139.70103,35.75085],[139.69921,35.75361],[139.69606,35.75551],[139.69528,35.75458],[139.69506,35.75328],[139.69544,35.75318],[139.69537,35.75226],[139.69623,35.75225],[139.69596,35.75073]]]}},{"type":"Feature","bbox":[139.69265,35.75432,139.70094,35.7576],"properties":{"slug":"itabashi-naka-itabashi","name":"Naka Itabashi","name_local":"中板橋","ward":"Itabashi","ward_slug":"itabashi","gruppo":"itabashi-itabashi","gruppo_name":"Itabashi","usato":false},"geometry":{"type":"Polygon","coordinates":[[[139.70063,35.75645],[139.69368,35.7576],[139.69265,35.75703],[139.69828,35.75432],[139.70094,35.75438],[139.70063,35.75645]]]}},{"type":"Feature","bbox":[139.67567,35.76436,139.68413,35.77636],"properties":{"slug":"itabashi-nakadai","name":"Nakadai","name_local":"中台","ward":"Itabashi","ward_slug":"itabashi","gruppo":"itabashi-nakadai","gruppo_name":"Nakadai","usato":false},"geometry":{"type":"Polygon","coordinates":[[[139.67816,35.77636],[139.67688,35.77578],[139.67776,35.77467],[139.67594,35.77098],[139.67635,35.7678],[139.67604,35.76776],[139.67567,35.76595],[139.68226,35.76436],[139.68278,35.766],[139.68217,35.76666],[139.68244,35.76794],[139.68202,35.76871],[139.683,35.76968],[139.6841,35.77243],[139.68367,35.77267],[139.68405,35.77422],[139.68379,35.77489],[139.67816,35.77636]]]}},{"type":"Feature","bbox":[139.707,35.75161,139.71348,35.75897],"properties":{"slug":"itabashi-nakajuku","name":"Nakajuku","name_local":"仲宿","ward":"Itabashi","ward_slug":"itabashi","gruppo":"itabashi-nakajuku","gruppo_name":"Nakajuku","usato":false},"geometry":{"type":"Polygon","coordinates":[[[139.70845,35.7522],[139.70842,35.75334],[139.707,35.75716],[139.70865,35.75726],[139.70979,35.75677],[139.70957,35.75757],[139.71017,35.75823],[139.71221,35.75892],[139.71184,35.75849],[139.71348,35.75722],[139.71108,35.75468],[139.71285,35.7528],[139.70966,35.75161],[139.70845,35.7522]]]}},{"type":"Feature","bbox":[139.69966,35.73809,139.70726,35.74496],"properties":{"slug":"itabashi-nakamaru-cho","name":"nakamaru cho","name_local":"中丸町","ward":"Itabashi","ward_slug":"itabashi","gruppo":"itabashi-nakamaru-cho","gruppo_name":"nakamaru cho","usato":false},"geometry":{"type":"Polygon","coordinates":[[[139.70047,35.7437],[139.69966,35.74496],[139.70205,35.74495],[139.70726,35.74087],[139.70454,35.73809],[139.70289,35.73975],[139.70047,35.7437]]]}},{"type":"Feature","bbox":[139.62454,35.77121,139.63804,35.79076],"properties":{"slug":"itabashi-narimasu","name":"Narimasu","name_local":"成増","ward":"Itabashi","ward_slug":"itabashi","gruppo":"itabashi-narimasu","gruppo_name":"Narimasu","usato":false},"geometry":{"type":"Polygon","coordinates":[[[139.63777,35.78811],[139.63565,35.7906],[139.63423,35.79034],[139.63367,35.78972],[139.63391,35.78937],[139.63299,35.78961],[139.63189,35.78848],[139.63248,35.78727],[139.63169,35.78707],[139.63191,35.78656],[139.63156,35.78601],[139.63081,35.78607],[139.63019,35.78501],[139.62891,35.78529],[139.62789,35.7843],[139.62799,35.78347],[139.62735,35.78299],[139.62753,35.78269],[139.62641,35.78239],[139.6257,35.78116],[139.62487,35.78104],[139.62516,35.78033],[139.62454,35.77987],[139.62574,35.77929],[139.62532,35.77782],[139.62961,35.77698],[139.62912,35.77441],[139.6294,35.77412],[139.6292,35.77192],[139.63013,35.7725],[139.63235,35.77121],[139.63316,35.77209],[139.63288,35.77268],[139.6338,35.77273],[139.63501,35.77444],[139.63564,35.77378],[139.63708,35.77484],[139.63494,35.77629],[139.63675,35.77863],[139.63545,35.78005],[139.63804,35.78247],[139.63777,35.78811]]]}},{"type":"Feature","bbox":[139.66447,35.76735,139.67614,35.78143],"properties":{"slug":"itabashi-nishidai","name":"Nishidai","name_local":"西台","ward":"Itabashi","ward_slug":"itabashi","gruppo":"itabashi-nishidai","gruppo_name":"Nishidai","usato":false},"geometry":{"type":"Polygon","coordinates":[[[139.66546,35.78143],[139.66447,35.77596],[139.66534,35.7756],[139.66628,35.77405],[139.66903,35.77253],[139.66738,35.77084],[139.6672,35.76743],[139.66894,35.76735],[139.66851,35.76965],[139.66906,35.7708],[139.67035,35.77178],[139.67142,35.77101],[139.67191,35.77141],[139.67219,35.77227],[139.67321,35.77262],[139.67399,35.77464],[139.67591,35.77615],[139.67614,35.77708],[139.67379,35.77865],[139.67364,35.78048],[139.67299,35.78093],[139.66546,35.78143]]]}},{"type":"Feature","bbox":[139.69461,35.76633,139.70208,35.77155],"properties":{"slug":"itabashi-oharacho","name":"Oharacho","name_local":"大原町","ward":"Itabashi","ward_slug":"itabashi","gruppo":"itabashi-oharacho","gruppo_name":"Oharacho","usato":false},"geometry":{"type":"Polygon","coordinates":[[[139.69993,35.77155],[139.69551,35.76972],[139.69461,35.76773],[139.6977,35.76633],[139.69928,35.76872],[139.70208,35.76901],[139.69993,35.77155]]]}},{"type":"Feature","bbox":[139.68534,35.74073,139.69274,35.74781],"properties":{"slug":"itabashi-oyaguchi","name":"Oyaguchi","name_local":"大谷口","ward":"Itabashi","ward_slug":"itabashi","gruppo":"itabashi-oyaguchi","gruppo_name":"Oyaguchi","usato":false},"geometry":{"type":"Polygon","coordinates":[[[139.69261,35.74674],[139.69112,35.74631],[139.68802,35.74645],[139.68563,35.74781],[139.68534,35.74552],[139.68634,35.74388],[139.68685,35.74227],[139.68647,35.74206],[139.68693,35.74165],[139.68822,35.74183],[139.68807,35.74073],[139.69163,35.74264],[139.6927,35.74365],[139.69226,35.74437],[139.69232,35.74508],[139.69274,35.74517],[139.69261,35.74674]]]}},{"type":"Feature","bbox":[139.68618,35.74631,139.69541,35.75218],"properties":{"slug":"itabashi-oyaguchi-kamicho","name":"Oyaguchi kamicho","name_local":"大谷口上町","ward":"Itabashi","ward_slug":"itabashi","gruppo":"itabashi-oyaguchi-kamicho","gruppo_name":"Oyaguchi kamicho","usato":false},"geometry":{"type":"Polygon","coordinates":[[[139.68618,35.74772],[139.68785,35.7465],[139.69112,35.74631],[139.6929,35.74682],[139.69541,35.75011],[139.69239,35.75218],[139.69234,35.75036],[139.68985,35.74963],[139.68816,35.74841],[139.68689,35.74839],[139.68618,35.74772]]]}},{"type":"Feature","bbox":[139.68496,35.74772,139.69239,35.75392],"properties":{"slug":"itabashi-oyaguchi-kitacho","name":"Oyaguchi kitacho","name_local":"大谷口北町","ward":"Itabashi","ward_slug":"itabashi","gruppo":"itabashi-oyaguchi-kitacho","gruppo_name":"Oyaguchi kitacho","usato":false},"geometry":{"type":"Polygon","coordinates":[[[139.69239,35.75218],[139.69234,35.75036],[139.68985,35.74963],[139.68816,35.74841],[139.68689,35.74839],[139.68618,35.74772],[139.68496,35.74788],[139.68551,35.75186],[139.68791,35.75186],[139.68984,35.75392],[139.69239,35.75218]]]}},{"type":"Feature","bbox":[139.69541,35.74665,139.70333,35.75085],"properties":{"slug":"itabashi-oyama-cho","name":"Oyama cho","name_local":"大山町","ward":"Itabashi","ward_slug":"itabashi","gruppo":"itabashi-oyama-cho","gruppo_name":"Oyama cho","usato":false},"geometry":{"type":"Polygon","coordinates":[[[139.69976,35.74673],[139.69541,35.75011],[139.69596,35.75073],[139.69872,35.75015],[139.70103,35.75085],[139.70197,35.74903],[139.70333,35.74808],[139.70322,35.74734],[139.70211,35.74741],[139.70212,35.74665],[139.69976,35.74673]]]}},{"type":"Feature","bbox":[139.70157,35.74698,139.7084,35.75136],"properties":{"slug":"itabashi-oyama-higashi-cho","name":"Oyama Higashi Cho","name_local":"大山東町","ward":"Itabashi","ward_slug":"itabashi","gruppo":"itabashi-oyama-higashi-cho","gruppo_name":"Oyama Higashi Cho","usato":false},"geometry":{"type":"Polygon","coordinates":[[[139.70823,35.74698],[139.7084,35.75136],[139.70157,35.74965],[139.70371,35.7479],[139.70823,35.74698]]]}},{"type":"Feature","bbox":[139.69226,35.7434,139.69941,35.75011],"properties":{"slug":"itabashi-oyama-nishicho","name":"Oyama nishicho","name_local":"大山西町","ward":"Itabashi","ward_slug":"itabashi","gruppo":"itabashi-oyama-nishicho","gruppo_name":"Oyama nishicho","usato":false},"geometry":{"type":"Polygon","coordinates":[[[139.69541,35.75011],[139.69261,35.74674],[139.69274,35.74517],[139.69232,35.74508],[139.69226,35.74437],[139.69256,35.7434],[139.69562,35.74548],[139.69941,35.747],[139.69541,35.75011]]]}},{"type":"Feature","bbox":[139.69976,35.74436,139.71041,35.74808],"properties":{"slug":"itabashi-oyamakanai-cho","name":"Oyamakanai cho","name_local":"大山金井町","ward":"Itabashi","ward_slug":"itabashi","gruppo":"itabashi-oyamakanai-cho","gruppo_name":"Oyamakanai cho","usato":false},"geometry":{"type":"Polygon","coordinates":[[[139.70088,35.74669],[139.69976,35.74673],[139.70205,35.74495],[139.70658,35.74484],[139.70667,35.74436],[139.70916,35.74451],[139.71041,35.74598],[139.70917,35.74634],[139.70927,35.74683],[139.70333,35.74808],[139.70322,35.74734],[139.70211,35.74741],[139.70212,35.74665],[139.70088,35.74669]]]}},{"type":"Feature","bbox":[139.69271,35.74212,139.70205,35.747],"properties":{"slug":"itabashi-saiwai-cho","name":"Saiwai cho","name_local":"幸町","ward":"Itabashi","ward_slug":"itabashi","gruppo":"itabashi-saiwai-cho","gruppo_name":"Saiwai cho","usato":false},"geometry":{"type":"Polygon","coordinates":[[[139.69941,35.747],[139.69562,35.74548],[139.69271,35.74348],[139.69348,35.7429],[139.69465,35.74307],[139.69465,35.74212],[139.6987,35.7423],[139.69851,35.74346],[139.70047,35.7437],[139.69966,35.74496],[139.70205,35.74495],[139.69941,35.747]]]}},{"type":"Feature","bbox":[139.69828,35.74969,139.70551,35.75645],"properties":{"slug":"itabashi-sakae-cho","name":"Sakae cho","name_local":"栄町","ward":"Itabashi","ward_slug":"itabashi","gruppo":"itabashi-sakae-cho","gruppo_name":"Sakae cho","usato":false},"geometry":{"type":"Polygon","coordinates":[[[139.70551,35.75081],[139.70165,35.74969],[139.69976,35.75301],[139.69828,35.75432],[139.70094,35.75438],[139.70063,35.75645],[139.70323,35.75643],[139.70494,35.75426],[139.70413,35.75392],[139.70551,35.75081]]]}},{"type":"Feature","bbox":[139.67896,35.77773,139.69092,35.792],"properties":{"slug":"itabashi-sakashita","name":"Sakashita","name_local":"坂下","ward":"Itabashi","ward_slug":"itabashi","gruppo":"itabashi-sakashita","gruppo_name":"Sakashita","usato":false},"geometry":{"type":"Polygon","coordinates":[[[139.68525,35.7912],[139.68478,35.78824],[139.6861,35.7852],[139.69092,35.78008],[139.68181,35.77773],[139.67896,35.78205],[139.68,35.79185],[139.68262,35.792],[139.68525,35.7912]]]}},{"type":"Feature","bbox":[139.67073,35.75315,139.6797,35.76224],"properties":{"slug":"itabashi-sakuragawa","name":"Sakuragawa","name_local":"桜川","ward":"Itabashi","ward_slug":"itabashi","gruppo":"itabashi-sakuragawa","gruppo_name":"Sakuragawa","usato":false},"geometry":{"type":"Polygon","coordinates":[[[139.67073,35.76224],[139.67183,35.76055],[139.67382,35.75876],[139.67331,35.75472],[139.67403,35.75512],[139.67561,35.75479],[139.67795,35.75315],[139.67816,35.75754],[139.6797,35.75719],[139.67961,35.75973],[139.67073,35.76224]]]}},{"type":"Feature","bbox":[139.70344,35.76207,139.71258,35.76789],"properties":{"slug":"itabashi-shimizucho","name":"Shimizucho","name_local":"清水町","ward":"Itabashi","ward_slug":"itabashi","gruppo":"itabashi-shimizucho","gruppo_name":"Shimizucho","usato":false},"geometry":{"type":"Polygon","coordinates":[[[139.70523,35.7622],[139.70344,35.7668],[139.70648,35.76789],[139.7066,35.76705],[139.70782,35.76615],[139.70813,35.76538],[139.70912,35.76563],[139.71033,35.76341],[139.71138,35.76369],[139.71258,35.76328],[139.70983,35.76242],[139.70974,35.76286],[139.70671,35.76207],[139.70523,35.7622]]]}},{"type":"Feature","bbox":[139.68181,35.77042,139.69993,35.78008],"properties":{"slug":"itabashi-shimura","name":"Shimura","name_local":"志村","ward":"Itabashi","ward_slug":"itabashi","gruppo":"itabashi-shimura","gruppo_name":"Shimura","usato":false},"geometry":{"type":"Polygon","coordinates":[[[139.69092,35.78008],[139.68181,35.77773],[139.68379,35.77489],[139.68634,35.77429],[139.68785,35.7744],[139.68794,35.77402],[139.68906,35.7742],[139.69289,35.77311],[139.69395,35.77398],[139.69733,35.77042],[139.69993,35.77155],[139.69092,35.78008]]]}},{"type":"Feature","bbox":[139.64556,35.79183,139.67168,35.80042],"properties":{"slug":"itabashi-shingashi","name":"Shingashi","name_local":"新河岸","ward":"Itabashi","ward_slug":"itabashi","gruppo":"itabashi-shingashi","gruppo_name":"Shingashi","usato":false},"geometry":{"type":"Polygon","coordinates":[[[139.64631,35.79778],[139.64556,35.79652],[139.65215,35.79438],[139.65714,35.79332],[139.6664,35.79285],[139.67107,35.79183],[139.67168,35.79352],[139.67076,35.79633],[139.67153,35.79978],[139.66883,35.80042],[139.65445,35.80031],[139.65338,35.80018],[139.64803,35.79716],[139.64631,35.79778]]]}},{"type":"Feature","bbox":[139.64344,35.78048,139.67455,35.79652],"properties":{"slug":"itabashi-takashimadaira","name":"Takashimadaira","name_local":"高島平","ward":"Itabashi","ward_slug":"itabashi","gruppo":"itabashi-takashimadaira","gruppo_name":"Takashimadaira","usato":false},"geometry":{"type":"Polygon","coordinates":[[[139.64556,35.79652],[139.64396,35.7925],[139.64344,35.78968],[139.64446,35.78695],[139.64587,35.78622],[139.64575,35.78591],[139.66546,35.78143],[139.67262,35.781],[139.67364,35.78048],[139.67455,35.78837],[139.673,35.7914],[139.6664,35.79285],[139.65536,35.79362],[139.64556,35.79652]]]}},{"type":"Feature","bbox":[139.67611,35.75716,139.69523,35.76589],"properties":{"slug":"itabashi-tokiwadai","name":"Tokiwadai","name_local":"常盤台","ward":"Itabashi","ward_slug":"itabashi","gruppo":"itabashi-tokiwadai","gruppo_name":"Tokiwadai","usato":false},"geometry":{"type":"Polygon","coordinates":[[[139.69523,35.76297],[139.68427,35.76365],[139.67611,35.76589],[139.67616,35.76386],[139.68283,35.76076],[139.68907,35.75882],[139.69277,35.75716],[139.6935,35.75759],[139.69492,35.75742],[139.69523,35.76297]]]}},{"type":"Feature","bbox":[139.65066,35.76743,139.66903,35.78398],"properties":{"slug":"itabashi-tokumaru","name":"Tokumaru","name_local":"徳丸","ward":"Itabashi","ward_slug":"itabashi","gruppo":"itabashi-tokumaru","gruppo_name":"Tokumaru","usato":false},"geometry":{"type":"Polygon","coordinates":[[[139.65423,35.78398],[139.65402,35.78341],[139.65485,35.78301],[139.6544,35.78244],[139.65507,35.78111],[139.65448,35.78096],[139.65468,35.78036],[139.65372,35.78022],[139.65408,35.77616],[139.65211,35.77522],[139.65066,35.77516],[139.65082,35.77322],[139.65226,35.76875],[139.65441,35.76926],[139.65736,35.76907],[139.66137,35.76869],[139.6672,35.76743],[139.66738,35.77084],[139.66903,35.77253],[139.66628,35.77405],[139.66534,35.7756],[139.66447,35.77596],[139.66546,35.78143],[139.65423,35.78398]]]}},{"type":"Feature","bbox":[139.67795,35.752,139.68505,35.76231],"properties":{"slug":"itabashi-toshincho","name":"Toshincho","name_local":"東新町","ward":"Itabashi","ward_slug":"itabashi","gruppo":"itabashi-toshincho","gruppo_name":"Toshincho","usato":false},"geometry":{"type":"Polygon","coordinates":[[[139.68335,35.76055],[139.67945,35.76231],[139.6797,35.75719],[139.67816,35.75754],[139.67806,35.75714],[139.67795,35.75315],[139.67906,35.75238],[139.68346,35.752],[139.68352,35.75379],[139.68487,35.75386],[139.68505,35.75693],[139.68275,35.75824],[139.68335,35.76055]]]}},{"type":"Feature","bbox":[139.66851,35.76595,139.67816,35.77679],"properties":{"slug":"itabashi-wakagi","name":"Wakagi","name_local":"若木","ward":"Itabashi","ward_slug":"itabashi","gruppo":"itabashi-wakagi","gruppo_name":"Wakagi","usato":false},"geometry":{"type":"Polygon","coordinates":[[[139.67816,35.77636],[139.6761,35.77679],[139.67546,35.77562],[139.67399,35.77464],[139.67321,35.77262],[139.67219,35.77227],[139.67191,35.77141],[139.67142,35.77101],[139.67035,35.77178],[139.66911,35.77085],[139.66851,35.76965],[139.669,35.76719],[139.67567,35.76595],[139.67604,35.76776],[139.67635,35.7678],[139.67594,35.77098],[139.67776,35.77467],[139.67688,35.77578],[139.67816,35.77636]]]}},{"type":"Feature","bbox":[139.70245,35.7554,139.70718,35.7622],"properties":{"slug":"itabashi-yamato-cho","name":"Yamato cho","name_local":"大和町","ward":"Itabashi","ward_slug":"itabashi","gruppo":"itabashi-yamato-cho","gruppo_name":"Yamato cho","usato":false},"geometry":{"type":"Polygon","coordinates":[[[139.7043,35.7554],[139.7029,35.75843],[139.70245,35.76211],[139.70523,35.7622],[139.70718,35.7572],[139.70674,35.75706],[139.70669,35.75628],[139.7043,35.7554]]]}},{"type":"Feature","bbox":[139.68984,35.75011,139.69623,35.75703],"properties":{"slug":"itabashi-yayoi-cho","name":"Yayoi cho","name_local":"弥生町","ward":"Itabashi","ward_slug":"itabashi","gruppo":"itabashi-yayoi-cho","gruppo_name":"Yayoi cho","usato":false},"geometry":{"type":"Polygon","coordinates":[[[139.69606,35.75551],[139.69568,35.75547],[139.69508,35.75388],[139.69537,35.75226],[139.69623,35.75225],[139.69596,35.75068],[139.69541,35.75011],[139.68984,35.75392],[139.69265,35.75703],[139.69606,35.75551]]]}},{"type":"Feature","bbox":[139.64911,35.77511,139.65507,35.78479],"properties":{"slug":"itabashi-yotsuba","name":"Yotsuba","name_local":"四葉","ward":"Itabashi","ward_slug":"itabashi","gruppo":"itabashi-yotsuba","gruppo_name":"Yotsuba","usato":false},"geometry":{"type":"Polygon","coordinates":[[[139.65128,35.78479],[139.64971,35.78163],[139.64911,35.78129],[139.65025,35.77895],[139.65066,35.77516],[139.65164,35.77511],[139.65408,35.77616],[139.65372,35.78022],[139.65468,35.78036],[139.65448,35.78096],[139.65507,35.78111],[139.6544,35.78244],[139.65485,35.78301],[139.65402,35.78341],[139.65423,35.78398],[139.65128,35.78479]]]}},{"type":"Feature","bbox":[139.84571,35.74076,139.86272,35.76013],"properties":{"slug":"katsushika-aoto","name":"Aoto","name_local":"青戸","ward":"Katsushika","ward_slug":"katsushika","gruppo":"katsushika-aoto","gruppo_name":"Aoto","usato":false},"geometry":{"type":"Polygon","coordinates":[[[139.84571,35.74666],[139.85107,35.75345],[139.84931,35.75632],[139.85094,35.7577],[139.85227,35.7599],[139.8547,35.76013],[139.85644,35.75896],[139.85791,35.75729],[139.85939,35.75328],[139.86205,35.74929],[139.86272,35.74741],[139.85836,35.74471],[139.85795,35.74308],[139.85842,35.74253],[139.857,35.74076],[139.85377,35.74238],[139.8552,35.74472],[139.85334,35.7444],[139.84886,35.74602],[139.84571,35.74666]]]}},{"type":"Feature","bbox":[139.83184,35.74783,139.8412,35.75677],"properties":{"slug":"katsushika-higashi-horikiri","name":"Higashi Horikiri","name_local":"東堀切","ward":"Katsushika","ward_slug":"katsushika","gruppo":"katsushika-horikiri","gruppo_name":"Horikiri","usato":false},"geometry":{"type":"Polygon","coordinates":[[[139.83523,35.75658],[139.83324,35.75316],[139.83301,35.75138],[139.83341,35.75113],[139.83184,35.74783],[139.83638,35.74791],[139.83752,35.75044],[139.8412,35.75617],[139.84063,35.75677],[139.8381,35.75615],[139.83802,35.75582],[139.83758,35.75641],[139.83523,35.75658]]]}},{"type":"Feature","bbox":[139.86386,35.76868,139.89446,35.784],"properties":{"slug":"katsushika-higashi-kanamachi","name":"Higashi Kanamachi","name_local":"東金町","ward":"Katsushika","ward_slug":"katsushika","gruppo":"katsushika-kanamachi","gruppo_name":"Kanamachi","usato":false},"geometry":{"type":"Polygon","coordinates":[[[139.86577,35.77247],[139.86668,35.7762],[139.87216,35.77552],[139.8731,35.7763],[139.87368,35.78],[139.87925,35.78024],[139.87925,35.7808],[139.88059,35.78116],[139.881,35.78072],[139.88152,35.78097],[139.88115,35.78198],[139.88696,35.784],[139.89377,35.78275],[139.89433,35.78164],[139.89446,35.77992],[139.89341,35.77832],[139.88175,35.77286],[139.88075,35.77167],[139.8797,35.76928],[139.87223,35.76992],[139.86386,35.76868],[139.86577,35.77247]]]}},{"type":"Feature","bbox":[139.85935,35.77552,139.87368,35.79411],"properties":{"slug":"katsushika-higashi-mizumoto","name":"Higashi Mizumoto","name_local":"東水元","ward":"Katsushika","ward_slug":"katsushika","gruppo":"katsushika-mizumoto","gruppo_name":"Mizumoto","usato":false},"geometry":{"type":"Polygon","coordinates":[[[139.86668,35.7762],[139.86735,35.78033],[139.86628,35.78171],[139.86452,35.78837],[139.85935,35.79238],[139.86009,35.79341],[139.86205,35.79411],[139.86298,35.7938],[139.86562,35.79401],[139.8683,35.79117],[139.86801,35.78971],[139.86845,35.78673],[139.87005,35.78149],[139.87211,35.78019],[139.87368,35.78],[139.8731,35.7763],[139.87216,35.77552],[139.86668,35.7762]]]}},{"type":"Feature","bbox":[139.84848,35.71744,139.87074,35.7293],"properties":{"slug":"katsushika-higashi-shinkoiwa","name":"Higashi Shinkoiwa","name_local":"東新小岩","ward":"Katsushika","ward_slug":"katsushika","gruppo":"katsushika-shinkoiwa","gruppo_name":"Shinkoiwa","usato":false},"geometry":{"type":"Polygon","coordinates":[[[139.84848,35.72773],[139.84974,35.72894],[139.8536,35.72814],[139.85537,35.72906],[139.85651,35.72887],[139.85696,35.7293],[139.8586,35.72826],[139.85897,35.72929],[139.86202,35.7288],[139.86156,35.72803],[139.86368,35.72675],[139.86405,35.72749],[139.86487,35.72733],[139.86605,35.72568],[139.87006,35.72843],[139.87074,35.72547],[139.86235,35.71938],[139.85878,35.71744],[139.84848,35.72773]]]}},{"type":"Feature","bbox":[139.84117,35.72773,139.85569,35.73754],"properties":{"slug":"katsushika-higashi-tateishi","name":"Higashi Tateishi","name_local":"東立石","ward":"Katsushika","ward_slug":"katsushika","gruppo":"katsushika-tateishi","gruppo_name":"Tateishi","usato":false},"geometry":{"type":"Polygon","coordinates":[[[139.84117,35.73594],[139.85253,35.73754],[139.85314,35.73723],[139.8527,35.73619],[139.85287,35.73526],[139.85568,35.73208],[139.85569,35.73105],[139.85451,35.73018],[139.85239,35.73035],[139.85054,35.72981],[139.84848,35.72773],[139.84117,35.73594]]]}},{"type":"Feature","bbox":[139.8317,35.72121,139.84848,35.73608],"properties":{"slug":"katsushika-higashi-yotsugi","name":"Higashi Yotsugi","name_local":"東四つ木","ward":"Katsushika","ward_slug":"katsushika","gruppo":"katsushika-yotsugi","gruppo_name":"Yotsugi","usato":false},"geometry":{"type":"Polygon","coordinates":[[[139.84848,35.72773],[139.84098,35.73608],[139.8317,35.72953],[139.84044,35.72121],[139.84342,35.72262],[139.84288,35.72491],[139.84351,35.72636],[139.84488,35.72704],[139.84848,35.72773]]]}},{"type":"Feature","bbox":[139.81793,35.73501,139.83587,35.75897],"properties":{"slug":"katsushika-horikiri","name":"Horikiri","name_local":"堀切","ward":"Katsushika","ward_slug":"katsushika","gruppo":"katsushika-horikiri","gruppo_name":"Horikiri","usato":false},"geometry":{"type":"Polygon","coordinates":[[[139.82843,35.75738],[139.82741,35.75417],[139.82795,35.74975],[139.8206,35.75086],[139.82076,35.74922],[139.81793,35.74772],[139.82582,35.73501],[139.82957,35.73713],[139.83257,35.74035],[139.83468,35.74169],[139.83378,35.74265],[139.83559,35.744],[139.83389,35.7451],[139.83417,35.74551],[139.83337,35.74602],[139.8335,35.74645],[139.83296,35.74641],[139.83295,35.74776],[139.83179,35.74774],[139.83341,35.75113],[139.83301,35.75138],[139.83324,35.75316],[139.83507,35.75601],[139.83587,35.75897],[139.83075,35.75856],[139.83011,35.75786],[139.82843,35.75738]]]}},{"type":"Feature","bbox":[139.86426,35.73619,139.87761,35.74558],"properties":{"slug":"katsushika-hosoda","name":"Hosoda","name_local":"細田","ward":"Katsushika","ward_slug":"katsushika","gruppo":"katsushika-hosoda","gruppo_name":"Hosoda","usato":false},"geometry":{"type":"Polygon","coordinates":[[[139.87509,35.73724],[139.87472,35.7366],[139.87377,35.73676],[139.87313,35.73762],[139.87276,35.73675],[139.87325,35.73651],[139.87086,35.73619],[139.8701,35.73834],[139.86876,35.7401],[139.8647,35.73902],[139.86426,35.73965],[139.86428,35.74153],[139.86546,35.74197],[139.86454,35.74343],[139.86533,35.74375],[139.86529,35.74551],[139.86719,35.74492],[139.86869,35.74554],[139.87068,35.74541],[139.87111,35.74485],[139.8731,35.74558],[139.87624,35.7418],[139.87682,35.74043],[139.87758,35.74023],[139.87701,35.73975],[139.87761,35.73948],[139.87683,35.73843],[139.87664,35.73695],[139.87509,35.73724]]]}},{"type":"Feature","bbox":[139.8731,35.74025,139.88507,35.75191],"properties":{"slug":"katsushika-kamakura","name":"Kamakura","name_local":"鎌倉","ward":"Katsushika","ward_slug":"katsushika","gruppo":"katsushika-kamakura","gruppo_name":"Kamakura","usato":false},"geometry":{"type":"Polygon","coordinates":[[[139.8731,35.74558],[139.87442,35.74589],[139.87391,35.75191],[139.88066,35.74969],[139.88037,35.74859],[139.88292,35.74832],[139.88322,35.74781],[139.88288,35.7473],[139.88395,35.74739],[139.88386,35.74692],[139.88436,35.74646],[139.88507,35.74641],[139.88491,35.74552],[139.88205,35.74425],[139.88232,35.74337],[139.88095,35.7427],[139.88104,35.74197],[139.87978,35.74155],[139.88034,35.7404],[139.88006,35.74025],[139.87811,35.74109],[139.87639,35.74103],[139.87624,35.7418],[139.8731,35.74558]]]}},{"type":"Feature","bbox":[139.84122,35.7534,139.85629,35.7697],"properties":{"slug":"katsushika-kameari","name":"Kameari","name_local":"亀有","ward":"Katsushika","ward_slug":"katsushika","gruppo":"katsushika-kameari","gruppo_name":"Kameari","usato":false},"geometry":{"type":"Polygon","coordinates":[[[139.84421,35.75707],[139.84122,35.76391],[139.84488,35.76522],[139.8429,35.76532],[139.8422,35.76659],[139.84253,35.7673],[139.84537,35.76932],[139.85127,35.7697],[139.85223,35.76563],[139.85402,35.76547],[139.85629,35.76418],[139.8546,35.7622],[139.85433,35.76089],[139.8547,35.76013],[139.85227,35.7599],[139.85088,35.75762],[139.84576,35.7534],[139.84421,35.75707]]]}},{"type":"Feature","bbox":[139.86243,35.7602,139.88006,35.76992],"properties":{"slug":"katsushika-kanamachi","name":"Kanamachi","name_local":"金町","ward":"Katsushika","ward_slug":"katsushika","gruppo":"katsushika-kanamachi","gruppo_name":"Kanamachi","usato":false},"geometry":{"type":"Polygon","coordinates":[[[139.86386,35.76868],[139.87223,35.76992],[139.8797,35.76928],[139.87939,35.76801],[139.88006,35.76601],[139.8753,35.76466],[139.87501,35.76513],[139.87265,35.76419],[139.87338,35.76299],[139.866,35.7602],[139.86368,35.7628],[139.86243,35.76559],[139.86386,35.76868]]]}},{"type":"Feature","bbox":[139.87265,35.75907,139.88261,35.76601],"properties":{"slug":"katsushika-kanamachi-j-sui-j","name":"Kanamachi Jōsui-jō","name_local":"金町浄水場","ward":"Katsushika","ward_slug":"katsushika","gruppo":"katsushika-kanamachi-j-sui-j","gruppo_name":"Kanamachi Jōsui-jō","usato":false},"geometry":{"type":"Polygon","coordinates":[[[139.87338,35.76299],[139.87265,35.76419],[139.87501,35.76513],[139.8753,35.76466],[139.88006,35.76601],[139.88261,35.76217],[139.87556,35.75907],[139.87338,35.76299]]]}},{"type":"Feature","bbox":[139.81335,35.74772,139.82843,35.76217],"properties":{"slug":"katsushika-kosuge","name":"Kosuge","name_local":"小菅","ward":"Katsushika","ward_slug":"katsushika","gruppo":"katsushika-kosuge","gruppo_name":"Kosuge","usato":false},"geometry":{"type":"Polygon","coordinates":[[[139.82795,35.74975],[139.8206,35.75086],[139.82076,35.74922],[139.81793,35.74772],[139.81439,35.75242],[139.81513,35.75348],[139.81345,35.75455],[139.81335,35.75937],[139.8169,35.76049],[139.81712,35.76011],[139.81982,35.7605],[139.82027,35.75594],[139.82317,35.75565],[139.82415,35.76186],[139.82701,35.76217],[139.82597,35.76168],[139.82532,35.75928],[139.82557,35.75801],[139.82843,35.75738],[139.82741,35.75417],[139.82795,35.74975]]]}},{"type":"Feature","bbox":[139.85089,35.77202,139.86735,35.78096],"properties":{"slug":"katsushika-minami-mizumoto","name":"Minami Mizumoto","name_local":"南水元","ward":"Katsushika","ward_slug":"katsushika","gruppo":"katsushika-mizumoto","gruppo_name":"Mizumoto","usato":false},"geometry":{"type":"Polygon","coordinates":[[[139.85089,35.77845],[139.85297,35.77959],[139.86673,35.78096],[139.86735,35.78033],[139.86577,35.77247],[139.86395,35.77372],[139.86299,35.77536],[139.85824,35.77368],[139.85666,35.77202],[139.85089,35.77845]]]}},{"type":"Feature","bbox":[139.85233,35.77943,139.86673,35.79238],"properties":{"slug":"katsushika-mizumoto","name":"Mizumoto","name_local":"水元","ward":"Katsushika","ward_slug":"katsushika","gruppo":"katsushika-mizumoto","gruppo_name":"Mizumoto","usato":false},"geometry":{"type":"Polygon","coordinates":[[[139.85841,35.78012],[139.86673,35.78096],[139.86444,35.78851],[139.85935,35.79238],[139.85309,35.78154],[139.85233,35.77943],[139.85841,35.78012]]]}},{"type":"Feature","bbox":[139.85955,35.77995,139.88152,35.79743],"properties":{"slug":"katsushika-mizumoto-park","name":"Mizumoto Park","name_local":"水元公園","ward":"Katsushika","ward_slug":"katsushika","gruppo":"katsushika-mizumoto-park","gruppo_name":"Mizumoto Park","usato":false},"geometry":{"type":"Polygon","coordinates":[[[139.88115,35.78198],[139.88128,35.78083],[139.88025,35.78109],[139.87925,35.7808],[139.87925,35.78024],[139.87757,35.78001],[139.87584,35.78031],[139.87288,35.77995],[139.87092,35.7807],[139.87005,35.78149],[139.86852,35.78644],[139.86801,35.78971],[139.86837,35.79108],[139.86555,35.79403],[139.86298,35.7938],[139.86205,35.79411],[139.85955,35.79293],[139.85981,35.7953],[139.86371,35.79476],[139.86881,35.79697],[139.87244,35.79743],[139.87469,35.79678],[139.87748,35.79508],[139.87743,35.79403],[139.87664,35.79263],[139.87357,35.79073],[139.87131,35.78838],[139.87116,35.78465],[139.87274,35.78224],[139.87385,35.78181],[139.87447,35.78225],[139.87566,35.78172],[139.87729,35.78169],[139.88047,35.78261],[139.88115,35.78198]]]}},{"type":"Feature","bbox":[139.85432,35.75517,139.86813,35.77536],"properties":{"slug":"katsushika-niijuku","name":"Niijuku","name_local":"新宿","ward":"Katsushika","ward_slug":"katsushika","gruppo":"katsushika-niijuku","gruppo_name":"Niijuku","usato":false},"geometry":{"type":"Polygon","coordinates":[[[139.85865,35.76824],[139.85818,35.7661],[139.85495,35.76279],[139.85432,35.76131],[139.85474,35.76008],[139.85644,35.75896],[139.85791,35.75729],[139.85888,35.75517],[139.86222,35.75666],[139.86813,35.75748],[139.86718,35.75916],[139.86368,35.7628],[139.86243,35.76559],[139.86577,35.77247],[139.86395,35.77372],[139.86299,35.77536],[139.85824,35.77368],[139.85666,35.77202],[139.85781,35.77064],[139.85865,35.76824]]]}},{"type":"Feature","bbox":[139.83069,35.75582,139.84488,35.76659],"properties":{"slug":"katsushika-nishi-kameari","name":"Nishi Kameari","name_local":"西亀有","ward":"Katsushika","ward_slug":"katsushika","gruppo":"katsushika-kameari","gruppo_name":"Kameari","usato":false},"geometry":{"type":"Polygon","coordinates":[[[139.84417,35.75695],[139.84114,35.75626],[139.84063,35.75677],[139.8381,35.75615],[139.83802,35.75582],[139.83758,35.75641],[139.83523,35.75658],[139.83587,35.75897],[139.83075,35.75856],[139.83099,35.76097],[139.83069,35.76245],[139.83199,35.7639],[139.83548,35.76311],[139.83757,35.76333],[139.83796,35.766],[139.8422,35.76659],[139.8429,35.76532],[139.84488,35.76522],[139.84122,35.76391],[139.84417,35.75695]]]}},{"type":"Feature","bbox":[139.84421,35.77845,139.85981,35.79621],"properties":{"slug":"katsushika-nishi-mizumoto","name":"Nishi Mizumoto","name_local":"西水元","ward":"Katsushika","ward_slug":"katsushika","gruppo":"katsushika-mizumoto","gruppo_name":"Mizumoto","usato":false},"geometry":{"type":"Polygon","coordinates":[[[139.85369,35.78257],[139.85929,35.79222],[139.85981,35.7953],[139.85902,35.79486],[139.85784,35.79211],[139.85606,35.79083],[139.85339,35.79167],[139.8491,35.79494],[139.84663,35.79621],[139.84466,35.79463],[139.84421,35.79285],[139.84527,35.78779],[139.84714,35.78353],[139.84958,35.77977],[139.85089,35.77845],[139.85233,35.77943],[139.85369,35.78257]]]}},{"type":"Feature","bbox":[139.84044,35.7118,139.85855,35.72773],"properties":{"slug":"katsushika-nishi-shinkoiwa","name":"Nishi Shinkoiwa","name_local":"西新小岩","ward":"Katsushika","ward_slug":"katsushika","gruppo":"katsushika-shinkoiwa","gruppo_name":"Shinkoiwa","usato":false},"geometry":{"type":"Polygon","coordinates":[[[139.84304,35.72385],[139.84292,35.7253],[139.84386,35.72661],[139.84848,35.72773],[139.85855,35.71763],[139.85005,35.7118],[139.84044,35.72121],[139.84342,35.72262],[139.84304,35.72385]]]}},{"type":"Feature","bbox":[139.83638,35.74761,139.84417,35.75695],"properties":{"slug":"katsushika-ohanajaya","name":"Ohanajaya","name_local":"お花茶屋","ward":"Katsushika","ward_slug":"katsushika","gruppo":"katsushika-ohanajaya","gruppo_name":"Ohanajaya","usato":false},"geometry":{"type":"Polygon","coordinates":[[[139.84114,35.75626],[139.83638,35.74791],[139.84114,35.74761],[139.84417,35.75695],[139.84114,35.75626]]]}},{"type":"Feature","bbox":[139.84974,35.72568,139.87423,35.74079],"properties":{"slug":"katsushika-okudo","name":"Okudo","name_local":"奥戸","ward":"Katsushika","ward_slug":"katsushika","gruppo":"katsushika-okudo","gruppo_name":"Okudo","usato":false},"geometry":{"type":"Polygon","coordinates":[[[139.84974,35.72894],[139.85149,35.73016],[139.85451,35.73018],[139.85569,35.73105],[139.85568,35.73208],[139.85269,35.73584],[139.85303,35.73706],[139.85404,35.73805],[139.85639,35.73804],[139.85993,35.73698],[139.86067,35.73791],[139.86064,35.73959],[139.86302,35.73989],[139.86427,35.74079],[139.86426,35.73965],[139.8647,35.73902],[139.86876,35.7401],[139.8701,35.73834],[139.87086,35.73619],[139.87383,35.73661],[139.87423,35.73604],[139.87241,35.73449],[139.87276,35.7339],[139.87221,35.73323],[139.87183,35.72956],[139.87017,35.72909],[139.87006,35.72843],[139.86605,35.72568],[139.86487,35.72733],[139.86405,35.72749],[139.86368,35.72675],[139.86156,35.72803],[139.86202,35.7288],[139.85897,35.72929],[139.8586,35.72826],[139.85696,35.7293],[139.85651,35.72887],[139.85537,35.72906],[139.8536,35.72814],[139.84974,35.72894]]]}},{"type":"Feature","bbox":[139.866,35.74936,139.88969,35.76299],"properties":{"slug":"katsushika-shibamata","name":"Shibamata","name_local":"柴又","ward":"Katsushika","ward_slug":"katsushika","gruppo":"katsushika-shibamata","gruppo_name":"Shibamata","usato":false},"geometry":{"type":"Polygon","coordinates":[[[139.86813,35.75748],[139.86615,35.76038],[139.8707,35.76173],[139.87338,35.76299],[139.87556,35.75907],[139.88261,35.76217],[139.88359,35.758],[139.88969,35.75121],[139.88483,35.75053],[139.88304,35.7499],[139.88277,35.74936],[139.87873,35.75016],[139.87337,35.75213],[139.87114,35.75252],[139.86813,35.75748]]]}},{"type":"Feature","bbox":[139.85005,35.71087,139.87092,35.72547],"properties":{"slug":"katsushika-shinkoiwa","name":"Shinkoiwa","name_local":"新小岩","ward":"Katsushika","ward_slug":"katsushika","gruppo":"katsushika-shinkoiwa","gruppo_name":"Shinkoiwa","usato":false},"geometry":{"type":"Polygon","coordinates":[[[139.85005,35.7118],[139.85855,35.71763],[139.85908,35.71746],[139.86205,35.71918],[139.87074,35.72547],[139.87092,35.72475],[139.86869,35.72405],[139.86902,35.72342],[139.86819,35.723],[139.86719,35.71983],[139.86624,35.71858],[139.86839,35.71461],[139.86842,35.71322],[139.86776,35.71212],[139.86714,35.71201],[139.86667,35.7129],[139.86496,35.71325],[139.8624,35.71301],[139.86084,35.71445],[139.85986,35.71375],[139.8593,35.71427],[139.85869,35.71381],[139.85844,35.71416],[139.85812,35.71383],[139.85667,35.71427],[139.85624,35.71377],[139.85544,35.71395],[139.85471,35.7127],[139.85098,35.71087],[139.85005,35.7118]]]}},{"type":"Feature","bbox":[139.84039,35.74431,139.85107,35.75707],"properties":{"slug":"katsushika-shiratori","name":"Shiratori","name_local":"白鳥","ward":"Katsushika","ward_slug":"katsushika","gruppo":"katsushika-shiratori","gruppo_name":"Shiratori","usato":false},"geometry":{"type":"Polygon","coordinates":[[[139.84931,35.75632],[139.84576,35.7534],[139.84421,35.75707],[139.84039,35.74569],[139.84367,35.74431],[139.84512,35.74589],[139.85107,35.75345],[139.84931,35.75632]]]}},{"type":"Feature","bbox":[139.83184,35.73914,139.84104,35.74792],"properties":{"slug":"katsushika-takaramachi","name":"Takaramachi","name_local":"宝町","ward":"Katsushika","ward_slug":"katsushika","gruppo":"katsushika-takaramachi","gruppo_name":"Takaramachi","usato":false},"geometry":{"type":"Polygon","coordinates":[[[139.83468,35.74169],[139.83378,35.74265],[139.83559,35.744],[139.83389,35.7451],[139.83417,35.74551],[139.83337,35.74602],[139.8335,35.74645],[139.83296,35.74641],[139.83295,35.74776],[139.83184,35.74783],[139.83757,35.74792],[139.84104,35.74744],[139.83942,35.74313],[139.83709,35.73914],[139.83468,35.74169]]]}},{"type":"Feature","bbox":[139.85795,35.73959,139.87442,35.75748],"properties":{"slug":"katsushika-takasago","name":"Takasago","name_local":"高砂","ward":"Katsushika","ward_slug":"katsushika","gruppo":"katsushika-takasago","gruppo_name":"Takasago","usato":false},"geometry":{"type":"Polygon","coordinates":[[[139.86064,35.73959],[139.86,35.74137],[139.85795,35.74308],[139.85795,35.7441],[139.85988,35.74587],[139.86272,35.74741],[139.86205,35.74929],[139.85939,35.75328],[139.85888,35.75517],[139.86222,35.75666],[139.86813,35.75748],[139.87114,35.75252],[139.87391,35.75191],[139.87442,35.74589],[139.87111,35.74485],[139.87068,35.74541],[139.86869,35.74554],[139.86719,35.74492],[139.86529,35.74551],[139.86533,35.74375],[139.86454,35.74343],[139.86546,35.74197],[139.86428,35.74153],[139.8642,35.74069],[139.86302,35.73989],[139.86064,35.73959]]]}},{"type":"Feature","bbox":[139.83774,35.73594,139.86072,35.74666],"properties":{"slug":"katsushika-tateishi","name":"Tateishi","name_local":"立石","ward":"Katsushika","ward_slug":"katsushika","gruppo":"katsushika-tateishi","gruppo_name":"Tateishi","usato":false},"geometry":{"type":"Polygon","coordinates":[[[139.84367,35.74431],[139.84571,35.74666],[139.84886,35.74602],[139.85334,35.7444],[139.8552,35.74472],[139.85377,35.74238],[139.857,35.74076],[139.85842,35.74253],[139.86,35.74137],[139.86072,35.73909],[139.86051,35.73743],[139.85918,35.73697],[139.85639,35.73804],[139.85469,35.73821],[139.85314,35.73723],[139.85201,35.73763],[139.84117,35.73594],[139.83774,35.73848],[139.84367,35.74431]]]}},{"type":"Feature","bbox":[139.82582,35.72953,139.84367,35.74569],"properties":{"slug":"katsushika-yotsugi","name":"Yotsugi","name_local":"四つ木","ward":"Katsushika","ward_slug":"katsushika","gruppo":"katsushika-yotsugi","gruppo_name":"Yotsugi","usato":false},"geometry":{"type":"Polygon","coordinates":[[[139.84085,35.7414],[139.84367,35.74431],[139.84039,35.74569],[139.83942,35.74313],[139.83709,35.73914],[139.83468,35.74169],[139.83257,35.74035],[139.82957,35.73713],[139.82582,35.73501],[139.8317,35.72953],[139.84098,35.73608],[139.83774,35.73848],[139.84085,35.7414]]]}},{"type":"Feature","bbox":[139.71666,35.77531,139.72675,35.79202],"properties":{"slug":"kita-akabane","name":"Akabane","name_local":"赤羽","ward":"Kita","ward_slug":"kita","gruppo":"kita-akabane","gruppo_name":"Akabane","usato":false},"geometry":{"type":"Polygon","coordinates":[[[139.72629,35.7782],[139.72147,35.77785],[139.7224,35.77585],[139.7218,35.77531],[139.71886,35.78024],[139.71676,35.78565],[139.71722,35.79202],[139.71938,35.79187],[139.71974,35.7864],[139.72126,35.78607],[139.71994,35.78393],[139.72675,35.78246],[139.72629,35.7782]]]}},{"type":"Feature","bbox":[139.70241,35.77837,139.71732,35.79209],"properties":{"slug":"kita-akabane-kita","name":"Akabane kita","name_local":"赤羽北","ward":"Kita","ward_slug":"kita","gruppo":"kita-akabane-kita","gruppo_name":"Akabane kita","usato":false},"geometry":{"type":"Polygon","coordinates":[[[139.71732,35.78412],[139.71557,35.78555],[139.71493,35.78525],[139.71292,35.78557],[139.70874,35.78431],[139.70994,35.78282],[139.7091,35.78318],[139.70812,35.78289],[139.70819,35.78072],[139.7074,35.78014],[139.70706,35.77912],[139.70344,35.77837],[139.70255,35.78146],[139.70314,35.78261],[139.70241,35.78428],[139.70669,35.7876],[139.70974,35.78833],[139.7118,35.78832],[139.71129,35.79209],[139.71722,35.79202],[139.71665,35.78671],[139.71732,35.78412]]]}},{"type":"Feature","bbox":[139.72147,35.77164,139.72621,35.77825],"properties":{"slug":"kita-akabane-minami","name":"Akabane minami","name_local":"赤羽南","ward":"Kita","ward_slug":"kita","gruppo":"kita-akabane-minami","gruppo_name":"Akabane minami","usato":false},"geometry":{"type":"Polygon","coordinates":[[[139.72604,35.77547],[139.72621,35.77825],[139.72147,35.77785],[139.7224,35.77585],[139.7218,35.77531],[139.72204,35.77177],[139.72574,35.77251],[139.72604,35.77547]]]}},{"type":"Feature","bbox":[139.70436,35.76805,139.72211,35.78024],"properties":{"slug":"kita-akabane-nishi","name":"Akabane nishi","name_local":"赤羽西","ward":"Kita","ward_slug":"kita","gruppo":"kita-akabane-nishi","gruppo_name":"Akabane nishi","usato":false},"geometry":{"type":"Polygon","coordinates":[[[139.72204,35.77177],[139.72211,35.77019],[139.71943,35.76957],[139.71724,35.76805],[139.71669,35.76838],[139.71582,35.77203],[139.71333,35.77127],[139.71304,35.77287],[139.7108,35.77254],[139.71101,35.7709],[139.70615,35.76959],[139.70539,35.77246],[139.70482,35.77374],[139.70436,35.7738],[139.7046,35.77499],[139.71141,35.77643],[139.71023,35.77477],[139.71274,35.77434],[139.71319,35.77469],[139.71433,35.77418],[139.7153,35.77518],[139.71638,35.77524],[139.7171,35.7758],[139.71663,35.77694],[139.71887,35.77942],[139.71886,35.78024],[139.72157,35.77606],[139.72204,35.77177]]]}},{"type":"Feature","bbox":[139.70874,35.77416,139.71901,35.78557],"properties":{"slug":"kita-akabanedai","name":"Akabanedai","name_local":"赤羽台","ward":"Kita","ward_slug":"kita","gruppo":"kita-akabanedai","gruppo_name":"Akabanedai","usato":false},"geometry":{"type":"Polygon","coordinates":[[[139.71732,35.78412],[139.71557,35.78555],[139.71493,35.78525],[139.71292,35.78557],[139.70874,35.78431],[139.71349,35.78138],[139.7118,35.77988],[139.70991,35.77949],[139.71069,35.77821],[139.71131,35.77807],[139.71156,35.77717],[139.71124,35.77576],[139.71023,35.77477],[139.71274,35.77434],[139.71319,35.77469],[139.71425,35.77416],[139.7153,35.77518],[139.71638,35.77524],[139.7171,35.7758],[139.71663,35.77694],[139.71901,35.77969],[139.71732,35.78412]]]}},{"type":"Feature","bbox":[139.72217,35.75916,139.73487,35.77254],"properties":{"slug":"kita-higashi-j-j","name":"Higashi-Jūjō","name_local":"東十条","ward":"Kita","ward_slug":"kita","gruppo":"kita-higashi-j-j","gruppo_name":"Higashi-Jūjō","usato":false},"geometry":{"type":"Polygon","coordinates":[[[139.7329,35.75951],[139.73293,35.7623],[139.73262,35.7623],[139.73113,35.7657],[139.73487,35.76632],[139.73471,35.76676],[139.73393,35.76756],[139.73012,35.76685],[139.72965,35.76823],[139.72893,35.76802],[139.72801,35.76967],[139.72737,35.76943],[139.72574,35.77251],[139.72217,35.77181],[139.72696,35.76318],[139.73214,35.75916],[139.7329,35.75951]]]}},{"type":"Feature","bbox":[139.68478,35.78008,139.69657,35.7912],"properties":{"slug":"kita-higashi-sakashita","name":"Higashi Sakashita","name_local":"東坂下","ward":"Kita","ward_slug":"kita","gruppo":"kita-higashi-sakashita","gruppo_name":"Higashi Sakashita","usato":false},"geometry":{"type":"Polygon","coordinates":[[[139.69092,35.78008],[139.6861,35.7852],[139.68478,35.78824],[139.68525,35.7912],[139.68699,35.79005],[139.69127,35.78441],[139.69357,35.78314],[139.69657,35.7823],[139.69647,35.78094],[139.69092,35.78008]]]}},{"type":"Feature","bbox":[139.75552,35.73526,139.76588,35.74501],"properties":{"slug":"kita-higashi-tabata","name":"Higashi Tabata","name_local":"東田端","ward":"Kita","ward_slug":"kita","gruppo":"kita-tabata","gruppo_name":"Tabata","usato":false},"geometry":{"type":"Polygon","coordinates":[[[139.75752,35.74501],[139.76324,35.7412],[139.76482,35.73915],[139.76588,35.73624],[139.76366,35.73526],[139.76286,35.73615],[139.76154,35.73665],[139.76173,35.73698],[139.75995,35.73859],[139.75552,35.74178],[139.75752,35.74501]]]}},{"type":"Feature","bbox":[139.7386,35.75078,139.75777,35.75884],"properties":{"slug":"kita-horifune","name":"Horifune","name_local":"堀船","ward":"Kita","ward_slug":"kita","gruppo":"kita-horifune","gruppo_name":"Horifune","usato":false},"geometry":{"type":"Polygon","coordinates":[[[139.75166,35.75599],[139.74981,35.75659],[139.74874,35.75742],[139.74823,35.75884],[139.7467,35.75883],[139.74618,35.75845],[139.74624,35.7577],[139.74236,35.75666],[139.74298,35.75546],[139.74229,35.75508],[139.74247,35.75418],[139.7416,35.75284],[139.7386,35.75223],[139.74017,35.75097],[139.7419,35.75209],[139.7443,35.75116],[139.74578,35.75155],[139.74824,35.75078],[139.74958,35.75104],[139.75029,35.75229],[139.75089,35.75253],[139.75102,35.75361],[139.75726,35.75316],[139.75777,35.75485],[139.75166,35.75599]]]}},{"type":"Feature","bbox":[139.71938,35.78246,139.72697,35.79187],"properties":{"slug":"kita-iwabuchimachi","name":"Iwabuchimachi","name_local":"岩淵町","ward":"Kita","ward_slug":"kita","gruppo":"kita-iwabuchimachi","gruppo_name":"Iwabuchimachi","usato":false},"geometry":{"type":"Polygon","coordinates":[[[139.72675,35.78246],[139.71994,35.78393],[139.72126,35.78607],[139.71974,35.7864],[139.71938,35.79187],[139.72247,35.79063],[139.72305,35.78812],[139.72369,35.78762],[139.72518,35.7871],[139.72683,35.78731],[139.7254,35.785],[139.72697,35.7848],[139.72675,35.78246]]]}},{"type":"Feature","bbox":[139.71776,35.752,139.72967,35.75928],"properties":{"slug":"kita-j-j-dai","name":"Jūjō-dai","name_local":"十条台","ward":"Kita","ward_slug":"kita","gruppo":"kita-j-j-dai","gruppo_name":"Jūjō-dai","usato":false},"geometry":{"type":"Polygon","coordinates":[[[139.72464,35.75206],[139.7224,35.752],[139.72241,35.75355],[139.72022,35.75502],[139.72114,35.75542],[139.7192,35.75671],[139.7192,35.75717],[139.71776,35.75856],[139.71849,35.75928],[139.72226,35.75683],[139.72226,35.75768],[139.72897,35.7581],[139.72967,35.75512],[139.72797,35.75493],[139.72809,35.75385],[139.7285,35.75364],[139.72768,35.75309],[139.72496,35.75285],[139.72464,35.75206]]]}},{"type":"Feature","bbox":[139.73113,35.74912,139.74298,35.77007],"properties":{"slug":"kita-ji","name":"Ōji","name_local":"王子","ward":"Kita","ward_slug":"kita","gruppo":"kita-ji","gruppo_name":"Ōji","usato":false},"geometry":{"type":"Polygon","coordinates":[[[139.73897,35.76973],[139.73854,35.76831],[139.73867,35.766],[139.73825,35.76599],[139.73805,35.76392],[139.74236,35.764],[139.74233,35.76138],[139.7422,35.75898],[139.73865,35.75912],[139.73863,35.7561],[139.74189,35.75614],[139.74236,35.75666],[139.74298,35.75546],[139.74229,35.75508],[139.74247,35.75418],[139.7416,35.75284],[139.7386,35.75223],[139.74017,35.75097],[139.73948,35.75056],[139.73875,35.74912],[139.73585,35.75237],[139.73651,35.75308],[139.73717,35.75315],[139.73344,35.75807],[139.73214,35.75916],[139.73292,35.75944],[139.73296,35.76215],[139.73113,35.7657],[139.73487,35.76632],[139.73729,35.76826],[139.73756,35.76939],[139.7371,35.77007],[139.73897,35.76973]]]}},{"type":"Feature","bbox":[139.72464,35.7517,139.73647,35.75757],"properties":{"slug":"kita-ji-honch","name":"Ōji-Honchō","name_local":"王子本町","ward":"Kita","ward_slug":"kita","gruppo":"kita-ji-honch","gruppo_name":"Ōji-Honchō","usato":false},"geometry":{"type":"Polygon","coordinates":[[[139.73585,35.75237],[139.73321,35.7518],[139.73202,35.75236],[139.73144,35.7517],[139.73121,35.75258],[139.73032,35.75249],[139.7302,35.75302],[139.72464,35.75206],[139.72496,35.75285],[139.72768,35.75309],[139.7285,35.75364],[139.72809,35.75385],[139.72797,35.75493],[139.72967,35.75512],[139.72957,35.7559],[139.73162,35.75757],[139.73459,35.75447],[139.73567,35.75415],[139.73647,35.75326],[139.73585,35.75237]]]}},{"type":"Feature","bbox":[139.71724,35.76138,139.72222,35.77033],"properties":{"slug":"kita-jujo-nakahara","name":"Jujo Nakahara","name_local":"十条仲原","ward":"Kita","ward_slug":"kita","gruppo":"kita-jujo-nakahara","gruppo_name":"Jujo Nakahara","usato":false},"geometry":{"type":"Polygon","coordinates":[[[139.72222,35.76138],[139.71967,35.76159],[139.71797,35.76478],[139.71902,35.76514],[139.71858,35.76666],[139.71724,35.76805],[139.71943,35.76957],[139.72167,35.77033],[139.72211,35.77019],[139.72222,35.76138]]]}},{"type":"Feature","bbox":[139.71258,35.75683,139.72707,35.76805],"properties":{"slug":"kita-kami-jujo","name":"Kami jujo","name_local":"上十条","ward":"Kita","ward_slug":"kita","gruppo":"kita-kami-jujo","gruppo_name":"Kami jujo","usato":false},"geometry":{"type":"Polygon","coordinates":[[[139.72674,35.75808],[139.72226,35.75768],[139.72226,35.75683],[139.71849,35.75928],[139.71776,35.75856],[139.71629,35.76072],[139.71315,35.76327],[139.71258,35.76328],[139.71349,35.76355],[139.71342,35.76478],[139.71462,35.76557],[139.71469,35.7675],[139.71681,35.76756],[139.71724,35.76805],[139.71792,35.76768],[139.71902,35.76514],[139.71797,35.76478],[139.71967,35.76159],[139.72398,35.76163],[139.72403,35.76114],[139.72707,35.75847],[139.72636,35.75839],[139.72674,35.75808]]]}},{"type":"Feature","bbox":[139.74501,35.74178,139.75752,35.75119],"properties":{"slug":"kita-kami-nakazato","name":"Kami-Nakazato","name_local":"上中里","ward":"Kita","ward_slug":"kita","gruppo":"kita-nakazato","gruppo_name":"Nakazato","usato":false},"geometry":{"type":"Polygon","coordinates":[[[139.7572,35.74522],[139.75481,35.74659],[139.74868,35.74894],[139.74982,35.7507],[139.74958,35.75104],[139.74824,35.75078],[139.74699,35.75119],[139.74633,35.7493],[139.74671,35.74927],[139.74655,35.74888],[139.74604,35.74884],[139.74501,35.74761],[139.74669,35.74665],[139.74573,35.74676],[139.74573,35.74576],[139.74502,35.7443],[139.74794,35.74364],[139.75079,35.74211],[139.75115,35.74291],[139.75215,35.7436],[139.75552,35.74178],[139.75752,35.74501],[139.7572,35.74522]]]}},{"type":"Feature","bbox":[139.72571,35.76637,139.73756,35.77541],"properties":{"slug":"kita-kamiya","name":"Kamiya","name_local":"神谷","ward":"Kita","ward_slug":"kita","gruppo":"kita-kamiya","gruppo_name":"Kamiya","usato":false},"geometry":{"type":"Polygon","coordinates":[[[139.73632,35.77046],[139.73756,35.76939],[139.73738,35.76853],[139.73543,35.76662],[139.73494,35.76637],[139.73393,35.76756],[139.73012,35.76685],[139.72965,35.76823],[139.72893,35.76802],[139.72801,35.76967],[139.72737,35.76943],[139.72571,35.77228],[139.72609,35.77504],[139.7368,35.77529],[139.73569,35.77242],[139.73632,35.77046]]]}},{"type":"Feature","bbox":[139.70344,35.77499,139.71349,35.78346],"properties":{"slug":"kita-kirigaoka","name":"Kirigaoka","name_local":"桐ケ丘","ward":"Kita","ward_slug":"kita","gruppo":"kita-kirigaoka","gruppo_name":"Kirigaoka","usato":false},"geometry":{"type":"Polygon","coordinates":[[[139.70962,35.78346],[139.71349,35.78138],[139.7118,35.77988],[139.70991,35.77949],[139.71069,35.77821],[139.71131,35.77807],[139.71141,35.77643],[139.7046,35.77499],[139.70344,35.77837],[139.70706,35.77912],[139.7074,35.78014],[139.70819,35.78072],[139.70811,35.78288],[139.7091,35.78318],[139.70994,35.78282],[139.70942,35.78322],[139.70962,35.78346]]]}},{"type":"Feature","bbox":[139.72736,35.75308,139.73717,35.7625],"properties":{"slug":"kita-kishimachi","name":"Kishimachi","name_local":"岸町","ward":"Kita","ward_slug":"kita","gruppo":"kita-kishimachi","gruppo_name":"Kishimachi","usato":false},"geometry":{"type":"Polygon","coordinates":[[[139.73651,35.75308],[139.73567,35.75415],[139.73459,35.75447],[139.7333,35.75566],[139.72736,35.76241],[139.7332,35.75831],[139.73717,35.75315],[139.73651,35.75308]]]}},{"type":"Feature","bbox":[139.72211,35.7559,139.73162,35.77181],"properties":{"slug":"kita-naka-j-j","name":"Naka-Jūjō","name_local":"中十条","ward":"Kita","ward_slug":"kita","gruppo":"kita-naka-j-j","gruppo_name":"Naka-Jūjō","usato":false},"geometry":{"type":"Polygon","coordinates":[[[139.72211,35.77019],[139.72222,35.76138],[139.72398,35.76163],[139.72403,35.76114],[139.7271,35.75841],[139.72639,35.75826],[139.72897,35.7581],[139.72957,35.7559],[139.73162,35.75757],[139.72739,35.76217],[139.7276,35.7625],[139.72632,35.76405],[139.72217,35.77181],[139.72211,35.77019]]]}},{"type":"Feature","bbox":[139.74788,35.7358,139.75552,35.7436],"properties":{"slug":"kita-nakazato","name":"Nakazato","name_local":"中里","ward":"Kita","ward_slug":"kita","gruppo":"kita-nakazato","gruppo_name":"Nakazato","usato":false},"geometry":{"type":"Polygon","coordinates":[[[139.75552,35.74178],[139.75446,35.74093],[139.7536,35.73852],[139.75117,35.7358],[139.74971,35.73658],[139.74788,35.73921],[139.74849,35.74073],[139.74886,35.74057],[139.75003,35.74238],[139.75079,35.74211],[139.75115,35.74291],[139.75215,35.7436],[139.75552,35.74178]]]}},{"type":"Feature","bbox":[139.73196,35.73877,139.75005,35.75074],"properties":{"slug":"kita-nishigahara","name":"Nishigahara","name_local":"西ケ原","ward":"Kita","ward_slug":"kita","gruppo":"kita-nishigahara","gruppo_name":"Nishigahara","usato":false},"geometry":{"type":"Polygon","coordinates":[[[139.74501,35.74761],[139.74669,35.74665],[139.74573,35.74676],[139.74573,35.74576],[139.74502,35.7443],[139.75005,35.74275],[139.74919,35.74099],[139.74886,35.74057],[139.74849,35.74073],[139.74788,35.73921],[139.74678,35.73989],[139.74633,35.73877],[139.74515,35.73925],[139.74407,35.73889],[139.74427,35.74063],[139.74467,35.7408],[139.74115,35.74233],[139.73504,35.74063],[139.73293,35.74288],[139.73196,35.74322],[139.73284,35.74498],[139.73558,35.74513],[139.73633,35.74641],[139.73891,35.74856],[139.73875,35.74912],[139.7397,35.75074],[139.74161,35.74926],[139.74501,35.74761]]]}},{"type":"Feature","bbox":[139.70615,35.76328,139.71724,35.77287],"properties":{"slug":"kita-nishigaoka","name":"Nishigaoka","name_local":"西が丘","ward":"Kita","ward_slug":"kita","gruppo":"kita-nishigaoka","gruppo_name":"Nishigaoka","usato":false},"geometry":{"type":"Polygon","coordinates":[[[139.71724,35.76805],[139.71681,35.76756],[139.71469,35.7675],[139.71462,35.76557],[139.71342,35.76478],[139.71349,35.76355],[139.71033,35.76341],[139.70912,35.76563],[139.70813,35.76538],[139.70782,35.76615],[139.7066,35.76705],[139.70615,35.76959],[139.71101,35.7709],[139.7108,35.77254],[139.71304,35.77287],[139.71333,35.77127],[139.71582,35.77203],[139.71669,35.76838],[139.71724,35.76805]]]}},{"type":"Feature","bbox":[139.7397,35.74761,139.74699,35.75209],"properties":{"slug":"kita-sakaech","name":"Sakaechō","name_local":"栄町","ward":"Kita","ward_slug":"kita","gruppo":"kita-sakaech","gruppo_name":"Sakaechō","usato":false},"geometry":{"type":"Polygon","coordinates":[[[139.74699,35.75119],[139.74633,35.7493],[139.74671,35.74927],[139.74655,35.74888],[139.74604,35.74884],[139.74501,35.74761],[139.74161,35.74926],[139.7397,35.75074],[139.7419,35.75209],[139.7443,35.75116],[139.74578,35.75155],[139.74699,35.75119]]]}},{"type":"Feature","bbox":[139.7254,35.77504,139.73909,35.78983],"properties":{"slug":"kita-shimo","name":"Shimo","name_local":"志茂","ward":"Kita","ward_slug":"kita","gruppo":"kita-shimo","gruppo_name":"Shimo","usato":false},"geometry":{"type":"Polygon","coordinates":[[[139.72609,35.77504],[139.72697,35.7848],[139.7254,35.785],[139.72683,35.78731],[139.73167,35.78952],[139.73422,35.78981],[139.73689,35.78861],[139.73909,35.78686],[139.73804,35.78018],[139.73847,35.77864],[139.7368,35.77529],[139.72609,35.77504]]]}},{"type":"Feature","bbox":[139.74868,35.74522,139.75797,35.75029],"properties":{"slug":"kita-showamachi","name":"Showamachi","name_local":"昭和町","ward":"Kita","ward_slug":"kita","gruppo":"kita-showamachi","gruppo_name":"Showamachi","usato":false},"geometry":{"type":"Polygon","coordinates":[[[139.75797,35.7474],[139.75795,35.74616],[139.7572,35.74522],[139.75481,35.74659],[139.74868,35.74894],[139.74964,35.75029],[139.75228,35.74915],[139.75523,35.74889],[139.75491,35.74773],[139.75536,35.74749],[139.75797,35.7474]]]}},{"type":"Feature","bbox":[139.75117,35.73171,139.76444,35.74178],"properties":{"slug":"kita-tabata","name":"Tabata","name_local":"田端","ward":"Kita","ward_slug":"kita","gruppo":"kita-tabata","gruppo_name":"Tabata","usato":false},"geometry":{"type":"Polygon","coordinates":[[[139.76366,35.73526],[139.76286,35.73615],[139.76154,35.73665],[139.76173,35.73698],[139.75995,35.73859],[139.75552,35.74178],[139.75446,35.74093],[139.7536,35.73852],[139.75117,35.7358],[139.75353,35.73508],[139.76015,35.73171],[139.76182,35.7329],[139.76149,35.73376],[139.76361,35.73375],[139.76444,35.73463],[139.76366,35.73526]]]}},{"type":"Feature","bbox":[139.76013,35.73624,139.7707,35.7441],"properties":{"slug":"kita-tabata-shimachi","name":"Tabata shimachi","name_local":"田端新町","ward":"Kita","ward_slug":"kita","gruppo":"kita-tabata-shimachi","gruppo_name":"Tabata shimachi","usato":false},"geometry":{"type":"Polygon","coordinates":[[[139.76398,35.74036],[139.76013,35.74343],[139.76053,35.74395],[139.76266,35.74349],[139.76409,35.7441],[139.76444,35.74248],[139.76574,35.74158],[139.76823,35.7414],[139.76869,35.73923],[139.76987,35.73905],[139.7707,35.73791],[139.76588,35.73624],[139.76398,35.74036]]]}},{"type":"Feature","bbox":[139.71964,35.73961,139.73906,35.75302],"properties":{"slug":"kita-takinogawa","name":"Takinogawa","name_local":"滝野川","ward":"Kita","ward_slug":"kita","gruppo":"kita-takinogawa","gruppo_name":"Takinogawa","usato":false},"geometry":{"type":"Polygon","coordinates":[[[139.73875,35.74912],[139.73891,35.74856],[139.73633,35.74641],[139.73547,35.74502],[139.72788,35.74512],[139.72748,35.74373],[139.72459,35.74063],[139.72494,35.74014],[139.72561,35.74012],[139.7256,35.73967],[139.725,35.74006],[139.72404,35.73964],[139.7229,35.74091],[139.72001,35.7421],[139.71964,35.74519],[139.72019,35.74673],[139.72123,35.74629],[139.72132,35.74747],[139.72221,35.74746],[139.72174,35.74799],[139.72217,35.7488],[139.72176,35.74898],[139.72275,35.752],[139.72622,35.75209],[139.7302,35.75302],[139.73032,35.75249],[139.73121,35.75258],[139.73144,35.7517],[139.73202,35.75236],[139.73321,35.7518],[139.73585,35.75237],[139.73875,35.74912]]]}},{"type":"Feature","bbox":[139.73805,35.7561,139.76016,35.76973],"properties":{"slug":"kita-toshima","name":"Toshima","name_local":"豊島","ward":"Kita","ward_slug":"kita","gruppo":"kita-toshima","gruppo_name":"Toshima","usato":false},"geometry":{"type":"Polygon","coordinates":[[[139.73865,35.75912],[139.7422,35.75898],[139.7423,35.76037],[139.74236,35.764],[139.73805,35.76392],[139.73825,35.76599],[139.73867,35.766],[139.73854,35.76831],[139.73897,35.76973],[139.74639,35.76706],[139.75066,35.7673],[139.75852,35.76905],[139.75967,35.76746],[139.76016,35.7656],[139.74882,35.75988],[139.74823,35.75884],[139.74656,35.75877],[139.74618,35.75845],[139.74624,35.7577],[139.74579,35.7575],[139.7426,35.75687],[139.74189,35.75614],[139.73863,35.7561],[139.73865,35.75912]]]}},{"type":"Feature","bbox":[139.68939,35.78213,139.7118,35.79865],"properties":{"slug":"kita-ukima","name":"Ukima","name_local":"浮間","ward":"Kita","ward_slug":"kita","gruppo":"kita-ukima","gruppo_name":"Ukima","usato":false},"geometry":{"type":"Polygon","coordinates":[[[139.69726,35.79865],[139.697,35.79619],[139.69534,35.79534],[139.69462,35.79559],[139.69063,35.79057],[139.68939,35.78703],[139.69127,35.78441],[139.69497,35.78262],[139.69844,35.78213],[139.70184,35.78388],[139.70669,35.7876],[139.70974,35.78833],[139.7118,35.78832],[139.71129,35.79209],[139.70922,35.79229],[139.70474,35.79373],[139.69726,35.79865]]]}},{"type":"Feature","bbox":[139.53205,35.78918,139.54758,35.80448],"properties":{"slug":"kiyose-asahigaoka","name":"Asahigaoka","name_local":"旭が丘","ward":"Kiyose","ward_slug":"kiyose","gruppo":"kiyose-asahigaoka","gruppo_name":"Asahigaoka","usato":false},"geometry":{"type":"Polygon","coordinates":[[[139.53613,35.79483],[139.53774,35.7972],[139.54427,35.80293],[139.54535,35.80448],[139.54592,35.80434],[139.54758,35.80208],[139.54623,35.79876],[139.54458,35.79687],[139.54013,35.79414],[139.53808,35.7917],[139.53786,35.79199],[139.53713,35.7916],[139.53363,35.78918],[139.53205,35.7914],[139.53457,35.79295],[139.53613,35.79483]]]}},{"type":"Feature","bbox":[139.51808,35.77192,139.52824,35.78358],"properties":{"slug":"kiyose-kami-kiyoto","name":"Kami kiyoto","name_local":"上清戸","ward":"Kiyose","ward_slug":"kiyose","gruppo":"kiyose-kami-kiyoto","gruppo_name":"Kami kiyoto","usato":false},"geometry":{"type":"Polygon","coordinates":[[[139.5278,35.77349],[139.52655,35.77482],[139.52488,35.7788],[139.52607,35.77927],[139.52504,35.781],[139.52445,35.78358],[139.51808,35.78013],[139.5205,35.77475],[139.52241,35.77407],[139.52294,35.77346],[139.52247,35.77201],[139.52651,35.7721],[139.52824,35.77311],[139.5278,35.77349]]]}},{"type":"Feature","bbox":[139.50845,35.76515,139.5219,35.77487],"properties":{"slug":"kiyose-matsuyama","name":"Matsuyama","name_local":"松山","ward":"Kiyose","ward_slug":"kiyose","gruppo":"kiyose-matsuyama","gruppo_name":"Matsuyama","usato":false},"geometry":{"type":"Polygon","coordinates":[[[139.50993,35.77487],[139.5219,35.77145],[139.51627,35.76564],[139.51517,35.76515],[139.50845,35.77082],[139.51252,35.77271],[139.50993,35.77487]]]}},{"type":"Feature","bbox":[139.50943,35.77145,139.52294,35.77963],"properties":{"slug":"kiyose-motomachi","name":"Motomachi","name_local":"元町","ward":"Kiyose","ward_slug":"kiyose","gruppo":"kiyose-motomachi","gruppo_name":"Motomachi","usato":false},"geometry":{"type":"Polygon","coordinates":[[[139.52247,35.77201],[139.52294,35.77346],[139.52241,35.77407],[139.5205,35.77475],[139.51834,35.77963],[139.50943,35.77501],[139.52098,35.77165],[139.5219,35.77145],[139.52247,35.77201]]]}},{"type":"Feature","bbox":[139.52445,35.77349,139.53757,35.78757],"properties":{"slug":"kiyose-naka-kiyoto","name":"Naka kiyoto","name_local":"中清戸","ward":"Kiyose","ward_slug":"kiyose","gruppo":"kiyose-naka-kiyoto","gruppo_name":"Naka kiyoto","usato":false},"geometry":{"type":"Polygon","coordinates":[[[139.52491,35.78393],[139.52776,35.78558],[139.52676,35.78618],[139.52912,35.78757],[139.52978,35.78748],[139.53066,35.78623],[139.53117,35.78644],[139.53169,35.78531],[139.53369,35.78511],[139.53469,35.78304],[139.53359,35.78259],[139.53466,35.78035],[139.5344,35.78027],[139.53582,35.77918],[139.53552,35.77892],[139.53594,35.77835],[139.53648,35.77866],[139.53757,35.77633],[139.53697,35.77653],[139.53621,35.77601],[139.53618,35.7754],[139.53215,35.77352],[139.5278,35.77349],[139.52655,35.77482],[139.52488,35.7788],[139.52607,35.77927],[139.52493,35.78137],[139.52445,35.78358],[139.52491,35.78393]]]}},{"type":"Feature","bbox":[139.5066,35.7756,139.53364,35.79407],"properties":{"slug":"kiyose-nakazato","name":"Nakazato","name_local":"中里","ward":"Kiyose","ward_slug":"kiyose","gruppo":"kiyose-nakazato","gruppo_name":"Nakazato","usato":false},"geometry":{"type":"Polygon","coordinates":[[[139.51834,35.77963],[139.51808,35.78013],[139.52741,35.78519],[139.52776,35.78558],[139.52676,35.78618],[139.52787,35.7866],[139.52797,35.78701],[139.52914,35.78757],[139.53014,35.78703],[139.53364,35.78917],[139.53205,35.7914],[139.53114,35.79398],[139.52918,35.79407],[139.52543,35.79163],[139.52295,35.79175],[139.52294,35.79121],[139.52363,35.79056],[139.52338,35.79011],[139.52227,35.78912],[139.51994,35.78816],[139.5193,35.78797],[139.51589,35.78868],[139.51371,35.78826],[139.51292,35.78564],[139.50903,35.78475],[139.50783,35.78418],[139.50777,35.78362],[139.50686,35.78298],[139.50779,35.78204],[139.5066,35.77919],[139.50948,35.77957],[139.51033,35.7756],[139.51834,35.77963]]]}},{"type":"Feature","bbox":[139.49642,35.77367,139.51041,35.78326],"properties":{"slug":"kiyose-noshio","name":"Noshio","name_local":"野塩","ward":"Kiyose","ward_slug":"kiyose","gruppo":"kiyose-noshio","gruppo_name":"Noshio","usato":false},"geometry":{"type":"Polygon","coordinates":[[[139.49737,35.77367],[139.50033,35.77455],[139.50566,35.77417],[139.50896,35.77474],[139.51033,35.7756],[139.51041,35.7761],[139.50948,35.77957],[139.5066,35.77919],[139.50779,35.78204],[139.50686,35.78298],[139.50447,35.78326],[139.50102,35.78222],[139.49893,35.78213],[139.49816,35.78145],[139.49642,35.77723],[139.49737,35.77367]]]}},{"type":"Feature","bbox":[139.53014,35.77693,139.54396,35.7916],"properties":{"slug":"kiyose-shimo-kiyoto","name":"Shimo kiyoto","name_local":"下清戸","ward":"Kiyose","ward_slug":"kiyose","gruppo":"kiyose-shimo-kiyoto","gruppo_name":"Shimo kiyoto","usato":false},"geometry":{"type":"Polygon","coordinates":[[[139.53359,35.78259],[139.53469,35.78304],[139.53369,35.78511],[139.53169,35.78531],[139.53117,35.78644],[139.53066,35.78623],[139.53014,35.78703],[139.53713,35.7916],[139.53732,35.79085],[139.5401,35.79024],[139.54378,35.78839],[139.54396,35.78287],[139.54319,35.7798],[139.54026,35.77802],[139.53727,35.77693],[139.53648,35.77866],[139.53594,35.77835],[139.53552,35.77892],[139.53582,35.77918],[139.5344,35.78027],[139.53466,35.78035],[139.53359,35.78259]]]}},{"type":"Feature","bbox":[139.52918,35.7914,139.54551,35.80732],"properties":{"slug":"kiyose-shitajuku","name":"Shitajuku","name_local":"下宿","ward":"Kiyose","ward_slug":"kiyose","gruppo":"kiyose-shitajuku","gruppo_name":"Shitajuku","usato":false},"geometry":{"type":"Polygon","coordinates":[[[139.53205,35.7914],[139.53517,35.79347],[139.53774,35.7972],[139.54427,35.80293],[139.54551,35.80464],[139.54421,35.80632],[139.54168,35.80732],[139.5403,35.80583],[139.53767,35.80444],[139.53486,35.80107],[139.53291,35.798],[139.52918,35.79407],[139.53114,35.79398],[139.53205,35.7914]]]}},{"type":"Feature","bbox":[139.4968,35.76125,139.51517,35.77082],"properties":{"slug":"kiyose-takeoka","name":"Takeoka","name_local":"竹丘","ward":"Kiyose","ward_slug":"kiyose","gruppo":"kiyose-takeoka","gruppo_name":"Takeoka","usato":false},"geometry":{"type":"Polygon","coordinates":[[[139.51517,35.76515],[139.50845,35.77082],[139.50351,35.76948],[139.50105,35.7683],[139.50132,35.76546],[139.4968,35.76244],[139.50471,35.76125],[139.50809,35.76212],[139.51517,35.76515]]]}},{"type":"Feature","bbox":[139.49737,35.76808,139.51252,35.77501],"properties":{"slug":"kiyose-umezono","name":"Umezono","name_local":"梅園","ward":"Kiyose","ward_slug":"kiyose","gruppo":"kiyose-umezono","gruppo_name":"Umezono","usato":false},"geometry":{"type":"Polygon","coordinates":[[[139.50943,35.77501],[139.51252,35.77271],[139.50845,35.77082],[139.50325,35.76938],[139.50087,35.76808],[139.49976,35.77096],[139.49867,35.77258],[139.49806,35.77198],[139.49737,35.77366],[139.50033,35.77455],[139.50587,35.77418],[139.50943,35.77501]]]}},{"type":"Feature","bbox":[139.4771,35.7216,139.49166,35.72886],"properties":{"slug":"kodaira-gakuen-higashicho","name":"Gakuen higashicho","name_local":"学園東町","ward":"Kodaira","ward_slug":"kodaira","gruppo":"kodaira-gakuen-higashicho","gruppo_name":"Gakuen higashicho","usato":false},"geometry":{"type":"Polygon","coordinates":[[[139.48009,35.7216],[139.47959,35.72374],[139.4771,35.72726],[139.48202,35.72775],[139.48316,35.72886],[139.48355,35.72769],[139.48444,35.72772],[139.4844,35.72829],[139.48474,35.7283],[139.48478,35.72774],[139.48536,35.72807],[139.4854,35.72777],[139.4863,35.72775],[139.48662,35.72654],[139.48661,35.72782],[139.48743,35.72886],[139.48745,35.72834],[139.49036,35.72747],[139.49043,35.72661],[139.49166,35.72661],[139.49142,35.72205],[139.48009,35.7216]]]}},{"type":"Feature","bbox":[139.47081,35.71668,139.4804,35.72726],"properties":{"slug":"kodaira-gakuen-nishimachi","name":"Gakuen nishimachi","name_local":"学園西町","ward":"Kodaira","ward_slug":"kodaira","gruppo":"kodaira-gakuen-nishimachi","gruppo_name":"Gakuen nishimachi","usato":false},"geometry":{"type":"Polygon","coordinates":[[[139.4804,35.71668],[139.47122,35.71874],[139.47081,35.72648],[139.4771,35.72726],[139.47997,35.72292],[139.4804,35.71668]]]}},{"type":"Feature","bbox":[139.50078,35.72505,139.5212,35.74187],"properties":{"slug":"kodaira-hanakoganei","name":"Hanakoganei","name_local":"花小金井","ward":"Kodaira","ward_slug":"kodaira","gruppo":"kodaira-hanakoganei","gruppo_name":"Hanakoganei","usato":false},"geometry":{"type":"Polygon","coordinates":[[[139.51944,35.7261],[139.52052,35.72525],[139.51599,35.72528],[139.51123,35.7271],[139.51114,35.72677],[139.50764,35.72705],[139.50078,35.72671],[139.50146,35.73068],[139.50312,35.73065],[139.50171,35.73144],[139.50209,35.73679],[139.50477,35.7363],[139.50445,35.73225],[139.50541,35.73219],[139.50571,35.73617],[139.50657,35.73602],[139.5069,35.73975],[139.5056,35.74008],[139.50674,35.74187],[139.5083,35.74123],[139.50732,35.73965],[139.50806,35.73948],[139.50801,35.73832],[139.51232,35.73793],[139.51286,35.74074],[139.51258,35.74133],[139.5129,35.74163],[139.51353,35.74157],[139.51324,35.73872],[139.5141,35.73867],[139.51437,35.74147],[139.51519,35.74138],[139.51497,35.73905],[139.5212,35.73885],[139.52028,35.73347],[139.51679,35.73041],[139.51775,35.72746],[139.51944,35.7261]]]}},{"type":"Feature","bbox":[139.50835,35.71621,139.52472,35.7271],"properties":{"slug":"kodaira-hanakoganei-minami-ch","name":"Hanakoganei Minami-chō","name_local":"花小金井南町","ward":"Kodaira","ward_slug":"kodaira","gruppo":"kodaira-hanakoganei-minami-ch","gruppo_name":"Hanakoganei Minami-chō","usato":false},"geometry":{"type":"Polygon","coordinates":[[[139.52299,35.71893],[139.50835,35.71621],[139.51123,35.7271],[139.51599,35.72528],[139.52052,35.72525],[139.52327,35.72311],[139.52298,35.72285],[139.52472,35.7193],[139.52299,35.71893]]]}},{"type":"Feature","bbox":[139.47824,35.70827,139.49618,35.7167],"properties":{"slug":"kodaira-josui-minamicho","name":"Josui Minamicho","name_local":"上水南町","ward":"Kodaira","ward_slug":"kodaira","gruppo":"kodaira-josui-minamicho","gruppo_name":"Josui Minamicho","usato":false},"geometry":{"type":"Polygon","coordinates":[[[139.47824,35.70871],[139.48031,35.7167],[139.49618,35.71351],[139.49562,35.70976],[139.49318,35.71026],[139.49293,35.70889],[139.49212,35.70906],[139.49195,35.70827],[139.48874,35.70844],[139.48569,35.70864],[139.48188,35.71246],[139.48209,35.71277],[139.4801,35.71437],[139.47824,35.70871]]]}},{"type":"Feature","bbox":[139.48009,35.71437,139.49142,35.72205],"properties":{"slug":"kodaira-kiheicho","name":"Kiheicho","name_local":"喜平町","ward":"Kodaira","ward_slug":"kodaira","gruppo":"kodaira-kiheicho","gruppo_name":"Kiheicho","usato":false},"geometry":{"type":"Polygon","coordinates":[[[139.49127,35.71437],[139.4804,35.71668],[139.48009,35.7216],[139.49142,35.72205],[139.49127,35.71437]]]}},{"type":"Feature","bbox":[139.49127,35.71297,139.49966,35.72194],"properties":{"slug":"kodaira-meguritacho","name":"Meguritacho","name_local":"回田町","ward":"Kodaira","ward_slug":"kodaira","gruppo":"kodaira-meguritacho","gruppo_name":"Meguritacho","usato":false},"geometry":{"type":"Polygon","coordinates":[[[139.49902,35.71297],[139.49966,35.718],[139.4971,35.71815],[139.49713,35.7185],[139.49627,35.71868],[139.49644,35.72183],[139.49391,35.72194],[139.49143,35.71958],[139.49127,35.71437],[139.49902,35.71297]]]}},{"type":"Feature","bbox":[139.4846,35.73423,139.49301,35.74499],"properties":{"slug":"kodaira-misonoch","name":"Misonochō","name_local":"美園町","ward":"Kodaira","ward_slug":"kodaira","gruppo":"kodaira-misonoch","gruppo_name":"Misonochō","usato":false},"geometry":{"type":"Polygon","coordinates":[[[139.48662,35.7379],[139.48708,35.74095],[139.48503,35.74086],[139.4846,35.74235],[139.48578,35.74257],[139.48536,35.74397],[139.48771,35.74499],[139.48782,35.74397],[139.49056,35.74468],[139.49143,35.74169],[139.49256,35.74217],[139.49301,35.74128],[139.49162,35.73812],[139.49255,35.73809],[139.49244,35.73423],[139.48618,35.73437],[139.48662,35.7379]]]}},{"type":"Feature","bbox":[139.49902,35.71253,139.50862,35.72021],"properties":{"slug":"kodaira-miyukich","name":"Miyukichō","name_local":"御幸町","ward":"Kodaira","ward_slug":"kodaira","gruppo":"kodaira-miyukich","gruppo_name":"Miyukichō","usato":false},"geometry":{"type":"Polygon","coordinates":[[[139.50835,35.71621],[139.50803,35.71253],[139.5015,35.71256],[139.49902,35.71297],[139.49957,35.71721],[139.50165,35.71693],[139.50234,35.72021],[139.50782,35.71983],[139.50749,35.71866],[139.50806,35.71766],[139.50862,35.71759],[139.50835,35.71621]]]}},{"type":"Feature","bbox":[139.42277,35.72725,139.43561,35.73319],"properties":{"slug":"kodaira-nakajimacho","name":"Nakajimacho","name_local":"中島町","ward":"Kodaira","ward_slug":"kodaira","gruppo":"kodaira-nakajimacho","gruppo_name":"Nakajimacho","usato":false},"geometry":{"type":"Polygon","coordinates":[[[139.42643,35.73012],[139.42277,35.7305],[139.43403,35.72725],[139.43561,35.73319],[139.42844,35.72987],[139.42643,35.73012]]]}},{"type":"Feature","bbox":[139.47884,35.72653,139.49209,35.73538],"properties":{"slug":"kodaira-nakamachi","name":"Nakamachi","name_local":"仲町","ward":"Kodaira","ward_slug":"kodaira","gruppo":"kodaira-nakamachi","gruppo_name":"Nakamachi","usato":false},"geometry":{"type":"Polygon","coordinates":[[[139.49169,35.72774],[139.49166,35.72661],[139.49043,35.72661],[139.49036,35.72747],[139.48905,35.72759],[139.48902,35.72795],[139.48745,35.72834],[139.48743,35.72886],[139.48712,35.72883],[139.48651,35.72653],[139.4863,35.72775],[139.4854,35.72777],[139.48536,35.72807],[139.48478,35.72774],[139.48474,35.7283],[139.4844,35.72829],[139.48444,35.72772],[139.48355,35.72769],[139.48316,35.72886],[139.48202,35.72775],[139.48012,35.72754],[139.47957,35.73062],[139.47884,35.73059],[139.47907,35.73538],[139.48359,35.73521],[139.48356,35.73446],[139.49208,35.73425],[139.49169,35.72774]]]}},{"type":"Feature","bbox":[139.46251,35.73109,139.47901,35.74406],"properties":{"slug":"kodaira-ogawa-higashicho","name":"Ogawa higashicho","name_local":"小川東町","ward":"Kodaira","ward_slug":"kodaira","gruppo":"kodaira-ogawa-higashicho","gruppo_name":"Ogawa higashicho","usato":false},"geometry":{"type":"Polygon","coordinates":[[[139.46409,35.74086],[139.46343,35.73873],[139.46251,35.7314],[139.46504,35.73109],[139.46525,35.73248],[139.47496,35.73222],[139.4789,35.73256],[139.47901,35.73717],[139.47749,35.73736],[139.47761,35.73996],[139.47487,35.74098],[139.47227,35.74257],[139.46682,35.74406],[139.46444,35.74315],[139.46409,35.74086]]]}},{"type":"Feature","bbox":[139.45275,35.73263,139.46444,35.74315],"properties":{"slug":"kodaira-ogawa-nishimachi","name":"Ogawa nishimachi","name_local":"小川西町","ward":"Kodaira","ward_slug":"kodaira","gruppo":"kodaira-ogawa-nishimachi","gruppo_name":"Ogawa nishimachi","usato":false},"geometry":{"type":"Polygon","coordinates":[[[139.45903,35.74038],[139.45319,35.73777],[139.45275,35.73297],[139.46007,35.73263],[139.46123,35.7329],[139.46249,35.7339],[139.46444,35.74315],[139.45903,35.74038]]]}},{"type":"Feature","bbox":[139.43403,35.72359,139.48012,35.73501],"properties":{"slug":"kodaira-ogawacho","name":"Ogawacho","name_local":"小川町","ward":"Kodaira","ward_slug":"kodaira","gruppo":"kodaira-ogawacho","gruppo_name":"Ogawacho","usato":false},"geometry":{"type":"Polygon","coordinates":[[[139.43403,35.72725],[139.43561,35.73319],[139.43697,35.73383],[139.4599,35.73262],[139.4621,35.73353],[139.46293,35.73501],[139.46257,35.73139],[139.46504,35.73109],[139.46525,35.73248],[139.47496,35.73222],[139.4789,35.73256],[139.47884,35.73059],[139.47957,35.73062],[139.48012,35.72754],[139.46064,35.72554],[139.44807,35.72359],[139.43403,35.72725]]]}},{"type":"Feature","bbox":[139.49162,35.73144,139.50482,35.7462],"properties":{"slug":"kodaira-onumacho","name":"Onumacho","name_local":"大沼町","ward":"Kodaira","ward_slug":"kodaira","gruppo":"kodaira-onumacho","gruppo_name":"Onumacho","usato":false},"geometry":{"type":"Polygon","coordinates":[[[139.49246,35.73525],[139.50171,35.73144],[139.50209,35.73679],[139.50477,35.7363],[139.50482,35.73676],[139.50373,35.73676],[139.50455,35.74033],[139.50417,35.74042],[139.50447,35.741],[139.5032,35.74133],[139.50387,35.74305],[139.49791,35.7462],[139.49794,35.74443],[139.49256,35.74217],[139.49299,35.74112],[139.49162,35.73812],[139.49255,35.73809],[139.49246,35.73525]]]}},{"type":"Feature","bbox":[139.49136,35.71693,139.51114,35.72774],"properties":{"slug":"kodaira-suzukicho","name":"Suzukicho","name_local":"鈴木町","ward":"Kodaira","ward_slug":"kodaira","gruppo":"kodaira-suzukicho","gruppo_name":"Suzukicho","usato":false},"geometry":{"type":"Polygon","coordinates":[[[139.51114,35.72677],[139.50862,35.71759],[139.50806,35.71766],[139.50749,35.71866],[139.50782,35.71983],[139.50234,35.72021],[139.50165,35.71693],[139.49957,35.71721],[139.49966,35.718],[139.4971,35.71815],[139.49713,35.7185],[139.49627,35.71868],[139.49644,35.72183],[139.49391,35.72194],[139.49136,35.71968],[139.49169,35.72774],[139.49259,35.72773],[139.49342,35.72684],[139.4963,35.7265],[139.50764,35.72705],[139.51114,35.72677]]]}},{"type":"Feature","bbox":[139.44807,35.72182,139.46154,35.72564],"properties":{"slug":"kodaira-takanodai","name":"Takanodai","name_local":"たかの台","ward":"Kodaira","ward_slug":"kodaira","gruppo":"kodaira-takanodai","gruppo_name":"Takanodai","usato":false},"geometry":{"type":"Polygon","coordinates":[[[139.46154,35.72564],[139.46091,35.72182],[139.44807,35.72359],[139.46154,35.72564]]]}},{"type":"Feature","bbox":[139.49169,35.7265,139.50312,35.73525],"properties":{"slug":"kodaira-tenjincho","name":"Tenjincho","name_local":"天神町","ward":"Kodaira","ward_slug":"kodaira","gruppo":"kodaira-tenjincho","gruppo_name":"Tenjincho","usato":false},"geometry":{"type":"Polygon","coordinates":[[[139.50312,35.73065],[139.50146,35.73068],[139.50078,35.72671],[139.4963,35.7265],[139.49342,35.72684],[139.49259,35.72773],[139.49169,35.72774],[139.49208,35.73425],[139.49244,35.73423],[139.49246,35.73525],[139.50312,35.73065]]]}},{"type":"Feature","bbox":[139.46091,35.71874,139.47122,35.72648],"properties":{"slug":"kodaira-tsudamachi","name":"Tsudamachi","name_local":"津田町","ward":"Kodaira","ward_slug":"kodaira","gruppo":"kodaira-tsudamachi","gruppo_name":"Tsudamachi","usato":false},"geometry":{"type":"Polygon","coordinates":[[[139.46154,35.72564],[139.46091,35.72182],[139.47122,35.71874],[139.47081,35.72648],[139.46154,35.72564]]]}},{"type":"Feature","bbox":[139.51829,35.68395,139.534,35.70176],"properties":{"slug":"koganei-higashicho","name":"Higashicho","name_local":"東町","ward":"Koganei","ward_slug":"koganei","gruppo":"koganei-higashicho","gruppo_name":"Higashicho","usato":false},"geometry":{"type":"Polygon","coordinates":[[[139.51829,35.69162],[139.51883,35.69115],[139.51855,35.69077],[139.52037,35.68959],[139.52066,35.68868],[139.52205,35.68717],[139.52224,35.68756],[139.52321,35.68736],[139.52327,35.68821],[139.52548,35.68689],[139.52511,35.68567],[139.52553,35.68558],[139.52634,35.68395],[139.52727,35.68406],[139.52621,35.68761],[139.52447,35.68841],[139.52473,35.68928],[139.5263,35.6901],[139.5283,35.6896],[139.52892,35.69045],[139.5299,35.68989],[139.52985,35.68944],[139.53066,35.68947],[139.5317,35.68897],[139.53167,35.68864],[139.53235,35.6886],[139.53141,35.69481],[139.534,35.69502],[139.53336,35.70118],[139.53251,35.70111],[139.53243,35.70176],[139.52205,35.70146],[139.52216,35.69439],[139.51953,35.69443],[139.51923,35.69245],[139.51829,35.69162]]]}},{"type":"Feature","bbox":[139.49926,35.69724,139.51245,35.70963],"properties":{"slug":"koganei-honcho","name":"Honcho","name_local":"本町","ward":"Koganei","ward_slug":"koganei","gruppo":"koganei-honcho","gruppo_name":"Honcho","usato":false},"geometry":{"type":"Polygon","coordinates":[[[139.51214,35.70816],[139.51123,35.70307],[139.5102,35.70112],[139.51245,35.70119],[139.51069,35.69724],[139.50623,35.69873],[139.49926,35.69938],[139.50006,35.70291],[139.49971,35.703],[139.50076,35.70963],[139.50417,35.70928],[139.50442,35.70838],[139.50588,35.70827],[139.50595,35.70893],[139.50796,35.70881],[139.50796,35.70922],[139.51095,35.70944],[139.5109,35.70777],[139.51214,35.70816]]]}},{"type":"Feature","bbox":[139.52157,35.70146,139.53243,35.71259],"properties":{"slug":"koganei-kajinocho","name":"Kajinocho","name_local":"梶野町","ward":"Koganei","ward_slug":"koganei","gruppo":"koganei-kajinocho","gruppo_name":"Kajinocho","usato":false},"geometry":{"type":"Polygon","coordinates":[[[139.52193,35.70431],[139.52157,35.71259],[139.5275,35.7124],[139.52703,35.70992],[139.52773,35.70949],[139.53232,35.70905],[139.53207,35.70269],[139.53243,35.70176],[139.52205,35.70146],[139.52193,35.70431]]]}},{"type":"Feature","bbox":[139.49533,35.68379,139.51829,35.69938],"properties":{"slug":"koganei-maeharacho","name":"Maeharacho","name_local":"前原町","ward":"Koganei","ward_slug":"koganei","gruppo":"koganei-maeharacho","gruppo_name":"Maeharacho","usato":false},"geometry":{"type":"Polygon","coordinates":[[[139.51587,35.69022],[139.51589,35.68985],[139.51517,35.69007],[139.51438,35.68822],[139.51471,35.68815],[139.51437,35.68562],[139.50685,35.68632],[139.50588,35.68678],[139.50625,35.68715],[139.50584,35.68749],[139.50193,35.68379],[139.50014,35.68417],[139.50088,35.68424],[139.50124,35.68522],[139.50204,35.68514],[139.50315,35.68722],[139.50125,35.68748],[139.50079,35.68699],[139.5,35.68732],[139.49935,35.68693],[139.49874,35.6856],[139.49706,35.68603],[139.49761,35.68677],[139.49533,35.68687],[139.49629,35.68741],[139.49765,35.68725],[139.49795,35.68831],[139.49871,35.68811],[139.4983,35.68949],[139.49882,35.68947],[139.50016,35.69304],[139.49932,35.69312],[139.49932,35.69395],[139.49876,35.69435],[139.4987,35.69598],[139.4999,35.69597],[139.49922,35.69678],[139.49924,35.69938],[139.50634,35.6987],[139.50549,35.69511],[139.50598,35.69388],[139.50952,35.69312],[139.51286,35.6935],[139.51829,35.69162],[139.51763,35.6908],[139.51603,35.69073],[139.51587,35.69022]]]}},{"type":"Feature","bbox":[139.5102,35.70112,139.52205,35.71263],"properties":{"slug":"koganei-midoricho","name":"Midoricho","name_local":"緑町","ward":"Koganei","ward_slug":"koganei","gruppo":"koganei-midoricho","gruppo_name":"Midoricho","usato":false},"geometry":{"type":"Polygon","coordinates":[[[139.51818,35.71263],[139.52157,35.71259],[139.52205,35.70146],[139.5102,35.70112],[139.51123,35.70307],[139.51264,35.71139],[139.51434,35.71139],[139.51442,35.7126],[139.51818,35.71263]]]}},{"type":"Feature","bbox":[139.50549,35.69162,139.52216,35.70146],"properties":{"slug":"koganei-nakacho","name":"Nakacho","name_local":"中町","ward":"Koganei","ward_slug":"koganei","gruppo":"koganei-nakacho","gruppo_name":"Nakacho","usato":false},"geometry":{"type":"Polygon","coordinates":[[[139.52205,35.70146],[139.52216,35.69439],[139.51953,35.69443],[139.51923,35.69245],[139.51829,35.69162],[139.51286,35.6935],[139.50952,35.69312],[139.50598,35.69388],[139.50549,35.69511],[139.50634,35.6987],[139.51069,35.69724],[139.51245,35.70119],[139.52205,35.70146]]]}},{"type":"Feature","bbox":[139.48446,35.70052,139.50326,35.71351],"properties":{"slug":"koganei-nukui-kitamachi","name":"Nukui Kitamachi","name_local":"貫井北町","ward":"Koganei","ward_slug":"koganei","gruppo":"koganei-nukui-kitamachi","gruppo_name":"Nukui Kitamachi","usato":false},"geometry":{"type":"Polygon","coordinates":[[[139.50326,35.7125],[139.50279,35.71109],[139.50232,35.71108],[139.50211,35.70951],[139.50076,35.70963],[139.49971,35.703],[139.50006,35.70291],[139.49945,35.70081],[139.48874,35.70052],[139.48872,35.70104],[139.4879,35.7013],[139.48809,35.70198],[139.48664,35.7024],[139.48634,35.70185],[139.48446,35.7025],[139.48558,35.70461],[139.48679,35.70403],[139.48768,35.7066],[139.48569,35.70864],[139.49195,35.70827],[139.49212,35.70906],[139.49293,35.70889],[139.49318,35.71026],[139.49562,35.70976],[139.49618,35.71351],[139.50326,35.7125]]]}},{"type":"Feature","bbox":[139.50211,35.70777,139.51442,35.71693],"properties":{"slug":"koganei-sakuracho","name":"Sakuracho","name_local":"桜町","ward":"Koganei","ward_slug":"koganei","gruppo":"koganei-sakuracho","gruppo_name":"Sakuracho","usato":false},"geometry":{"type":"Polygon","coordinates":[[[139.50803,35.71253],[139.50326,35.7125],[139.50279,35.71109],[139.50232,35.71108],[139.50211,35.70951],[139.50417,35.70928],[139.50442,35.70838],[139.50588,35.70827],[139.50595,35.70893],[139.50796,35.70881],[139.50796,35.70922],[139.51095,35.70944],[139.5109,35.70777],[139.51214,35.70816],[139.51264,35.71139],[139.51434,35.71139],[139.51442,35.7126],[139.51275,35.71259],[139.51312,35.71693],[139.50835,35.71621],[139.50803,35.71253]]]}},{"type":"Feature","bbox":[139.51275,35.71251,139.52645,35.71893],"properties":{"slug":"koganei-sekinocho","name":"Sekinocho","name_local":"関野町","ward":"Koganei","ward_slug":"koganei","gruppo":"koganei-sekinocho","gruppo_name":"Sekinocho","usato":false},"geometry":{"type":"Polygon","coordinates":[[[139.52645,35.71746],[139.52464,35.71251],[139.51275,35.71259],[139.51312,35.71693],[139.52299,35.71893],[139.52291,35.7175],[139.52645,35.71746]]]}},{"type":"Feature","bbox":[139.44417,35.70132,139.45357,35.71318],"properties":{"slug":"kokubunji-fujimoto","name":"Fujimoto","name_local":"富士本","ward":"Kokubunji","ward_slug":"kokubunji","gruppo":"kokubunji-fujimoto","gruppo_name":"Fujimoto","usato":false},"geometry":{"type":"Polygon","coordinates":[[[139.44469,35.70986],[139.44557,35.70779],[139.44981,35.70132],[139.45357,35.70411],[139.44453,35.71318],[139.44417,35.711],[139.44469,35.70986]]]}},{"type":"Feature","bbox":[139.4645,35.69996,139.47836,35.71548],"properties":{"slug":"kokubunji-higashi-koigakubo","name":"Higashi Koigakubo","name_local":"東恋ヶ窪","ward":"Kokubunji","ward_slug":"kokubunji","gruppo":"kokubunji-higashi-koigakubo","gruppo_name":"Higashi Koigakubo","usato":false},"geometry":{"type":"Polygon","coordinates":[[[139.4752,35.7095],[139.47836,35.70869],[139.47758,35.7049],[139.47676,35.70514],[139.47701,35.70329],[139.47619,35.70319],[139.47706,35.7014],[139.476,35.70005],[139.47446,35.69996],[139.47159,35.70207],[139.4645,35.71085],[139.47195,35.71548],[139.47238,35.71539],[139.47225,35.71079],[139.4752,35.7095]]]}},{"type":"Feature","bbox":[139.47384,35.68904,139.49133,35.69798],"properties":{"slug":"kokubunji-higashi-motomachi","name":"Higashi Motomachi","name_local":"東元町","ward":"Kokubunji","ward_slug":"kokubunji","gruppo":"kokubunji-higashi-motomachi","gruppo_name":"Higashi Motomachi","usato":false},"geometry":{"type":"Polygon","coordinates":[[[139.47526,35.69312],[139.47566,35.68904],[139.47772,35.68918],[139.47781,35.68986],[139.47842,35.69015],[139.48018,35.6907],[139.48152,35.69051],[139.48167,35.6914],[139.48364,35.69123],[139.48464,35.69196],[139.48683,35.69202],[139.48675,35.69308],[139.48756,35.6931],[139.48795,35.69476],[139.48976,35.69539],[139.49133,35.69744],[139.49093,35.69726],[139.48968,35.69798],[139.48832,35.69744],[139.48759,35.69797],[139.48199,35.6972],[139.48047,35.69629],[139.47807,35.69676],[139.47745,35.69729],[139.47592,35.69658],[139.47388,35.69649],[139.47384,35.6931],[139.47526,35.69312]]]}},{"type":"Feature","bbox":[139.46086,35.71085,139.47195,35.71771],"properties":{"slug":"kokubunji-higashi-tokura","name":"Higashi Tokura","name_local":"東戸倉","ward":"Kokubunji","ward_slug":"kokubunji","gruppo":"kokubunji-tokura","gruppo_name":"Tokura","usato":false},"geometry":{"type":"Polygon","coordinates":[[[139.4652,35.71705],[139.47195,35.71548],[139.4645,35.71085],[139.46086,35.7153],[139.46234,35.71569],[139.46103,35.71771],[139.4652,35.71705]]]}},{"type":"Feature","bbox":[139.43752,35.70024,139.44981,35.70986],"properties":{"slug":"kokubunji-hikaricho","name":"Hikaricho","name_local":"光町","ward":"Kokubunji","ward_slug":"kokubunji","gruppo":"kokubunji-hikaricho","gruppo_name":"Hikaricho","usato":false},"geometry":{"type":"Polygon","coordinates":[[[139.44469,35.70986],[139.44557,35.70779],[139.44981,35.70132],[139.44912,35.70078],[139.44803,35.70086],[139.4472,35.70024],[139.44189,35.70027],[139.44122,35.70138],[139.43955,35.70127],[139.43752,35.70447],[139.43979,35.70553],[139.43903,35.7086],[139.44469,35.70986]]]}},{"type":"Feature","bbox":[139.44886,35.6993,139.46415,35.70972],"properties":{"slug":"kokubunji-hiyoshicho","name":"Hiyoshicho","name_local":"日吉町","ward":"Kokubunji","ward_slug":"kokubunji","gruppo":"kokubunji-hiyoshicho","gruppo_name":"Hiyoshicho","usato":false},"geometry":{"type":"Polygon","coordinates":[[[139.46159,35.70882],[139.46254,35.70972],[139.46415,35.70798],[139.46171,35.70399],[139.46263,35.69977],[139.45059,35.6993],[139.44886,35.70073],[139.45357,35.70411],[139.45978,35.70737],[139.46159,35.70882]]]}},{"type":"Feature","bbox":[139.476,35.69959,139.48874,35.70514],"properties":{"slug":"kokubunji-honcho","name":"Honcho","name_local":"本町","ward":"Kokubunji","ward_slug":"kokubunji","gruppo":"kokubunji-honcho","gruppo_name":"Honcho","usato":false},"geometry":{"type":"Polygon","coordinates":[[[139.476,35.70005],[139.47706,35.7014],[139.47619,35.70319],[139.47701,35.70329],[139.47676,35.70514],[139.48634,35.70185],[139.48664,35.7024],[139.48809,35.70198],[139.4879,35.7013],[139.48872,35.70104],[139.48874,35.70052],[139.48351,35.7003],[139.47999,35.69959],[139.476,35.70005]]]}},{"type":"Feature","bbox":[139.47758,35.7025,139.48768,35.71437],"properties":{"slug":"kokubunji-honda","name":"Honda","name_local":"本多","ward":"Kokubunji","ward_slug":"kokubunji","gruppo":"kokubunji-honda","gruppo_name":"Honda","usato":false},"geometry":{"type":"Polygon","coordinates":[[[139.48558,35.70461],[139.48446,35.7025],[139.47758,35.7049],[139.4801,35.71437],[139.48209,35.71277],[139.48188,35.71246],[139.48524,35.70907],[139.48558,35.70913],[139.48768,35.7066],[139.48679,35.70403],[139.48558,35.70461]]]}},{"type":"Feature","bbox":[139.46314,35.69491,139.47733,35.70005],"properties":{"slug":"kokubunji-izumicho","name":"Izumicho","name_local":"泉町","ward":"Kokubunji","ward_slug":"kokubunji","gruppo":"kokubunji-izumicho","gruppo_name":"Izumicho","usato":false},"geometry":{"type":"Polygon","coordinates":[[[139.47446,35.69996],[139.476,35.70005],[139.47598,35.699],[139.47733,35.69722],[139.47544,35.69648],[139.47049,35.69628],[139.46712,35.69561],[139.46717,35.69498],[139.4668,35.69491],[139.4646,35.69492],[139.46448,35.69529],[139.4639,35.69492],[139.46336,35.69716],[139.46394,35.69717],[139.46314,35.6996],[139.47446,35.69996]]]}},{"type":"Feature","bbox":[139.46024,35.70871,139.48031,35.72182],"properties":{"slug":"kokubunji-josui-honcho","name":"Josui honcho","name_local":"上水本町","ward":"Kokubunji","ward_slug":"kokubunji","gruppo":"kokubunji-josui-honcho","gruppo_name":"Josui honcho","usato":false},"geometry":{"type":"Polygon","coordinates":[[[139.46024,35.71781],[139.46821,35.71656],[139.47238,35.71539],[139.47225,35.71079],[139.47638,35.70893],[139.47824,35.70871],[139.48031,35.7167],[139.47349,35.718],[139.46091,35.72182],[139.46024,35.71781]]]}},{"type":"Feature","bbox":[139.43378,35.71781,139.46091,35.72725],"properties":{"slug":"kokubunji-josui-shinmachi","name":"Josui Shinmachi","name_local":"上水新町","ward":"Kokubunji","ward_slug":"kokubunji","gruppo":"kokubunji-josui-shinmachi","gruppo_name":"Josui Shinmachi","usato":false},"geometry":{"type":"Polygon","coordinates":[[[139.46091,35.72182],[139.46024,35.71781],[139.45841,35.71818],[139.45804,35.72073],[139.43557,35.72473],[139.43378,35.72698],[139.43403,35.72725],[139.44677,35.72382],[139.46091,35.72182]]]}},{"type":"Feature","bbox":[139.44531,35.71665,139.46152,35.72291],"properties":{"slug":"kokubunji-kitamachi","name":"Kitamachi","name_local":"北町","ward":"Kokubunji","ward_slug":"kokubunji","gruppo":"kokubunji-kitamachi","gruppo_name":"Kitamachi","usato":false},"geometry":{"type":"Polygon","coordinates":[[[139.46024,35.71781],[139.46103,35.71771],[139.46152,35.71708],[139.45452,35.71665],[139.44531,35.71788],[139.4461,35.72291],[139.45804,35.72073],[139.45841,35.71818],[139.46024,35.71781]]]}},{"type":"Feature","bbox":[139.47594,35.69629,139.49165,35.70052],"properties":{"slug":"kokubunji-minamicho","name":"Minamicho","name_local":"南町","ward":"Kokubunji","ward_slug":"kokubunji","gruppo":"kokubunji-minamicho","gruppo_name":"Minamicho","usato":false},"geometry":{"type":"Polygon","coordinates":[[[139.48874,35.70052],[139.4913,35.70038],[139.49165,35.70001],[139.49133,35.69744],[139.49093,35.69726],[139.48968,35.69798],[139.48832,35.69744],[139.48759,35.69797],[139.48199,35.6972],[139.48001,35.69629],[139.47706,35.69733],[139.47668,35.69851],[139.47594,35.69908],[139.476,35.70005],[139.47999,35.69959],[139.48351,35.7003],[139.48874,35.70052]]]}},{"type":"Feature","bbox":[139.45059,35.69205,139.46033,35.69955],"properties":{"slug":"kokubunji-naito","name":"Naito","name_local":"内藤","ward":"Kokubunji","ward_slug":"kokubunji","gruppo":"kokubunji-naito","gruppo_name":"Naito","usato":false},"geometry":{"type":"Polygon","coordinates":[[[139.45645,35.69932],[139.46033,35.69955],[139.4597,35.69352],[139.45906,35.69394],[139.45889,35.69309],[139.4596,35.69271],[139.45972,35.69205],[139.4545,35.69551],[139.45059,35.6993],[139.45645,35.69932]]]}},{"type":"Feature","bbox":[139.44465,35.71297,139.46234,35.71788],"properties":{"slug":"kokubunji-namikicho","name":"Namikicho","name_local":"並木町","ward":"Kokubunji","ward_slug":"kokubunji","gruppo":"kokubunji-namikicho","gruppo_name":"Namikicho","usato":false},"geometry":{"type":"Polygon","coordinates":[[[139.45606,35.71672],[139.46152,35.71708],[139.46234,35.71569],[139.459,35.71491],[139.4554,35.71297],[139.45556,35.71405],[139.45408,35.7142],[139.45399,35.71377],[139.45234,35.71371],[139.44932,35.71422],[139.44939,35.7145],[139.44465,35.71397],[139.44531,35.71788],[139.44891,35.71717],[139.45606,35.71672]]]}},{"type":"Feature","bbox":[139.46171,35.69958,139.47446,35.71085],"properties":{"slug":"kokubunji-nishi-koigakubo","name":"Nishi Koigakubo","name_local":"西恋ヶ窪","ward":"Kokubunji","ward_slug":"kokubunji","gruppo":"kokubunji-nishi-koigakubo","gruppo_name":"Nishi Koigakubo","usato":false},"geometry":{"type":"Polygon","coordinates":[[[139.46254,35.70972],[139.4645,35.71085],[139.47159,35.70207],[139.47446,35.69996],[139.46263,35.69977],[139.46171,35.70399],[139.46415,35.70798],[139.46254,35.70972]]]}},{"type":"Feature","bbox":[139.46436,35.68815,139.47566,35.69649],"properties":{"slug":"kokubunji-nishi-motomachi","name":"Nishi Motomachi","name_local":"西元町","ward":"Kokubunji","ward_slug":"kokubunji","gruppo":"kokubunji-nishi-motomachi","gruppo_name":"Nishi Motomachi","usato":false},"geometry":{"type":"Polygon","coordinates":[[[139.47388,35.69649],[139.47384,35.6931],[139.47526,35.69312],[139.47566,35.68904],[139.47415,35.68894],[139.47289,35.68938],[139.47289,35.68894],[139.46799,35.68815],[139.46791,35.68878],[139.46663,35.68846],[139.46653,35.68879],[139.46514,35.68853],[139.46436,35.68882],[139.46444,35.68984],[139.4669,35.69055],[139.46583,35.69108],[139.46591,35.69184],[139.46706,35.69227],[139.468,35.69192],[139.4672,35.69371],[139.46712,35.69561],[139.47388,35.69649]]]}},{"type":"Feature","bbox":[139.42837,35.70092,139.43979,35.71949],"properties":{"slug":"kokubunji-nishimachi","name":"Nishimachi","name_local":"西町","ward":"Kokubunji","ward_slug":"kokubunji","gruppo":"kokubunji-nishimachi","gruppo_name":"Nishimachi","usato":false},"geometry":{"type":"Polygon","coordinates":[[[139.42981,35.71757],[139.42837,35.71738],[139.42915,35.71604],[139.43235,35.71649],[139.4327,35.71587],[139.42952,35.71541],[139.43029,35.71403],[139.43181,35.71424],[139.43221,35.71358],[139.4307,35.71335],[139.43148,35.71191],[139.43302,35.7122],[139.4334,35.71158],[139.43186,35.71128],[139.43431,35.70711],[139.43643,35.70764],[139.43732,35.70757],[139.43748,35.70718],[139.43444,35.70687],[139.43577,35.70428],[139.43563,35.7039],[139.43041,35.70382],[139.43017,35.70329],[139.43172,35.70337],[139.43181,35.70262],[139.43136,35.70244],[139.43204,35.70137],[139.43341,35.70156],[139.43379,35.70092],[139.43764,35.70147],[139.43955,35.70127],[139.43752,35.70447],[139.43979,35.70553],[139.43874,35.70971],[139.43812,35.70956],[139.43767,35.71106],[139.4383,35.71141],[139.43742,35.71408],[139.43363,35.71852],[139.43304,35.71857],[139.43325,35.71949],[139.4309,35.71914],[139.43161,35.71782],[139.42981,35.71757]]]}},{"type":"Feature","bbox":[139.44453,35.70917,139.45556,35.7145],"properties":{"slug":"kokubunji-shinmachi","name":"Shinmachi","name_local":"新町","ward":"Kokubunji","ward_slug":"kokubunji","gruppo":"kokubunji-shinmachi","gruppo_name":"Shinmachi","usato":false},"geometry":{"type":"Polygon","coordinates":[[[139.45556,35.71405],[139.4554,35.71297],[139.44842,35.70917],[139.44453,35.71318],[139.44465,35.71397],[139.44939,35.7145],[139.44932,35.71422],[139.45234,35.71371],[139.45399,35.71377],[139.45408,35.7142],[139.45556,35.71405]]]}},{"type":"Feature","bbox":[139.4368,35.7086,139.44469,35.71583],"properties":{"slug":"kokubunji-takagicho","name":"Takagicho","name_local":"高木町","ward":"Kokubunji","ward_slug":"kokubunji","gruppo":"kokubunji-takagicho","gruppo_name":"Takagicho","usato":false},"geometry":{"type":"Polygon","coordinates":[[[139.4368,35.71482],[139.43749,35.71393],[139.4383,35.71141],[139.43761,35.71129],[139.43812,35.70956],[139.43874,35.70971],[139.43903,35.7086],[139.44469,35.70986],[139.44189,35.71583],[139.4368,35.71482]]]}},{"type":"Feature","bbox":[139.44842,35.70411,139.4645,35.7153],"properties":{"slug":"kokubunji-tokura","name":"Tokura","name_local":"戸倉","ward":"Kokubunji","ward_slug":"kokubunji","gruppo":"kokubunji-tokura","gruppo_name":"Tokura","usato":false},"geometry":{"type":"Polygon","coordinates":[[[139.4554,35.71297],[139.459,35.71491],[139.46086,35.7153],[139.4645,35.71085],[139.46219,35.70951],[139.45978,35.70737],[139.45357,35.70411],[139.44842,35.70917],[139.4554,35.71297]]]}},{"type":"Feature","bbox":[139.76672,35.59684,139.79612,35.6305],"properties":{"slug":"koto-aomi","name":"Aomi","name_local":"青海","ward":"Koto","ward_slug":"koto","gruppo":"koto-aomi","gruppo_name":"Aomi","usato":false},"geometry":{"type":"Polygon","coordinates":[[[139.7711,35.61028],[139.76672,35.61663],[139.77365,35.62036],[139.77122,35.62354],[139.77402,35.62561],[139.78293,35.6305],[139.78644,35.62628],[139.78304,35.62437],[139.79612,35.60888],[139.78891,35.59957],[139.78623,35.59806],[139.78181,35.59684],[139.77183,35.60881],[139.7711,35.61028]]]}},{"type":"Feature","bbox":[139.77703,35.60888,139.80417,35.64802],"properties":{"slug":"koto-ariake","name":"Ariake","name_local":"有明","ward":"Koto","ward_slug":"koto","gruppo":"koto-ariake","gruppo_name":"Ariake","usato":false},"geometry":{"type":"Polygon","coordinates":[[[139.78091,35.63291],[139.78644,35.62628],[139.78304,35.62437],[139.79612,35.60888],[139.80252,35.61487],[139.80417,35.62058],[139.80034,35.63108],[139.80149,35.6328],[139.80136,35.63635],[139.7995,35.63649],[139.79937,35.63736],[139.79883,35.63769],[139.79943,35.63848],[139.7987,35.63897],[139.79847,35.64048],[139.79742,35.63995],[139.79661,35.64093],[139.79764,35.64148],[139.79722,35.64802],[139.77975,35.6385],[139.77874,35.6385],[139.77703,35.63758],[139.78091,35.63291]]]}},{"type":"Feature","bbox":[139.79241,35.66773,139.80186,35.67172],"properties":{"slug":"koto-botan","name":"Botan","name_local":"牡丹","ward":"Koto","ward_slug":"koto","gruppo":"koto-botan","gruppo_name":"Botan","usato":false},"geometry":{"type":"Polygon","coordinates":[[[139.79268,35.67041],[139.79899,35.66778],[139.80186,35.66773],[139.80145,35.66911],[139.79355,35.67172],[139.79241,35.67143],[139.79327,35.67089],[139.79268,35.67041]]]}},{"type":"Feature","bbox":[139.80001,35.65307,139.81553,35.66126],"properties":{"slug":"koto-edagawa","name":"Edagawa","name_local":"枝川","ward":"Koto","ward_slug":"koto","gruppo":"koto-edagawa","gruppo_name":"Edagawa","usato":false},"geometry":{"type":"Polygon","coordinates":[[[139.81005,35.65689],[139.80476,35.65307],[139.80001,35.65785],[139.80325,35.65993],[139.81553,35.66126],[139.81429,35.65967],[139.81005,35.65689]]]}},{"type":"Feature","bbox":[139.78683,35.67128,139.79359,35.67652],"properties":{"slug":"koto-eitai","name":"Eitai","name_local":"永代","ward":"Koto","ward_slug":"koto","gruppo":"koto-eitai","gruppo_name":"Eitai","usato":false},"geometry":{"type":"Polygon","coordinates":[[[139.78683,35.67429],[139.78756,35.6763],[139.78875,35.67603],[139.78984,35.67521],[139.79061,35.67652],[139.79349,35.67499],[139.79359,35.67444],[139.79241,35.67143],[139.79171,35.67128],[139.78683,35.67429]]]}},{"type":"Feature","bbox":[139.78657,35.66114,139.8018,35.67429],"properties":{"slug":"koto-etch-jima","name":"Etchūjima","name_local":"越中島","ward":"Koto","ward_slug":"koto","gruppo":"koto-etch-jima","gruppo_name":"Etchūjima","usato":false},"geometry":{"type":"Polygon","coordinates":[[[139.79191,35.6698],[139.79327,35.67089],[139.79241,35.67143],[139.79076,35.67161],[139.78683,35.67429],[139.78657,35.67287],[139.78808,35.66889],[139.78864,35.66519],[139.79124,35.66541],[139.79675,35.66114],[139.8018,35.66452],[139.79191,35.6698]]]}},{"type":"Feature","bbox":[139.79433,35.67314,139.80031,35.67899],"properties":{"slug":"koto-fukagawa","name":"Fukagawa","name_local":"深川","ward":"Koto","ward_slug":"koto","gruppo":"koto-fukagawa","gruppo_name":"Fukagawa","usato":false},"geometry":{"type":"Polygon","coordinates":[[[139.79788,35.67808],[139.79574,35.67899],[139.79433,35.67672],[139.79573,35.67411],[139.79927,35.67314],[139.7994,35.67516],[139.80031,35.67687],[139.79788,35.67808]]]}},{"type":"Feature","bbox":[139.79175,35.67444,139.79574,35.67962],"properties":{"slug":"koto-fukuzumi","name":"Fukuzumi","name_local":"福住","ward":"Koto","ward_slug":"koto","gruppo":"koto-fukuzumi","gruppo_name":"Fukuzumi","usato":false},"geometry":{"type":"Polygon","coordinates":[[[139.79411,35.67962],[139.79574,35.67899],[139.79433,35.67672],[139.79522,35.67497],[139.79359,35.67444],[139.79349,35.67499],[139.79175,35.67569],[139.79411,35.67962]]]}},{"type":"Feature","bbox":[139.79191,35.66452,139.80249,35.67041],"properties":{"slug":"koto-furuishiba","name":"Furuishiba","name_local":"古石場","ward":"Koto","ward_slug":"koto","gruppo":"koto-furuishiba","gruppo_name":"Furuishiba","usato":false},"geometry":{"type":"Polygon","coordinates":[[[139.79191,35.6698],[139.8018,35.66452],[139.80249,35.6648],[139.80186,35.66773],[139.79899,35.66778],[139.79268,35.67041],[139.79191,35.6698]]]}},{"type":"Feature","bbox":[139.79927,35.67256,139.80368,35.67687],"properties":{"slug":"koto-fuyuki","name":"Fuyuki","name_local":"冬木","ward":"Koto","ward_slug":"koto","gruppo":"koto-fuyuki","gruppo_name":"Fuyuki","usato":false},"geometry":{"type":"Polygon","coordinates":[[[139.80088,35.67288],[139.80284,35.67256],[139.80368,35.67577],[139.80031,35.67687],[139.7994,35.67516],[139.79927,35.67314],[139.80088,35.67288]]]}},{"type":"Feature","bbox":[139.83573,35.6656,139.84854,35.68653],"properties":{"slug":"koto-higashi-suna","name":"Higashi suna","name_local":"東砂","ward":"Koto","ward_slug":"koto","gruppo":"koto-higashi-suna","gruppo_name":"Higashi suna","usato":false},"geometry":{"type":"Polygon","coordinates":[[[139.846,35.68183],[139.84677,35.68299],[139.84602,35.68383],[139.84696,35.68653],[139.83923,35.68611],[139.8387,35.68018],[139.83646,35.67595],[139.83684,35.6759],[139.83573,35.67281],[139.83765,35.67245],[139.83806,35.66651],[139.8463,35.6656],[139.84701,35.67505],[139.84854,35.67965],[139.84579,35.68072],[139.846,35.68183]]]}},{"type":"Feature","bbox":[139.79788,35.67577,139.8109,35.67959],"properties":{"slug":"koto-hirano","name":"Hirano","name_local":"平野","ward":"Koto","ward_slug":"koto","gruppo":"koto-hirano","gruppo_name":"Hirano","usato":false},"geometry":{"type":"Polygon","coordinates":[[[139.8109,35.6761],[139.80298,35.67577],[139.79788,35.67808],[139.79906,35.67957],[139.8011,35.67867],[139.80112,35.67919],[139.8027,35.67867],[139.80311,35.67948],[139.80423,35.67893],[139.81046,35.6795],[139.8109,35.6761]]]}},{"type":"Feature","bbox":[139.81019,35.67979,139.81425,35.68236],"properties":{"slug":"koto-ishijima","name":"Ishijima","name_local":"石島","ward":"Koto","ward_slug":"koto","gruppo":"koto-ishijima","gruppo_name":"Ishijima","usato":false},"geometry":{"type":"Polygon","coordinates":[[[139.81398,35.68236],[139.81139,35.68222],[139.81146,35.68159],[139.81019,35.68152],[139.81033,35.68045],[139.81114,35.6805],[139.81123,35.67979],[139.81425,35.67994],[139.81398,35.68236]]]}},{"type":"Feature","bbox":[139.81965,35.68507,139.84802,35.69466],"properties":{"slug":"koto-jima","name":"Ōjima","name_local":"大島","ward":"Koto","ward_slug":"koto","gruppo":"koto-jima","gruppo_name":"Ōjima","usato":false},"geometry":{"type":"Polygon","coordinates":[[[139.84802,35.6933],[139.84768,35.68859],[139.84696,35.68653],[139.82063,35.68507],[139.81965,35.69333],[139.84781,35.69466],[139.84802,35.6933]]]}},{"type":"Feature","bbox":[139.81864,35.69333,139.84781,35.70809],"properties":{"slug":"koto-kameido","name":"Kameido","name_local":"亀戸","ward":"Koto","ward_slug":"koto","gruppo":"koto-kameido","gruppo_name":"Kameido","usato":true},"geometry":{"type":"Polygon","coordinates":[[[139.84218,35.70033],[139.84517,35.69851],[139.84781,35.69466],[139.81965,35.69333],[139.81864,35.70809],[139.83079,35.70301],[139.83545,35.70318],[139.84218,35.70033]]]}},{"type":"Feature","bbox":[139.80145,35.66477,139.8109,35.6761],"properties":{"slug":"koto-kiba","name":"Kiba","name_local":"木場","ward":"Koto","ward_slug":"koto","gruppo":"koto-kiba","gruppo_name":"Kiba","usato":true},"geometry":{"type":"Polygon","coordinates":[[[139.80526,35.66477],[139.80868,35.6648],[139.80809,35.66888],[139.80878,35.66959],[139.8109,35.6761],[139.80368,35.67577],[139.80225,35.67047],[139.80145,35.66911],[139.80249,35.6648],[139.80526,35.66477]]]}},{"type":"Feature","bbox":[139.82063,35.67595,139.83923,35.68611],"properties":{"slug":"koto-kita-suna","name":"Kita suna","name_local":"北砂","ward":"Koto","ward_slug":"koto","gruppo":"koto-kita-suna","gruppo_name":"Kita suna","usato":false},"geometry":{"type":"Polygon","coordinates":[[[139.82082,35.68205],[139.82063,35.68507],[139.83923,35.68611],[139.8387,35.68018],[139.83646,35.67595],[139.82599,35.67741],[139.82082,35.68205]]]}},{"type":"Feature","bbox":[139.79066,35.67808,139.79908,35.68374],"properties":{"slug":"koto-kiyosumi","name":"Kiyosumi","name_local":"清澄","ward":"Koto","ward_slug":"koto","gruppo":"koto-kiyosumi","gruppo_name":"Kiyosumi","usato":false},"geometry":{"type":"Polygon","coordinates":[[[139.79413,35.67966],[139.79066,35.68107],[139.79252,35.68335],[139.79858,35.68374],[139.79908,35.67964],[139.79788,35.67808],[139.79413,35.67966]]]}},{"type":"Feature","bbox":[139.80877,35.68859,139.81965,35.69678],"properties":{"slug":"koto-kotobashi","name":"Kotobashi","name_local":"江東橋","ward":"Koto","ward_slug":"koto","gruppo":"koto-kotobashi","gruppo_name":"Kotobashi","usato":false},"geometry":{"type":"Polygon","coordinates":[[[139.81324,35.69297],[139.81965,35.69333],[139.8194,35.69678],[139.80877,35.69637],[139.80942,35.68859],[139.81173,35.68878],[139.81137,35.69207],[139.81331,35.69218],[139.81324,35.69297]]]}},{"type":"Feature","bbox":[139.81961,35.66651,139.83806,35.68205],"properties":{"slug":"koto-minami-suna","name":"Minami suna","name_local":"南砂","ward":"Koto","ward_slug":"koto","gruppo":"koto-minami-suna","gruppo_name":"Minami suna","usato":false},"geometry":{"type":"Polygon","coordinates":[[[139.82082,35.68205],[139.82599,35.67741],[139.83684,35.6759],[139.83573,35.67281],[139.83765,35.67245],[139.83806,35.66651],[139.82767,35.66967],[139.81964,35.66924],[139.81961,35.67448],[139.82023,35.67483],[139.82007,35.67719],[139.82082,35.68205]]]}},{"type":"Feature","bbox":[139.79895,35.67867,139.81046,35.68152],"properties":{"slug":"koto-miyoshi","name":"Miyoshi","name_local":"三好","ward":"Koto","ward_slug":"koto","gruppo":"koto-miyoshi","gruppo_name":"Miyoshi","usato":false},"geometry":{"type":"Polygon","coordinates":[[[139.79906,35.67957],[139.8011,35.67867],[139.80112,35.67919],[139.8027,35.67867],[139.80311,35.67948],[139.80423,35.67893],[139.81046,35.6795],[139.81019,35.68152],[139.79895,35.68066],[139.79906,35.67957]]]}},{"type":"Feature","bbox":[139.79229,35.67107,139.79692,35.67497],"properties":{"slug":"koto-monzennakacho","name":"Monzennakacho","name_local":"門前仲町","ward":"Koto","ward_slug":"koto","gruppo":"koto-monzennakacho","gruppo_name":"Monzennakacho","usato":false},"geometry":{"type":"Polygon","coordinates":[[[139.79692,35.67363],[139.79672,35.67246],[139.7955,35.67107],[139.79355,35.67172],[139.79241,35.67143],[139.79359,35.67444],[139.79522,35.67497],[139.79573,35.67411],[139.79692,35.67363]]]}},{"type":"Feature","bbox":[139.81137,35.68904,139.82023,35.69333],"properties":{"slug":"koto-mori","name":"Mori","name_local":"毛利","ward":"Koto","ward_slug":"koto","gruppo":"koto-mori","gruppo_name":"Mori","usato":false},"geometry":{"type":"Polygon","coordinates":[[[139.81324,35.69297],[139.81965,35.69333],[139.82023,35.68917],[139.81641,35.68904],[139.81628,35.69061],[139.81156,35.69033],[139.81137,35.69207],[139.81331,35.69218],[139.81324,35.69297]]]}},{"type":"Feature","bbox":[139.79632,35.68386,139.80982,35.68992],"properties":{"slug":"koto-morishita","name":"Morishita","name_local":"森下","ward":"Koto","ward_slug":"koto","gruppo":"koto-morishita","gruppo_name":"Morishita","usato":false},"geometry":{"type":"Polygon","coordinates":[[[139.80077,35.68386],[139.80982,35.68435],[139.80956,35.68694],[139.80485,35.6867],[139.8047,35.68835],[139.80058,35.68814],[139.79957,35.68992],[139.79668,35.68855],[139.79632,35.686],[139.80045,35.68624],[139.80077,35.68386]]]}},{"type":"Feature","bbox":[139.80982,35.68152,139.82071,35.68501],"properties":{"slug":"koto-ogibashi","name":"Ogibashi","name_local":"扇橋","ward":"Koto","ward_slug":"koto","gruppo":"koto-ogibashi","gruppo_name":"Ogibashi","usato":false},"geometry":{"type":"Polygon","coordinates":[[[139.81019,35.68152],[139.81146,35.68159],[139.81139,35.68222],[139.81844,35.68261],[139.82071,35.68153],[139.82064,35.68501],[139.80982,35.68435],[139.81019,35.68152]]]}},{"type":"Feature","bbox":[139.78756,35.67521,139.79413,35.68107],"properties":{"slug":"koto-saga","name":"Saga","name_local":"佐賀","ward":"Koto","ward_slug":"koto","gruppo":"koto-saga","gruppo_name":"Saga","usato":false},"geometry":{"type":"Polygon","coordinates":[[[139.79066,35.68107],[139.78756,35.6763],[139.78875,35.67603],[139.78984,35.67521],[139.79061,35.67652],[139.79186,35.67587],[139.79413,35.67966],[139.79066,35.68107]]]}},{"type":"Feature","bbox":[139.80954,35.68435,139.82063,35.68754],"properties":{"slug":"koto-sarue","name":"Sarue","name_local":"猿江","ward":"Koto","ward_slug":"koto","gruppo":"koto-sarue","gruppo_name":"Sarue","usato":false},"geometry":{"type":"Polygon","coordinates":[[[139.82063,35.68507],[139.8204,35.68754],[139.80954,35.68717],[139.80982,35.68435],[139.82063,35.68507]]]}},{"type":"Feature","bbox":[139.81398,35.67981,139.81735,35.68255],"properties":{"slug":"koto-senda","name":"Senda","name_local":"千田","ward":"Koto","ward_slug":"koto","gruppo":"koto-senda","gruppo_name":"Senda","usato":false},"geometry":{"type":"Polygon","coordinates":[[[139.81425,35.67994],[139.81727,35.67981],[139.81735,35.68255],[139.81398,35.68236],[139.81425,35.67994]]]}},{"type":"Feature","bbox":[139.81033,35.6761,139.82035,35.6805],"properties":{"slug":"koto-sengoku","name":"Sengoku","name_local":"千石","ward":"Koto","ward_slug":"koto","gruppo":"koto-sengoku","gruppo_name":"Sengoku","usato":false},"geometry":{"type":"Polygon","coordinates":[[[139.81425,35.67994],[139.82035,35.6794],[139.82007,35.67653],[139.8109,35.6761],[139.81033,35.68045],[139.81114,35.6805],[139.81123,35.67979],[139.81425,35.67994]]]}},{"type":"Feature","bbox":[139.79047,35.68598,139.79677,35.69072],"properties":{"slug":"koto-shin-ohashi","name":"Shin Ohashi","name_local":"新大橋","ward":"Koto","ward_slug":"koto","gruppo":"koto-shin-ohashi","gruppo_name":"Shin Ohashi","usato":false},"geometry":{"type":"Polygon","coordinates":[[[139.79517,35.68598],[139.7929,35.68612],[139.792,35.68779],[139.79047,35.68921],[139.79262,35.69036],[139.79239,35.69067],[139.79345,35.69072],[139.79349,35.69016],[139.79493,35.69028],[139.79498,35.68979],[139.7964,35.68992],[139.79677,35.68821],[139.79632,35.686],[139.79517,35.68598]]]}},{"type":"Feature","bbox":[139.81401,35.63051,139.84589,35.6476],"properties":{"slug":"koto-shinkiba","name":"Shinkiba","name_local":"新木場","ward":"Koto","ward_slug":"koto","gruppo":"koto-kiba","gruppo_name":"Kiba","usato":false},"geometry":{"type":"Polygon","coordinates":[[[139.84549,35.64284],[139.84464,35.63299],[139.81569,35.63051],[139.81401,35.63989],[139.8204,35.64043],[139.82233,35.64233],[139.82183,35.64593],[139.83723,35.6476],[139.84589,35.64712],[139.84549,35.64284]]]}},{"type":"Feature","bbox":[139.79661,35.63624,139.80795,35.65307],"properties":{"slug":"koto-shinonome","name":"Shinonome","name_local":"東雲","ward":"Koto","ward_slug":"koto","gruppo":"koto-shinonome","gruppo_name":"Shinonome","usato":false},"geometry":{"type":"Polygon","coordinates":[[[139.79736,35.64331],[139.79722,35.64802],[139.80476,35.65307],[139.80538,35.65237],[139.80608,35.64768],[139.80772,35.64649],[139.80795,35.6449],[139.80688,35.64372],[139.80731,35.64039],[139.80654,35.64034],[139.80699,35.6369],[139.8001,35.63624],[139.80009,35.63655],[139.7995,35.63649],[139.79937,35.63736],[139.79883,35.63769],[139.79943,35.63848],[139.7987,35.63897],[139.79847,35.64048],[139.79742,35.63995],[139.79661,35.64093],[139.79764,35.64148],[139.79736,35.64331]]]}},{"type":"Feature","bbox":[139.81964,35.64831,139.84647,35.66967],"properties":{"slug":"koto-shinsuna","name":"Shinsuna","name_local":"新砂","ward":"Koto","ward_slug":"koto","gruppo":"koto-shinsuna","gruppo_name":"Shinsuna","usato":false},"geometry":{"type":"Polygon","coordinates":[[[139.8463,35.6656],[139.83754,35.66661],[139.82767,35.66967],[139.81964,35.66924],[139.81978,35.66569],[139.82038,35.66572],[139.82084,35.65546],[139.82053,35.65468],[139.83022,35.65562],[139.8415,35.64858],[139.84599,35.64831],[139.84647,35.65438],[139.84573,35.6587],[139.8463,35.6656]]]}},{"type":"Feature","bbox":[139.79675,35.65785,139.82056,35.66572],"properties":{"slug":"koto-shiohama","name":"Shiohama","name_local":"塩浜","ward":"Koto","ward_slug":"koto","gruppo":"koto-shiohama","gruppo_name":"Shiohama","usato":false},"geometry":{"type":"Polygon","coordinates":[[[139.82056,35.66172],[139.80325,35.65993],[139.80001,35.65785],[139.79675,35.66114],[139.80249,35.6648],[139.80851,35.66474],[139.82038,35.66572],[139.82056,35.66172]]]}},{"type":"Feature","bbox":[139.80561,35.65361,139.82084,35.66172],"properties":{"slug":"koto-shiomi","name":"Shiomi","name_local":"潮見","ward":"Koto","ward_slug":"koto","gruppo":"koto-shiomi","gruppo_name":"Shiomi","usato":false},"geometry":{"type":"MultiPolygon","coordinates":[[[[139.81367,35.65927],[139.80561,35.65361],[139.82053,35.65468],[139.82084,35.65546],[139.82056,35.66172],[139.81553,35.66126],[139.81367,35.65927]]],[[[139.82018,35.6614],[139.82042,35.65539],[139.81533,35.65498],[139.81513,35.65527],[139.8142,35.65478],[139.81311,35.65501],[139.81303,35.65466],[139.80879,35.65426],[139.80785,35.65519],[139.81675,35.66107],[139.82018,35.6614]]]]}},{"type":"Feature","bbox":[139.79858,35.68066,139.81019,35.68435],"properties":{"slug":"koto-shirakawa","name":"Shirakawa","name_local":"白河","ward":"Koto","ward_slug":"koto","gruppo":"koto-shirakawa","gruppo_name":"Shirakawa","usato":true},"geometry":{"type":"Polygon","coordinates":[[[139.79895,35.68066],[139.81019,35.68152],[139.80982,35.68435],[139.79858,35.68374],[139.79895,35.68066]]]}},{"type":"Feature","bbox":[139.80942,35.68717,139.8204,35.69061],"properties":{"slug":"koto-sumiyoshi","name":"Sumiyoshi","name_local":"住吉","ward":"Koto","ward_slug":"koto","gruppo":"koto-sumiyoshi","gruppo_name":"Sumiyoshi","usato":false},"geometry":{"type":"Polygon","coordinates":[[[139.82023,35.68917],[139.81641,35.68904],[139.81628,35.69061],[139.81156,35.69033],[139.81173,35.68878],[139.80942,35.68859],[139.80954,35.68717],[139.8204,35.68754],[139.82023,35.68917]]]}},{"type":"Feature","bbox":[139.79839,35.68374,139.80077,35.68624],"properties":{"slug":"koto-takabashi","name":"Takabashi","name_local":"高橋","ward":"Koto","ward_slug":"koto","gruppo":"koto-takabashi","gruppo_name":"Takabashi","usato":false},"geometry":{"type":"Polygon","coordinates":[[[139.79858,35.68374],[139.80077,35.68386],[139.80045,35.68624],[139.79839,35.68611],[139.79858,35.68374]]]}},{"type":"Feature","bbox":[139.80476,35.63931,139.82233,35.65468],"properties":{"slug":"koto-tatsumi","name":"Tatsumi","name_local":"辰巳","ward":"Koto","ward_slug":"koto","gruppo":"koto-tatsumi","gruppo_name":"Tatsumi","usato":false},"geometry":{"type":"Polygon","coordinates":[[[139.80476,35.65307],[139.80561,35.65361],[139.82053,35.65468],[139.82233,35.64233],[139.8204,35.64043],[139.80746,35.63931],[139.80688,35.64372],[139.80795,35.6449],[139.80772,35.64649],[139.80608,35.64768],[139.80538,35.65237],[139.80476,35.65307]]]}},{"type":"Feature","bbox":[139.79252,35.68335,139.79858,35.68612],"properties":{"slug":"koto-tokiwa","name":"Tokiwa","name_local":"常盤","ward":"Koto","ward_slug":"koto","gruppo":"koto-tokiwa","gruppo_name":"Tokiwa","usato":false},"geometry":{"type":"Polygon","coordinates":[[[139.79596,35.68359],[139.79858,35.68374],[139.79839,35.68611],[139.7929,35.68612],[139.79315,35.68503],[139.79252,35.68335],[139.79596,35.68359]]]}},{"type":"Feature","bbox":[139.7955,35.66911,139.80284,35.67363],"properties":{"slug":"koto-tomioka","name":"Tomioka","name_local":"富岡","ward":"Koto","ward_slug":"koto","gruppo":"koto-tomioka","gruppo_name":"Tomioka","usato":false},"geometry":{"type":"Polygon","coordinates":[[[139.79793,35.67005],[139.80145,35.66911],[139.80284,35.67256],[139.79692,35.67363],[139.79672,35.67246],[139.7955,35.67107],[139.79793,35.67005]]]}},{"type":"Feature","bbox":[139.80809,35.6648,139.8202,35.67653],"properties":{"slug":"koto-toyo","name":"Toyo","name_local":"東陽","ward":"Koto","ward_slug":"koto","gruppo":"koto-toyo","gruppo_name":"Toyo","usato":false},"geometry":{"type":"Polygon","coordinates":[[[139.81379,35.66531],[139.81978,35.66569],[139.81961,35.67448],[139.8202,35.6747],[139.82007,35.67653],[139.8109,35.6761],[139.80878,35.66959],[139.80809,35.66888],[139.80868,35.6648],[139.81379,35.66531]]]}},{"type":"Feature","bbox":[139.76817,35.63758,139.80476,35.66541],"properties":{"slug":"koto-toyosu","name":"Toyosu","name_local":"豊洲","ward":"Koto","ward_slug":"koto","gruppo":"koto-toyosu","gruppo_name":"Toyosu","usato":false},"geometry":{"type":"Polygon","coordinates":[[[139.77703,35.63758],[139.77874,35.6385],[139.77975,35.6385],[139.79722,35.64802],[139.80476,35.65307],[139.79675,35.66114],[139.79124,35.66541],[139.78864,35.66519],[139.78977,35.65418],[139.76817,35.6402],[139.77703,35.63758]]]}},{"type":"Feature","bbox":[139.81727,35.6794,139.82071,35.68261],"properties":{"slug":"koto-umibe","name":"Umibe","name_local":"海辺","ward":"Koto","ward_slug":"koto","gruppo":"koto-umibe","gruppo_name":"Umibe","usato":false},"geometry":{"type":"Polygon","coordinates":[[[139.81727,35.67981],[139.82035,35.6794],[139.82071,35.68153],[139.81844,35.68261],[139.81735,35.68255],[139.81727,35.67981]]]}},{"type":"Feature","bbox":[139.81569,35.61176,139.85643,35.63299],"properties":{"slug":"koto-wakasu","name":"Wakasu","name_local":"若洲","ward":"Koto","ward_slug":"koto","gruppo":"koto-wakasu","gruppo_name":"Wakasu","usato":false},"geometry":{"type":"Polygon","coordinates":[[[139.83629,35.6323],[139.84464,35.63299],[139.846,35.6321],[139.8469,35.63064],[139.8518,35.62574],[139.85643,35.61979],[139.84466,35.61176],[139.82689,35.61179],[139.8219,35.61682],[139.81569,35.63051],[139.83629,35.6323]]]}},{"type":"Feature","bbox":[139.82053,35.64593,139.84599,35.65562],"properties":{"slug":"koto-yumenoshima","name":"Yumenoshima","name_local":"夢の島","ward":"Koto","ward_slug":"koto","gruppo":"koto-yumenoshima","gruppo_name":"Yumenoshima","usato":false},"geometry":{"type":"Polygon","coordinates":[[[139.8415,35.64858],[139.83022,35.65562],[139.82053,35.65468],[139.82183,35.64593],[139.83723,35.6476],[139.84589,35.64712],[139.84599,35.64831],[139.8415,35.64858]]]}},{"type":"Feature","bbox":[139.41757,35.67866,139.43106,35.68822],"properties":{"slug":"kunitachi-aoyagi","name":"Aoyagi","name_local":"青柳","ward":"Kunitachi","ward_slug":"kunitachi","gruppo":"kunitachi-aoyagi","gruppo_name":"Aoyagi","usato":false},"geometry":{"type":"MultiPolygon","coordinates":[[[[139.42574,35.68691],[139.42694,35.68523],[139.42591,35.68094],[139.42517,35.68072],[139.42531,35.68038],[139.42416,35.68069],[139.42282,35.67866],[139.419,35.68217],[139.41757,35.68262],[139.42095,35.68794],[139.42181,35.68771],[139.42222,35.68822],[139.42574,35.68691]]],[[[139.43038,35.68426],[139.43106,35.68394],[139.43069,35.6837],[139.43038,35.68426]]]]}},{"type":"Feature","bbox":[139.42618,35.67889,139.45326,35.69121],"properties":{"slug":"kunitachi-fujimidai","name":"Fujimidai","name_local":"富士見台","ward":"Kunitachi","ward_slug":"kunitachi","gruppo":"kunitachi-fujimidai","gruppo_name":"Fujimidai","usato":false},"geometry":{"type":"Polygon","coordinates":[[[139.45326,35.68637],[139.45284,35.68368],[139.4524,35.68376],[139.45189,35.68256],[139.4514,35.68237],[139.45173,35.68163],[139.45125,35.68064],[139.45234,35.67922],[139.45195,35.67889],[139.44996,35.68021],[139.43998,35.68378],[139.42864,35.6856],[139.42699,35.68673],[139.42634,35.68776],[139.42666,35.68837],[139.42618,35.68843],[139.42624,35.68888],[139.42689,35.68878],[139.42827,35.69121],[139.43243,35.69018],[139.43575,35.6888],[139.43562,35.6884],[139.43707,35.6881],[139.44379,35.68774],[139.45326,35.68637]]]}},{"type":"Feature","bbox":[139.44616,35.68637,139.4598,35.6993],"properties":{"slug":"kunitachi-higashi","name":"Higashi","name_local":"東","ward":"Kunitachi","ward_slug":"kunitachi","gruppo":"kunitachi-higashi","gruppo_name":"Higashi","usato":false},"geometry":{"type":"Polygon","coordinates":[[[139.44702,35.69062],[139.44719,35.68717],[139.45326,35.68637],[139.45372,35.68847],[139.45427,35.68856],[139.45492,35.69072],[139.45586,35.69057],[139.45595,35.6915],[139.45739,35.6912],[139.45744,35.69183],[139.45802,35.69163],[139.45842,35.69227],[139.45941,35.69166],[139.4598,35.69188],[139.4545,35.69551],[139.45059,35.6993],[139.44643,35.69913],[139.44619,35.69817],[139.44669,35.69818],[139.44702,35.69062]]]}},{"type":"Feature","bbox":[139.42962,35.68409,139.43235,35.68518],"properties":{"slug":"kunitachi-ishida","name":"Ishida","name_local":"石田","ward":"Kunitachi","ward_slug":"kunitachi","gruppo":"kunitachi-ishida","gruppo_name":"Ishida","usato":false},"geometry":{"type":"MultiPolygon","coordinates":[[[[139.43078,35.68424],[139.42962,35.68498],[139.43129,35.68445],[139.43235,35.68495],[139.43208,35.68427],[139.43078,35.68424]]],[[[139.4305,35.68518],[139.43109,35.68482],[139.43125,35.68507],[139.4305,35.68518]]]]}},{"type":"Feature","bbox":[139.42282,35.67072,139.44352,35.68069],"properties":{"slug":"kunitachi-izumi","name":"Izumi","name_local":"泉","ward":"Kunitachi","ward_slug":"kunitachi","gruppo":"kunitachi-izumi","gruppo_name":"Izumi","usato":false},"geometry":{"type":"Polygon","coordinates":[[[139.43089,35.67933],[139.43402,35.67846],[139.43917,35.67888],[139.43913,35.67537],[139.43853,35.67459],[139.44052,35.67285],[139.44014,35.67135],[139.44189,35.67162],[139.44193,35.67127],[139.44352,35.67088],[139.44086,35.67077],[139.43698,35.67224],[139.43649,35.6714],[139.43576,35.67148],[139.43183,35.67269],[139.42947,35.67114],[139.42282,35.67866],[139.42416,35.68069],[139.42977,35.67988],[139.43089,35.67933]]]}},{"type":"Feature","bbox":[139.42538,35.69864,139.45059,35.70382],"properties":{"slug":"kunitachi-kita","name":"Kita","name_local":"北","ward":"Kunitachi","ward_slug":"kunitachi","gruppo":"kunitachi-kita","gruppo_name":"Kita","usato":false},"geometry":{"type":"Polygon","coordinates":[[[139.44886,35.70073],[139.44803,35.70086],[139.4472,35.70024],[139.44189,35.70027],[139.44122,35.70138],[139.43764,35.70147],[139.43379,35.70092],[139.43341,35.70156],[139.43204,35.70137],[139.43136,35.70244],[139.43181,35.70262],[139.43172,35.70337],[139.43017,35.70329],[139.43041,35.70382],[139.42795,35.70373],[139.42727,35.70286],[139.42734,35.7022],[139.42538,35.7021],[139.42547,35.70093],[139.42604,35.70096],[139.42674,35.69977],[139.42898,35.70117],[139.42935,35.70056],[139.42704,35.69925],[139.42697,35.69864],[139.45059,35.6993],[139.44886,35.70073]]]}},{"type":"Feature","bbox":[139.43602,35.68717,139.44719,35.69913],"properties":{"slug":"kunitachi-naka","name":"Naka","name_local":"中","ward":"Kunitachi","ward_slug":"kunitachi","gruppo":"kunitachi-naka","gruppo_name":"Naka","usato":true},"geometry":{"type":"Polygon","coordinates":[[[139.44643,35.69913],[139.44619,35.69817],[139.44669,35.69818],[139.44719,35.68717],[139.44379,35.68774],[139.43897,35.68789],[139.43857,35.69726],[139.4361,35.69718],[139.43602,35.69888],[139.44643,35.69913]]]}},{"type":"Feature","bbox":[139.42692,35.68789,139.43897,35.69888],"properties":{"slug":"kunitachi-nishi","name":"Nishi","name_local":"西","ward":"Kunitachi","ward_slug":"kunitachi","gruppo":"kunitachi-nishi","gruppo_name":"Nishi","usato":false},"geometry":{"type":"Polygon","coordinates":[[[139.43602,35.69888],[139.4361,35.69718],[139.43857,35.69726],[139.43897,35.68789],[139.43562,35.6884],[139.43575,35.6888],[139.43145,35.69028],[139.43131,35.69346],[139.43041,35.69345],[139.42977,35.694],[139.43145,35.69696],[139.42692,35.69846],[139.43602,35.69888]]]}},{"type":"Feature","bbox":[139.42517,35.67933,139.43178,35.68286],"properties":{"slug":"kunitachi-yagawa","name":"Yagawa","name_local":"矢川","ward":"Kunitachi","ward_slug":"kunitachi","gruppo":"kunitachi-yagawa","gruppo_name":"Yagawa","usato":false},"geometry":{"type":"Polygon","coordinates":[[[139.42636,35.68286],[139.43178,35.6823],[139.43113,35.67964],[139.43089,35.67933],[139.42977,35.67988],[139.42517,35.68072],[139.42591,35.68094],[139.42636,35.68286]]]}},{"type":"Feature","bbox":[139.42582,35.67112,139.45417,35.68776],"properties":{"slug":"kunitachi-yaho","name":"Yaho","name_local":"谷保","ward":"Kunitachi","ward_slug":"kunitachi","gruppo":"kunitachi-yaho","gruppo_name":"Yaho","usato":false},"geometry":{"type":"Polygon","coordinates":[[[139.4401,35.67152],[139.44232,35.67232],[139.4449,35.67196],[139.44518,35.67206],[139.44439,35.67261],[139.44611,35.67325],[139.44747,35.67243],[139.45209,35.67153],[139.452,35.67112],[139.45417,35.67135],[139.4531,35.67135],[139.45274,35.67208],[139.45013,35.67421],[139.45115,35.67359],[139.45118,35.6755],[139.45076,35.67636],[139.45107,35.67709],[139.4517,35.6772],[139.45106,35.67754],[139.45118,35.6779],[139.45178,35.67772],[139.45112,35.67807],[139.45137,35.67845],[139.45226,35.67837],[139.45047,35.67995],[139.43869,35.68411],[139.43235,35.68495],[139.43208,35.68427],[139.43085,35.6843],[139.43106,35.68394],[139.43069,35.6837],[139.42965,35.68502],[139.43129,35.68445],[139.43195,35.68498],[139.43109,35.68482],[139.4284,35.68571],[139.42596,35.68773],[139.42582,35.68658],[139.42694,35.68523],[139.42636,35.68286],[139.43178,35.6823],[139.43089,35.67933],[139.43402,35.67846],[139.43917,35.67888],[139.43913,35.67537],[139.43853,35.67459],[139.44052,35.67285],[139.4401,35.67152]]]}},{"type":"Feature","bbox":[139.4437,35.53621,139.45793,35.54873],"properties":{"slug":"machida-haramachida","name":"Haramachida","name_local":"原町田","ward":"Machida","ward_slug":"machida","gruppo":"machida-haramachida","gruppo_name":"Haramachida","usato":false},"geometry":{"type":"Polygon","coordinates":[[[139.45765,35.53725],[139.4577,35.53856],[139.45593,35.53974],[139.45676,35.54162],[139.45541,35.54274],[139.45509,35.54394],[139.45463,35.54393],[139.45508,35.54504],[139.45435,35.54616],[139.4514,35.54747],[139.45034,35.54873],[139.44673,35.54594],[139.4437,35.54194],[139.44437,35.54254],[139.44531,35.54191],[139.44506,35.54116],[139.44789,35.53811],[139.44829,35.53621],[139.44969,35.53638],[139.45222,35.53815],[139.45519,35.53719],[139.45765,35.53725]]]}},{"type":"Feature","bbox":[139.24461,35.78679,139.25369,35.78986],"properties":{"slug":"me-amagasecho","name":"Amagasecho","name_local":"天ヶ瀬町","ward":"Ōme","ward_slug":"me","gruppo":"me-amagasecho","gruppo_name":"Amagasecho","usato":false},"geometry":{"type":"Polygon","coordinates":[[[139.25291,35.7892],[139.24912,35.78981],[139.24773,35.78881],[139.24476,35.78886],[139.24461,35.78804],[139.24828,35.78684],[139.24835,35.78791],[139.24956,35.78714],[139.25229,35.78679],[139.25259,35.7873],[139.25342,35.7869],[139.25366,35.78836],[139.25291,35.7892]]]}},{"type":"Feature","bbox":[139.19675,35.77282,139.22984,35.79658],"properties":{"slug":"me-baigo","name":"Baigo","name_local":"梅郷","ward":"Ōme","ward_slug":"me","gruppo":"me-baigo","gruppo_name":"Baigo","usato":false},"geometry":{"type":"Polygon","coordinates":[[[139.22929,35.78446],[139.22808,35.78543],[139.22723,35.78819],[139.22784,35.79039],[139.22659,35.79201],[139.22654,35.79341],[139.22429,35.79361],[139.22158,35.79607],[139.22025,35.79658],[139.21941,35.79617],[139.219,35.79488],[139.21751,35.79541],[139.21617,35.79528],[139.21547,35.79397],[139.21353,35.79223],[139.21129,35.79288],[139.20517,35.7912],[139.2056,35.79077],[139.20309,35.79022],[139.20132,35.79065],[139.20125,35.79018],[139.1992,35.78876],[139.19724,35.78809],[139.19675,35.78677],[139.19834,35.78638],[139.19889,35.78445],[139.20053,35.78385],[139.20071,35.78328],[139.20222,35.78242],[139.20357,35.78016],[139.20488,35.77973],[139.20567,35.77829],[139.20644,35.77844],[139.20818,35.7764],[139.20937,35.77587],[139.20931,35.7746],[139.21057,35.77317],[139.21434,35.77409],[139.21541,35.77315],[139.21668,35.77282],[139.21987,35.7735],[139.21793,35.77635],[139.21816,35.77864],[139.21913,35.77901],[139.22053,35.78094],[139.22143,35.78051],[139.222,35.7814],[139.22373,35.78125],[139.2248,35.78167],[139.22485,35.78249],[139.22544,35.78275],[139.22935,35.78311],[139.22984,35.78367],[139.22929,35.78446]]]}},{"type":"Feature","bbox":[139.25679,35.78003,139.28007,35.78813],"properties":{"slug":"me-chigasemachi","name":"Chigasemachi","name_local":"千ヶ瀬町","ward":"Ōme","ward_slug":"me","gruppo":"me-chigasemachi","gruppo_name":"Chigasemachi","usato":false},"geometry":{"type":"Polygon","coordinates":[[[139.25724,35.7844],[139.25679,35.78547],[139.25784,35.78724],[139.25769,35.78802],[139.2591,35.78756],[139.26219,35.78813],[139.26245,35.78771],[139.26561,35.78802],[139.27069,35.78754],[139.27256,35.78693],[139.27489,35.78722],[139.27721,35.78659],[139.27938,35.78516],[139.28007,35.78343],[139.27923,35.78167],[139.27913,35.78003],[139.27726,35.78176],[139.27566,35.78237],[139.27267,35.78281],[139.27059,35.78171],[139.26873,35.78209],[139.26407,35.78391],[139.26195,35.78556],[139.26055,35.78531],[139.25887,35.78341],[139.2579,35.78356],[139.25724,35.7844]]]}},{"type":"Feature","bbox":[139.28335,35.79098,139.29807,35.80176],"properties":{"slug":"me-daimon","name":"Daimon","name_local":"大門","ward":"Ōme","ward_slug":"me","gruppo":"me-daimon","gruppo_name":"Daimon","usato":false},"geometry":{"type":"Polygon","coordinates":[[[139.29294,35.79098],[139.29266,35.79272],[139.2914,35.79489],[139.28837,35.79773],[139.2877,35.79749],[139.28723,35.79817],[139.2839,35.79716],[139.28335,35.79941],[139.28427,35.80176],[139.28584,35.80153],[139.28779,35.80045],[139.29065,35.80141],[139.29089,35.8001],[139.29298,35.80041],[139.29317,35.79944],[139.29513,35.79837],[139.29645,35.79679],[139.2979,35.79427],[139.29807,35.79153],[139.29294,35.79098]]]}},{"type":"Feature","bbox":[139.29822,35.79322,139.30885,35.81508],"properties":{"slug":"me-fujihashi","name":"Fujihashi","name_local":"藤橋","ward":"Ōme","ward_slug":"me","gruppo":"me-fujihashi","gruppo_name":"Fujihashi","usato":false},"geometry":{"type":"Polygon","coordinates":[[[139.30649,35.79322],[139.30607,35.795],[139.30396,35.79492],[139.30419,35.79619],[139.30344,35.79595],[139.30363,35.79716],[139.30289,35.79859],[139.30116,35.79799],[139.30117,35.79989],[139.30061,35.80112],[139.30088,35.80133],[139.30001,35.80171],[139.29948,35.80272],[139.29897,35.80269],[139.29822,35.80409],[139.29973,35.80461],[139.29911,35.8058],[139.3004,35.80624],[139.29979,35.80991],[139.29999,35.8115],[139.30121,35.81225],[139.30293,35.8145],[139.3043,35.81508],[139.30512,35.81346],[139.3038,35.81199],[139.30282,35.80897],[139.3069,35.80428],[139.30815,35.80089],[139.30653,35.8001],[139.30731,35.79751],[139.30803,35.7978],[139.30885,35.7938],[139.30649,35.79322]]]}},{"type":"Feature","bbox":[139.27139,35.79538,139.28427,35.80211],"properties":{"slug":"me-fukiage","name":"Fukiage","name_local":"吹上","ward":"Ōme","ward_slug":"me","gruppo":"me-fukiage","gruppo_name":"Fukiage","usato":false},"geometry":{"type":"Polygon","coordinates":[[[139.27342,35.80187],[139.27225,35.80108],[139.27147,35.79899],[139.27353,35.79848],[139.27376,35.79787],[139.27553,35.79732],[139.27528,35.79678],[139.27607,35.79701],[139.2774,35.79586],[139.27964,35.79538],[139.28389,35.79697],[139.28335,35.79941],[139.28427,35.80176],[139.28213,35.80125],[139.2802,35.80211],[139.27744,35.80115],[139.27515,35.80124],[139.27353,35.80154],[139.27342,35.80187]]]}},{"type":"Feature","bbox":[139.17865,35.7909,139.23801,35.83047],"properties":{"slug":"me-futamatao","name":"Futamatao","name_local":"二俣尾","ward":"Ōme","ward_slug":"me","gruppo":"me-futamatao","gruppo_name":"Futamatao","usato":false},"geometry":{"type":"Polygon","coordinates":[[[139.20892,35.80566],[139.20889,35.80693],[139.20982,35.80748],[139.20924,35.8084],[139.20985,35.80891],[139.21007,35.81002],[139.20917,35.81197],[139.20629,35.81216],[139.20056,35.81523],[139.19819,35.81513],[139.19557,35.81694],[139.19125,35.81739],[139.18938,35.81874],[139.18848,35.81878],[139.18676,35.81975],[139.18518,35.8199],[139.18611,35.82122],[139.18546,35.82237],[139.18569,35.82384],[139.18394,35.82343],[139.17912,35.82632],[139.17865,35.82805],[139.17935,35.83047],[139.1817,35.8299],[139.18311,35.82894],[139.18528,35.82971],[139.18758,35.8294],[139.19143,35.8278],[139.19599,35.82768],[139.19839,35.82821],[139.19934,35.82686],[139.20329,35.82331],[139.20425,35.82167],[139.20501,35.82204],[139.20696,35.82153],[139.20914,35.82239],[139.20963,35.82087],[139.21082,35.81928],[139.21383,35.81642],[139.21498,35.81607],[139.21576,35.81457],[139.21704,35.81452],[139.21966,35.81294],[139.22082,35.81154],[139.22424,35.8104],[139.2249,35.80962],[139.22751,35.80914],[139.22835,35.80796],[139.23107,35.80781],[139.23248,35.806],[139.23335,35.8056],[139.23509,35.80563],[139.23518,35.80509],[139.23751,35.8044],[139.23801,35.80378],[139.23714,35.80238],[139.2356,35.80119],[139.23513,35.79807],[139.23444,35.7978],[139.23372,35.79617],[139.23287,35.79562],[139.23247,35.79367],[139.23117,35.79337],[139.23044,35.79262],[139.23043,35.79099],[139.22753,35.7909],[139.22659,35.79201],[139.22654,35.79341],[139.22429,35.79361],[139.22129,35.79625],[139.21996,35.79651],[139.21941,35.79617],[139.219,35.79488],[139.21728,35.79553],[139.21868,35.79792],[139.21512,35.80142],[139.21335,35.80096],[139.21272,35.80131],[139.21254,35.80239],[139.21365,35.80395],[139.21341,35.80489],[139.21294,35.80544],[139.21027,35.80599],[139.20892,35.80566]]]}},{"type":"Feature","bbox":[139.23344,35.7674,139.25136,35.78816],"properties":{"slug":"me-hatanaka","name":"Hatanaka","name_local":"畑中","ward":"Ōme","ward_slug":"me","gruppo":"me-hatanaka","gruppo_name":"Hatanaka","usato":false},"geometry":{"type":"Polygon","coordinates":[[[139.23926,35.78439],[139.23541,35.78114],[139.23344,35.78046],[139.23414,35.78007],[139.23458,35.77829],[139.23376,35.77746],[139.23389,35.77659],[139.23482,35.77635],[139.23667,35.7742],[139.24064,35.77183],[139.24323,35.76842],[139.24562,35.7674],[139.2448,35.77023],[139.24212,35.77259],[139.24254,35.77538],[139.24786,35.77996],[139.2479,35.78115],[139.24942,35.78323],[139.24986,35.78368],[139.25067,35.78351],[139.25136,35.78462],[139.25016,35.78503],[139.24718,35.78507],[139.24595,35.7863],[139.24534,35.78772],[139.24349,35.78816],[139.24213,35.78789],[139.24128,35.78624],[139.23926,35.78439]]]}},{"type":"Feature","bbox":[139.27022,35.78141,139.28278,35.79899],"properties":{"slug":"me-higashi-ome","name":"Higashi Ome","name_local":"東青梅","ward":"Ōme","ward_slug":"me","gruppo":"me-higashi-ome","gruppo_name":"Higashi Ome","usato":false},"geometry":{"type":"Polygon","coordinates":[[[139.27147,35.79899],[139.27166,35.79738],[139.27022,35.79609],[139.27075,35.7953],[139.2704,35.79494],[139.27042,35.79088],[139.27088,35.7907],[139.27128,35.78744],[139.27256,35.78693],[139.27489,35.78722],[139.27721,35.78659],[139.27938,35.78516],[139.28073,35.78192],[139.28213,35.78141],[139.28224,35.7832],[139.28189,35.78344],[139.28225,35.78375],[139.28239,35.78763],[139.28277,35.78816],[139.28196,35.79138],[139.28278,35.79154],[139.28043,35.79219],[139.27716,35.79244],[139.27683,35.79414],[139.2772,35.79415],[139.27712,35.79471],[139.27642,35.79524],[139.27682,35.79572],[139.27775,35.79575],[139.27607,35.79701],[139.27528,35.79678],[139.27553,35.79732],[139.27376,35.79787],[139.27353,35.79848],[139.27147,35.79899]]]}},{"type":"Feature","bbox":[139.22723,35.78046,139.24193,35.79367],"properties":{"slug":"me-hinatawada","name":"Hinatawada","name_local":"日向和田","ward":"Ōme","ward_slug":"me","gruppo":"me-hinatawada","gruppo_name":"Hinatawada","usato":false},"geometry":{"type":"Polygon","coordinates":[[[139.23247,35.79367],[139.2353,35.79318],[139.23629,35.79242],[139.24101,35.79117],[139.24172,35.79029],[139.24122,35.78898],[139.24193,35.78766],[139.24128,35.78624],[139.23605,35.78157],[139.23344,35.78046],[139.23187,35.78093],[139.23086,35.78355],[139.22808,35.78543],[139.22723,35.78819],[139.22782,35.79006],[139.22753,35.7909],[139.23043,35.79099],[139.23024,35.79206],[139.23066,35.79296],[139.23247,35.79367]]]}},{"type":"Feature","bbox":[139.25667,35.78756,139.26255,35.79372],"properties":{"slug":"me-honcho","name":"Honcho","name_local":"本町","ward":"Ōme","ward_slug":"me","gruppo":"me-honcho","gruppo_name":"Honcho","usato":false},"geometry":{"type":"Polygon","coordinates":[[[139.25729,35.78896],[139.25786,35.79021],[139.25796,35.79277],[139.25785,35.7932],[139.25667,35.79349],[139.25759,35.79372],[139.25845,35.79309],[139.26073,35.79322],[139.26179,35.79241],[139.26255,35.79241],[139.25975,35.78927],[139.25969,35.78766],[139.25769,35.78802],[139.25784,35.78851],[139.25729,35.78896]]]}},{"type":"Feature","bbox":[139.29065,35.79153,139.30649,35.80675],"properties":{"slug":"me-imadera","name":"Imadera","name_local":"今寺","ward":"Ōme","ward_slug":"me","gruppo":"me-imadera","gruppo_name":"Imadera","usato":false},"geometry":{"type":"Polygon","coordinates":[[[139.29807,35.79153],[139.2979,35.79427],[139.29645,35.79679],[139.29513,35.79837],[139.29317,35.79944],[139.29298,35.80041],[139.29089,35.8001],[139.29065,35.80141],[139.29317,35.80216],[139.29332,35.80334],[139.29425,35.80349],[139.29503,35.80443],[139.29989,35.80675],[139.3004,35.80624],[139.29911,35.8058],[139.29973,35.80461],[139.29822,35.80409],[139.29897,35.80269],[139.29948,35.80272],[139.30001,35.80171],[139.30088,35.80133],[139.30061,35.80112],[139.30117,35.79989],[139.30098,35.79835],[139.30116,35.79799],[139.30289,35.79859],[139.30363,35.79716],[139.30344,35.79595],[139.30419,35.79619],[139.30396,35.79492],[139.30607,35.795],[139.30649,35.79322],[139.29807,35.79153]]]}},{"type":"Feature","bbox":[139.30119,35.78688,139.33058,35.82534],"properties":{"slug":"me-imai","name":"Imai","name_local":"今井","ward":"Ōme","ward_slug":"me","gruppo":"me-imai","gruppo_name":"Imai","usato":false},"geometry":{"type":"Polygon","coordinates":[[[139.30885,35.7938],[139.30803,35.7978],[139.30731,35.79751],[139.30653,35.8001],[139.30815,35.80089],[139.30696,35.80415],[139.30298,35.80849],[139.3027,35.80947],[139.3038,35.81199],[139.30512,35.81346],[139.3043,35.81508],[139.30445,35.81666],[139.30345,35.81909],[139.30153,35.82048],[139.30121,35.8216],[139.30203,35.82353],[139.30313,35.82427],[139.30495,35.82381],[139.30477,35.82241],[139.3116,35.82534],[139.31492,35.82525],[139.3162,35.82359],[139.31595,35.82246],[139.31651,35.8209],[139.31646,35.81924],[139.31503,35.81681],[139.31536,35.81571],[139.31502,35.81427],[139.31675,35.81269],[139.31679,35.81147],[139.31834,35.80983],[139.31909,35.80698],[139.32262,35.80027],[139.32225,35.7995],[139.32397,35.79687],[139.32573,35.79521],[139.33036,35.79434],[139.33058,35.79344],[139.32862,35.79182],[139.33027,35.79072],[139.32625,35.78688],[139.3217,35.7899],[139.32474,35.79034],[139.31915,35.79476],[139.31818,35.79616],[139.30885,35.7938]]]}},{"type":"Feature","bbox":[139.27913,35.77326,139.29869,35.78733],"properties":{"slug":"me-kabemachi","name":"Kabemachi","name_local":"河辺町","ward":"Ōme","ward_slug":"me","gruppo":"me-kabemachi","gruppo_name":"Kabemachi","usato":false},"geometry":{"type":"Polygon","coordinates":[[[139.28245,35.78573],[139.28225,35.78375],[139.28189,35.78344],[139.28224,35.7832],[139.28213,35.78141],[139.28073,35.78192],[139.28007,35.78343],[139.27919,35.78127],[139.27913,35.78003],[139.28155,35.77629],[139.28254,35.77566],[139.28495,35.77648],[139.28914,35.776],[139.29122,35.775],[139.29263,35.77326],[139.29213,35.77534],[139.29514,35.77747],[139.29711,35.77954],[139.29869,35.78477],[139.28522,35.78733],[139.28376,35.78514],[139.28245,35.78573]]]}},{"type":"Feature","bbox":[139.25278,35.78913,139.25543,35.79417],"properties":{"slug":"me-kamicho","name":"Kamicho","name_local":"上町","ward":"Ōme","ward_slug":"me","gruppo":"me-kamicho","gruppo_name":"Kamicho","usato":false},"geometry":{"type":"Polygon","coordinates":[[[139.2529,35.78913],[139.25278,35.79086],[139.25316,35.79083],[139.25327,35.79247],[139.25425,35.79356],[139.25391,35.79408],[139.25436,35.79417],[139.25536,35.79337],[139.25444,35.79282],[139.2544,35.79123],[139.25543,35.79103],[139.25533,35.78947],[139.2529,35.78913]]]}},{"type":"Feature","bbox":[139.25471,35.78871,139.27124,35.79737],"properties":{"slug":"me-katsunuma","name":"Katsunuma","name_local":"勝沼","ward":"Ōme","ward_slug":"me","gruppo":"me-katsunuma","gruppo_name":"Katsunuma","usato":false},"geometry":{"type":"Polygon","coordinates":[[[139.26592,35.7893],[139.26525,35.79124],[139.2633,35.79139],[139.2633,35.79207],[139.26179,35.79241],[139.26081,35.79321],[139.25845,35.79309],[139.25741,35.79373],[139.25544,35.79336],[139.25471,35.79404],[139.25608,35.79554],[139.25676,35.79538],[139.25672,35.79637],[139.25732,35.79737],[139.25943,35.79724],[139.26149,35.79629],[139.26207,35.79664],[139.26252,35.79566],[139.27055,35.79401],[139.27042,35.79088],[139.27088,35.7907],[139.27124,35.78872],[139.26837,35.78908],[139.26832,35.78948],[139.26622,35.78871],[139.26592,35.7893]]]}},{"type":"Feature","bbox":[139.28927,35.80224,139.30018,35.81161],"properties":{"slug":"me-kinoshita","name":"Kinoshita","name_local":"木野下","ward":"Ōme","ward_slug":"me","gruppo":"me-kinoshita","gruppo_name":"Kinoshita","usato":false},"geometry":{"type":"Polygon","coordinates":[[[139.29321,35.80224],[139.29218,35.80394],[139.29214,35.80487],[139.29155,35.80573],[139.29061,35.80611],[139.28927,35.8081],[139.29075,35.80835],[139.29038,35.80968],[139.29624,35.8101],[139.29913,35.81161],[139.30004,35.8115],[139.29979,35.80997],[139.30012,35.80671],[139.29779,35.80589],[139.29503,35.80443],[139.29425,35.80349],[139.29332,35.80334],[139.29321,35.80224]]]}},{"type":"Feature","bbox":[139.24212,35.76544,139.26277,35.78702],"properties":{"slug":"me-komakicho","name":"Komakicho","name_local":"駒木町","ward":"Ōme","ward_slug":"me","gruppo":"me-komakicho","gruppo_name":"Komakicho","usato":false},"geometry":{"type":"Polygon","coordinates":[[[139.26277,35.78488],[139.26195,35.78556],[139.26093,35.78544],[139.25923,35.78351],[139.25829,35.7834],[139.25742,35.78402],[139.25643,35.78648],[139.25515,35.78702],[139.25436,35.78637],[139.25477,35.78419],[139.25432,35.78366],[139.25136,35.78462],[139.25067,35.78351],[139.2498,35.78365],[139.24796,35.78126],[139.24786,35.77996],[139.24254,35.77538],[139.24212,35.77259],[139.2448,35.77023],[139.24562,35.7674],[139.24727,35.76672],[139.24945,35.7666],[139.2513,35.76544],[139.25157,35.76567],[139.253,35.76982],[139.25224,35.77284],[139.25359,35.77294],[139.25353,35.77339],[139.25478,35.77314],[139.25468,35.7737],[139.25562,35.77356],[139.25463,35.77569],[139.25505,35.77621],[139.25425,35.777],[139.25415,35.77785],[139.25595,35.77785],[139.25629,35.77694],[139.25684,35.77713],[139.25633,35.77886],[139.25713,35.78004],[139.25836,35.7801],[139.25841,35.7806],[139.26017,35.7819],[139.25964,35.78236],[139.26247,35.78419],[139.26277,35.78488]]]}},{"type":"Feature","bbox":[139.23247,35.79254,139.27068,35.82409],"properties":{"slug":"me-kurosawa","name":"Kurosawa","name_local":"黒沢","ward":"Ōme","ward_slug":"me","gruppo":"me-kurosawa","gruppo_name":"Kurosawa","usato":false},"geometry":{"type":"Polygon","coordinates":[[[139.23247,35.79367],[139.23287,35.79562],[139.23372,35.79617],[139.23444,35.7978],[139.23513,35.79807],[139.2356,35.80119],[139.23714,35.80238],[139.23801,35.80378],[139.23751,35.8044],[139.23518,35.80509],[139.23509,35.80563],[139.23708,35.8067],[139.23782,35.80919],[139.23896,35.81059],[139.23993,35.8101],[139.24379,35.81117],[139.24464,35.81207],[139.24695,35.8125],[139.24747,35.81479],[139.24695,35.81596],[139.2482,35.8159],[139.24994,35.81802],[139.25167,35.81808],[139.25253,35.81629],[139.25352,35.81651],[139.25419,35.8172],[139.25481,35.8191],[139.25722,35.82052],[139.25803,35.82169],[139.26013,35.82211],[139.26016,35.82243],[139.26252,35.82254],[139.26254,35.82329],[139.26328,35.82409],[139.26506,35.8237],[139.26619,35.82154],[139.26842,35.82107],[139.26851,35.8189],[139.26939,35.81782],[139.26908,35.81655],[139.26985,35.81558],[139.27068,35.81552],[139.26992,35.81379],[139.27056,35.81258],[139.2701,35.80874],[139.27061,35.80707],[139.26927,35.80551],[139.26896,35.80447],[139.26705,35.80537],[139.26667,35.80597],[139.26716,35.80621],[139.26699,35.80676],[139.26565,35.80814],[139.26498,35.80705],[139.26566,35.80653],[139.26456,35.80612],[139.26247,35.80788],[139.26167,35.80722],[139.26165,35.80579],[139.26003,35.80619],[139.25906,35.8056],[139.25857,35.80507],[139.25901,35.80448],[139.25787,35.80282],[139.25857,35.80113],[139.25778,35.79926],[139.25796,35.79851],[139.25723,35.79778],[139.25676,35.79538],[139.25608,35.79554],[139.25471,35.79404],[139.25129,35.79306],[139.2468,35.79354],[139.24428,35.79261],[139.24282,35.79254],[139.2406,35.79345],[139.23666,35.79269],[139.23247,35.79367]]]}},{"type":"Feature","bbox":[139.14785,35.77316,139.19105,35.80719],"properties":{"slug":"me-mitake","name":"Mitake","name_local":"御岳","ward":"Ōme","ward_slug":"me","gruppo":"me-mitake","gruppo_name":"Mitake","usato":false},"geometry":{"type":"Polygon","coordinates":[[[139.14825,35.79415],[139.14785,35.79245],[139.14838,35.79248],[139.15021,35.78913],[139.15218,35.7929],[139.15429,35.79196],[139.15389,35.79129],[139.15417,35.79059],[139.15617,35.79079],[139.15543,35.79178],[139.15534,35.79365],[139.15784,35.7935],[139.15856,35.79531],[139.16101,35.79581],[139.15894,35.79482],[139.15818,35.79364],[139.15817,35.79288],[139.15765,35.7933],[139.15606,35.79324],[139.15566,35.7927],[139.15659,35.79096],[139.15526,35.7902],[139.1558,35.78968],[139.15323,35.78925],[139.15323,35.78859],[139.1543,35.78854],[139.15454,35.78809],[139.15263,35.78794],[139.15093,35.78837],[139.15067,35.78769],[139.15116,35.78757],[139.15162,35.78654],[139.15272,35.78624],[139.15267,35.78455],[139.15344,35.78443],[139.15313,35.78374],[139.15651,35.7839],[139.15649,35.78347],[139.15686,35.78387],[139.15884,35.78384],[139.15958,35.78314],[139.15953,35.78233],[139.16064,35.7816],[139.15921,35.78168],[139.15806,35.78339],[139.15685,35.78362],[139.15633,35.78323],[139.15477,35.78371],[139.15271,35.7831],[139.15125,35.78327],[139.1518,35.78251],[139.15146,35.78141],[139.1532,35.78083],[139.15376,35.78013],[139.15283,35.77736],[139.15413,35.77494],[139.15539,35.77327],[139.15603,35.77373],[139.15749,35.77354],[139.15768,35.77316],[139.15843,35.77424],[139.15793,35.77575],[139.1585,35.77657],[139.15823,35.77764],[139.15879,35.77852],[139.15896,35.77777],[139.16143,35.77712],[139.1635,35.77863],[139.16567,35.77956],[139.16657,35.78092],[139.17146,35.78192],[139.17562,35.78486],[139.17921,35.78613],[139.1818,35.78759],[139.18454,35.78784],[139.18737,35.79131],[139.19,35.79344],[139.19105,35.79488],[139.18851,35.79795],[139.18855,35.80023],[139.18794,35.80166],[139.18562,35.80198],[139.18556,35.80108],[139.18509,35.8008],[139.17991,35.80062],[139.17789,35.79976],[139.17629,35.80027],[139.17592,35.80265],[139.17665,35.80628],[139.17622,35.80698],[139.17501,35.80719],[139.17353,35.80691],[139.17219,35.80589],[139.17166,35.80509],[139.17145,35.80347],[139.16732,35.80172],[139.16481,35.8016],[139.15914,35.79843],[139.1563,35.79863],[139.15273,35.79704],[139.15017,35.79666],[139.14825,35.79415]]]}},{"type":"Feature","bbox":[139.17421,35.79976,139.18586,35.81545],"properties":{"slug":"me-mitake-honcho","name":"Mitake honcho","name_local":"御岳本町","ward":"Ōme","ward_slug":"me","gruppo":"me-mitake-honcho","gruppo_name":"Mitake honcho","usato":false},"geometry":{"type":"Polygon","coordinates":[[[139.18562,35.80198],[139.18556,35.80108],[139.1849,35.80075],[139.18274,35.80098],[139.17991,35.80062],[139.17783,35.79976],[139.17617,35.80042],[139.17592,35.80265],[139.17665,35.80628],[139.17632,35.80691],[139.17564,35.80699],[139.17581,35.80814],[139.17503,35.80955],[139.17421,35.81283],[139.17511,35.81545],[139.17599,35.81448],[139.17725,35.81498],[139.17801,35.81362],[139.17897,35.81339],[139.17972,35.81253],[139.18115,35.80994],[139.18153,35.80838],[139.17993,35.80428],[139.18082,35.80379],[139.18586,35.80333],[139.18562,35.80198]]]}},{"type":"Feature","bbox":[139.13716,35.77189,139.16088,35.79584],"properties":{"slug":"me-mitakesan","name":"Mitakesan","name_local":"御岳山","ward":"Ōme","ward_slug":"me","gruppo":"me-mitakesan","gruppo_name":"Mitakesan","usato":false},"geometry":{"type":"Polygon","coordinates":[[[139.15539,35.77327],[139.15283,35.77736],[139.15376,35.78013],[139.1532,35.78083],[139.15146,35.78141],[139.1518,35.78251],[139.15125,35.78327],[139.15271,35.7831],[139.15477,35.78371],[139.15633,35.78323],[139.15685,35.78362],[139.15806,35.78339],[139.15921,35.78168],[139.16064,35.7816],[139.15953,35.78233],[139.15958,35.78314],[139.15884,35.78384],[139.15686,35.78387],[139.15649,35.78347],[139.15651,35.7839],[139.15313,35.78374],[139.15344,35.78443],[139.15267,35.78455],[139.15272,35.78624],[139.15162,35.78654],[139.15116,35.78757],[139.15067,35.78769],[139.15093,35.78837],[139.15263,35.78794],[139.15454,35.78809],[139.1543,35.78854],[139.15323,35.78859],[139.15323,35.78925],[139.1558,35.78968],[139.15526,35.7902],[139.15659,35.79096],[139.15566,35.7927],[139.15606,35.79324],[139.15765,35.7933],[139.15817,35.79288],[139.15818,35.79364],[139.15894,35.79482],[139.16088,35.79584],[139.15856,35.79531],[139.15784,35.7935],[139.15534,35.79365],[139.15543,35.79178],[139.15617,35.79079],[139.15417,35.79059],[139.15389,35.79129],[139.15429,35.79196],[139.15218,35.7929],[139.15021,35.78913],[139.14838,35.79248],[139.14785,35.79245],[139.14825,35.79415],[139.14784,35.79386],[139.14678,35.79263],[139.14773,35.79074],[139.14757,35.78901],[139.14662,35.78769],[139.14738,35.78692],[139.14741,35.78608],[139.14648,35.78576],[139.14709,35.78317],[139.14781,35.78199],[139.14668,35.78144],[139.14272,35.78102],[139.14176,35.77977],[139.14048,35.779],[139.13834,35.77885],[139.13716,35.77804],[139.13764,35.77243],[139.13852,35.77189],[139.13938,35.77205],[139.14099,35.77421],[139.14227,35.77483],[139.14285,35.77641],[139.14371,35.77635],[139.14468,35.77696],[139.14584,35.77625],[139.14638,35.77537],[139.14824,35.77529],[139.14824,35.77788],[139.14879,35.77894],[139.15238,35.7759],[139.15316,35.77396],[139.15422,35.77332],[139.15539,35.77327]]]}},{"type":"Feature","bbox":[139.24887,35.7892,139.25427,35.79408],"properties":{"slug":"me-morishitacho","name":"Morishitacho","name_local":"森下町","ward":"Ōme","ward_slug":"me","gruppo":"me-morishitacho","gruppo_name":"Morishitacho","usato":false},"geometry":{"type":"Polygon","coordinates":[[[139.24912,35.78981],[139.24962,35.79112],[139.24887,35.79123],[139.24911,35.79315],[139.25129,35.79306],[139.25391,35.79408],[139.25427,35.79375],[139.25327,35.79247],[139.25316,35.79083],[139.25278,35.79086],[139.25291,35.7892],[139.24912,35.78981]]]}},{"type":"Feature","bbox":[139.27642,35.78514,139.28676,35.79697],"properties":{"slug":"me-morookacho","name":"Morookacho","name_local":"師岡町","ward":"Ōme","ward_slug":"me","gruppo":"me-morookacho","gruppo_name":"Morookacho","usato":false},"geometry":{"type":"Polygon","coordinates":[[[139.27775,35.79575],[139.27682,35.79572],[139.27642,35.79524],[139.27712,35.79471],[139.2772,35.79415],[139.27683,35.79414],[139.27716,35.79244],[139.28043,35.79219],[139.28278,35.79154],[139.28196,35.79138],[139.28276,35.78824],[139.28239,35.78763],[139.28245,35.78573],[139.28376,35.78514],[139.28522,35.78733],[139.28657,35.78708],[139.28676,35.78998],[139.2859,35.79229],[139.28665,35.7925],[139.28566,35.79463],[139.28409,35.79541],[139.28389,35.79697],[139.27964,35.79538],[139.27775,35.79575]]]}},{"type":"Feature","bbox":[139.2513,35.75983,139.28234,35.78488],"properties":{"slug":"me-nagabuchi","name":"Nagabuchi","name_local":"長淵","ward":"Ōme","ward_slug":"me","gruppo":"me-nagabuchi","gruppo_name":"Nagabuchi","usato":false},"geometry":{"type":"Polygon","coordinates":[[[139.27913,35.78003],[139.27726,35.78176],[139.2761,35.78225],[139.27232,35.78279],[139.27093,35.78181],[139.26994,35.78179],[139.26407,35.78391],[139.26277,35.78488],[139.26247,35.78419],[139.25964,35.78236],[139.26017,35.7819],[139.25841,35.7806],[139.25836,35.7801],[139.25713,35.78004],[139.25633,35.77886],[139.25684,35.77713],[139.25629,35.77694],[139.25595,35.77785],[139.25415,35.77785],[139.25425,35.777],[139.25505,35.77621],[139.25463,35.77569],[139.25562,35.77356],[139.25468,35.7737],[139.25478,35.77314],[139.25353,35.77339],[139.25359,35.77294],[139.25224,35.77284],[139.253,35.76982],[139.25134,35.76493],[139.25299,35.76398],[139.25429,35.76403],[139.25413,35.76351],[139.25495,35.76293],[139.25525,35.76196],[139.25624,35.76189],[139.25739,35.76034],[139.26152,35.75983],[139.26351,35.75997],[139.26427,35.76055],[139.2669,35.75997],[139.26932,35.76113],[139.27443,35.7609],[139.27632,35.76168],[139.27876,35.76136],[139.2797,35.7656],[139.2786,35.7671],[139.27916,35.76774],[139.27768,35.76816],[139.278,35.77087],[139.27918,35.77141],[139.28144,35.77154],[139.28231,35.77373],[139.28202,35.77389],[139.28234,35.77573],[139.28155,35.77629],[139.27913,35.78003]]]}},{"type":"Feature","bbox":[139.2544,35.78896,139.25786,35.79349],"properties":{"slug":"me-nakacho","name":"Nakacho","name_local":"仲町","ward":"Ōme","ward_slug":"me","gruppo":"me-nakacho","gruppo_name":"Nakacho","usato":false},"geometry":{"type":"Polygon","coordinates":[[[139.25524,35.78929],[139.25543,35.79103],[139.2544,35.79123],[139.25444,35.79282],[139.25536,35.79337],[139.25785,35.7932],[139.2576,35.78938],[139.25729,35.78896],[139.25524,35.78929]]]}},{"type":"Feature","bbox":[139.16264,35.80563,139.28749,35.85087],"properties":{"slug":"me-nariki","name":"Nariki","name_local":"成木","ward":"Ōme","ward_slug":"me","gruppo":"me-nariki","gruppo_name":"Nariki","usato":false},"geometry":{"type":"Polygon","coordinates":[[[139.23509,35.80563],[139.23321,35.80564],[139.23107,35.80781],[139.22835,35.80796],[139.22751,35.80914],[139.2249,35.80962],[139.22424,35.8104],[139.22082,35.81154],[139.21966,35.81294],[139.21704,35.81452],[139.21576,35.81457],[139.21498,35.81607],[139.21383,35.81642],[139.21082,35.81928],[139.20963,35.82087],[139.20914,35.82239],[139.20696,35.82153],[139.20501,35.82204],[139.20425,35.82167],[139.20329,35.82331],[139.19934,35.82686],[139.19839,35.82821],[139.19599,35.82768],[139.19143,35.8278],[139.18758,35.8294],[139.18581,35.82969],[139.18311,35.82894],[139.1817,35.8299],[139.17778,35.83094],[139.17743,35.83261],[139.17689,35.83309],[139.17735,35.83515],[139.17495,35.83631],[139.17433,35.83711],[139.17433,35.83792],[139.17327,35.83828],[139.172,35.83996],[139.1697,35.84041],[139.1693,35.84113],[139.16848,35.84124],[139.16611,35.84297],[139.16642,35.84457],[139.1647,35.84725],[139.16268,35.84906],[139.16264,35.84971],[139.16353,35.85087],[139.16616,35.84997],[139.16909,35.84998],[139.17111,35.84861],[139.17435,35.84831],[139.17544,35.8472],[139.18107,35.84477],[139.18183,35.84379],[139.18371,35.84353],[139.18415,35.84279],[139.18676,35.84292],[139.18927,35.84137],[139.19282,35.84022],[139.19581,35.84005],[139.19824,35.8411],[139.20344,35.8413],[139.2048,35.84303],[139.20494,35.84466],[139.20632,35.84591],[139.2076,35.84644],[139.20986,35.84618],[139.21265,35.84661],[139.21287,35.8459],[139.21368,35.84553],[139.21492,35.84578],[139.21583,35.84431],[139.21754,35.84353],[139.21822,35.84274],[139.21933,35.84252],[139.22018,35.8413],[139.22454,35.8405],[139.22765,35.83912],[139.22804,35.83833],[139.23004,35.83691],[139.23127,35.83664],[139.23281,35.83675],[139.23423,35.83813],[139.23536,35.83805],[139.23702,35.84015],[139.23903,35.84052],[139.24123,35.84004],[139.24171,35.8382],[139.24278,35.8366],[139.24681,35.83689],[139.24838,35.83758],[139.25113,35.83756],[139.25225,35.83825],[139.25641,35.83777],[139.25669,35.83707],[139.2588,35.83727],[139.25888,35.83639],[139.26042,35.83599],[139.26311,35.83731],[139.26824,35.83824],[139.27152,35.83968],[139.27841,35.8396],[139.2798,35.83925],[139.27987,35.84117],[139.28046,35.841],[139.28044,35.84022],[139.28112,35.84027],[139.28167,35.83966],[139.283,35.83678],[139.28491,35.83585],[139.28477,35.83505],[139.28749,35.83454],[139.28739,35.83329],[139.28572,35.83219],[139.28386,35.83133],[139.28175,35.83153],[139.28166,35.83076],[139.27964,35.83018],[139.27922,35.82941],[139.27678,35.8288],[139.27539,35.8276],[139.27351,35.82761],[139.27333,35.82697],[139.27143,35.82583],[139.26727,35.82442],[139.26383,35.82483],[139.26275,35.82367],[139.26252,35.82254],[139.26016,35.82243],[139.26013,35.82211],[139.25803,35.82169],[139.25722,35.82052],[139.25516,35.81939],[139.25352,35.81651],[139.25253,35.81629],[139.25167,35.81808],[139.24994,35.81802],[139.2482,35.8159],[139.24695,35.81596],[139.24747,35.81479],[139.24695,35.8125],[139.24464,35.81207],[139.24379,35.81117],[139.23993,35.8101],[139.23896,35.81059],[139.23782,35.80919],[139.23708,35.8067],[139.23509,35.80563]]]}},{"type":"Feature","bbox":[139.25723,35.79401,139.27341,35.80814],"properties":{"slug":"me-nekabu","name":"Nekabu","name_local":"根ヶ布","ward":"Ōme","ward_slug":"me","gruppo":"me-nekabu","gruppo_name":"Nekabu","usato":false},"geometry":{"type":"Polygon","coordinates":[[[139.25732,35.79737],[139.25723,35.79778],[139.25796,35.79851],[139.25807,35.8005],[139.25857,35.80113],[139.25786,35.80254],[139.25798,35.80331],[139.25901,35.80448],[139.25857,35.80507],[139.26003,35.80619],[139.26165,35.80579],[139.26167,35.80722],[139.26247,35.80788],[139.26456,35.80612],[139.26566,35.80653],[139.26498,35.80705],[139.26565,35.80814],[139.26699,35.80676],[139.26716,35.80621],[139.26667,35.80597],[139.26705,35.80537],[139.26988,35.80373],[139.27119,35.80367],[139.27231,35.8027],[139.27319,35.80269],[139.27341,35.80203],[139.27225,35.80108],[139.27139,35.79934],[139.2716,35.79726],[139.27022,35.79609],[139.27075,35.7953],[139.2704,35.79494],[139.27055,35.79401],[139.26252,35.79566],[139.26207,35.79664],[139.26149,35.79629],[139.25943,35.79724],[139.25732,35.79737]]]}},{"type":"Feature","bbox":[139.26125,35.78744,139.27128,35.79139],"properties":{"slug":"me-nishiwakecho","name":"Nishiwakecho","name_local":"西分町","ward":"Ōme","ward_slug":"me","gruppo":"me-nishiwakecho","gruppo_name":"Nishiwakecho","usato":false},"geometry":{"type":"Polygon","coordinates":[[[139.26219,35.78813],[139.26188,35.7887],[139.26225,35.78908],[139.26125,35.79011],[139.26146,35.79081],[139.26462,35.79137],[139.26554,35.79098],[139.26622,35.78871],[139.26823,35.78947],[139.26837,35.78908],[139.26965,35.78918],[139.27124,35.78872],[139.27128,35.78744],[139.26561,35.78802],[139.26245,35.78771],[139.26219,35.78813]]]}},{"type":"Feature","bbox":[139.28389,35.78576,139.29293,35.79817],"properties":{"slug":"me-nogamicho","name":"Nogamicho","name_local":"野上町","ward":"Ōme","ward_slug":"me","gruppo":"me-nogamicho","gruppo_name":"Nogamicho","usato":false},"geometry":{"type":"Polygon","coordinates":[[[139.28389,35.79697],[139.28409,35.79541],[139.28566,35.79463],[139.28665,35.7925],[139.2859,35.79229],[139.28676,35.78998],[139.28657,35.78708],[139.29223,35.78576],[139.29285,35.78742],[139.29293,35.79158],[139.2914,35.79489],[139.28837,35.79773],[139.2877,35.79749],[139.28723,35.79817],[139.28389,35.79697]]]}},{"type":"Feature","bbox":[139.26328,35.80269,139.30445,35.82935],"properties":{"slug":"me-osoki","name":"Osoki","name_local":"小曾木","ward":"Ōme","ward_slug":"me","gruppo":"me-osoki","gruppo_name":"Osoki","usato":false},"geometry":{"type":"Polygon","coordinates":[[[139.27319,35.80269],[139.27231,35.8027],[139.27126,35.80364],[139.26997,35.8037],[139.26896,35.80447],[139.26927,35.80551],[139.27061,35.80707],[139.2701,35.80874],[139.27056,35.81258],[139.26992,35.81379],[139.27068,35.81552],[139.26985,35.81558],[139.26908,35.81655],[139.26939,35.81782],[139.26851,35.8189],[139.26842,35.82107],[139.26619,35.82154],[139.26506,35.8237],[139.26328,35.82409],[139.26383,35.82483],[139.26727,35.82442],[139.27143,35.82583],[139.27333,35.82697],[139.27351,35.82761],[139.27539,35.8276],[139.27713,35.82897],[139.27969,35.82935],[139.28036,35.82869],[139.28456,35.82794],[139.28506,35.82816],[139.28575,35.82704],[139.28937,35.82579],[139.29089,35.82619],[139.29146,35.82512],[139.29384,35.82466],[139.29609,35.82495],[139.30345,35.81909],[139.30445,35.81666],[139.3043,35.81508],[139.30293,35.8145],[139.30121,35.81225],[139.29999,35.8115],[139.29913,35.81161],[139.29624,35.8101],[139.2941,35.81017],[139.29291,35.80963],[139.29073,35.80979],[139.28793,35.80839],[139.28689,35.80858],[139.28545,35.80814],[139.2842,35.80695],[139.28047,35.80735],[139.2778,35.80601],[139.27611,35.80429],[139.27319,35.80269]]]}},{"type":"Feature","bbox":[139.24555,35.78366,139.25477,35.78791],"properties":{"slug":"me-oyanacho","name":"Oyanacho","name_local":"大柳町","ward":"Ōme","ward_slug":"me","gruppo":"me-oyanacho","gruppo_name":"Oyanacho","usato":false},"geometry":{"type":"Polygon","coordinates":[[[139.25369,35.7871],[139.25326,35.7869],[139.25331,35.78725],[139.25259,35.7873],[139.25229,35.78679],[139.24956,35.78714],[139.24835,35.78791],[139.24828,35.78684],[139.24656,35.78765],[139.24555,35.78746],[139.24595,35.7863],[139.24718,35.78507],[139.25016,35.78503],[139.25432,35.78366],[139.25477,35.78419],[139.25433,35.78575],[139.2547,35.78682],[139.25369,35.7871]]]}},{"type":"Feature","bbox":[139.17511,35.80331,139.21007,35.83087],"properties":{"slug":"me-sawai","name":"Sawai","name_local":"沢井","ward":"Ōme","ward_slug":"me","gruppo":"me-sawai","gruppo_name":"Sawai","usato":false},"geometry":{"type":"Polygon","coordinates":[[[139.18586,35.80333],[139.18082,35.80379],[139.17993,35.80428],[139.18153,35.80838],[139.18115,35.80994],[139.17972,35.81253],[139.17897,35.81339],[139.17801,35.81362],[139.17725,35.81498],[139.17599,35.81448],[139.17511,35.81545],[139.17741,35.82019],[139.17664,35.82142],[139.17664,35.82296],[139.17524,35.82713],[139.17848,35.83087],[139.17935,35.83047],[139.17865,35.82805],[139.17912,35.82632],[139.18394,35.82343],[139.18569,35.82384],[139.18546,35.82237],[139.18611,35.82122],[139.18518,35.8199],[139.18676,35.81975],[139.18848,35.81878],[139.18938,35.81874],[139.19125,35.81739],[139.19557,35.81694],[139.19819,35.81513],[139.20056,35.81523],[139.20629,35.81216],[139.20917,35.81197],[139.21007,35.81002],[139.20985,35.80891],[139.20924,35.8084],[139.20982,35.80748],[139.20889,35.80693],[139.20892,35.80566],[139.20573,35.80475],[139.19776,35.8041],[139.19557,35.80331],[139.19057,35.80478],[139.18783,35.80481],[139.18586,35.80333]]]}},{"type":"Feature","bbox":[139.29223,35.77707,139.32474,35.79616],"properties":{"slug":"me-shinmachi","name":"Shinmachi","name_local":"新町","ward":"Ōme","ward_slug":"me","gruppo":"me-shinmachi","gruppo_name":"Shinmachi","usato":false},"geometry":{"type":"Polygon","coordinates":[[[139.29755,35.78136],[139.29869,35.78477],[139.29223,35.78576],[139.29283,35.78728],[139.29294,35.79098],[139.30133,35.79192],[139.31818,35.79616],[139.31915,35.79476],[139.32474,35.79034],[139.32112,35.78982],[139.32376,35.7876],[139.32329,35.78739],[139.32372,35.78654],[139.32274,35.78621],[139.32156,35.78907],[139.32088,35.78979],[139.31828,35.78942],[139.32078,35.7883],[139.32062,35.78742],[139.32103,35.78663],[139.3202,35.78561],[139.32091,35.78408],[139.32069,35.7834],[139.3242,35.78132],[139.32071,35.77707],[139.316,35.78004],[139.30802,35.78248],[139.30563,35.77763],[139.30243,35.77802],[139.30169,35.77988],[139.30011,35.78012],[139.29973,35.78105],[139.29755,35.78136]]]}},{"type":"Feature","bbox":[139.27319,35.80045,139.28886,35.80788],"properties":{"slug":"me-shiobune","name":"Shiobune","name_local":"塩船","ward":"Ōme","ward_slug":"me","gruppo":"me-shiobune","gruppo_name":"Shiobune","usato":false},"geometry":{"type":"Polygon","coordinates":[[[139.28427,35.80176],[139.28213,35.80125],[139.2802,35.80211],[139.27791,35.80119],[139.2755,35.80118],[139.27353,35.80154],[139.27319,35.80269],[139.27474,35.80337],[139.2778,35.80601],[139.27988,35.80715],[139.2842,35.80695],[139.28513,35.80788],[139.28671,35.8068],[139.28714,35.80393],[139.28886,35.80225],[139.28842,35.80204],[139.28872,35.80068],[139.28777,35.80045],[139.28584,35.80153],[139.28427,35.80176]]]}},{"type":"Feature","bbox":[139.30591,35.77554,139.31877,35.78248],"properties":{"slug":"me-suehirocho","name":"Suehirocho","name_local":"末広町","ward":"Ōme","ward_slug":"me","gruppo":"me-suehirocho","gruppo_name":"Suehirocho","usato":false},"geometry":{"type":"Polygon","coordinates":[[[139.30591,35.77821],[139.30802,35.78248],[139.31547,35.78024],[139.31877,35.77851],[139.31255,35.77554],[139.31145,35.77699],[139.30888,35.77576],[139.30783,35.77719],[139.30697,35.77679],[139.30591,35.77821]]]}},{"type":"Feature","bbox":[139.25969,35.78766,139.2633,35.79241],"properties":{"slug":"me-sumiecho","name":"Sumiecho","name_local":"住江町","ward":"Ōme","ward_slug":"me","gruppo":"me-sumiecho","gruppo_name":"Sumiecho","usato":false},"geometry":{"type":"Polygon","coordinates":[[[139.25969,35.78766],[139.25975,35.78927],[139.26139,35.79147],[139.26255,35.79241],[139.2633,35.79207],[139.26314,35.79104],[139.26146,35.79081],[139.2613,35.79029],[139.26225,35.78908],[139.26188,35.7887],[139.26219,35.78813],[139.25969,35.78766]]]}},{"type":"Feature","bbox":[139.2529,35.78547,139.25784,35.78941],"properties":{"slug":"me-takinouecho","name":"Takinouecho","name_local":"滝ノ上町","ward":"Ōme","ward_slug":"me","gruppo":"me-takinouecho","gruppo_name":"Takinouecho","usato":false},"geometry":{"type":"Polygon","coordinates":[[[139.25769,35.78802],[139.25784,35.78851],[139.25625,35.78936],[139.2529,35.78913],[139.25366,35.78836],[139.25369,35.7871],[139.25612,35.78679],[139.25679,35.78547],[139.25784,35.78724],[139.25769,35.78802]]]}},{"type":"Feature","bbox":[139.27922,35.82097,139.30273,35.83785],"properties":{"slug":"me-tomioka","name":"Tomioka","name_local":"富岡","ward":"Ōme","ward_slug":"me","gruppo":"me-tomioka","gruppo_name":"Tomioka","usato":false},"geometry":{"type":"Polygon","coordinates":[[[139.27922,35.82941],[139.27964,35.83018],[139.28166,35.83076],[139.28175,35.83153],[139.28386,35.83133],[139.28739,35.83329],[139.28729,35.83475],[139.28477,35.83505],[139.28491,35.83585],[139.28649,35.83694],[139.29092,35.83785],[139.2957,35.83354],[139.29692,35.83526],[139.29964,35.83465],[139.30077,35.83506],[139.30194,35.8344],[139.30208,35.83402],[139.30144,35.83402],[139.30125,35.83308],[139.30176,35.83109],[139.30118,35.82969],[139.30213,35.8283],[139.30206,35.82723],[139.30273,35.8258],[139.30259,35.82406],[139.30138,35.82213],[139.30119,35.82097],[139.29609,35.82495],[139.29384,35.82466],[139.29146,35.82512],[139.29089,35.82619],[139.28937,35.82579],[139.28575,35.82704],[139.28506,35.82816],[139.2815,35.82844],[139.27922,35.82941]]]}},{"type":"Feature","bbox":[139.27768,35.75455,139.29744,35.77648],"properties":{"slug":"me-tomodamachi","name":"Tomodamachi","name_local":"友田町","ward":"Ōme","ward_slug":"me","gruppo":"me-tomodamachi","gruppo_name":"Tomodamachi","usato":false},"geometry":{"type":"Polygon","coordinates":[[[139.28234,35.77573],[139.28202,35.77389],[139.2823,35.77354],[139.28144,35.77154],[139.27918,35.77141],[139.278,35.77087],[139.27768,35.76816],[139.27916,35.76774],[139.2786,35.7671],[139.2797,35.7656],[139.27876,35.76136],[139.28752,35.76098],[139.28814,35.75961],[139.29009,35.76007],[139.29233,35.75756],[139.29354,35.75707],[139.29386,35.75567],[139.29558,35.75525],[139.29654,35.75455],[139.29744,35.76008],[139.29655,35.76293],[139.2969,35.76433],[139.29669,35.76605],[139.29511,35.76999],[139.29309,35.77204],[139.29122,35.775],[139.28987,35.77579],[139.28495,35.77648],[139.28234,35.77573]]]}},{"type":"Feature","bbox":[139.23588,35.78766,139.24962,35.79354],"properties":{"slug":"me-urajukucho","name":"Urajukucho","name_local":"裏宿町","ward":"Ōme","ward_slug":"me","gruppo":"me-urajukucho","gruppo_name":"Urajukucho","usato":false},"geometry":{"type":"Polygon","coordinates":[[[139.24193,35.78766],[139.24122,35.78898],[139.24172,35.79029],[139.24101,35.79117],[139.23588,35.79275],[139.23952,35.79305],[139.2401,35.79346],[139.24282,35.79254],[139.24428,35.79261],[139.2468,35.79354],[139.24911,35.79315],[139.24887,35.79123],[139.24962,35.79112],[139.24946,35.79026],[139.24839,35.78961],[139.24824,35.78902],[139.24476,35.78886],[139.24461,35.78804],[139.24268,35.78811],[139.24193,35.78766]]]}},{"type":"Feature","bbox":[139.21793,35.76681,139.24562,35.78436],"properties":{"slug":"me-wadamachi","name":"Wadamachi","name_local":"和田町","ward":"Ōme","ward_slug":"me","gruppo":"me-wadamachi","gruppo_name":"Wadamachi","usato":false},"geometry":{"type":"Polygon","coordinates":[[[139.22952,35.78436],[139.22984,35.78353],[139.22935,35.78311],[139.22544,35.78275],[139.22485,35.78249],[139.2248,35.78167],[139.22373,35.78125],[139.222,35.7814],[139.22143,35.78051],[139.22053,35.78094],[139.21913,35.77901],[139.21816,35.77864],[139.21793,35.77635],[139.21987,35.7735],[139.22085,35.77403],[139.22258,35.77245],[139.22414,35.77288],[139.22593,35.77186],[139.22739,35.77204],[139.22829,35.77081],[139.23078,35.76997],[139.2321,35.76876],[139.23374,35.76862],[139.23536,35.76937],[139.23812,35.76862],[139.2383,35.76701],[139.24264,35.76681],[139.24562,35.7674],[139.24323,35.76842],[139.24064,35.77183],[139.23667,35.7742],[139.23482,35.77635],[139.23398,35.77644],[139.23376,35.77746],[139.23458,35.77829],[139.23397,35.78038],[139.23187,35.78093],[139.23105,35.78235],[139.23102,35.78336],[139.22952,35.78436]]]}},{"type":"Feature","bbox":[139.28513,35.80068,139.29321,35.80968],"properties":{"slug":"me-yano","name":"Yano","name_local":"谷野","ward":"Ōme","ward_slug":"me","gruppo":"me-yano","gruppo_name":"Yano","usato":false},"geometry":{"type":"Polygon","coordinates":[[[139.28872,35.80068],[139.28842,35.80204],[139.28886,35.80225],[139.28714,35.80393],[139.28671,35.8068],[139.28513,35.80788],[139.28689,35.80858],[139.28793,35.80839],[139.29038,35.80968],[139.29075,35.80835],[139.28927,35.8081],[139.29061,35.80611],[139.29155,35.80573],[139.29214,35.80487],[139.29218,35.80394],[139.29321,35.8022],[139.28872,35.80068]]]}},{"type":"Feature","bbox":[139.18454,35.78677,139.21868,35.80599],"properties":{"slug":"me-yugimachi","name":"Yugimachi","name_local":"柚木町","ward":"Ōme","ward_slug":"me","gruppo":"me-yugimachi","gruppo_name":"Yugimachi","usato":false},"geometry":{"type":"Polygon","coordinates":[[[139.21751,35.79541],[139.21722,35.79576],[139.21868,35.79792],[139.21512,35.80142],[139.21335,35.80096],[139.21272,35.80131],[139.21254,35.80239],[139.21365,35.80395],[139.21294,35.80544],[139.21027,35.80599],[139.20493,35.80458],[139.19776,35.8041],[139.19557,35.80331],[139.19057,35.80478],[139.18783,35.80481],[139.1859,35.80339],[139.18562,35.80198],[139.18794,35.80166],[139.18855,35.80023],[139.18851,35.79795],[139.19105,35.79488],[139.19,35.79344],[139.18737,35.79131],[139.18454,35.78784],[139.18631,35.78782],[139.18886,35.78909],[139.1912,35.78868],[139.19221,35.78919],[139.19411,35.78747],[139.19675,35.78677],[139.19724,35.78809],[139.1992,35.78876],[139.20125,35.79018],[139.20132,35.79065],[139.20309,35.79022],[139.2056,35.79077],[139.20517,35.7912],[139.21129,35.79288],[139.21353,35.79223],[139.21547,35.79397],[139.21617,35.79528],[139.21751,35.79541]]]}},{"type":"Feature","bbox":[139.68958,35.64578,139.70027,35.65669],"properties":{"slug":"meguro-aobadai","name":"Aobadai","name_local":"青葉台","ward":"Meguro","ward_slug":"meguro","gruppo":"meguro-aobadai","gruppo_name":"Aobadai","usato":true},"geometry":{"type":"Polygon","coordinates":[[[139.6973,35.64578],[139.6916,35.64919],[139.68989,35.65076],[139.68958,35.65381],[139.69086,35.65669],[139.69572,35.65177],[139.6955,35.65159],[139.69609,35.65084],[139.69689,35.65071],[139.69916,35.64884],[139.6989,35.64857],[139.69985,35.64815],[139.69954,35.64785],[139.70027,35.64762],[139.69926,35.64715],[139.6985,35.64736],[139.6973,35.64578]]]}},{"type":"Feature","bbox":[139.68382,35.6269,139.6958,35.63375],"properties":{"slug":"meguro-chuo-cho","name":"Chuo cho","name_local":"中央町","ward":"Meguro","ward_slug":"meguro","gruppo":"meguro-chuo-cho","gruppo_name":"Chuo cho","usato":false},"geometry":{"type":"Polygon","coordinates":[[[139.69241,35.62727],[139.68936,35.6269],[139.68974,35.63025],[139.68687,35.63088],[139.68382,35.63065],[139.68949,35.63375],[139.69215,35.63248],[139.6958,35.62879],[139.69241,35.62727]]]}},{"type":"Feature","bbox":[139.68093,35.62901,139.6929,35.64044],"properties":{"slug":"meguro-gobongi","name":"Gobongi","name_local":"五本木","ward":"Meguro","ward_slug":"meguro","gruppo":"meguro-gobongi","gruppo_name":"Gobongi","usato":false},"geometry":{"type":"Polygon","coordinates":[[[139.69239,35.63922],[139.68965,35.63584],[139.6929,35.63551],[139.68093,35.62901],[139.6862,35.63795],[139.68661,35.63939],[139.68606,35.63994],[139.68675,35.64044],[139.68762,35.63977],[139.68948,35.64018],[139.68974,35.63981],[139.69239,35.63922]]]}},{"type":"Feature","bbox":[139.69006,35.6131,139.69901,35.61818],"properties":{"slug":"meguro-haramachi","name":"Haramachi","name_local":"原町","ward":"Meguro","ward_slug":"meguro","gruppo":"meguro-haramachi","gruppo_name":"Haramachi","usato":false},"geometry":{"type":"Polygon","coordinates":[[[139.69901,35.61602],[139.69709,35.61818],[139.69006,35.61785],[139.69054,35.61349],[139.69357,35.6131],[139.69267,35.61492],[139.69275,35.61661],[139.69562,35.6162],[139.6975,35.61467],[139.69901,35.61602]]]}},{"type":"Feature","bbox":[139.66161,35.62427,139.67239,35.63202],"properties":{"slug":"meguro-higashigaoka","name":"Higashigaoka","name_local":"東が丘","ward":"Meguro","ward_slug":"meguro","gruppo":"meguro-higashigaoka","gruppo_name":"Higashigaoka","usato":false},"geometry":{"type":"Polygon","coordinates":[[[139.6722,35.62636],[139.66386,35.62427],[139.66345,35.62678],[139.66181,35.62748],[139.66232,35.62825],[139.66249,35.63028],[139.66161,35.63195],[139.6645,35.63202],[139.67207,35.62995],[139.67239,35.62973],[139.67165,35.62796],[139.6722,35.62636]]]}},{"type":"Feature","bbox":[139.68405,35.64288,139.6973,35.65123],"properties":{"slug":"meguro-higashiyama","name":"Higashiyama","name_local":"東山","ward":"Meguro","ward_slug":"meguro","gruppo":"meguro-higashiyama","gruppo_name":"Higashiyama","usato":false},"geometry":{"type":"Polygon","coordinates":[[[139.68443,35.64674],[139.68437,35.646],[139.68502,35.64622],[139.68556,35.64505],[139.68415,35.64459],[139.68498,35.64288],[139.68601,35.64294],[139.68814,35.64587],[139.69009,35.64421],[139.69183,35.64429],[139.69391,35.64602],[139.6973,35.64578],[139.69069,35.64994],[139.68763,35.65014],[139.68597,35.65123],[139.68455,35.65068],[139.68425,35.65006],[139.68443,35.64674]]]}},{"type":"Feature","bbox":[139.67832,35.6158,139.69292,35.62797],"properties":{"slug":"meguro-himonya","name":"Himonya","name_local":"碑文谷","ward":"Meguro","ward_slug":"meguro","gruppo":"meguro-himonya","gruppo_name":"Himonya","usato":false},"geometry":{"type":"Polygon","coordinates":[[[139.69281,35.61797],[139.68829,35.61775],[139.6834,35.6158],[139.68056,35.6203],[139.67832,35.6253],[139.67939,35.62505],[139.68045,35.62797],[139.68549,35.62715],[139.68493,35.62463],[139.68676,35.62417],[139.68936,35.62559],[139.68987,35.62197],[139.69224,35.62348],[139.69288,35.62157],[139.6924,35.62102],[139.69292,35.6203],[139.69281,35.61797]]]}},{"type":"Feature","bbox":[139.66267,35.60659,139.67213,35.6141],"properties":{"slug":"meguro-jiyugaoka","name":"Jiyugaoka","name_local":"自由が丘","ward":"Meguro","ward_slug":"meguro","gruppo":"meguro-jiyugaoka","gruppo_name":"Jiyugaoka","usato":false},"geometry":{"type":"Polygon","coordinates":[[[139.67213,35.61303],[139.67159,35.61236],[139.67132,35.60751],[139.66869,35.60659],[139.66749,35.60659],[139.6633,35.60854],[139.66333,35.60952],[139.66403,35.60986],[139.66328,35.61074],[139.66331,35.61176],[139.66284,35.6118],[139.66335,35.61256],[139.66267,35.61254],[139.66281,35.61386],[139.66749,35.6141],[139.67213,35.61303]]]}},{"type":"Feature","bbox":[139.67166,35.61828,139.68046,35.62973],"properties":{"slug":"meguro-kakinokizaka","name":"Kakinokizaka","name_local":"柿の木坂","ward":"Meguro","ward_slug":"meguro","gruppo":"meguro-kakinokizaka","gruppo_name":"Kakinokizaka","usato":false},"geometry":{"type":"Polygon","coordinates":[[[139.68046,35.62054],[139.67546,35.61828],[139.67492,35.61883],[139.67166,35.62789],[139.67239,35.62973],[139.67696,35.62722],[139.67915,35.62372],[139.68046,35.62054]]]}},{"type":"Feature","bbox":[139.68424,35.63823,139.70208,35.64736],"properties":{"slug":"meguro-kami-meguro","name":"Kami-Meguro","name_local":"上目黒","ward":"Meguro","ward_slug":"meguro","gruppo":"meguro-meguro","gruppo_name":"Meguro","usato":false},"geometry":{"type":"Polygon","coordinates":[[[139.70025,35.64733],[139.6985,35.64736],[139.69734,35.64576],[139.69391,35.64602],[139.69143,35.64423],[139.69009,35.64421],[139.68814,35.64587],[139.68601,35.64294],[139.68424,35.64255],[139.68473,35.64251],[139.68604,35.6399],[139.68675,35.64044],[139.68762,35.63977],[139.68948,35.64018],[139.68974,35.63981],[139.69239,35.63922],[139.69442,35.64093],[139.69587,35.63901],[139.6975,35.63823],[139.69924,35.64103],[139.70051,35.64218],[139.70156,35.64604],[139.70208,35.64653],[139.70025,35.64733]]]}},{"type":"Feature","bbox":[139.6748,35.65532,139.69086,35.66403],"properties":{"slug":"meguro-komaba","name":"Komaba","name_local":"駒場","ward":"Meguro","ward_slug":"meguro","gruppo":"meguro-komaba","gruppo_name":"Komaba","usato":false},"geometry":{"type":"Polygon","coordinates":[[[139.6902,35.65532],[139.68655,35.65537],[139.68477,35.65585],[139.6806,35.65568],[139.68059,35.65663],[139.67949,35.6572],[139.6778,35.65971],[139.67669,35.6599],[139.67596,35.66278],[139.6748,35.66393],[139.6797,35.66403],[139.68241,35.6631],[139.68403,35.66309],[139.6869,35.6619],[139.68795,35.66107],[139.68892,35.65891],[139.69086,35.65669],[139.6902,35.65532]]]}},{"type":"Feature","bbox":[139.69864,35.63051,139.71449,35.63844],"properties":{"slug":"meguro-meguro","name":"Meguro","name_local":"目黒","ward":"Meguro","ward_slug":"meguro","gruppo":"meguro-meguro","gruppo_name":"Meguro","usato":false},"geometry":{"type":"Polygon","coordinates":[[[139.71352,35.63778],[139.71305,35.63844],[139.71132,35.63751],[139.70916,35.63791],[139.7077,35.63667],[139.70623,35.63806],[139.70509,35.63733],[139.70614,35.63603],[139.70301,35.6351],[139.7011,35.63506],[139.69864,35.63367],[139.70122,35.63051],[139.70662,35.63187],[139.71214,35.63445],[139.71448,35.63391],[139.71449,35.63457],[139.71341,35.63553],[139.71391,35.63599],[139.71352,35.63778]]]}},{"type":"Feature","bbox":[139.68936,35.61602,139.70398,35.62879],"properties":{"slug":"meguro-meguro-honcho","name":"Meguro honcho","name_local":"目黒本町","ward":"Meguro","ward_slug":"meguro","gruppo":"meguro-meguro-honcho","gruppo_name":"Meguro honcho","usato":false},"geometry":{"type":"Polygon","coordinates":[[[139.6958,35.62879],[139.68936,35.62559],[139.68967,35.62232],[139.68987,35.62197],[139.69224,35.62348],[139.69288,35.62157],[139.6924,35.62102],[139.69292,35.6203],[139.69281,35.61797],[139.69709,35.61818],[139.69901,35.61602],[139.70243,35.62036],[139.70285,35.6216],[139.70381,35.62165],[139.70398,35.62202],[139.70106,35.62358],[139.69622,35.62495],[139.698,35.62518],[139.69887,35.62573],[139.6958,35.62879]]]}},{"type":"Feature","bbox":[139.68323,35.61122,139.69058,35.61785],"properties":{"slug":"meguro-minami","name":"Minami","name_local":"南","ward":"Meguro","ward_slug":"meguro","gruppo":"meguro-minami","gruppo_name":"Minami","usato":false},"geometry":{"type":"Polygon","coordinates":[[[139.6834,35.6158],[139.68421,35.61308],[139.68539,35.61207],[139.68819,35.61127],[139.69021,35.61122],[139.69058,35.6139],[139.69006,35.61785],[139.68829,35.61775],[139.6834,35.6158]]]}},{"type":"Feature","bbox":[139.70623,35.63667,139.71777,35.64306],"properties":{"slug":"meguro-mita","name":"Mita","name_local":"三田","ward":"Meguro","ward_slug":"meguro","gruppo":"meguro-mita","gruppo_name":"Mita","usato":false},"geometry":{"type":"Polygon","coordinates":[[[139.70623,35.63806],[139.71048,35.64203],[139.7125,35.64235],[139.71354,35.64166],[139.71414,35.64214],[139.71508,35.64204],[139.71534,35.64306],[139.71675,35.64173],[139.71775,35.64158],[139.71559,35.64064],[139.71396,35.6381],[139.7132,35.63863],[139.71384,35.63809],[139.71367,35.63777],[139.71305,35.63844],[139.71132,35.63751],[139.70916,35.63791],[139.7077,35.63667],[139.70623,35.63806]]]}},{"type":"Feature","bbox":[139.69325,35.63352,139.71026,35.64653],"properties":{"slug":"meguro-naka-meguro","name":"Naka-Meguro","name_local":"中目黒","ward":"Meguro","ward_slug":"meguro","gruppo":"meguro-meguro","gruppo_name":"Meguro","usato":false},"geometry":{"type":"Polygon","coordinates":[[[139.70208,35.64653],[139.70151,35.64591],[139.7006,35.64234],[139.69924,35.64103],[139.69761,35.63836],[139.69325,35.63554],[139.69606,35.63507],[139.69775,35.63532],[139.69825,35.63352],[139.7011,35.63506],[139.70301,35.6351],[139.70614,35.63603],[139.70509,35.63733],[139.71026,35.6415],[139.70723,35.64297],[139.70652,35.64344],[139.70644,35.64404],[139.70552,35.64422],[139.70208,35.64653]]]}},{"type":"Feature","bbox":[139.68949,35.62879,139.70125,35.63566],"properties":{"slug":"meguro-nakach","name":"Nakachō","name_local":"中町","ward":"Meguro","ward_slug":"meguro","gruppo":"meguro-nakach","gruppo_name":"Nakachō","usato":true},"geometry":{"type":"Polygon","coordinates":[[[139.6958,35.62879],[139.69215,35.63248],[139.68949,35.63375],[139.69316,35.63566],[139.69606,35.63507],[139.69775,35.63532],[139.69825,35.63352],[139.69864,35.63367],[139.70125,35.63055],[139.6958,35.62879]]]}},{"type":"Feature","bbox":[139.66749,35.6123,139.67887,35.61925],"properties":{"slug":"meguro-nakane","name":"Nakane","name_local":"中根","ward":"Meguro","ward_slug":"meguro","gruppo":"meguro-nakane","gruppo_name":"Nakane","usato":false},"geometry":{"type":"Polygon","coordinates":[[[139.67787,35.61925],[139.67593,35.61712],[139.67775,35.61588],[139.67887,35.61301],[139.6762,35.6123],[139.66749,35.6141],[139.67071,35.61538],[139.675,35.61808],[139.67787,35.61925]]]}},{"type":"Feature","bbox":[139.68177,35.64994,139.69069,35.65585],"properties":{"slug":"meguro-ohashi","name":"Ohashi","name_local":"大橋","ward":"Meguro","ward_slug":"meguro","gruppo":"meguro-ohashi","gruppo_name":"Ohashi","usato":false},"geometry":{"type":"Polygon","coordinates":[[[139.6902,35.65532],[139.68655,35.65537],[139.68477,35.65585],[139.68177,35.6556],[139.68186,35.65449],[139.68315,35.65451],[139.68295,35.65305],[139.68415,35.65285],[139.68255,35.65276],[139.68246,35.65227],[139.68469,35.65139],[139.68455,35.65068],[139.68597,35.65123],[139.68763,35.65014],[139.69069,35.64994],[139.6897,35.65124],[139.68956,35.65369],[139.6902,35.65532]]]}},{"type":"Feature","bbox":[139.67887,35.60224,139.68516,35.61352],"properties":{"slug":"meguro-ookayama","name":"Ookayama","name_local":"大岡山","ward":"Meguro","ward_slug":"meguro","gruppo":"meguro-ookayama","gruppo_name":"Ookayama","usato":false},"geometry":{"type":"Polygon","coordinates":[[[139.68474,35.60488],[139.68516,35.60711],[139.68478,35.60773],[139.68411,35.61352],[139.67887,35.61301],[139.67983,35.6102],[139.67972,35.60854],[139.68069,35.60414],[139.68285,35.60399],[139.68308,35.60258],[139.6843,35.60224],[139.68474,35.60488]]]}},{"type":"Feature","bbox":[139.6902,35.60811,139.69725,35.61661],"properties":{"slug":"meguro-senzoku","name":"Senzoku","name_local":"洗足","ward":"Meguro","ward_slug":"meguro","gruppo":"meguro-senzoku","gruppo_name":"Senzoku","usato":false},"geometry":{"type":"Polygon","coordinates":[[[139.69519,35.60811],[139.6956,35.60816],[139.69589,35.60981],[139.69579,35.61358],[139.69725,35.61488],[139.69562,35.6162],[139.69275,35.61661],[139.69267,35.61492],[139.69357,35.6131],[139.69054,35.61349],[139.6902,35.6111],[139.69142,35.61109],[139.6939,35.60948],[139.69519,35.60811]]]}},{"type":"Feature","bbox":[139.6958,35.62477,139.71521,35.63449],"properties":{"slug":"meguro-shimo-meguro","name":"Shimo-Meguro","name_local":"下目黒","ward":"Meguro","ward_slug":"meguro","gruppo":"meguro-meguro","gruppo_name":"Meguro","usato":false},"geometry":{"type":"Polygon","coordinates":[[[139.71422,35.62961],[139.71452,35.6292],[139.70984,35.62677],[139.70771,35.62612],[139.70732,35.62555],[139.70407,35.62477],[139.70384,35.62536],[139.70247,35.62486],[139.70233,35.62556],[139.70163,35.62603],[139.69887,35.62573],[139.6958,35.62879],[139.70662,35.63187],[139.71254,35.63449],[139.71448,35.63391],[139.7141,35.63292],[139.71466,35.63195],[139.71427,35.63156],[139.71521,35.63001],[139.71422,35.62961]]]}},{"type":"Feature","bbox":[139.67593,35.61301,139.68407,35.62054],"properties":{"slug":"meguro-tairamachi","name":"Tairamachi","name_local":"平町","ward":"Meguro","ward_slug":"meguro","gruppo":"meguro-tairamachi","gruppo_name":"Tairamachi","usato":false},"geometry":{"type":"Polygon","coordinates":[[[139.6834,35.6158],[139.68046,35.62054],[139.67787,35.61925],[139.67593,35.61712],[139.67775,35.61588],[139.67887,35.61301],[139.68407,35.61356],[139.6834,35.6158]]]}},{"type":"Feature","bbox":[139.68045,35.62417,139.69241,35.63088],"properties":{"slug":"meguro-takaban","name":"Takaban","name_local":"鷹番","ward":"Meguro","ward_slug":"meguro","gruppo":"meguro-takaban","gruppo_name":"Takaban","usato":false},"geometry":{"type":"Polygon","coordinates":[[[139.68936,35.62559],[139.68676,35.62417],[139.68493,35.62463],[139.68549,35.62715],[139.68045,35.62797],[139.68093,35.62901],[139.68382,35.63065],[139.68687,35.63088],[139.68974,35.63025],[139.68936,35.6269],[139.69241,35.62727],[139.68936,35.62559]]]}},{"type":"Feature","bbox":[139.66281,35.61386,139.67546,35.62636],"properties":{"slug":"meguro-yakumo","name":"Yakumo","name_local":"八雲","ward":"Meguro","ward_slug":"meguro","gruppo":"meguro-yakumo","gruppo_name":"Yakumo","usato":false},"geometry":{"type":"Polygon","coordinates":[[[139.67546,35.61828],[139.67071,35.61538],[139.66752,35.61411],[139.66281,35.61386],[139.66309,35.6152],[139.66474,35.61682],[139.66438,35.61744],[139.6648,35.61838],[139.66638,35.61858],[139.6657,35.62053],[139.66643,35.6209],[139.66386,35.62427],[139.6722,35.62636],[139.67491,35.61885],[139.67546,35.61828]]]}},{"type":"Feature","bbox":[139.68965,35.63551,139.6975,35.64093],"properties":{"slug":"meguro-yutenji","name":"Yutenji","name_local":"祐天寺","ward":"Meguro","ward_slug":"meguro","gruppo":"meguro-yutenji","gruppo_name":"Yutenji","usato":false},"geometry":{"type":"Polygon","coordinates":[[[139.6975,35.63823],[139.6929,35.63551],[139.68965,35.63584],[139.69297,35.63988],[139.69442,35.64093],[139.69587,35.63901],[139.6975,35.63823]]]}},{"type":"Feature","bbox":[139.72562,35.66437,139.74613,35.6783],"properties":{"slug":"minato-akasaka","name":"Akasaka","name_local":"赤坂","ward":"Minato","ward_slug":"minato","gruppo":"minato-akasaka","gruppo_name":"Akasaka","usato":false},"geometry":{"type":"Polygon","coordinates":[[[139.72762,35.66679],[139.73109,35.66437],[139.73245,35.66536],[139.73362,35.66693],[139.73443,35.66641],[139.73764,35.66868],[139.73992,35.66756],[139.73939,35.66688],[139.74,35.66655],[139.74033,35.66693],[139.74238,35.66591],[139.7442,35.66874],[139.74395,35.66905],[139.74613,35.67045],[139.74313,35.67137],[139.73907,35.67358],[139.73675,35.6783],[139.73162,35.67511],[139.72562,35.67326],[139.72762,35.66679]]]}},{"type":"Feature","bbox":[139.74687,35.66166,139.75001,35.66655],"properties":{"slug":"minato-atago","name":"Atago","name_local":"愛宕","ward":"Minato","ward_slug":"minato","gruppo":"minato-atago","gruppo_name":"Atago","usato":false},"geometry":{"type":"Polygon","coordinates":[[[139.74833,35.66655],[139.74795,35.66583],[139.74865,35.66559],[139.74806,35.66484],[139.7481,35.66409],[139.74781,35.66344],[139.74687,35.66292],[139.7483,35.66182],[139.74935,35.66166],[139.75001,35.66604],[139.74833,35.66655]]]}},{"type":"Feature","bbox":[139.73229,35.65252,139.73771,35.65794],"properties":{"slug":"minato-azabu-j-ban","name":"Azabu-Jūban","name_local":"麻布十番","ward":"Minato","ward_slug":"minato","gruppo":"minato-azabu-j-ban","gruppo_name":"Azabu-Jūban","usato":false},"geometry":{"type":"Polygon","coordinates":[[[139.73229,35.65761],[139.73326,35.65663],[139.7328,35.65622],[139.73331,35.65598],[139.73329,35.65536],[139.73422,35.65532],[139.73455,35.65477],[139.7341,35.65398],[139.73405,35.65317],[139.73438,35.65301],[139.73368,35.65252],[139.73692,35.65256],[139.73771,35.65461],[139.73766,35.65533],[139.73707,35.65544],[139.73658,35.65761],[139.73367,35.65709],[139.73268,35.65794],[139.73229,35.65761]]]}},{"type":"Feature","bbox":[139.73871,35.65791,139.74037,35.66017],"properties":{"slug":"minato-azabu-mamianach","name":"Azabu-Mamianachō","name_local":"麻布狸穴町","ward":"Minato","ward_slug":"minato","gruppo":"minato-azabu-mamianach","gruppo_name":"Azabu-Mamianachō","usato":false},"geometry":{"type":"Polygon","coordinates":[[[139.74037,35.65973],[139.73964,35.65791],[139.73871,35.65807],[139.73917,35.6589],[139.73909,35.66017],[139.74037,35.65973]]]}},{"type":"Feature","bbox":[139.73623,35.65746,139.73917,35.65982],"properties":{"slug":"minato-azabu-nagasakach","name":"Azabu-Nagasakachō","name_local":"麻布永坂町","ward":"Minato","ward_slug":"minato","gruppo":"minato-azabu-nagasakach","gruppo_name":"Azabu-Nagasakachō","usato":false},"geometry":{"type":"Polygon","coordinates":[[[139.73654,35.6596],[139.73773,35.65938],[139.739,35.65982],[139.73882,35.65797],[139.7378,35.65746],[139.73642,35.6576],[139.73654,35.6596]]]}},{"type":"Feature","bbox":[139.73654,35.65745,139.74412,35.66326],"properties":{"slug":"minato-azabudai","name":"Azabudai","name_local":"麻布台","ward":"Minato","ward_slug":"minato","gruppo":"minato-azabudai","gruppo_name":"Azabudai","usato":false},"geometry":{"type":"Polygon","coordinates":[[[139.73654,35.6596],[139.73774,35.66126],[139.73808,35.66114],[139.73856,35.66326],[139.74071,35.66239],[139.74261,35.66238],[139.74251,35.66102],[139.74319,35.66129],[139.74412,35.66095],[139.7433,35.65992],[139.74368,35.65863],[139.7425,35.65858],[139.74219,35.65745],[139.73976,35.65854],[139.74037,35.65973],[139.7398,35.66003],[139.73909,35.66017],[139.73773,35.65938],[139.73654,35.6596]]]}},{"type":"Feature","bbox":[139.7628,35.62354,139.78293,35.6402],"properties":{"slug":"minato-daiba","name":"Daiba","name_local":"台場","ward":"Minato","ward_slug":"minato","gruppo":"minato-daiba","gruppo_name":"Daiba","usato":false},"geometry":{"type":"Polygon","coordinates":[[[139.76319,35.6278],[139.7628,35.63717],[139.76817,35.6402],[139.77703,35.63758],[139.78293,35.6305],[139.77402,35.62561],[139.77122,35.62354],[139.76879,35.62647],[139.76671,35.62751],[139.76603,35.62724],[139.76609,35.62777],[139.76319,35.6278]]]}},{"type":"Feature","bbox":[139.75437,35.65292,139.75811,35.66019],"properties":{"slug":"minato-hamamatsuch","name":"Hamamatsuchō","name_local":"浜松町","ward":"Minato","ward_slug":"minato","gruppo":"minato-hamamatsuch","gruppo_name":"Hamamatsuchō","usato":false},"geometry":{"type":"Polygon","coordinates":[[[139.75729,35.65654],[139.75636,35.65292],[139.75437,35.65311],[139.75535,35.66019],[139.75811,35.65975],[139.75729,35.65654]]]}},{"type":"Feature","bbox":[139.73658,35.65469,139.74538,35.65878],"properties":{"slug":"minato-higashi-azabu","name":"Higashi-Azabu","name_local":"東麻布","ward":"Minato","ward_slug":"minato","gruppo":"minato-higashi-azabu","gruppo_name":"Higashi-Azabu","usato":false},"geometry":{"type":"Polygon","coordinates":[[[139.73707,35.65544],[139.73658,35.65761],[139.73964,35.65791],[139.73976,35.65854],[139.74219,35.65745],[139.7425,35.65858],[139.7439,35.65878],[139.74504,35.65809],[139.74424,35.65788],[139.74512,35.6564],[139.74524,35.65469],[139.73828,35.65566],[139.73707,35.65544]]]}},{"type":"Feature","bbox":[139.75514,35.65917,139.76332,35.66668],"properties":{"slug":"minato-higashi-shinbashi","name":"Higashi Shinbashi","name_local":"東新橋","ward":"Minato","ward_slug":"minato","gruppo":"minato-shinbashi","gruppo_name":"Shinbashi","usato":false},"geometry":{"type":"Polygon","coordinates":[[[139.75811,35.65975],[139.75953,35.65917],[139.76304,35.66374],[139.76323,35.66522],[139.76256,35.66657],[139.76049,35.66668],[139.75514,35.66021],[139.75811,35.65975]]]}},{"type":"Feature","bbox":[139.73764,35.62313,139.76319,35.63856],"properties":{"slug":"minato-k-nan","name":"Kōnan","name_local":"港南","ward":"Minato","ward_slug":"minato","gruppo":"minato-k-nan","gruppo_name":"Kōnan","usato":false},"geometry":{"type":"Polygon","coordinates":[[[139.76291,35.63446],[139.76319,35.6278],[139.75754,35.62774],[139.75768,35.6243],[139.75348,35.62406],[139.75266,35.62421],[139.75272,35.62532],[139.75122,35.62527],[139.74644,35.62313],[139.74428,35.62339],[139.74347,35.62511],[139.73945,35.62415],[139.73838,35.62491],[139.73764,35.62779],[139.73976,35.63439],[139.74184,35.63856],[139.75397,35.63455],[139.76291,35.63446]]]}},{"type":"Feature","bbox":[139.75061,35.63447,139.76458,35.65975],"properties":{"slug":"minato-kaigan","name":"Kaigan","name_local":"海岸","ward":"Minato","ward_slug":"minato","gruppo":"minato-kaigan","gruppo_name":"Kaigan","usato":false},"geometry":{"type":"Polygon","coordinates":[[[139.75811,35.65975],[139.76458,35.65617],[139.76454,35.65572],[139.76251,35.65187],[139.76128,35.65243],[139.75909,35.64541],[139.75909,35.64497],[139.76037,35.64498],[139.76044,35.63677],[139.75953,35.63447],[139.75397,35.63455],[139.75061,35.63566],[139.7593,35.65277],[139.75636,35.65292],[139.75811,35.65975]]]}},{"type":"Feature","bbox":[139.7132,35.628,139.72679,35.64159],"properties":{"slug":"minato-kami-saki","name":"Kami-Ōsaki","name_local":"上大崎","ward":"Minato","ward_slug":"minato","gruppo":"minato-kami-saki","gruppo_name":"Kami-Ōsaki","usato":true},"geometry":{"type":"Polygon","coordinates":[[[139.71452,35.6292],[139.71567,35.628],[139.7164,35.62919],[139.7165,35.63032],[139.71569,35.63243],[139.71739,35.6299],[139.7198,35.62864],[139.7207,35.63051],[139.72053,35.63224],[139.72282,35.63275],[139.7262,35.63264],[139.72679,35.6342],[139.72612,35.63493],[139.72223,35.6359],[139.72214,35.63539],[139.72164,35.63547],[139.7198,35.63434],[139.71933,35.63533],[139.71798,35.63524],[139.7178,35.63478],[139.71735,35.63514],[139.71794,35.63614],[139.71732,35.63796],[139.71668,35.63792],[139.71704,35.63967],[139.71676,35.63991],[139.71783,35.64004],[139.71769,35.64069],[139.7194,35.64127],[139.71775,35.64158],[139.71559,35.64064],[139.71396,35.6381],[139.7132,35.63863],[139.71384,35.63809],[139.71333,35.63752],[139.71391,35.63599],[139.71341,35.63553],[139.71463,35.63426],[139.7141,35.63292],[139.71466,35.63195],[139.71427,35.63156],[139.71521,35.63001],[139.71422,35.62961],[139.71452,35.6292]]]}},{"type":"Feature","bbox":[139.70874,35.66294,139.72404,35.67917],"properties":{"slug":"minato-kita-aoyama","name":"Kita-Aoyama","name_local":"北青山","ward":"Minato","ward_slug":"minato","gruppo":"minato-kita-aoyama","gruppo_name":"Kita-Aoyama","usato":false},"geometry":{"type":"Polygon","coordinates":[[[139.71036,35.66294],[139.70874,35.66418],[139.71392,35.66942],[139.7144,35.66923],[139.71509,35.66964],[139.714,35.67036],[139.71484,35.67295],[139.71648,35.67215],[139.71627,35.67322],[139.71865,35.67401],[139.71986,35.67534],[139.71916,35.67857],[139.71974,35.67841],[139.71989,35.67917],[139.72203,35.67517],[139.72323,35.67434],[139.72404,35.67277],[139.71687,35.67008],[139.71036,35.66294]]]}},{"type":"Feature","bbox":[139.71036,35.65641,139.72762,35.67326],"properties":{"slug":"minato-minami-aoyama","name":"Minami-Aoyama","name_local":"南青山","ward":"Minato","ward_slug":"minato","gruppo":"minato-minami-aoyama","gruppo_name":"Minami-Aoyama","usato":true},"geometry":{"type":"Polygon","coordinates":[[[139.71394,35.65978],[139.71219,35.66082],[139.71036,35.66294],[139.71687,35.67008],[139.72562,35.67326],[139.72762,35.66679],[139.7245,35.66643],[139.72476,35.66514],[139.72366,35.66207],[139.72223,35.66179],[139.72119,35.66251],[139.72047,35.66428],[139.7194,35.66424],[139.72006,35.66377],[139.72011,35.66277],[139.71868,35.66227],[139.71837,35.66199],[139.71883,35.6619],[139.71882,35.66148],[139.7183,35.66156],[139.71758,35.66091],[139.7176,35.66056],[139.7188,35.66021],[139.7186,35.65959],[139.71903,35.65927],[139.71793,35.65641],[139.7146,35.65722],[139.71262,35.65859],[139.71339,35.65867],[139.71394,35.65978]]]}},{"type":"Feature","bbox":[139.72162,35.64634,139.73773,35.65604],"properties":{"slug":"minato-minami-azabu","name":"Minami-Azabu","name_local":"南麻布","ward":"Minato","ward_slug":"minato","gruppo":"minato-minami-azabu","gruppo_name":"Minami-Azabu","usato":false},"geometry":{"type":"Polygon","coordinates":[[[139.72294,35.65604],[139.7217,35.65392],[139.72197,35.6526],[139.72162,35.65236],[139.72221,35.65234],[139.72284,35.64785],[139.72377,35.64683],[139.72502,35.64634],[139.72781,35.64637],[139.72934,35.64696],[139.73228,35.64722],[139.73537,35.64637],[139.73666,35.64679],[139.73773,35.64964],[139.73692,35.65256],[139.72964,35.65211],[139.72544,35.65496],[139.72294,35.65604]]]}},{"type":"Feature","bbox":[139.73579,35.63856,139.74524,35.65561],"properties":{"slug":"minato-mita","name":"Mita","name_local":"三田","ward":"Minato","ward_slug":"minato","gruppo":"minato-mita","gruppo_name":"Mita","usato":false},"geometry":{"type":"Polygon","coordinates":[[[139.73732,35.64855],[139.73771,35.64987],[139.73691,35.65245],[139.73763,35.65393],[139.73776,35.65561],[139.74524,35.65469],[139.74416,35.64385],[139.74317,35.64251],[139.74184,35.63856],[139.74085,35.63889],[139.74138,35.64003],[139.73862,35.64],[139.73587,35.64491],[139.73579,35.64637],[139.73666,35.64679],[139.73732,35.64855]]]}},{"type":"Feature","bbox":[139.72004,35.67277,139.73675,35.68265],"properties":{"slug":"minato-moto-akasaka","name":"Moto-Akasaka","name_local":"元赤坂","ward":"Minato","ward_slug":"minato","gruppo":"minato-moto-akasaka","gruppo_name":"Moto-Akasaka","usato":false},"geometry":{"type":"Polygon","coordinates":[[[139.72562,35.67326],[139.72404,35.67277],[139.72323,35.67434],[139.72203,35.67517],[139.72004,35.67888],[139.72274,35.6792],[139.72414,35.67868],[139.72599,35.67944],[139.72818,35.68265],[139.73,35.68249],[139.73079,35.68111],[139.73199,35.68131],[139.73367,35.67898],[139.73656,35.67881],[139.73675,35.6783],[139.73162,35.67511],[139.72562,35.67326]]]}},{"type":"Feature","bbox":[139.72614,35.65204,139.73455,35.65855],"properties":{"slug":"minato-moto-azabu","name":"Moto-Azabu","name_local":"元麻布","ward":"Minato","ward_slug":"minato","gruppo":"minato-moto-azabu","gruppo_name":"Moto-Azabu","usato":false},"geometry":{"type":"Polygon","coordinates":[[[139.73326,35.65663],[139.73229,35.65761],[139.73158,35.65714],[139.73065,35.65788],[139.72757,35.65855],[139.72651,35.65636],[139.72614,35.65427],[139.72994,35.65204],[139.73368,35.65252],[139.73438,35.65301],[139.73405,35.65317],[139.7341,35.65398],[139.73455,35.65477],[139.73422,35.65532],[139.73312,35.6556],[139.73331,35.65598],[139.7328,35.65622],[139.73326,35.65663]]]}},{"type":"Feature","bbox":[139.71758,35.65446,139.72866,35.66428],"properties":{"slug":"minato-nishi-azabu","name":"Nishi-Azabu","name_local":"西麻布","ward":"Minato","ward_slug":"minato","gruppo":"minato-nishi-azabu","gruppo_name":"Nishi-Azabu","usato":false},"geometry":{"type":"Polygon","coordinates":[[[139.72636,35.65549],[139.72611,35.65446],[139.72294,35.65604],[139.72296,35.65637],[139.72204,35.65575],[139.71824,35.65707],[139.719,35.65947],[139.7186,35.65959],[139.7188,35.66021],[139.7176,35.66056],[139.71758,35.66091],[139.7183,35.66156],[139.71882,35.66148],[139.71883,35.6619],[139.71837,35.66199],[139.71868,35.66227],[139.72011,35.66277],[139.72006,35.66377],[139.7194,35.66424],[139.72047,35.66428],[139.72119,35.66251],[139.72223,35.66179],[139.72567,35.66215],[139.72683,35.66289],[139.72866,35.66152],[139.72819,35.66128],[139.72636,35.65549]]]}},{"type":"Feature","bbox":[139.74935,35.66098,139.75546,35.67063],"properties":{"slug":"minato-nishi-shinbashi","name":"Nishi-Shinbashi","name_local":"西新橋","ward":"Minato","ward_slug":"minato","gruppo":"minato-shinbashi","gruppo_name":"Shinbashi","usato":false},"geometry":{"type":"Polygon","coordinates":[[[139.75083,35.66807],[139.74966,35.66514],[139.74935,35.66166],[139.75146,35.66098],[139.75546,35.66956],[139.7521,35.67063],[139.75083,35.66807]]]}},{"type":"Feature","bbox":[139.74336,35.65306,139.75286,35.66213],"properties":{"slug":"minato-parc-de-shiba","name":"Parc de Shiba","name_local":"芝公園","ward":"Minato","ward_slug":"minato","gruppo":"minato-parc-de-shiba","gruppo_name":"Parc de Shiba","usato":false},"geometry":{"type":"Polygon","coordinates":[[[139.74935,35.66166],[139.75279,35.66057],[139.75246,35.65915],[139.75286,35.65687],[139.75255,35.6534],[139.75106,35.6536],[139.74904,35.65306],[139.74687,35.6535],[139.74524,35.65469],[139.74512,35.6564],[139.74424,35.65788],[139.74504,35.65809],[139.74365,35.65876],[139.74336,35.66023],[139.7449,35.66213],[139.74805,35.66126],[139.74857,35.66178],[139.74935,35.66166]]]}},{"type":"Feature","bbox":[139.72366,35.65709,139.74366,35.66868],"properties":{"slug":"minato-roppongi","name":"Roppongi","name_local":"六本木","ward":"Minato","ward_slug":"minato","gruppo":"minato-roppongi","gruppo_name":"Roppongi","usato":false},"geometry":{"type":"Polygon","coordinates":[[[139.73642,35.6576],[139.73367,35.65709],[139.73268,35.65794],[139.73158,35.65714],[139.73065,35.65788],[139.72757,35.65855],[139.72819,35.66128],[139.72866,35.66152],[139.72683,35.66289],[139.72591,35.66221],[139.72366,35.66207],[139.72476,35.66514],[139.7245,35.66643],[139.72762,35.66679],[139.73109,35.66437],[139.73245,35.66536],[139.73362,35.66693],[139.73443,35.66641],[139.73764,35.66868],[139.73992,35.66756],[139.73939,35.66688],[139.74,35.66655],[139.74033,35.66693],[139.74238,35.66591],[139.74291,35.66683],[139.74366,35.66653],[139.74195,35.66407],[139.74203,35.66314],[139.74144,35.66328],[139.74124,35.66246],[139.73856,35.66326],[139.73808,35.66114],[139.73774,35.66126],[139.73668,35.66012],[139.73642,35.6576]]]}},{"type":"Feature","bbox":[139.74416,35.64385,139.75636,35.65469],"properties":{"slug":"minato-shiba","name":"Shiba","name_local":"芝","ward":"Minato","ward_slug":"minato","gruppo":"minato-shiba","gruppo_name":"Shiba","usato":false},"geometry":{"type":"Polygon","coordinates":[[[139.74504,35.65189],[139.74416,35.64385],[139.75339,35.64868],[139.75511,35.65029],[139.75636,35.65292],[139.75127,35.6536],[139.74931,35.65305],[139.74767,35.65321],[139.74524,35.65469],[139.74504,35.65189]]]}},{"type":"Feature","bbox":[139.75246,35.65311,139.75535,35.66057],"properties":{"slug":"minato-shiba-daimon","name":"Shiba Daimon","name_local":"芝大門","ward":"Minato","ward_slug":"minato","gruppo":"minato-shiba-daimon","gruppo_name":"Shiba Daimon","usato":false},"geometry":{"type":"Polygon","coordinates":[[[139.75279,35.66057],[139.75535,35.66019],[139.75437,35.65311],[139.75255,35.6534],[139.75286,35.65687],[139.75246,35.65915],[139.75279,35.66057]]]}},{"type":"Feature","bbox":[139.74184,35.63566,139.7593,35.65292],"properties":{"slug":"minato-shibaura","name":"Shibaura","name_local":"芝浦","ward":"Minato","ward_slug":"minato","gruppo":"minato-shibaura","gruppo_name":"Shibaura","usato":false},"geometry":{"type":"Polygon","coordinates":[[[139.75061,35.63566],[139.74184,35.63856],[139.74347,35.6431],[139.74692,35.64554],[139.75339,35.64868],[139.75511,35.65029],[139.75636,35.65292],[139.7593,35.65277],[139.75061,35.63566]]]}},{"type":"Feature","bbox":[139.75146,35.66021,139.76256,35.66956],"properties":{"slug":"minato-shinbashi","name":"Shinbashi","name_local":"新橋","ward":"Minato","ward_slug":"minato","gruppo":"minato-shinbashi","gruppo_name":"Shinbashi","usato":false},"geometry":{"type":"Polygon","coordinates":[[[139.75279,35.66057],[139.75514,35.66021],[139.76049,35.66668],[139.76256,35.66657],[139.75869,35.6686],[139.75546,35.66956],[139.75146,35.66098],[139.75279,35.66057]]]}},{"type":"Feature","bbox":[139.72092,35.63909,139.73581,35.64722],"properties":{"slug":"minato-shirokane","name":"Shirokane","name_local":"白金","ward":"Minato","ward_slug":"minato","gruppo":"minato-shirokane","gruppo_name":"Shirokane","usato":false},"geometry":{"type":"Polygon","coordinates":[[[139.73279,35.64039],[139.73018,35.64003],[139.72842,35.63909],[139.7283,35.64012],[139.72403,35.64117],[139.72359,35.6416],[139.7223,35.64148],[139.72097,35.64321],[139.72138,35.64373],[139.72097,35.64413],[139.72273,35.64464],[139.72281,35.64554],[139.72315,35.64549],[139.72393,35.64673],[139.72475,35.64635],[139.72781,35.64637],[139.72934,35.64696],[139.73256,35.64722],[139.73579,35.64637],[139.73581,35.64511],[139.73538,35.64511],[139.73279,35.64039]]]}},{"type":"Feature","bbox":[139.71662,35.63123,139.73279,35.64321],"properties":{"slug":"minato-shirokanedai","name":"Shirokanedai","name_local":"白金台","ward":"Minato","ward_slug":"minato","gruppo":"minato-shirokanedai","gruppo_name":"Shirokanedai","usato":false},"geometry":{"type":"Polygon","coordinates":[[[139.72444,35.64106],[139.72359,35.6416],[139.7223,35.64148],[139.72097,35.64321],[139.71923,35.64162],[139.71939,35.6412],[139.71769,35.64069],[139.71783,35.64004],[139.71676,35.63991],[139.71704,35.63967],[139.71662,35.63821],[139.71732,35.63796],[139.71794,35.63614],[139.71735,35.63514],[139.7178,35.63478],[139.71798,35.63524],[139.71933,35.63533],[139.7198,35.63434],[139.72164,35.63547],[139.72214,35.63539],[139.72223,35.6359],[139.72593,35.635],[139.72679,35.6342],[139.72634,35.633],[139.72687,35.63189],[139.72748,35.63184],[139.72827,35.6331],[139.72871,35.63293],[139.72822,35.63187],[139.72966,35.63123],[139.73081,35.63221],[139.73189,35.63878],[139.73279,35.64039],[139.73018,35.64003],[139.72842,35.63909],[139.7283,35.64012],[139.72444,35.64106]]]}},{"type":"Feature","bbox":[139.72966,35.62304,139.74184,35.64511],"properties":{"slug":"minato-takanawa","name":"Takanawa","name_local":"高輪","ward":"Minato","ward_slug":"minato","gruppo":"minato-takanawa","gruppo_name":"Takanawa","usato":false},"geometry":{"type":"Polygon","coordinates":[[[139.73581,35.64511],[139.73538,35.64511],[139.73203,35.63912],[139.73081,35.63221],[139.72966,35.63123],[139.73106,35.62998],[139.73146,35.62883],[139.73087,35.62664],[139.73194,35.62599],[139.73192,35.62542],[139.73229,35.62595],[139.7338,35.62598],[139.73531,35.62304],[139.73823,35.62368],[139.73801,35.62495],[139.73838,35.62491],[139.73764,35.62779],[139.73976,35.63439],[139.74184,35.63856],[139.74085,35.63889],[139.74138,35.64003],[139.73862,35.64],[139.73581,35.64511]]]}},{"type":"Feature","bbox":[139.74071,35.66101,139.7518,35.67093],"properties":{"slug":"minato-toranomon","name":"Toranomon","name_local":"虎ノ門","ward":"Minato","ward_slug":"minato","gruppo":"minato-toranomon","gruppo_name":"Toranomon","usato":false},"geometry":{"type":"Polygon","coordinates":[[[139.74071,35.66239],[139.74124,35.66246],[139.74144,35.66328],[139.74208,35.66323],[139.74195,35.66407],[139.74366,35.66653],[139.74291,35.66683],[139.74417,35.66926],[139.74613,35.67045],[139.74761,35.6696],[139.74948,35.67093],[139.7518,35.67015],[139.75001,35.66604],[139.74833,35.66655],[139.74795,35.66583],[139.74865,35.66559],[139.74806,35.66484],[139.7481,35.66409],[139.74781,35.66344],[139.74687,35.66292],[139.74761,35.66219],[139.74836,35.6621],[139.74856,35.6617],[139.74818,35.66127],[139.7449,35.66213],[139.74399,35.66101],[139.74319,35.66129],[139.74251,35.66102],[139.74261,35.66238],[139.74071,35.66239]]]}},{"type":"Feature","bbox":[139.53141,35.68579,139.55061,35.69895],"properties":{"slug":"mitaka-iguchi","name":"Iguchi","name_local":"井口","ward":"Mitaka","ward_slug":"mitaka","gruppo":"mitaka-iguchi","gruppo_name":"Iguchi","usato":false},"geometry":{"type":"Polygon","coordinates":[[[139.54551,35.69598],[139.54184,35.69698],[139.54196,35.69517],[139.53606,35.69517],[139.53586,35.6986],[139.53377,35.69895],[139.534,35.69502],[139.53141,35.69481],[139.53224,35.6892],[139.5347,35.68901],[139.53402,35.69271],[139.53762,35.69312],[139.53796,35.69357],[139.5385,35.69319],[139.54279,35.69381],[139.54281,35.69126],[139.54592,35.69013],[139.54555,35.68723],[139.54663,35.68709],[139.5465,35.68584],[139.54824,35.68595],[139.54827,35.68631],[139.54999,35.68598],[139.55061,35.68923],[139.55055,35.69486],[139.54551,35.69598]]]}},{"type":"Feature","bbox":[139.57254,35.68579,139.59384,35.70162],"properties":{"slug":"mitaka-inokashira","name":"Inokashira","name_local":"井の頭","ward":"Mitaka","ward_slug":"mitaka","gruppo":"mitaka-inokashira","gruppo_name":"Inokashira","usato":true},"geometry":{"type":"Polygon","coordinates":[[[139.59128,35.69149],[139.59384,35.68884],[139.59282,35.689],[139.59286,35.68801],[139.59156,35.68768],[139.59055,35.68688],[139.59164,35.68579],[139.5886,35.68654],[139.58647,35.68637],[139.58408,35.69095],[139.58075,35.69114],[139.57732,35.69304],[139.57416,35.69345],[139.57254,35.69724],[139.57265,35.69884],[139.5741,35.6994],[139.57493,35.70041],[139.575,35.70113],[139.57676,35.70162],[139.58026,35.69881],[139.58456,35.6974],[139.58719,35.69372],[139.59128,35.69149]]]}},{"type":"Feature","bbox":[139.53402,35.68449,139.54592,35.69381],"properties":{"slug":"mitaka-jindaiji","name":"Jindaiji","name_local":"深大寺","ward":"Mitaka","ward_slug":"mitaka","gruppo":"mitaka-jindaiji","gruppo_name":"Jindaiji","usato":false},"geometry":{"type":"Polygon","coordinates":[[[139.54571,35.68842],[139.54592,35.69013],[139.54281,35.69126],[139.54279,35.69381],[139.5385,35.69319],[139.53796,35.69357],[139.53762,35.69312],[139.53402,35.69271],[139.5347,35.68901],[139.53803,35.68865],[139.53877,35.68449],[139.54189,35.68489],[139.54248,35.68903],[139.54571,35.68842]]]}},{"type":"Feature","bbox":[139.54952,35.68373,139.56067,35.70718],"properties":{"slug":"mitaka-kami-renjaku","name":"Kami Renjaku","name_local":"上連雀","ward":"Mitaka","ward_slug":"mitaka","gruppo":"mitaka-kami-renjaku","gruppo_name":"Kami Renjaku","usato":false},"geometry":{"type":"Polygon","coordinates":[[[139.55235,35.70612],[139.54973,35.70718],[139.55042,35.70006],[139.55061,35.68936],[139.54952,35.68373],[139.55833,35.68375],[139.56013,35.69289],[139.55938,35.69304],[139.55931,35.69345],[139.55891,35.70282],[139.56067,35.70291],[139.55235,35.70612]]]}},{"type":"Feature","bbox":[139.57605,35.6689,139.58924,35.68285],"properties":{"slug":"mitaka-kitano","name":"Kitano","name_local":"北野","ward":"Mitaka","ward_slug":"mitaka","gruppo":"mitaka-kitano","gruppo_name":"Kitano","usato":false},"geometry":{"type":"Polygon","coordinates":[[[139.58904,35.6689],[139.58845,35.66968],[139.58527,35.6714],[139.58464,35.6713],[139.58417,35.67058],[139.58164,35.67068],[139.58157,35.67014],[139.58116,35.67015],[139.58109,35.67051],[139.58051,35.67052],[139.58044,35.67216],[139.57964,35.67227],[139.57787,35.67354],[139.57605,35.67353],[139.57704,35.67561],[139.57807,35.68193],[139.58446,35.68285],[139.58509,35.68273],[139.58619,35.68106],[139.58747,35.68101],[139.5883,35.68014],[139.5887,35.67911],[139.58782,35.67815],[139.58679,35.67778],[139.58656,35.6771],[139.587,35.67479],[139.58792,35.67443],[139.58764,35.67384],[139.58625,35.67433],[139.58499,35.67396],[139.58267,35.67445],[139.58239,35.67335],[139.5887,35.67062],[139.58904,35.6689]]]}},{"type":"Feature","bbox":[139.57082,35.6816,139.59396,35.69724],"properties":{"slug":"mitaka-mure","name":"Mure","name_local":"牟礼","ward":"Mitaka","ward_slug":"mitaka","gruppo":"mitaka-mure","gruppo_name":"Mure","usato":false},"geometry":{"type":"Polygon","coordinates":[[[139.59197,35.6818],[139.59185,35.68215],[139.58741,35.68227],[139.58515,35.68276],[139.58641,35.683],[139.59327,35.68192],[139.59396,35.68231],[139.59284,35.68293],[139.59302,35.68331],[139.59208,35.68428],[139.59254,35.68515],[139.59149,35.68543],[139.59147,35.68576],[139.5886,35.68654],[139.58624,35.68648],[139.58462,35.69049],[139.58408,35.69095],[139.58075,35.69114],[139.57732,35.69304],[139.57416,35.69345],[139.57317,35.69622],[139.57227,35.69724],[139.57197,35.69086],[139.57273,35.69061],[139.57222,35.68659],[139.57082,35.68241],[139.57653,35.6816],[139.58446,35.68285],[139.58509,35.68273],[139.58526,35.68224],[139.59197,35.6818]]]}},{"type":"Feature","bbox":[139.56374,35.65985,139.58208,35.67462],"properties":{"slug":"mitaka-nakahara","name":"nakahara","name_local":"中原","ward":"Mitaka","ward_slug":"mitaka","gruppo":"mitaka-nakahara","gruppo_name":"nakahara","usato":false},"geometry":{"type":"Polygon","coordinates":[[[139.57963,35.6658],[139.58208,35.66518],[139.5781,35.6626],[139.57748,35.66073],[139.5759,35.65985],[139.57417,35.66134],[139.57419,35.66206],[139.57364,35.66263],[139.57209,35.66323],[139.57369,35.66265],[139.57468,35.66127],[139.57507,35.66143],[139.57489,35.66257],[139.57256,35.66429],[139.56946,35.66375],[139.56697,35.66406],[139.56585,35.66476],[139.56544,35.66604],[139.56458,35.66891],[139.56458,35.67147],[139.56374,35.67454],[139.567,35.67462],[139.56838,35.67415],[139.57307,35.66922],[139.57683,35.66694],[139.57963,35.6658]]]}},{"type":"Feature","bbox":[139.53877,35.67877,139.56101,35.68903],"properties":{"slug":"mitaka-nozaki","name":"Nozaki","name_local":"野崎","ward":"Mitaka","ward_slug":"mitaka","gruppo":"mitaka-nozaki","gruppo_name":"Nozaki","usato":false},"geometry":{"type":"Polygon","coordinates":[[[139.53877,35.68449],[139.54189,35.68489],[139.54248,35.68903],[139.54571,35.68842],[139.54555,35.68723],[139.54663,35.68709],[139.5465,35.68584],[139.54824,35.68595],[139.54827,35.68631],[139.54999,35.68598],[139.54952,35.68373],[139.56101,35.68368],[139.56101,35.68278],[139.55865,35.68278],[139.55836,35.68312],[139.5583,35.68249],[139.55686,35.6827],[139.55675,35.68224],[139.55423,35.68196],[139.55227,35.68124],[139.55225,35.68085],[139.54694,35.68157],[139.54696,35.68212],[139.54609,35.6821],[139.54543,35.68193],[139.54547,35.68138],[139.54473,35.68134],[139.54463,35.68017],[139.54313,35.68029],[139.54278,35.67878],[139.53878,35.67877],[139.53877,35.68449]]]}},{"type":"Feature","bbox":[139.52447,35.66424,139.54438,35.69045],"properties":{"slug":"mitaka-osawa","name":"Osawa","name_local":"大沢","ward":"Mitaka","ward_slug":"mitaka","gruppo":"mitaka-osawa","gruppo_name":"Osawa","usato":false},"geometry":{"type":"Polygon","coordinates":[[[139.53224,35.6892],[139.53803,35.68865],[139.53877,35.68449],[139.53878,35.67877],[139.54278,35.67878],[139.54163,35.67006],[139.54245,35.66767],[139.54438,35.6665],[139.54305,35.66494],[139.54179,35.66424],[139.53823,35.66466],[139.53833,35.66496],[139.53927,35.66468],[139.53891,35.66491],[139.53916,35.66541],[139.5384,35.66568],[139.53791,35.66534],[139.53708,35.66606],[139.53742,35.66695],[139.53837,35.66662],[139.53863,35.66698],[139.53809,35.66724],[139.53842,35.66778],[139.5367,35.66842],[139.53571,35.6695],[139.53513,35.66874],[139.53485,35.66946],[139.5342,35.66805],[139.53468,35.66787],[139.53435,35.6675],[139.53152,35.668],[139.53277,35.66991],[139.53071,35.67043],[139.5304,35.67112],[139.53069,35.67214],[139.52982,35.67226],[139.52933,35.67371],[139.5296,35.67566],[139.52887,35.67568],[139.52798,35.67422],[139.52669,35.67452],[139.52686,35.67539],[139.52637,35.67577],[139.52772,35.676],[139.52786,35.67687],[139.5259,35.67734],[139.52617,35.67909],[139.5254,35.67895],[139.52558,35.68061],[139.52889,35.68104],[139.52833,35.68255],[139.52901,35.68255],[139.52729,35.68387],[139.5266,35.68544],[139.5266,35.68685],[139.52621,35.68761],[139.52447,35.68841],[139.52473,35.68928],[139.5263,35.6901],[139.5283,35.6896],[139.52892,35.69045],[139.5299,35.68989],[139.52985,35.68944],[139.53066,35.68947],[139.5317,35.68897],[139.53167,35.68864],[139.53235,35.6886],[139.53224,35.6892]]]}},{"type":"Feature","bbox":[139.55833,35.68314,139.57273,35.70291],"properties":{"slug":"mitaka-shimo-renjaku","name":"Shimo Renjaku","name_local":"下連雀","ward":"Mitaka","ward_slug":"mitaka","gruppo":"mitaka-shimo-renjaku","gruppo_name":"Shimo Renjaku","usato":true},"geometry":{"type":"Polygon","coordinates":[[[139.5663,35.70081],[139.56067,35.70291],[139.55891,35.70282],[139.55931,35.69345],[139.55938,35.69304],[139.56013,35.69289],[139.55833,35.68375],[139.56344,35.68332],[139.56349,35.68377],[139.5641,35.68377],[139.57114,35.68314],[139.57225,35.68675],[139.57273,35.69061],[139.57197,35.69086],[139.57254,35.69724],[139.57068,35.69907],[139.5663,35.70081]]]}},{"type":"Feature","bbox":[139.56101,35.6658,139.57979,35.68378],"properties":{"slug":"mitaka-shinkawa","name":"Shinkawa","name_local":"新川","ward":"Mitaka","ward_slug":"mitaka","gruppo":"mitaka-shinkawa","gruppo_name":"Shinkawa","usato":false},"geometry":{"type":"Polygon","coordinates":[[[139.57605,35.67353],[139.57515,35.67317],[139.57813,35.67244],[139.57905,35.67147],[139.57913,35.67034],[139.57811,35.67037],[139.57772,35.6689],[139.57809,35.66834],[139.57837,35.66844],[139.57811,35.66922],[139.57923,35.66894],[139.57979,35.66775],[139.5787,35.66742],[139.57963,35.6658],[139.57683,35.66694],[139.57307,35.66922],[139.56838,35.67415],[139.567,35.67462],[139.56374,35.67454],[139.56234,35.67816],[139.56101,35.68368],[139.57054,35.68322],[139.57114,35.68314],[139.57082,35.68241],[139.57653,35.6816],[139.57807,35.68193],[139.57704,35.67561],[139.57605,35.67353]]]}},{"type":"Feature","bbox":[139.33421,35.78092,139.34974,35.79422],"properties":{"slug":"mizuho-fujiyama-kurihara-shinden","name":"Fujiyama kurihara shinden","name_local":"富士山栗原新田","ward":"Mizuho","ward_slug":"mizuho","gruppo":"mizuho-fujiyama-kurihara-shinden","gruppo_name":"Fujiyama kurihara shinden","usato":false},"geometry":{"type":"Polygon","coordinates":[[[139.33818,35.79422],[139.33527,35.79355],[139.33461,35.7931],[139.33497,35.79264],[139.33421,35.79208],[139.33568,35.79057],[139.33648,35.7911],[139.33611,35.79151],[139.33704,35.79191],[139.33763,35.79124],[139.33865,35.79161],[139.33937,35.79086],[139.33837,35.79046],[139.33871,35.7901],[139.33973,35.79048],[139.3467,35.78288],[139.34551,35.78194],[139.34692,35.78092],[139.34726,35.7816],[139.34812,35.7816],[139.34819,35.78493],[139.34674,35.78692],[139.34974,35.78902],[139.34828,35.78872],[139.34789,35.79036],[139.34506,35.78946],[139.34475,35.79056],[139.34119,35.79387],[139.33818,35.79422]]]}},{"type":"Feature","bbox":[139.32862,35.76388,139.35921,35.79344],"properties":{"slug":"mizuho-hakonegasaki","name":"Hakonegasaki","name_local":"箱根ケ崎","ward":"Mizuho","ward_slug":"mizuho","gruppo":"mizuho-hakonegasaki","gruppo_name":"Hakonegasaki","usato":false},"geometry":{"type":"Polygon","coordinates":[[[139.33461,35.7931],[139.33497,35.79264],[139.33421,35.79208],[139.33568,35.79057],[139.33648,35.7911],[139.33611,35.79151],[139.33704,35.79191],[139.33763,35.79124],[139.33865,35.79161],[139.33891,35.79136],[139.33937,35.79086],[139.33837,35.79046],[139.33871,35.7901],[139.33973,35.79048],[139.3467,35.78288],[139.34551,35.78194],[139.34692,35.78092],[139.34726,35.7816],[139.34793,35.78159],[139.34796,35.78103],[139.34743,35.78119],[139.3481,35.78015],[139.3486,35.78032],[139.34876,35.77938],[139.35015,35.77943],[139.34995,35.77815],[139.35032,35.77695],[139.35331,35.77766],[139.35499,35.77854],[139.35921,35.77909],[139.35828,35.77692],[139.35593,35.77634],[139.35655,35.77618],[139.35591,35.77585],[139.35609,35.77499],[139.35445,35.77314],[139.35506,35.77312],[139.35472,35.77282],[139.35535,35.77243],[139.35539,35.77189],[139.35465,35.77223],[139.35375,35.771],[139.35308,35.77131],[139.35289,35.77105],[139.35427,35.76909],[139.35369,35.76845],[139.35393,35.76814],[139.35167,35.76737],[139.34886,35.76867],[139.34856,35.76814],[139.34923,35.76778],[139.34997,35.76648],[139.34739,35.76551],[139.34705,35.76663],[139.34739,35.76848],[139.34626,35.76773],[139.3438,35.76739],[139.34193,35.76592],[139.34182,35.76388],[139.3412,35.76406],[139.34135,35.76548],[139.34231,35.76734],[139.34201,35.76865],[139.34302,35.76969],[139.34272,35.77045],[139.34346,35.77086],[139.34009,35.77565],[139.33331,35.77786],[139.33477,35.78045],[139.3351,35.78039],[139.33587,35.78264],[139.33371,35.7841],[139.3363,35.78669],[139.32862,35.79182],[139.33058,35.79344],[139.33264,35.79173],[139.33461,35.7931]]]}},{"type":"Feature","bbox":[139.33631,35.76858,139.34325,35.77653],"properties":{"slug":"mizuho-hakonegasaki-higashimatsubara","name":"Hakonegasaki Higashimatsubara","name_local":"箱根ケ崎東松原","ward":"Mizuho","ward_slug":"mizuho","gruppo":"mizuho-hakonegasaki-higashimatsubara","gruppo_name":"Hakonegasaki Higashimatsubara","usato":false},"geometry":{"type":"Polygon","coordinates":[[[139.33631,35.77414],[139.33724,35.77653],[139.33986,35.77577],[139.34317,35.77081],[139.33899,35.76858],[139.33631,35.77414]]]}},{"type":"Feature","bbox":[139.33228,35.76667,139.33899,35.77414],"properties":{"slug":"mizuho-hakonegasaki-nishimatsubara","name":"Hakonegasaki Nishimatsubara","name_local":"箱根ケ崎西松原","ward":"Mizuho","ward_slug":"mizuho","gruppo":"mizuho-hakonegasaki-nishimatsubara","gruppo_name":"Hakonegasaki Nishimatsubara","usato":false},"geometry":{"type":"Polygon","coordinates":[[[139.33228,35.77192],[139.3343,35.77374],[139.33631,35.77414],[139.33899,35.76858],[139.33534,35.76667],[139.33323,35.76766],[139.33372,35.77101],[139.33287,35.7711],[139.33228,35.77192]]]}},{"type":"Feature","bbox":[139.35213,35.75954,139.38152,35.78096],"properties":{"slug":"mizuho-ishihata","name":"Ishihata","name_local":"石畑","ward":"Mizuho","ward_slug":"mizuho","gruppo":"mizuho-ishihata","gruppo_name":"Ishihata","usato":false},"geometry":{"type":"MultiPolygon","coordinates":[[[[139.36841,35.77438],[139.36995,35.77336],[139.37024,35.77183],[139.37255,35.77112],[139.37326,35.77133],[139.37326,35.76882],[139.37474,35.77005],[139.37432,35.76902],[139.37452,35.76715],[139.37521,35.76814],[139.37506,35.76927],[139.37567,35.76993],[139.37701,35.77019],[139.37862,35.77133],[139.37916,35.77113],[139.38001,35.77199],[139.38034,35.77331],[139.38151,35.77436],[139.38152,35.77717],[139.38,35.77693],[139.37993,35.77891],[139.37552,35.78046],[139.37104,35.77821],[139.36878,35.77828],[139.36925,35.77912],[139.36827,35.77902],[139.36879,35.7803],[139.36832,35.78096],[139.36706,35.78057],[139.36745,35.77932],[139.36665,35.77909],[139.36599,35.78027],[139.36504,35.77905],[139.3638,35.7788],[139.36245,35.77975],[139.35952,35.77945],[139.35851,35.77711],[139.35593,35.77634],[139.35655,35.77618],[139.35591,35.77585],[139.35609,35.77499],[139.35445,35.77314],[139.35506,35.77312],[139.35472,35.77282],[139.35535,35.77243],[139.35539,35.77189],[139.35465,35.77223],[139.35375,35.771],[139.35308,35.77131],[139.35289,35.77105],[139.35427,35.76909],[139.35369,35.76845],[139.35393,35.76814],[139.35213,35.76757],[139.3527,35.76676],[139.35759,35.76352],[139.35922,35.76533],[139.35953,35.76647],[139.36011,35.76621],[139.36031,35.767],[139.36115,35.76727],[139.36005,35.76762],[139.35956,35.76719],[139.3597,35.76805],[139.36028,35.76854],[139.36036,35.76933],[139.36087,35.76908],[139.36109,35.76937],[139.36071,35.76984],[139.36138,35.76996],[139.36075,35.77013],[139.36125,35.7708],[139.36181,35.77066],[139.36131,35.77121],[139.36258,35.77284],[139.36323,35.77299],[139.36361,35.77455],[139.3644,35.77288],[139.36538,35.77389],[139.36428,35.77435],[139.36486,35.77506],[139.36595,35.77499],[139.3663,35.77394],[139.36671,35.77498],[139.36756,35.77559],[139.36841,35.77438]]],[[[139.35547,35.76179],[139.35379,35.76171],[139.35245,35.75985],[139.35309,35.75954],[139.35365,35.76047],[139.35419,35.76058],[139.35382,35.76075],[139.354,35.76112],[139.35479,35.76085],[139.35547,35.76179]]]]}},{"type":"Feature","bbox":[139.35001,35.7768,139.36991,35.79142],"properties":{"slug":"mizuho-komagata-fujiyama","name":"Komagata fujiyama","name_local":"駒形富士山","ward":"Mizuho","ward_slug":"mizuho","gruppo":"mizuho-komagata-fujiyama","gruppo_name":"Komagata fujiyama","usato":false},"geometry":{"type":"MultiPolygon","coordinates":[[[[139.35015,35.77943],[139.3504,35.78124],[139.35098,35.78184],[139.35084,35.78286],[139.35162,35.78313],[139.35126,35.78369],[139.35167,35.7837],[139.35243,35.78673],[139.35166,35.78909],[139.35571,35.78958],[139.35745,35.78939],[139.35891,35.78627],[139.35846,35.78621],[139.35666,35.78403],[139.35728,35.78348],[139.35486,35.78327],[139.35487,35.7829],[139.35534,35.783],[139.35516,35.7822],[139.35643,35.78232],[139.3576,35.78075],[139.35622,35.78118],[139.35587,35.78097],[139.3561,35.7806],[139.35541,35.78021],[139.35611,35.77874],[139.3507,35.7768],[139.35001,35.77775],[139.35015,35.77943]]],[[[139.36185,35.7841],[139.36205,35.78376],[139.36254,35.7841],[139.36185,35.7841]]],[[[139.36572,35.7863],[139.36991,35.78738],[139.36948,35.78919],[139.36757,35.78822],[139.36654,35.79018],[139.36568,35.79004],[139.36561,35.79067],[139.36514,35.79061],[139.36485,35.79139],[139.3618,35.79108],[139.36087,35.79056],[139.36222,35.78679],[139.36497,35.78751],[139.36572,35.7863]]]]}},{"type":"Feature","bbox":[139.33467,35.76287,139.34346,35.77103],"properties":{"slug":"mizuho-minamidaira","name":"Minamidaira","name_local":"南平","ward":"Mizuho","ward_slug":"mizuho","gruppo":"mizuho-minamidaira","gruppo_name":"Minamidaira","usato":false},"geometry":{"type":"Polygon","coordinates":[[[139.33534,35.76667],[139.34346,35.77086],[139.34272,35.77045],[139.34302,35.76969],[139.34201,35.76865],[139.34238,35.76777],[139.34129,35.76526],[139.34133,35.76333],[139.33949,35.76287],[139.33958,35.76315],[139.3382,35.7638],[139.33679,35.76345],[139.33575,35.76439],[139.33525,35.76411],[139.33467,35.76474],[139.33546,35.76505],[139.33502,35.76613],[139.33662,35.76602],[139.33534,35.76667]]]}},{"type":"Feature","bbox":[139.34739,35.75808,139.35736,35.76867],"properties":{"slug":"mizuho-musashi","name":"Musashi","name_local":"武蔵","ward":"Mizuho","ward_slug":"mizuho","gruppo":"mizuho-musashi","gruppo_name":"Musashi","usato":false},"geometry":{"type":"Polygon","coordinates":[[[139.35213,35.76757],[139.35736,35.76315],[139.35645,35.76273],[139.35611,35.76299],[139.3555,35.76247],[139.35633,35.7621],[139.35608,35.76184],[139.35379,35.76171],[139.35208,35.75919],[139.34984,35.75808],[139.34854,35.76451],[139.34739,35.76551],[139.34997,35.76648],[139.34923,35.76778],[139.34856,35.76814],[139.34886,35.76867],[139.35034,35.76777],[139.35213,35.76757]]]}},{"type":"Feature","bbox":[139.33557,35.75582,139.34303,35.76406],"properties":{"slug":"mizuho-musashino","name":"Musashino","name_local":"むさし野","ward":"Mizuho","ward_slug":"mizuho","gruppo":"mizuho-musashino","gruppo_name":"Musashino","usato":false},"geometry":{"type":"Polygon","coordinates":[[[139.33635,35.76369],[139.33748,35.76338],[139.3382,35.7638],[139.33958,35.76315],[139.33949,35.76287],[139.34133,35.76333],[139.3412,35.76406],[139.34182,35.76388],[139.34303,35.7581],[139.34215,35.75582],[139.3413,35.75603],[139.34146,35.75641],[139.34054,35.75667],[139.34075,35.75704],[139.33961,35.75759],[139.33901,35.75689],[139.33733,35.75744],[139.33634,35.75899],[139.33569,35.75923],[139.33599,35.76],[139.33572,35.7604],[139.33624,35.76117],[139.33585,35.76213],[139.33629,35.7623],[139.33557,35.76311],[139.33635,35.76369]]]}},{"type":"Feature","bbox":[139.32071,35.77118,139.33724,35.78132],"properties":{"slug":"mizuho-nagaoka","name":"Nagaoka","name_local":"長岡","ward":"Mizuho","ward_slug":"mizuho","gruppo":"mizuho-nagaoka","gruppo_name":"Nagaoka","usato":false},"geometry":{"type":"Polygon","coordinates":[[[139.3242,35.78132],[139.32071,35.77707],[139.3288,35.77118],[139.33131,35.77281],[139.33228,35.77192],[139.3343,35.77374],[139.33631,35.77414],[139.33724,35.77653],[139.3242,35.78132]]]}},{"type":"Feature","bbox":[139.31983,35.78613,139.32159,35.78941],"properties":{"slug":"mizuho-nagaoka-fujihashi","name":"Nagaoka fujihashi","name_local":"長岡藤橋","ward":"Mizuho","ward_slug":"mizuho","gruppo":"mizuho-nagaoka-fujihashi","gruppo_name":"Nagaoka fujihashi","usato":false},"geometry":{"type":"MultiPolygon","coordinates":[[[[139.32089,35.78876],[139.32124,35.78839],[139.32131,35.78613],[139.32159,35.78615],[139.32138,35.78856],[139.32089,35.78876]]],[[[139.31983,35.78932],[139.31986,35.78895],[139.32077,35.78882],[139.32069,35.78941],[139.31983,35.78932]]]]}},{"type":"Feature","bbox":[139.31823,35.77786,139.3363,35.79072],"properties":{"slug":"mizuho-nagaoka-hasebe","name":"Nagaoka hasebe","name_local":"長岡長谷部","ward":"Mizuho","ward_slug":"mizuho","gruppo":"mizuho-nagaoka-hasebe","gruppo_name":"Nagaoka hasebe","usato":false},"geometry":{"type":"MultiPolygon","coordinates":[[[[139.31828,35.78942],[139.32078,35.7883],[139.32062,35.78742],[139.32103,35.78663],[139.3202,35.78561],[139.32039,35.78483],[139.32202,35.78459],[139.32607,35.78568],[139.32472,35.78118],[139.33331,35.77786],[139.33477,35.78045],[139.3351,35.78039],[139.33587,35.78264],[139.33371,35.7841],[139.3363,35.78669],[139.33027,35.79072],[139.32625,35.78688],[139.3217,35.7899],[139.32112,35.78982],[139.32376,35.7876],[139.32329,35.78739],[139.32372,35.78654],[139.32274,35.78621],[139.32156,35.78907],[139.32088,35.78979],[139.31828,35.78942]]],[[[139.31983,35.78932],[139.31986,35.78895],[139.32077,35.78882],[139.32069,35.78941],[139.31983,35.78932]]],[[[139.32089,35.78876],[139.32124,35.78839],[139.32131,35.78613],[139.32159,35.78615],[139.32138,35.78856],[139.32089,35.78876]]]]}},{"type":"Feature","bbox":[139.32039,35.78118,139.32607,35.78568],"properties":{"slug":"mizuho-nagaoka-shimomorooka","name":"Nagaoka shimomorooka","name_local":"長岡下師岡","ward":"Mizuho","ward_slug":"mizuho","gruppo":"mizuho-nagaoka-shimomorooka","gruppo_name":"Nagaoka shimomorooka","usato":false},"geometry":{"type":"Polygon","coordinates":[[[139.32039,35.78483],[139.32091,35.78408],[139.32069,35.7834],[139.32472,35.78118],[139.32607,35.78568],[139.32202,35.78459],[139.32039,35.78483]]]}},{"type":"Feature","bbox":[139.33817,35.78318,139.37044,35.79651],"properties":{"slug":"mizuho-nihongi","name":"Nihongi","name_local":"二本木","ward":"Mizuho","ward_slug":"mizuho","gruppo":"mizuho-nihongi","gruppo_name":"Nihongi","usato":false},"geometry":{"type":"MultiPolygon","coordinates":[[[[139.36572,35.7863],[139.36497,35.78751],[139.36222,35.78679],[139.36165,35.7877],[139.36087,35.79056],[139.36202,35.79113],[139.3641,35.79113],[139.36404,35.79142],[139.35893,35.79151],[139.35823,35.79316],[139.35713,35.79354],[139.35755,35.79399],[139.35706,35.79356],[139.35535,35.7934],[139.35527,35.79372],[139.35399,35.79301],[139.35354,35.79325],[139.35378,35.79288],[139.35319,35.79262],[139.35306,35.79366],[139.35018,35.79336],[139.34984,35.79485],[139.34758,35.79521],[139.34753,35.79591],[139.34658,35.79651],[139.34345,35.79477],[139.34363,35.79426],[139.33817,35.79468],[139.33818,35.79422],[139.34119,35.79387],[139.34475,35.79056],[139.34506,35.78946],[139.34789,35.79036],[139.34828,35.78872],[139.35703,35.78962],[139.35891,35.78627],[139.35794,35.78545],[139.35964,35.78322],[139.3608,35.78326],[139.36175,35.78414],[139.36167,35.78545],[139.36277,35.78576],[139.36301,35.78517],[139.36572,35.7863]]],[[[139.36903,35.78903],[139.36757,35.78822],[139.36654,35.79018],[139.36568,35.79004],[139.36561,35.79067],[139.36514,35.79061],[139.36485,35.79139],[139.37004,35.79189],[139.37044,35.79099],[139.36876,35.7902],[139.36903,35.78903]]]]}},{"type":"Feature","bbox":[139.34674,35.77872,139.37301,35.78909],"properties":{"slug":"mizuho-takane","name":"Takane","name_local":"高根","ward":"Mizuho","ward_slug":"mizuho","gruppo":"mizuho-takane","gruppo_name":"Takane","usato":false},"geometry":{"type":"MultiPolygon","coordinates":[[[[139.35015,35.77943],[139.3504,35.78124],[139.35098,35.78184],[139.35084,35.78286],[139.35162,35.78313],[139.35126,35.78369],[139.35167,35.7837],[139.35243,35.78673],[139.35166,35.78909],[139.34974,35.78902],[139.34674,35.78692],[139.3482,35.78488],[139.34812,35.7816],[139.34796,35.78103],[139.34743,35.78119],[139.3481,35.78015],[139.3486,35.78032],[139.34876,35.77938],[139.35015,35.77943]]],[[[139.35611,35.77874],[139.35541,35.78021],[139.3561,35.7806],[139.35587,35.78097],[139.3571,35.7811],[139.3576,35.78075],[139.35643,35.78232],[139.35516,35.7822],[139.35534,35.783],[139.35487,35.7829],[139.35486,35.78327],[139.35728,35.78348],[139.35666,35.78403],[139.35794,35.78545],[139.35964,35.78322],[139.36035,35.78347],[139.36048,35.78318],[139.36175,35.78414],[139.36167,35.78545],[139.36277,35.78576],[139.36301,35.78517],[139.36801,35.78688],[139.36845,35.7859],[139.36735,35.78549],[139.36767,35.78416],[139.36942,35.78325],[139.36994,35.78246],[139.36991,35.78154],[139.37145,35.7816],[139.37173,35.78039],[139.37301,35.77972],[139.37146,35.77881],[139.3693,35.77872],[139.36925,35.77912],[139.36827,35.77902],[139.36879,35.7803],[139.36807,35.78096],[139.36706,35.78057],[139.36745,35.77932],[139.36665,35.77909],[139.36599,35.78027],[139.36504,35.77905],[139.3638,35.7788],[139.3622,35.77975],[139.35611,35.77874]]],[[[139.36185,35.7841],[139.36205,35.78376],[139.36254,35.7841],[139.36185,35.7841]]]]}},{"type":"Feature","bbox":[139.34984,35.75003,139.36848,35.7755],"properties":{"slug":"mizuho-tonogaya","name":"Tonogaya","name_local":"殿ケ谷","ward":"Mizuho","ward_slug":"mizuho","gruppo":"mizuho-tonogaya","gruppo_name":"Tonogaya","usato":false},"geometry":{"type":"Polygon","coordinates":[[[139.35245,35.75985],[139.3513,35.75855],[139.34984,35.75808],[139.35081,35.7537],[139.35625,35.75444],[139.35716,35.75003],[139.35796,35.75014],[139.35745,35.75376],[139.35889,35.75321],[139.35915,35.7545],[139.35606,35.75578],[139.35741,35.75529],[139.35778,35.75593],[139.35844,35.75565],[139.35876,35.75609],[139.35832,35.75649],[139.35917,35.7572],[139.35865,35.75769],[139.35876,35.75853],[139.3591,35.75889],[139.35966,35.75818],[139.36007,35.75845],[139.36027,35.75959],[139.35993,35.75963],[139.36108,35.76079],[139.36254,35.75967],[139.3629,35.76018],[139.36113,35.76081],[139.36174,35.76147],[139.36255,35.76077],[139.36295,35.7611],[139.36352,35.76067],[139.36387,35.76089],[139.36339,35.76172],[139.36243,35.76163],[139.36286,35.76211],[139.36232,35.76239],[139.36298,35.76272],[139.36355,35.764],[139.36433,35.76377],[139.36482,35.76413],[139.36421,35.76455],[139.36519,35.76566],[139.3656,35.7677],[139.36644,35.76767],[139.36737,35.76816],[139.36709,35.76871],[139.36774,35.76871],[139.36691,35.76926],[139.36767,35.76926],[139.36827,35.77006],[139.36783,35.77037],[139.36848,35.77065],[139.36782,35.77292],[139.36841,35.77438],[139.36796,35.77521],[139.36733,35.7755],[139.3663,35.77394],[139.36595,35.77499],[139.36458,35.77492],[139.36453,35.77408],[139.36541,35.77403],[139.3644,35.77288],[139.36361,35.77455],[139.36323,35.77299],[139.36258,35.77284],[139.36131,35.77121],[139.36181,35.77066],[139.36125,35.7708],[139.36075,35.77013],[139.36138,35.76996],[139.36071,35.76984],[139.36109,35.76937],[139.36087,35.76908],[139.36036,35.76933],[139.36028,35.76854],[139.3597,35.76805],[139.35956,35.76719],[139.36005,35.76762],[139.36115,35.76727],[139.36031,35.767],[139.36011,35.76621],[139.35953,35.76647],[139.35922,35.76533],[139.35759,35.76352],[139.35679,35.76391],[139.35736,35.76315],[139.35645,35.76273],[139.35611,35.76299],[139.3555,35.76247],[139.35633,35.7621],[139.35608,35.76184],[139.35547,35.76179],[139.35479,35.76085],[139.354,35.76112],[139.35382,35.76075],[139.35419,35.76058],[139.35365,35.76047],[139.35309,35.75954],[139.35245,35.75985]]]}},{"type":"Feature","bbox":[139.33814,35.74124,139.35707,35.76848],"properties":{"slug":"mizuho-yokotakichi","name":"Yokotakichi","name_local":"横田基地","ward":"Mizuho","ward_slug":"mizuho","gruppo":"mizuho-yokotakichi","gruppo_name":"Yokotakichi","usato":false},"geometry":{"type":"Polygon","coordinates":[[[139.34182,35.76388],[139.34303,35.7581],[139.34287,35.75709],[139.34215,35.75582],[139.3413,35.75603],[139.34146,35.75641],[139.34054,35.75667],[139.34075,35.75704],[139.33961,35.75759],[139.33901,35.75689],[139.33858,35.75699],[139.33857,35.75604],[139.33814,35.75596],[139.33835,35.75536],[139.33918,35.75551],[139.3387,35.75491],[139.33893,35.75434],[139.33993,35.75394],[139.34233,35.75411],[139.34329,35.75364],[139.34233,35.74616],[139.34552,35.74707],[139.35207,35.74124],[139.35333,35.74253],[139.35043,35.74514],[139.3499,35.74773],[139.35466,35.7456],[139.35631,35.74644],[139.35634,35.74707],[139.35537,35.74701],[139.35528,35.74767],[139.35655,35.75071],[139.35707,35.75046],[139.35625,35.75444],[139.35081,35.7537],[139.34854,35.76451],[139.34748,35.76513],[139.34705,35.76663],[139.34739,35.76848],[139.34626,35.76773],[139.3438,35.76739],[139.34263,35.76677],[139.3417,35.76531],[139.34182,35.76388]]]}},{"type":"Feature","bbox":[139.38782,35.7493,139.39938,35.76379],"properties":{"slug":"musashimurayama-chuo","name":"Chuo","name_local":"中央","ward":"Musashimurayama","ward_slug":"musashimurayama","gruppo":"musashimurayama-chuo","gruppo_name":"Chuo","usato":false},"geometry":{"type":"Polygon","coordinates":[[[139.39738,35.7493],[139.39938,35.75413],[139.39693,35.75434],[139.39753,35.75617],[139.39705,35.75634],[139.39718,35.75672],[139.39631,35.75643],[139.39561,35.75722],[139.39352,35.75802],[139.39307,35.75983],[139.39356,35.76065],[139.39358,35.76233],[139.39414,35.76281],[139.39308,35.76292],[139.39266,35.76362],[139.39198,35.7632],[139.3905,35.76379],[139.38801,35.76316],[139.38782,35.76296],[139.38947,35.76159],[139.38804,35.75856],[139.38931,35.75732],[139.38916,35.75682],[139.38848,35.75719],[139.38803,35.75665],[139.38845,35.7562],[139.38798,35.7552],[139.38876,35.75498],[139.38805,35.7525],[139.38897,35.75082],[139.39738,35.7493]]]}},{"type":"Feature","bbox":[139.3828,35.73343,139.39661,35.75224],"properties":{"slug":"musashimurayama-enoki","name":"Enoki","name_local":"榎","ward":"Musashimurayama","ward_slug":"musashimurayama","gruppo":"musashimurayama-enoki","gruppo_name":"Enoki","usato":false},"geometry":{"type":"Polygon","coordinates":[[[139.39661,35.73425],[139.38887,35.751],[139.38368,35.75224],[139.3828,35.74969],[139.38296,35.73383],[139.38355,35.73343],[139.38504,35.73415],[139.38343,35.73533],[139.38367,35.73594],[139.38855,35.73378],[139.38924,35.73409],[139.38977,35.73359],[139.39132,35.73379],[139.38947,35.73561],[139.38919,35.73537],[139.38754,35.73628],[139.38664,35.73757],[139.38563,35.73742],[139.38487,35.73804],[139.38505,35.73969],[139.38441,35.74035],[139.38506,35.74109],[139.3835,35.74294],[139.38319,35.74281],[139.383,35.7453],[139.38367,35.7447],[139.38321,35.74415],[139.38468,35.74276],[139.38518,35.743],[139.3874,35.73943],[139.38784,35.73959],[139.39392,35.73451],[139.39569,35.7338],[139.39661,35.73425]]]}},{"type":"Feature","bbox":[139.38897,35.74146,139.40726,35.75082],"properties":{"slug":"musashimurayama-gakuen","name":"Gakuen","name_local":"学園","ward":"Musashimurayama","ward_slug":"musashimurayama","gruppo":"musashimurayama-gakuen","gruppo_name":"Gakuen","usato":false},"geometry":{"type":"Polygon","coordinates":[[[139.38897,35.75082],[139.39562,35.74945],[139.40726,35.7485],[139.40471,35.74146],[139.40062,35.74235],[139.39252,35.74305],[139.38897,35.75082]]]}},{"type":"Feature","bbox":[139.3778,35.751,139.39181,35.76736],"properties":{"slug":"musashimurayama-honmachi","name":"Honmachi","name_local":"本町","ward":"Musashimurayama","ward_slug":"musashimurayama","gruppo":"musashimurayama-honmachi","gruppo_name":"Honmachi","usato":false},"geometry":{"type":"Polygon","coordinates":[[[139.38887,35.751],[139.38805,35.7525],[139.38876,35.75498],[139.38798,35.7552],[139.38845,35.7562],[139.38803,35.75665],[139.38848,35.75719],[139.38916,35.75682],[139.38931,35.75732],[139.38804,35.75856],[139.38947,35.76159],[139.38782,35.76296],[139.3905,35.76379],[139.39174,35.76736],[139.3896,35.76714],[139.38501,35.76536],[139.38203,35.76627],[139.38079,35.76606],[139.37989,35.76405],[139.38142,35.76156],[139.38069,35.75845],[139.3778,35.75368],[139.38887,35.751]]]}},{"type":"Feature","bbox":[139.36879,35.73345,139.38296,35.74768],"properties":{"slug":"musashimurayama-inadaira","name":"Inadaira","name_local":"伊奈平","ward":"Musashimurayama","ward_slug":"musashimurayama","gruppo":"musashimurayama-inadaira","gruppo_name":"Inadaira","usato":false},"geometry":{"type":"Polygon","coordinates":[[[139.38296,35.73383],[139.38156,35.73505],[139.37872,35.73345],[139.37817,35.73493],[139.37379,35.73663],[139.37014,35.73732],[139.36928,35.73589],[139.36879,35.73624],[139.37078,35.73979],[139.37091,35.74091],[139.36902,35.74251],[139.36965,35.74517],[139.37197,35.74465],[139.37225,35.74564],[139.37274,35.74456],[139.37476,35.7447],[139.3769,35.74424],[139.37769,35.74768],[139.38283,35.74616],[139.38296,35.73383]]]}},{"type":"Feature","bbox":[139.35635,35.74445,139.37603,35.77441],"properties":{"slug":"musashimurayama-kishi","name":"Kishi","name_local":"岸","ward":"Musashimurayama","ward_slug":"musashimurayama","gruppo":"musashimurayama-kishi","gruppo_name":"Kishi","usato":false},"geometry":{"type":"MultiPolygon","coordinates":[[[[139.35665,35.74557],[139.35635,35.74498],[139.35775,35.74445],[139.35823,35.74537],[139.35683,35.74589],[139.35665,35.74557]]],[[[139.36821,35.75827],[139.36975,35.76099],[139.36959,35.76234],[139.37048,35.76272],[139.37109,35.76416],[139.37487,35.76513],[139.37603,35.76602],[139.37537,35.76621],[139.37509,35.76695],[139.37566,35.76869],[139.3753,35.76871],[139.37479,35.76741],[139.37433,35.76725],[139.37474,35.77005],[139.37326,35.76882],[139.37326,35.77133],[139.37255,35.77112],[139.37024,35.77183],[139.36995,35.77336],[139.36855,35.77441],[139.36782,35.77292],[139.36841,35.77038],[139.36783,35.77037],[139.36827,35.77006],[139.36767,35.76926],[139.36691,35.76926],[139.36774,35.76871],[139.36709,35.76871],[139.36737,35.76816],[139.36644,35.76767],[139.3656,35.7677],[139.36519,35.76566],[139.36421,35.76455],[139.36482,35.76413],[139.36433,35.76377],[139.36355,35.764],[139.36298,35.76272],[139.36232,35.76239],[139.36286,35.76211],[139.36243,35.76163],[139.36339,35.76172],[139.36387,35.76089],[139.36342,35.76064],[139.36821,35.75827]]]]}},{"type":"Feature","bbox":[139.40421,35.73743,139.41078,35.7485],"properties":{"slug":"musashimurayama-midorigaoka","name":"Midorigaoka","name_local":"緑が丘","ward":"Musashimurayama","ward_slug":"musashimurayama","gruppo":"musashimurayama-midorigaoka","gruppo_name":"Midorigaoka","usato":false},"geometry":{"type":"Polygon","coordinates":[[[139.40726,35.7485],[139.41043,35.74784],[139.41078,35.74005],[139.41026,35.73743],[139.40607,35.73796],[139.40641,35.73951],[139.40421,35.74005],[139.40726,35.7485]]]}},{"type":"Feature","bbox":[139.36821,35.75368,139.38142,35.77135],"properties":{"slug":"musashimurayama-mitsugi","name":"Mitsugi","name_local":"三ツ木","ward":"Musashimurayama","ward_slug":"musashimurayama","gruppo":"musashimurayama-mitsugi","gruppo_name":"Mitsugi","usato":false},"geometry":{"type":"Polygon","coordinates":[[[139.37422,35.76493],[139.37603,35.76602],[139.37537,35.76621],[139.37509,35.76695],[139.37566,35.76869],[139.37523,35.76837],[139.37512,35.7694],[139.37609,35.77026],[139.37701,35.77019],[139.37792,35.77099],[139.37911,35.77123],[139.37986,35.76866],[139.37976,35.7676],[139.38079,35.76606],[139.37989,35.76405],[139.38142,35.76156],[139.38069,35.75845],[139.3778,35.75368],[139.36821,35.75827],[139.36975,35.76099],[139.36959,35.76234],[139.37048,35.76272],[139.37109,35.76416],[139.37422,35.76493]]]}},{"type":"Feature","bbox":[139.35606,35.74694,139.36821,35.76147],"properties":{"slug":"musashimurayama-nakahara","name":"Nakahara","name_local":"中原","ward":"Musashimurayama","ward_slug":"musashimurayama","gruppo":"musashimurayama-nakahara","gruppo_name":"Nakahara","usato":false},"geometry":{"type":"Polygon","coordinates":[[[139.36256,35.74784],[139.36306,35.75141],[139.36433,35.75181],[139.36443,35.75141],[139.36821,35.75827],[139.36174,35.76147],[139.36113,35.76081],[139.3629,35.76018],[139.36254,35.75967],[139.36108,35.76079],[139.35993,35.75963],[139.36027,35.75959],[139.36007,35.75845],[139.35966,35.75818],[139.3591,35.75889],[139.35876,35.75853],[139.35865,35.75769],[139.35917,35.7572],[139.35832,35.75649],[139.35876,35.75609],[139.35844,35.75565],[139.35778,35.75593],[139.35741,35.75529],[139.35606,35.75578],[139.35915,35.7545],[139.35889,35.75321],[139.35745,35.75376],[139.35808,35.75068],[139.35796,35.75014],[139.35716,35.75003],[139.3578,35.74694],[139.36256,35.74784]]]}},{"type":"Feature","bbox":[139.39307,35.75413,139.40973,35.76304],"properties":{"slug":"musashimurayama-nakato","name":"Nakato","name_local":"中藤","ward":"Musashimurayama","ward_slug":"musashimurayama","gruppo":"musashimurayama-nakato","gruppo_name":"Nakato","usato":false},"geometry":{"type":"Polygon","coordinates":[[[139.40875,35.75486],[139.40973,35.75716],[139.40914,35.75897],[139.40868,35.75901],[139.40766,35.76083],[139.4052,35.76221],[139.40411,35.76211],[139.4025,35.7612],[139.4004,35.76217],[139.39613,35.76303],[139.39528,35.76272],[139.39473,35.76304],[139.39358,35.76233],[139.39356,35.76065],[139.39307,35.75983],[139.39352,35.75802],[139.39561,35.75722],[139.39631,35.75643],[139.39718,35.75672],[139.39705,35.75634],[139.39753,35.75617],[139.39693,35.75434],[139.39938,35.75413],[139.40062,35.75637],[139.40444,35.75691],[139.40701,35.75607],[139.40785,35.75618],[139.40875,35.75486]]]}},{"type":"Feature","bbox":[139.39252,35.73252,139.41487,35.74305],"properties":{"slug":"musashimurayama-ominami","name":"Ominami","name_local":"大南","ward":"Musashimurayama","ward_slug":"musashimurayama","gruppo":"musashimurayama-ominami","gruppo_name":"Ominami","usato":false},"geometry":{"type":"Polygon","coordinates":[[[139.39363,35.74061],[139.39252,35.74305],[139.40172,35.74216],[139.40471,35.74146],[139.40421,35.74005],[139.40641,35.73951],[139.40607,35.73796],[139.41026,35.73743],[139.41065,35.74116],[139.41098,35.74119],[139.4116,35.73932],[139.41207,35.73927],[139.41224,35.73866],[139.41123,35.73748],[139.41197,35.73705],[139.41301,35.73717],[139.41269,35.73608],[139.41402,35.73652],[139.41487,35.73299],[139.40942,35.73252],[139.40871,35.7336],[139.40945,35.73389],[139.40928,35.73417],[139.407,35.73341],[139.40244,35.7342],[139.40195,35.73355],[139.40008,35.73394],[139.39981,35.73499],[139.39838,35.7353],[139.39769,35.7345],[139.39661,35.73425],[139.39363,35.74061]]]}},{"type":"Feature","bbox":[139.39738,35.7485,139.40875,35.75691],"properties":{"slug":"musashimurayama-shinmei","name":"Shinmei","name_local":"神明","ward":"Musashimurayama","ward_slug":"musashimurayama","gruppo":"musashimurayama-shinmei","gruppo_name":"Shinmei","usato":false},"geometry":{"type":"Polygon","coordinates":[[[139.40875,35.75486],[139.40784,35.75405],[139.40724,35.75268],[139.40726,35.7485],[139.39738,35.7493],[139.40062,35.75637],[139.40444,35.75691],[139.40701,35.75607],[139.40785,35.75618],[139.40875,35.75486]]]}},{"type":"Feature","bbox":[139.56191,35.69724,139.57736,35.70316],"properties":{"slug":"musashino-gotenyama","name":"Gotenyama","name_local":"御殿山","ward":"Musashino","ward_slug":"musashino","gruppo":"musashino-gotenyama","gruppo_name":"Gotenyama","usato":false},"geometry":{"type":"Polygon","coordinates":[[[139.56667,35.70295],[139.57736,35.70316],[139.57634,35.70147],[139.575,35.70113],[139.57493,35.70041],[139.5741,35.6994],[139.57265,35.69884],[139.57254,35.69724],[139.57046,35.69918],[139.56191,35.70244],[139.56258,35.70286],[139.56667,35.70295]]]}},{"type":"Feature","bbox":[139.57943,35.70355,139.5955,35.71358],"properties":{"slug":"musashino-kichijoji-higashicho","name":"Kichijoji Higashicho","name_local":"吉祥寺東町","ward":"Musashino","ward_slug":"musashino","gruppo":"musashino-kichijoji-higashicho","gruppo_name":"Kichijoji Higashicho","usato":false},"geometry":{"type":"Polygon","coordinates":[[[139.59008,35.70362],[139.59449,35.70376],[139.5955,35.70568],[139.58755,35.71139],[139.58258,35.71358],[139.57943,35.70728],[139.58747,35.70355],[139.59008,35.70362]]]}},{"type":"Feature","bbox":[139.56667,35.70295,139.58747,35.7103],"properties":{"slug":"musashino-kichijoji-honcho","name":"Kichijoji Honcho","name_local":"吉祥寺本町","ward":"Musashino","ward_slug":"musashino","gruppo":"musashino-kichijoji-honcho","gruppo_name":"Kichijoji Honcho","usato":true},"geometry":{"type":"Polygon","coordinates":[[[139.58607,35.70418],[139.57827,35.70778],[139.57057,35.7103],[139.56667,35.70295],[139.58747,35.70355],[139.58607,35.70418]]]}},{"type":"Feature","bbox":[139.56386,35.70728,139.58258,35.72081],"properties":{"slug":"musashino-kichijoji-kitamachi","name":"kichijoji kitamachi","name_local":"吉祥寺北町","ward":"Musashino","ward_slug":"musashino","gruppo":"musashino-kichijoji-kitamachi","gruppo_name":"kichijoji kitamachi","usato":false},"geometry":{"type":"Polygon","coordinates":[[[139.57502,35.71882],[139.58258,35.71358],[139.57943,35.70728],[139.56386,35.71279],[139.56852,35.72081],[139.57502,35.71882]]]}},{"type":"Feature","bbox":[139.5765,35.69415,139.59449,35.70376],"properties":{"slug":"musashino-kichijoji-mimamicho","name":"Kichijoji Mimamicho","name_local":"吉祥寺南町","ward":"Musashino","ward_slug":"musashino","gruppo":"musashino-kichijoji-mimamicho","gruppo_name":"Kichijoji Mimamicho","usato":true},"geometry":{"type":"Polygon","coordinates":[[[139.58127,35.6985],[139.58471,35.69729],[139.58675,35.69415],[139.58815,35.69559],[139.59013,35.69479],[139.59277,35.7009],[139.59449,35.70376],[139.57736,35.70316],[139.5765,35.7017],[139.58026,35.69881],[139.58127,35.6985]]]}},{"type":"Feature","bbox":[139.53242,35.69486,139.55055,35.70247],"properties":{"slug":"musashino-kyonancho","name":"Kyonancho","name_local":"境南町","ward":"Musashino","ward_slug":"musashino","gruppo":"musashino-kyonancho","gruppo_name":"Kyonancho","usato":false},"geometry":{"type":"Polygon","coordinates":[[[139.54409,35.70218],[139.54454,35.70247],[139.55028,35.70238],[139.55055,35.69486],[139.54184,35.69698],[139.54196,35.69517],[139.53606,35.69517],[139.53586,35.6986],[139.53377,35.69895],[139.53336,35.70118],[139.53251,35.70111],[139.53242,35.70185],[139.54409,35.70218]]]}},{"type":"Feature","bbox":[139.55764,35.71279,139.56852,35.72184],"properties":{"slug":"musashino-midoricho","name":"Midoricho","name_local":"緑町","ward":"Musashino","ward_slug":"musashino","gruppo":"musashino-midoricho","gruppo_name":"Midoricho","usato":false},"geometry":{"type":"Polygon","coordinates":[[[139.56852,35.72081],[139.56386,35.71279],[139.55764,35.71395],[139.56218,35.72184],[139.56852,35.72081]]]}},{"type":"Feature","bbox":[139.55883,35.70244,139.57057,35.71265],"properties":{"slug":"musashino-nakacho","name":"Nakacho","name_local":"中町","ward":"Musashino","ward_slug":"musashino","gruppo":"musashino-nakacho","gruppo_name":"Nakacho","usato":false},"geometry":{"type":"Polygon","coordinates":[[[139.56424,35.71265],[139.57057,35.7103],[139.56667,35.70295],[139.56258,35.70286],[139.56191,35.70244],[139.55883,35.7036],[139.56424,35.71265]]]}},{"type":"Feature","bbox":[139.55235,35.7036,139.56424,35.71392],"properties":{"slug":"musashino-nishikubo","name":"Nishikubo","name_local":"西久保","ward":"Musashino","ward_slug":"musashino","gruppo":"musashino-nishikubo","gruppo_name":"Nishikubo","usato":false},"geometry":{"type":"Polygon","coordinates":[[[139.56386,35.71279],[139.56424,35.71265],[139.55883,35.7036],[139.55235,35.70612],[139.55779,35.71392],[139.56386,35.71279]]]}},{"type":"Feature","bbox":[139.53209,35.70185,139.55028,35.71084],"properties":{"slug":"musashino-sakai","name":"Sakai","name_local":"境","ward":"Musashino","ward_slug":"musashino","gruppo":"musashino-sakai","gruppo_name":"Sakai","usato":false},"geometry":{"type":"Polygon","coordinates":[[[139.54973,35.70718],[139.55028,35.70238],[139.53209,35.70207],[139.5322,35.70747],[139.53456,35.70694],[139.53834,35.70717],[139.53771,35.70824],[139.53759,35.71026],[139.53696,35.71084],[139.54373,35.70938],[139.54973,35.70718]]]}},{"type":"Feature","bbox":[139.53679,35.70612,139.55779,35.71664],"properties":{"slug":"musashino-sekimae","name":"Sekimae","name_local":"関前","ward":"Musashino","ward_slug":"musashino","gruppo":"musashino-sekimae","gruppo_name":"Sekimae","usato":false},"geometry":{"type":"Polygon","coordinates":[[[139.54166,35.71313],[139.53802,35.71125],[139.53679,35.71108],[139.53961,35.71009],[139.54375,35.70938],[139.55235,35.70612],[139.55779,35.71392],[139.54933,35.71664],[139.54166,35.71313]]]}},{"type":"Feature","bbox":[139.54933,35.71395,139.56218,35.72184],"properties":{"slug":"musashino-yahatacho","name":"Yahatacho","name_local":"八幡町","ward":"Musashino","ward_slug":"musashino","gruppo":"musashino-yahatacho","gruppo_name":"Yahatacho","usato":false},"geometry":{"type":"Polygon","coordinates":[[[139.55742,35.72154],[139.5548,35.72061],[139.54933,35.71664],[139.55764,35.71395],[139.56218,35.72184],[139.55742,35.72154]]]}},{"type":"Feature","bbox":[139.65868,35.70964,139.67158,35.71887],"properties":{"slug":"nakano-arai","name":"Arai","name_local":"新井","ward":"Nakano","ward_slug":"nakano","gruppo":"nakano-arai","gruppo_name":"Arai","usato":false},"geometry":{"type":"Polygon","coordinates":[[[139.66034,35.70987],[139.65996,35.71329],[139.65868,35.71563],[139.66343,35.71887],[139.66467,35.71869],[139.6651,35.71806],[139.66657,35.71738],[139.6685,35.71793],[139.67158,35.71614],[139.66817,35.71314],[139.67042,35.70964],[139.66034,35.70987]]]}},{"type":"Feature","bbox":[139.66178,35.69639,139.68836,35.70307],"properties":{"slug":"nakano-chuo","name":"Chuo","name_local":"中央","ward":"Nakano","ward_slug":"nakano","gruppo":"nakano-chuo","gruppo_name":"Chuo","usato":false},"geometry":{"type":"Polygon","coordinates":[[[139.6875,35.70162],[139.68148,35.70086],[139.67444,35.70221],[139.66607,35.70307],[139.66426,35.70038],[139.66178,35.70025],[139.66182,35.69932],[139.66239,35.69884],[139.66197,35.69749],[139.67631,35.69767],[139.68663,35.69639],[139.68836,35.69915],[139.6875,35.70162]]]}},{"type":"Feature","bbox":[139.65793,35.72286,139.6766,35.73144],"properties":{"slug":"nakano-egota","name":"Egota","name_local":"江古田","ward":"Nakano","ward_slug":"nakano","gruppo":"nakano-egota","gruppo_name":"Egota","usato":false},"geometry":{"type":"Polygon","coordinates":[[[139.66695,35.73115],[139.66809,35.72956],[139.66827,35.72835],[139.67066,35.72751],[139.6703,35.72676],[139.6766,35.72731],[139.67576,35.72586],[139.67541,35.72363],[139.67043,35.72402],[139.66193,35.72384],[139.65793,35.72286],[139.6581,35.72577],[139.65969,35.72572],[139.65966,35.72676],[139.66236,35.72721],[139.66342,35.72824],[139.66498,35.73133],[139.66695,35.73115]]]}},{"type":"Feature","bbox":[139.66694,35.72676,139.67799,35.73371],"properties":{"slug":"nakano-eharacho","name":"Eharacho","name_local":"江原町","ward":"Nakano","ward_slug":"nakano","gruppo":"nakano-eharacho","gruppo_name":"Eharacho","usato":false},"geometry":{"type":"Polygon","coordinates":[[[139.6766,35.72731],[139.67682,35.7299],[139.67753,35.72956],[139.67799,35.73062],[139.67367,35.73359],[139.67125,35.73371],[139.67041,35.73261],[139.66969,35.73287],[139.66935,35.73211],[139.66823,35.73221],[139.668,35.73135],[139.66694,35.73147],[139.66809,35.72956],[139.6682,35.72844],[139.67062,35.72756],[139.6703,35.72676],[139.6766,35.72731]]]}},{"type":"Feature","bbox":[139.67646,35.70086,139.69429,35.7113],"properties":{"slug":"nakano-higashi-nakano","name":"Higashi Nakano","name_local":"東中野","ward":"Nakano","ward_slug":"nakano","gruppo":"nakano-nakano","gruppo_name":"Nakano","usato":false},"geometry":{"type":"Polygon","coordinates":[[[139.68059,35.70102],[139.6807,35.70139],[139.67845,35.70289],[139.67811,35.70442],[139.67646,35.70607],[139.67872,35.70614],[139.67905,35.70842],[139.68227,35.70989],[139.68797,35.71114],[139.69013,35.7113],[139.69007,35.71079],[139.69111,35.71049],[139.69155,35.71103],[139.69254,35.71058],[139.69271,35.71117],[139.69429,35.71103],[139.69311,35.70968],[139.68846,35.70718],[139.68752,35.70426],[139.6875,35.70162],[139.68059,35.70102]]]}},{"type":"Feature","bbox":[139.66038,35.69095,139.68663,35.69767],"properties":{"slug":"nakano-honch","name":"Honchō","name_local":"本町","ward":"Nakano","ward_slug":"nakano","gruppo":"nakano-honch","gruppo_name":"Honchō","usato":false},"geometry":{"type":"Polygon","coordinates":[[[139.68663,35.69639],[139.67604,35.69767],[139.66197,35.69749],[139.66193,35.697],[139.66101,35.69721],[139.66107,35.69656],[139.66038,35.69646],[139.66097,35.6948],[139.6646,35.69548],[139.66543,35.69464],[139.6659,35.69478],[139.66674,35.69348],[139.66735,35.69373],[139.6678,35.69137],[139.667,35.69095],[139.67179,35.69173],[139.67459,35.69308],[139.67704,35.69312],[139.68091,35.69201],[139.68251,35.69219],[139.6841,35.69284],[139.6854,35.69399],[139.68663,35.69639]]]}},{"type":"Feature","bbox":[139.62429,35.72617,139.63971,35.73556],"properties":{"slug":"nakano-kami-saginomiya","name":"Kami Saginomiya","name_local":"上鷺宮","ward":"Nakano","ward_slug":"nakano","gruppo":"nakano-saginomiya","gruppo_name":"Saginomiya","usato":false},"geometry":{"type":"Polygon","coordinates":[[[139.63517,35.7322],[139.63448,35.73434],[139.63386,35.73419],[139.6334,35.7355],[139.62724,35.73503],[139.62737,35.73408],[139.6265,35.73376],[139.62657,35.73307],[139.62606,35.73289],[139.62429,35.72955],[139.62544,35.72733],[139.63318,35.72718],[139.63962,35.72617],[139.63971,35.72741],[139.63787,35.72848],[139.63656,35.73206],[139.63625,35.73245],[139.63517,35.7322]]]}},{"type":"Feature","bbox":[139.66817,35.70832,139.68276,35.72004],"properties":{"slug":"nakano-kami-takada","name":"Kami-Takada","name_local":"上高田","ward":"Nakano","ward_slug":"nakano","gruppo":"nakano-kami-takada","gruppo_name":"Kami-Takada","usato":false},"geometry":{"type":"Polygon","coordinates":[[[139.67042,35.70964],[139.66817,35.71314],[139.67202,35.71659],[139.67342,35.71879],[139.67344,35.71848],[139.67528,35.71908],[139.6753,35.72004],[139.67566,35.71964],[139.67683,35.71956],[139.67833,35.71817],[139.67892,35.71813],[139.67953,35.71633],[139.67918,35.71477],[139.67996,35.71417],[139.6803,35.71457],[139.68087,35.7145],[139.68081,35.71402],[139.68184,35.71413],[139.68099,35.71327],[139.68203,35.7133],[139.68003,35.71105],[139.68177,35.71078],[139.68276,35.71001],[139.67905,35.70842],[139.67755,35.70832],[139.67042,35.70964]]]}},{"type":"Feature","bbox":[139.64942,35.72286,139.6581,35.72686],"properties":{"slug":"nakano-maruyama","name":"Maruyama","name_local":"丸山","ward":"Nakano","ward_slug":"nakano","gruppo":"nakano-maruyama","gruppo_name":"Maruyama","usato":false},"geometry":{"type":"Polygon","coordinates":[[[139.64942,35.72383],[139.64974,35.72663],[139.65029,35.72686],[139.65206,35.72608],[139.65561,35.72631],[139.6581,35.72577],[139.65793,35.72286],[139.65309,35.72293],[139.64942,35.72383]]]}},{"type":"Feature","bbox":[139.6685,35.71614,139.67582,35.724],"properties":{"slug":"nakano-matsugaoka","name":"Matsugaoka","name_local":"松が丘","ward":"Nakano","ward_slug":"nakano","gruppo":"nakano-matsugaoka","gruppo_name":"Matsugaoka","usato":false},"geometry":{"type":"Polygon","coordinates":[[[139.6685,35.71793],[139.66921,35.71932],[139.66874,35.72398],[139.67541,35.72363],[139.67571,35.72138],[139.67457,35.72138],[139.67434,35.72042],[139.67354,35.72061],[139.67327,35.71966],[139.67378,35.71927],[139.67158,35.71614],[139.6685,35.71793]]]}},{"type":"Feature","bbox":[139.65928,35.67656,139.67798,35.68755],"properties":{"slug":"nakano-minamidai","name":"Minamidai","name_local":"南台","ward":"Nakano","ward_slug":"nakano","gruppo":"nakano-minamidai","gruppo_name":"Minamidai","usato":false},"geometry":{"type":"Polygon","coordinates":[[[139.67798,35.68755],[139.6746,35.68656],[139.66719,35.68609],[139.66016,35.68412],[139.65928,35.68319],[139.65937,35.68221],[139.66002,35.68207],[139.66006,35.68135],[139.66062,35.68115],[139.65944,35.67999],[139.66169,35.68036],[139.66255,35.67956],[139.66391,35.67961],[139.66384,35.67886],[139.6648,35.67892],[139.66476,35.67798],[139.6634,35.67799],[139.66352,35.67721],[139.66403,35.67656],[139.66509,35.67693],[139.66745,35.67992],[139.67141,35.68151],[139.6742,35.68365],[139.67588,35.68579],[139.67798,35.68755]]]}},{"type":"Feature","bbox":[139.65745,35.70024,139.6807,35.70999],"properties":{"slug":"nakano-nakano","name":"Nakano","name_local":"中野","ward":"Nakano","ward_slug":"nakano","gruppo":"nakano-nakano","gruppo_name":"Nakano","usato":true},"geometry":{"type":"Polygon","coordinates":[[[139.67905,35.70842],[139.67668,35.70834],[139.66687,35.70999],[139.65745,35.7098],[139.65749,35.70922],[139.65795,35.70924],[139.65805,35.70519],[139.66101,35.70481],[139.66118,35.70254],[139.66073,35.70138],[139.66152,35.70119],[139.66148,35.70024],[139.66426,35.70038],[139.66554,35.70265],[139.6662,35.70308],[139.67444,35.70221],[139.68059,35.70102],[139.6807,35.70139],[139.67845,35.70289],[139.67811,35.70442],[139.67646,35.70607],[139.67872,35.70614],[139.67905,35.70842]]]}},{"type":"Feature","bbox":[139.64876,35.7091,139.66034,35.72385],"properties":{"slug":"nakano-nogata","name":"Nogata","name_local":"野方","ward":"Nakano","ward_slug":"nakano","gruppo":"nakano-nogata","gruppo_name":"Nogata","usato":false},"geometry":{"type":"Polygon","coordinates":[[[139.6543,35.7091],[139.65376,35.71728],[139.65069,35.71577],[139.65071,35.71989],[139.64876,35.72162],[139.64932,35.72385],[139.65292,35.72295],[139.65761,35.72282],[139.65771,35.72026],[139.65887,35.71983],[139.65774,35.71708],[139.65996,35.71329],[139.66034,35.70987],[139.65745,35.7098],[139.65749,35.70922],[139.6543,35.7091]]]}},{"type":"Feature","bbox":[139.65761,35.71563,139.66921,35.72398],"properties":{"slug":"nakano-numabukuro","name":"Numabukuro","name_local":"沼袋","ward":"Nakano","ward_slug":"nakano","gruppo":"nakano-numabukuro","gruppo_name":"Numabukuro","usato":false},"geometry":{"type":"Polygon","coordinates":[[[139.65868,35.71563],[139.65774,35.71724],[139.65887,35.71983],[139.65771,35.72026],[139.65761,35.72282],[139.66149,35.72382],[139.66874,35.72398],[139.66921,35.71932],[139.66835,35.7178],[139.66612,35.71748],[139.66467,35.71869],[139.66349,35.7189],[139.65868,35.71563]]]}},{"type":"Feature","bbox":[139.62544,35.72088,139.64974,35.72733],"properties":{"slug":"nakano-saginomiya","name":"Saginomiya","name_local":"鷺宮","ward":"Nakano","ward_slug":"nakano","gruppo":"nakano-saginomiya","gruppo_name":"Saginomiya","usato":false},"geometry":{"type":"Polygon","coordinates":[[[139.63962,35.72617],[139.63318,35.72718],[139.62544,35.72733],[139.62756,35.72359],[139.63872,35.72243],[139.64393,35.72255],[139.64952,35.72088],[139.64876,35.72162],[139.64911,35.72191],[139.64974,35.72663],[139.6475,35.72663],[139.64751,35.72536],[139.64376,35.72516],[139.63962,35.72617]]]}},{"type":"Feature","bbox":[139.62756,35.71524,139.64128,35.72359],"properties":{"slug":"nakano-shirasagi","name":"Shirasagi","name_local":"白鷺","ward":"Nakano","ward_slug":"nakano","gruppo":"nakano-shirasagi","gruppo_name":"Shirasagi","usato":false},"geometry":{"type":"Polygon","coordinates":[[[139.63151,35.71997],[139.63111,35.71843],[139.63203,35.7171],[139.63701,35.71657],[139.64072,35.71524],[139.64128,35.71661],[139.63933,35.71761],[139.64014,35.7194],[139.63992,35.72147],[139.63946,35.72204],[139.63808,35.72269],[139.62756,35.72359],[139.6288,35.72097],[139.62951,35.72039],[139.63041,35.72085],[139.63151,35.71997]]]}},{"type":"Feature","bbox":[139.63808,35.71477,139.65071,35.72269],"properties":{"slug":"nakano-wakamiya","name":"Wakamiya","name_local":"若宮","ward":"Nakano","ward_slug":"nakano","gruppo":"nakano-wakamiya","gruppo_name":"Wakamiya","usato":false},"geometry":{"type":"Polygon","coordinates":[[[139.63808,35.72269],[139.64393,35.72255],[139.64952,35.72088],[139.65071,35.71989],[139.65069,35.71577],[139.64729,35.7158],[139.64501,35.71477],[139.64393,35.71514],[139.64302,35.71613],[139.63987,35.71708],[139.63932,35.71771],[139.64014,35.7194],[139.63992,35.72147],[139.63808,35.72269]]]}},{"type":"Feature","bbox":[139.64072,35.70896,139.6543,35.71728],"properties":{"slug":"nakano-yamatocho","name":"Yamatocho","name_local":"大和町","ward":"Nakano","ward_slug":"nakano","gruppo":"nakano-yamatocho","gruppo_name":"Yamatocho","usato":false},"geometry":{"type":"Polygon","coordinates":[[[139.65069,35.71577],[139.64729,35.7158],[139.64516,35.71476],[139.64404,35.71507],[139.64302,35.71613],[139.64128,35.71661],[139.64072,35.71524],[139.64156,35.7149],[139.64142,35.71274],[139.6427,35.71172],[139.65092,35.70944],[139.65129,35.70896],[139.6543,35.7091],[139.65376,35.71728],[139.65069,35.71577]]]}},{"type":"Feature","bbox":[139.65917,35.68422,139.68374,35.69312],"properties":{"slug":"nakano-yayoich","name":"Yayoichō","name_local":"弥生町","ward":"Nakano","ward_slug":"nakano","gruppo":"nakano-yayoich","gruppo_name":"Yayoichō","usato":false},"geometry":{"type":"Polygon","coordinates":[[[139.68354,35.69257],[139.68091,35.69201],[139.67704,35.69312],[139.67459,35.69308],[139.67179,35.69173],[139.66739,35.69109],[139.66411,35.6892],[139.66353,35.68813],[139.6624,35.68744],[139.66093,35.68677],[139.65917,35.68669],[139.6594,35.68515],[139.66019,35.68492],[139.66053,35.68422],[139.66719,35.68609],[139.6746,35.68656],[139.67798,35.68755],[139.68374,35.69211],[139.68354,35.69257]]]}},{"type":"Feature","bbox":[139.61958,35.76191,139.63358,35.77987],"properties":{"slug":"nerima-asahicho","name":"Asahicho","name_local":"旭町","ward":"Nerima","ward_slug":"nerima","gruppo":"nerima-asahicho","gruppo_name":"Asahicho","usato":false},"geometry":{"type":"Polygon","coordinates":[[[139.6201,35.76191],[139.61973,35.76669],[139.6232,35.76669],[139.62424,35.77176],[139.62538,35.77277],[139.62427,35.77339],[139.62403,35.77403],[139.62454,35.77987],[139.62574,35.77929],[139.62532,35.77782],[139.62961,35.77698],[139.62912,35.77441],[139.6294,35.77412],[139.6292,35.77192],[139.63013,35.7725],[139.63358,35.77061],[139.63354,35.77004],[139.62613,35.76982],[139.62524,35.7681],[139.62529,35.76337],[139.62325,35.76197],[139.6201,35.76191]]]}},{"type":"Feature","bbox":[139.67096,35.73062,139.68114,35.73875],"properties":{"slug":"nerima-asahigaoka","name":"Asahigaoka","name_local":"旭丘","ward":"Nerima","ward_slug":"nerima","gruppo":"nerima-asahigaoka","gruppo_name":"Asahigaoka","usato":false},"geometry":{"type":"Polygon","coordinates":[[[139.67234,35.7337],[139.67278,35.73507],[139.67216,35.73538],[139.67281,35.73621],[139.67224,35.73634],[139.6723,35.73756],[139.67096,35.73811],[139.67331,35.73764],[139.68108,35.73875],[139.68072,35.73833],[139.68114,35.73773],[139.68067,35.73775],[139.68046,35.73676],[139.67907,35.73551],[139.67856,35.73447],[139.67924,35.7333],[139.67912,35.7326],[139.67765,35.73177],[139.67837,35.73103],[139.67799,35.73062],[139.67479,35.73311],[139.67234,35.7337]]]}},{"type":"Feature","bbox":[139.60256,35.7577,139.6201,35.77077],"properties":{"slug":"nerima-doshida","name":"Doshida","name_local":"土支田","ward":"Nerima","ward_slug":"nerima","gruppo":"nerima-doshida","gruppo_name":"Doshida","usato":false},"geometry":{"type":"Polygon","coordinates":[[[139.61142,35.76949],[139.61091,35.7674],[139.60978,35.76656],[139.61084,35.76427],[139.60983,35.76385],[139.60256,35.7577],[139.61248,35.75781],[139.61347,35.75858],[139.61407,35.75856],[139.61408,35.75901],[139.61486,35.75896],[139.61527,35.75986],[139.61816,35.75923],[139.61791,35.76207],[139.6201,35.76191],[139.61973,35.76669],[139.61768,35.76659],[139.61694,35.76858],[139.6168,35.76992],[139.6172,35.77027],[139.61637,35.77057],[139.61277,35.77077],[139.61142,35.76949]]]}},{"type":"Feature","bbox":[139.61784,35.73009,139.62786,35.74631],"properties":{"slug":"nerima-fujimidai","name":"Fujimidai","name_local":"富士見台","ward":"Nerima","ward_slug":"nerima","gruppo":"nerima-fujimidai","gruppo_name":"Fujimidai","usato":false},"geometry":{"type":"Polygon","coordinates":[[[139.61823,35.73994],[139.62149,35.73814],[139.62061,35.73702],[139.61784,35.73582],[139.6198,35.73356],[139.62231,35.73281],[139.62185,35.7304],[139.62446,35.73009],[139.62606,35.73289],[139.62657,35.73307],[139.6265,35.73376],[139.62737,35.73408],[139.62724,35.73503],[139.62774,35.7351],[139.62786,35.73573],[139.62642,35.73605],[139.62599,35.73687],[139.62563,35.74601],[139.62195,35.74631],[139.6212,35.74602],[139.61897,35.74287],[139.61823,35.73994]]]}},{"type":"Feature","bbox":[139.64778,35.7447,139.6645,35.75824],"properties":{"slug":"nerima-hayamiya","name":"Hayamiya","name_local":"早宮","ward":"Nerima","ward_slug":"nerima","gruppo":"nerima-hayamiya","gruppo_name":"Hayamiya","usato":false},"geometry":{"type":"Polygon","coordinates":[[[139.65256,35.74537],[139.64829,35.7447],[139.64778,35.74876],[139.6492,35.75348],[139.64995,35.75357],[139.64928,35.7562],[139.65318,35.75824],[139.6576,35.75561],[139.6645,35.75015],[139.66334,35.74914],[139.65821,35.74934],[139.65579,35.74868],[139.65256,35.74537]]]}},{"type":"Feature","bbox":[139.66799,35.74014,139.675,35.75472],"properties":{"slug":"nerima-hazawa","name":"Hazawa","name_local":"羽沢","ward":"Nerima","ward_slug":"nerima","gruppo":"nerima-hazawa","gruppo_name":"Hazawa","usato":false},"geometry":{"type":"Polygon","coordinates":[[[139.66835,35.74084],[139.66799,35.74143],[139.6682,35.74222],[139.66982,35.74524],[139.66938,35.74705],[139.66964,35.74806],[139.66926,35.74799],[139.66971,35.74827],[139.66958,35.74969],[139.67132,35.7503],[139.67331,35.75472],[139.67358,35.75328],[139.67441,35.75286],[139.675,35.75188],[139.67223,35.74518],[139.67275,35.74014],[139.6694,35.74036],[139.66963,35.74104],[139.66929,35.7411],[139.66835,35.74084]]]}},{"type":"Feature","bbox":[139.65318,35.75306,139.66849,35.7627],"properties":{"slug":"nerima-heiwadai","name":"Heiwadai","name_local":"平和台","ward":"Nerima","ward_slug":"nerima","gruppo":"nerima-heiwadai","gruppo_name":"Heiwadai","usato":false},"geometry":{"type":"Polygon","coordinates":[[[139.66084,35.75306],[139.6576,35.75561],[139.65318,35.75824],[139.66214,35.7627],[139.66703,35.75984],[139.66803,35.76007],[139.66849,35.75816],[139.6678,35.7586],[139.66084,35.75306]]]}},{"type":"Feature","bbox":[139.57572,35.73851,139.60098,35.75744],"properties":{"slug":"nerima-higashi-oizumi","name":"Higashi Oizumi","name_local":"東大泉","ward":"Nerima","ward_slug":"nerima","gruppo":"nerima-higashi-oizumi","gruppo_name":"Higashi Oizumi","usato":false},"geometry":{"type":"Polygon","coordinates":[[[139.58406,35.75391],[139.58601,35.75426],[139.58727,35.75644],[139.58934,35.75744],[139.59076,35.75656],[139.59148,35.75516],[139.59224,35.7548],[139.59835,35.75725],[139.60098,35.75648],[139.59943,35.75517],[139.59789,35.75226],[139.598,35.75114],[139.59728,35.75058],[139.59545,35.74636],[139.59428,35.74628],[139.59438,35.74509],[139.59032,35.74396],[139.58169,35.73979],[139.57947,35.73923],[139.57924,35.73851],[139.5773,35.73996],[139.57573,35.74223],[139.57572,35.74288],[139.5768,35.74362],[139.57711,35.74648],[139.57837,35.7475],[139.57918,35.74981],[139.58216,35.75321],[139.58406,35.75391]]]}},{"type":"Feature","bbox":[139.62174,35.7536,139.64101,35.77004],"properties":{"slug":"nerima-hikarigaoka","name":"Hikarigaoka","name_local":"光が丘","ward":"Nerima","ward_slug":"nerima","gruppo":"nerima-hikarigaoka","gruppo_name":"Hikarigaoka","usato":false},"geometry":{"type":"Polygon","coordinates":[[[139.63554,35.76745],[139.63564,35.76635],[139.63266,35.76615],[139.6322,35.76467],[139.63618,35.76433],[139.63549,35.76275],[139.6354,35.7608],[139.63233,35.76078],[139.63167,35.7603],[139.63167,35.75852],[139.63234,35.75676],[139.63134,35.75371],[139.62211,35.7536],[139.62174,35.76066],[139.6253,35.76099],[139.62522,35.76779],[139.62596,35.76967],[139.62675,35.77003],[139.63354,35.77004],[139.63473,35.76987],[139.63482,35.7687],[139.64101,35.7688],[139.64092,35.76746],[139.63554,35.76745]]]}},{"type":"Feature","bbox":[139.66084,35.74903,139.67382,35.75886],"properties":{"slug":"nerima-hikawadai","name":"Hikawadai","name_local":"氷川台","ward":"Nerima","ward_slug":"nerima","gruppo":"nerima-hikawadai","gruppo_name":"Hikawadai","usato":false},"geometry":{"type":"Polygon","coordinates":[[[139.66334,35.74914],[139.6645,35.75015],[139.66084,35.75306],[139.6678,35.7586],[139.66923,35.75762],[139.67173,35.75778],[139.67191,35.75722],[139.67382,35.75876],[139.67331,35.75472],[139.67132,35.7503],[139.6666,35.74903],[139.66334,35.74914]]]}},{"type":"Feature","bbox":[139.582,35.72188,139.60003,35.73535],"properties":{"slug":"nerima-kami-shakujii","name":"Kami Shakujii","name_local":"上石神井","ward":"Nerima","ward_slug":"nerima","gruppo":"nerima-kami-shakujii","gruppo_name":"Kami Shakujii","usato":false},"geometry":{"type":"Polygon","coordinates":[[[139.58612,35.72681],[139.5838,35.72701],[139.58377,35.72806],[139.582,35.72817],[139.58215,35.73033],[139.58952,35.73119],[139.5916,35.73332],[139.59662,35.73359],[139.60003,35.73535],[139.59954,35.73056],[139.59958,35.72527],[139.59313,35.72393],[139.59008,35.72255],[139.58785,35.72228],[139.5874,35.72188],[139.58616,35.72228],[139.58612,35.72681]]]}},{"type":"Feature","bbox":[139.59159,35.72142,139.60004,35.72527],"properties":{"slug":"nerima-kami-shakujii-minamicho","name":"Kami Shakujii Minamicho","name_local":"上石神井南町","ward":"Nerima","ward_slug":"nerima","gruppo":"nerima-kami-shakujii-minamicho","gruppo_name":"Kami Shakujii Minamicho","usato":false},"geometry":{"type":"Polygon","coordinates":[[[139.59958,35.72527],[139.59216,35.72363],[139.59159,35.72338],[139.59205,35.72276],[139.59182,35.7223],[139.59475,35.72142],[139.59514,35.72217],[139.59673,35.72217],[139.60004,35.72389],[139.59958,35.72527]]]}},{"type":"Feature","bbox":[139.63134,35.74398,139.64995,35.75959],"properties":{"slug":"nerima-kasugacho","name":"Kasugacho","name_local":"春日町","ward":"Nerima","ward_slug":"nerima","gruppo":"nerima-kasugacho","gruppo_name":"Kasugacho","usato":false},"geometry":{"type":"Polygon","coordinates":[[[139.63134,35.75371],[139.63173,35.75247],[139.63317,35.75178],[139.63316,35.75104],[139.63483,35.75089],[139.63632,35.75001],[139.63672,35.74618],[139.6375,35.74578],[139.63698,35.74479],[139.64218,35.74568],[139.64613,35.74398],[139.64829,35.7447],[139.64778,35.74876],[139.6492,35.75348],[139.64995,35.75357],[139.64904,35.75713],[139.64938,35.75942],[139.64766,35.75959],[139.64614,35.75882],[139.644,35.75858],[139.64105,35.75732],[139.63682,35.75635],[139.63713,35.7555],[139.63401,35.75496],[139.63418,35.75466],[139.63185,35.75457],[139.63134,35.75371]]]}},{"type":"Feature","bbox":[139.64549,35.7562,139.67073,35.76926],"properties":{"slug":"nerima-kitamachi","name":"Kitamachi","name_local":"北町","ward":"Nerima","ward_slug":"nerima","gruppo":"nerima-kitamachi","gruppo_name":"Kitamachi","usato":false},"geometry":{"type":"Polygon","coordinates":[[[139.64928,35.7562],[139.64904,35.75813],[139.6496,35.76098],[139.64873,35.76324],[139.6487,35.76461],[139.64549,35.76913],[139.64752,35.76851],[139.6503,35.76903],[139.65256,35.76872],[139.65441,35.76926],[139.65736,35.76907],[139.66493,35.76809],[139.66765,35.76725],[139.66894,35.76735],[139.67073,35.76224],[139.66352,35.76425],[139.66341,35.76331],[139.64928,35.7562]]]}},{"type":"Feature","bbox":[139.67226,35.73764,139.68098,35.7456],"properties":{"slug":"nerima-kotake-cho","name":"Kotake cho","name_local":"小竹町","ward":"Nerima","ward_slug":"nerima","gruppo":"nerima-kotake-cho","gruppo_name":"Kotake cho","usato":false},"geometry":{"type":"Polygon","coordinates":[[[139.67965,35.74155],[139.68028,35.74156],[139.68027,35.74195],[139.67977,35.74177],[139.6805,35.74202],[139.68098,35.74393],[139.67577,35.7456],[139.67231,35.74451],[139.67278,35.74046],[139.67226,35.73924],[139.67234,35.73785],[139.67331,35.73764],[139.68027,35.73861],[139.67898,35.74034],[139.67965,35.74155]]]}},{"type":"Feature","bbox":[139.63336,35.73692,139.64833,35.74568],"properties":{"slug":"nerima-koyama","name":"Koyama","name_local":"向山","ward":"Nerima","ward_slug":"nerima","gruppo":"nerima-koyama","gruppo_name":"Koyama","usato":false},"geometry":{"type":"Polygon","coordinates":[[[139.63869,35.73692],[139.63872,35.73859],[139.63953,35.73958],[139.63771,35.7403],[139.63443,35.74462],[139.63336,35.74518],[139.63722,35.74479],[139.64218,35.74568],[139.64655,35.74394],[139.64829,35.7447],[139.64708,35.74031],[139.64504,35.73875],[139.64456,35.73789],[139.64504,35.7376],[139.63869,35.73692]]]}},{"type":"Feature","bbox":[139.59769,35.7502,139.60804,35.75792],"properties":{"slug":"nerima-miharadai","name":"Miharadai","name_local":"三原台","ward":"Nerima","ward_slug":"nerima","gruppo":"nerima-miharadai","gruppo_name":"Miharadai","usato":false},"geometry":{"type":"Polygon","coordinates":[[[139.60766,35.75446],[139.60743,35.7502],[139.5977,35.75058],[139.59789,35.75226],[139.59943,35.75517],[139.60256,35.7577],[139.6079,35.75773],[139.60766,35.75446]]]}},{"type":"Feature","bbox":[139.56647,35.73403,139.58101,35.7544],"properties":{"slug":"nerima-minami-oizumi","name":"Minami Oizumi","name_local":"南大泉","ward":"Nerima","ward_slug":"nerima","gruppo":"nerima-minami-oizumi","gruppo_name":"Minami Oizumi","usato":false},"geometry":{"type":"Polygon","coordinates":[[[139.56874,35.74837],[139.56911,35.74782],[139.56657,35.74761],[139.56647,35.74726],[139.56795,35.74437],[139.56836,35.7416],[139.56843,35.7381],[139.56797,35.73788],[139.56733,35.73615],[139.56948,35.73403],[139.57653,35.73608],[139.57924,35.73851],[139.5773,35.73996],[139.57573,35.74223],[139.57572,35.74288],[139.5768,35.74362],[139.57711,35.74648],[139.57837,35.7475],[139.57918,35.74981],[139.58101,35.75185],[139.57979,35.75249],[139.5797,35.75214],[139.57716,35.75257],[139.57725,35.75294],[139.57431,35.7544],[139.57093,35.75433],[139.57017,35.75173],[139.56927,35.75143],[139.56943,35.74996],[139.56791,35.75018],[139.56874,35.74837]]]}},{"type":"Feature","bbox":[139.60872,35.72977,139.62231,35.73994],"properties":{"slug":"nerima-minami-tanaka","name":"Minami Tanaka","name_local":"南田中","ward":"Nerima","ward_slug":"nerima","gruppo":"nerima-minami-tanaka","gruppo_name":"Minami Tanaka","usato":false},"geometry":{"type":"Polygon","coordinates":[[[139.61481,35.73909],[139.60872,35.73981],[139.60932,35.73444],[139.61443,35.73089],[139.61453,35.72985],[139.617,35.73003],[139.61667,35.73049],[139.62022,35.73143],[139.6199,35.73025],[139.62185,35.7304],[139.62231,35.73281],[139.6198,35.73356],[139.61784,35.73582],[139.62061,35.73702],[139.62149,35.73814],[139.61823,35.73994],[139.61767,35.73952],[139.61481,35.73909]]]}},{"type":"Feature","bbox":[139.63478,35.73021,139.65004,35.7347],"properties":{"slug":"nerima-nakamura","name":"Nakamura","name_local":"中村","ward":"Nerima","ward_slug":"nerima","gruppo":"nerima-nakamura","gruppo_name":"Nakamura","usato":false},"geometry":{"type":"Polygon","coordinates":[[[139.64979,35.7347],[139.63875,35.73408],[139.63478,35.7334],[139.63517,35.7322],[139.63625,35.73245],[139.63656,35.73206],[139.63719,35.73021],[139.64107,35.73062],[139.64433,35.73034],[139.64748,35.73107],[139.64864,35.73081],[139.65004,35.73394],[139.64979,35.7347]]]}},{"type":"Feature","bbox":[139.63329,35.7334,139.65003,35.73789],"properties":{"slug":"nerima-nakamura-kita","name":"Nakamura kita","name_local":"中村北","ward":"Nerima","ward_slug":"nerima","gruppo":"nerima-nakamura-kita","gruppo_name":"Nakamura kita","usato":false},"geometry":{"type":"Polygon","coordinates":[[[139.65003,35.73688],[139.64456,35.73789],[139.64504,35.7376],[139.63668,35.73668],[139.63329,35.73538],[139.63386,35.73419],[139.63448,35.73434],[139.63478,35.7334],[139.63875,35.73408],[139.64979,35.7347],[139.64908,35.73663],[139.65003,35.73688]]]}},{"type":"Feature","bbox":[139.63719,35.72516,139.65029,35.73107],"properties":{"slug":"nerima-nakamura-minami","name":"Nakamura minami","name_local":"中村南","ward":"Nerima","ward_slug":"nerima","gruppo":"nerima-nakamura-minami","gruppo_name":"Nakamura minami","usato":false},"geometry":{"type":"Polygon","coordinates":[[[139.64864,35.73081],[139.64748,35.73107],[139.64433,35.73034],[139.64107,35.73062],[139.63719,35.73021],[139.63787,35.72848],[139.63971,35.72741],[139.63962,35.72617],[139.64376,35.72516],[139.64751,35.72536],[139.6475,35.72663],[139.65014,35.72659],[139.64918,35.72823],[139.64864,35.73081]]]}},{"type":"Feature","bbox":[139.64456,35.73688,139.65734,35.74864],"properties":{"slug":"nerima-nerima","name":"Nerima","name_local":"練馬","ward":"Nerima","ward_slug":"nerima","gruppo":"nerima-nerima","gruppo_name":"Nerima","usato":false},"geometry":{"type":"Polygon","coordinates":[[[139.65571,35.74864],[139.6528,35.74542],[139.64829,35.7447],[139.64708,35.74031],[139.64506,35.73878],[139.64456,35.73789],[139.65003,35.73688],[139.65734,35.73792],[139.65556,35.74517],[139.65571,35.74864]]]}},{"type":"Feature","bbox":[139.5629,35.75143,139.58426,35.76727],"properties":{"slug":"nerima-nishi-oizumi","name":"Nishi Oizumi","name_local":"西大泉","ward":"Nerima","ward_slug":"nerima","gruppo":"nerima-nishi-oizumi","gruppo_name":"Nishi Oizumi","usato":false},"geometry":{"type":"Polygon","coordinates":[[[139.58101,35.75185],[139.58237,35.75338],[139.58426,35.75419],[139.58412,35.75531],[139.5836,35.75542],[139.58371,35.75594],[139.58162,35.75669],[139.58077,35.75816],[139.58009,35.7624],[139.57924,35.76229],[139.57936,35.76504],[139.57444,35.76727],[139.57447,35.76625],[139.57229,35.76625],[139.57243,35.76568],[139.57036,35.76555],[139.57081,35.76454],[139.57052,35.76434],[139.57097,35.76446],[139.57154,35.76342],[139.56974,35.76305],[139.56917,35.76349],[139.56848,35.76334],[139.56854,35.76304],[139.56658,35.76246],[139.56685,35.762],[139.56586,35.7618],[139.56527,35.76184],[139.56498,35.7629],[139.56361,35.76281],[139.5629,35.76155],[139.56372,35.76156],[139.56397,35.7598],[139.56533,35.7585],[139.56614,35.75697],[139.56663,35.75684],[139.56674,35.75561],[139.56804,35.75506],[139.56797,35.75355],[139.56927,35.75143],[139.57017,35.75173],[139.57093,35.75433],[139.5727,35.75447],[139.57461,35.7543],[139.57725,35.75294],[139.57716,35.75257],[139.5797,35.75214],[139.57979,35.75249],[139.58101,35.75185]]]}},{"type":"Feature","bbox":[139.56663,35.76316,139.56734,35.76363],"properties":{"slug":"nerima-nishi-oizumi-cho","name":"Nishi Oizumi cho","name_local":"西大泉町","ward":"Nerima","ward_slug":"nerima","gruppo":"nerima-oizumi-machi","gruppo_name":"Oizumi machi","usato":false},"geometry":{"type":"MultiPolygon","coordinates":[]}},{"type":"Feature","bbox":[139.66214,35.75722,139.67364,35.76425],"properties":{"slug":"nerima-nishiki","name":"Nishiki","name_local":"錦","ward":"Nerima","ward_slug":"nerima","gruppo":"nerima-nishiki","gruppo_name":"Nishiki","usato":false},"geometry":{"type":"Polygon","coordinates":[[[139.66214,35.7627],[139.66341,35.76331],[139.66352,35.76425],[139.67073,35.76224],[139.67183,35.76055],[139.67364,35.75899],[139.67191,35.75722],[139.67173,35.75778],[139.66923,35.75762],[139.66827,35.75835],[139.66803,35.76007],[139.66703,35.75984],[139.66214,35.7627]]]}},{"type":"Feature","bbox":[139.62563,35.7351,139.63953,35.74601],"properties":{"slug":"nerima-nukui","name":"Nukui","name_local":"貫井","ward":"Nerima","ward_slug":"nerima","gruppo":"nerima-nukui","gruppo_name":"Nukui","usato":false},"geometry":{"type":"Polygon","coordinates":[[[139.62774,35.7351],[139.62786,35.73573],[139.62642,35.73605],[139.62599,35.73687],[139.62563,35.74601],[139.62781,35.7451],[139.63409,35.74489],[139.63771,35.7403],[139.63953,35.73958],[139.63872,35.73859],[139.63869,35.73692],[139.63668,35.73668],[139.63477,35.73566],[139.62774,35.7351]]]}},{"type":"Feature","bbox":[139.5741,35.75391,139.60277,35.77878],"properties":{"slug":"nerima-oizumi-gakuen-cho","name":"Oizumi gakuen cho","name_local":"大泉学園町","ward":"Nerima","ward_slug":"nerima","gruppo":"nerima-oizumi-gakuen-cho","gruppo_name":"Oizumi gakuen cho","usato":false},"geometry":{"type":"Polygon","coordinates":[[[139.59431,35.77854],[139.59393,35.77729],[139.58876,35.77878],[139.58697,35.77521],[139.58444,35.7751],[139.58404,35.77437],[139.58443,35.77319],[139.58185,35.77254],[139.58239,35.77108],[139.58121,35.77124],[139.58111,35.77206],[139.58074,35.77202],[139.58083,35.77132],[139.57809,35.77124],[139.578,35.76977],[139.57702,35.76792],[139.5741,35.7682],[139.57424,35.76743],[139.575,35.76692],[139.57936,35.76504],[139.57906,35.76335],[139.57924,35.76229],[139.58009,35.7624],[139.58066,35.76013],[139.58036,35.75911],[139.58162,35.75669],[139.58371,35.75594],[139.58361,35.7554],[139.58412,35.75531],[139.58406,35.75391],[139.58601,35.75426],[139.58742,35.75656],[139.58922,35.75742],[139.58994,35.75726],[139.59002,35.75826],[139.59344,35.75864],[139.59258,35.76271],[139.59506,35.76791],[139.59483,35.7694],[139.59551,35.76948],[139.59638,35.77198],[139.59733,35.7713],[139.60277,35.77562],[139.59681,35.77666],[139.59705,35.77813],[139.59431,35.77854]]]}},{"type":"Feature","bbox":[139.58994,35.7548,139.6119,35.77198],"properties":{"slug":"nerima-oizumi-machi","name":"Oizumi machi","name_local":"大泉町","ward":"Nerima","ward_slug":"nerima","gruppo":"nerima-oizumi-machi","gruppo_name":"Oizumi machi","usato":false},"geometry":{"type":"Polygon","coordinates":[[[139.58994,35.75726],[139.59002,35.75826],[139.59344,35.75864],[139.59258,35.76271],[139.59506,35.76791],[139.59483,35.7694],[139.59551,35.76948],[139.59638,35.77198],[139.59886,35.77029],[139.59792,35.76991],[139.59868,35.76901],[139.60317,35.77115],[139.60406,35.77018],[139.60641,35.7713],[139.60705,35.76928],[139.6087,35.76908],[139.61041,35.7709],[139.61103,35.77118],[139.6119,35.77061],[139.6113,35.76983],[139.61097,35.76752],[139.60978,35.76656],[139.61084,35.76427],[139.60983,35.76385],[139.60098,35.75648],[139.59835,35.75725],[139.59224,35.7548],[139.59148,35.75516],[139.59092,35.75638],[139.58994,35.75726]]]}},{"type":"Feature","bbox":[139.66655,35.73634,139.67272,35.74113],"properties":{"slug":"nerima-sakaecho","name":"Sakaecho","name_local":"栄町","ward":"Nerima","ward_slug":"nerima","gruppo":"nerima-sakaecho","gruppo_name":"Sakaecho","usato":false},"geometry":{"type":"Polygon","coordinates":[[[139.67272,35.74008],[139.6694,35.74036],[139.66963,35.74104],[139.66871,35.74113],[139.66655,35.73842],[139.67224,35.73634],[139.6723,35.73756],[139.67096,35.73811],[139.67234,35.73785],[139.67226,35.73924],[139.67272,35.74008]]]}},{"type":"Feature","bbox":[139.65556,35.73792,139.66982,35.74969],"properties":{"slug":"nerima-sakuradai","name":"Sakuradai","name_local":"桜台","ward":"Nerima","ward_slug":"nerima","gruppo":"nerima-sakuradai","gruppo_name":"Sakuradai","usato":false},"geometry":{"type":"Polygon","coordinates":[[[139.66958,35.74969],[139.6666,35.74903],[139.65821,35.74934],[139.65571,35.74864],[139.65556,35.74517],[139.65734,35.73792],[139.66655,35.73842],[139.66835,35.74084],[139.66799,35.74143],[139.6682,35.74222],[139.66982,35.74524],[139.66938,35.74705],[139.66964,35.74806],[139.66926,35.74799],[139.66971,35.74827],[139.66958,35.74969]]]}},{"type":"Feature","bbox":[139.57792,35.72228,139.58622,35.73033],"properties":{"slug":"nerima-sekimachi-higashi","name":"Sekimachi higashi","name_local":"関町東","ward":"Nerima","ward_slug":"nerima","gruppo":"nerima-sekimachi-higashi","gruppo_name":"Sekimachi higashi","usato":false},"geometry":{"type":"Polygon","coordinates":[[[139.58163,35.72325],[139.58001,35.72735],[139.57818,35.72751],[139.57792,35.7286],[139.58018,35.72915],[139.58117,35.73019],[139.58215,35.73033],[139.582,35.72817],[139.58377,35.72806],[139.5838,35.72701],[139.58612,35.72681],[139.58622,35.72251],[139.58163,35.72325]]]}},{"type":"Feature","bbox":[139.56541,35.72306,139.58163,35.73608],"properties":{"slug":"nerima-sekimachi-kita","name":"Sekimachi kita","name_local":"関町北","ward":"Nerima","ward_slug":"nerima","gruppo":"nerima-sekimachi-kita","gruppo_name":"Sekimachi kita","usato":false},"geometry":{"type":"Polygon","coordinates":[[[139.56831,35.73156],[139.56622,35.72745],[139.56541,35.7243],[139.56571,35.72306],[139.58163,35.72325],[139.58001,35.72735],[139.57818,35.72751],[139.57663,35.7341],[139.57653,35.73608],[139.56948,35.73403],[139.56831,35.73156]]]}},{"type":"Feature","bbox":[139.56539,35.71303,139.59583,35.72338],"properties":{"slug":"nerima-sekimachi-minami","name":"Sekimachi minami","name_local":"関町南","ward":"Nerima","ward_slug":"nerima","gruppo":"nerima-sekimachi-minami","gruppo_name":"Sekimachi minami","usato":false},"geometry":{"type":"Polygon","coordinates":[[[139.56852,35.72081],[139.57495,35.71882],[139.5762,35.71896],[139.57616,35.71948],[139.58017,35.71965],[139.58261,35.72029],[139.58341,35.71472],[139.58697,35.71303],[139.58513,35.71642],[139.58519,35.71787],[139.58622,35.71912],[139.58813,35.72005],[139.59025,35.72027],[139.59394,35.71809],[139.59583,35.72155],[139.59578,35.72204],[139.59514,35.72217],[139.59475,35.72142],[139.59182,35.7223],[139.59205,35.72276],[139.59159,35.72338],[139.59008,35.72255],[139.58785,35.72228],[139.5874,35.72188],[139.58168,35.72325],[139.56571,35.72306],[139.56539,35.7215],[139.56852,35.72081]]]}},{"type":"Feature","bbox":[139.59428,35.73535,139.61539,35.75058],"properties":{"slug":"nerima-shakujii-machi","name":"Shakujii machi","name_local":"石神井町","ward":"Nerima","ward_slug":"nerima","gruppo":"nerima-shakujii-machi","gruppo_name":"Shakujii machi","usato":false},"geometry":{"type":"Polygon","coordinates":[[[139.60003,35.73535],[139.59677,35.74178],[139.59598,35.74153],[139.59507,35.74322],[139.59428,35.74628],[139.59545,35.74636],[139.59728,35.75058],[139.60801,35.75016],[139.60918,35.74659],[139.61155,35.74442],[139.61154,35.74259],[139.61539,35.74148],[139.61511,35.73937],[139.61441,35.73907],[139.60849,35.73978],[139.60508,35.73646],[139.60003,35.73535]]]}},{"type":"Feature","bbox":[139.57647,35.7286,139.60003,35.74509],"properties":{"slug":"nerima-shakujiidai","name":"Shakujiidai","name_local":"石神井台","ward":"Nerima","ward_slug":"nerima","gruppo":"nerima-shakujiidai","gruppo_name":"Shakujiidai","usato":false},"geometry":{"type":"Polygon","coordinates":[[[139.58215,35.73033],[139.58117,35.73019],[139.58018,35.72915],[139.57792,35.7286],[139.57647,35.73633],[139.5795,35.73871],[139.57947,35.73923],[139.58169,35.73979],[139.59219,35.74473],[139.59438,35.74509],[139.59598,35.74153],[139.59677,35.74178],[139.60003,35.73535],[139.59662,35.73359],[139.5916,35.73332],[139.58952,35.73119],[139.58215,35.73033]]]}},{"type":"Feature","bbox":[139.59944,35.72389,139.61453,35.73981],"properties":{"slug":"nerima-shimo-shakujii","name":"Shimo Shakujii","name_local":"下石神井","ward":"Nerima","ward_slug":"nerima","gruppo":"nerima-shimo-shakujii","gruppo_name":"Shimo Shakujii","usato":false},"geometry":{"type":"Polygon","coordinates":[[[139.60872,35.73981],[139.60508,35.73646],[139.60003,35.73535],[139.59944,35.72692],[139.60004,35.72389],[139.60144,35.72528],[139.602,35.72536],[139.60187,35.72578],[139.60412,35.72676],[139.61453,35.72985],[139.61443,35.73089],[139.60932,35.73444],[139.60872,35.73981]]]}},{"type":"Feature","bbox":[139.63167,35.75457,139.6496,35.77075],"properties":{"slug":"nerima-tagara","name":"Tagara","name_local":"田柄","ward":"Nerima","ward_slug":"nerima","gruppo":"nerima-tagara","gruppo_name":"Tagara","usato":false},"geometry":{"type":"Polygon","coordinates":[[[139.64938,35.75942],[139.64653,35.75929],[139.64614,35.75882],[139.644,35.75858],[139.64105,35.75732],[139.63682,35.75635],[139.63713,35.7555],[139.63401,35.75496],[139.63418,35.75466],[139.63185,35.75457],[139.63234,35.75676],[139.63167,35.75852],[139.63167,35.7603],[139.63233,35.76078],[139.6354,35.7608],[139.63549,35.76275],[139.63618,35.76433],[139.63222,35.76463],[139.63266,35.76615],[139.63564,35.76635],[139.63554,35.76745],[139.64092,35.76746],[139.64112,35.76905],[139.64268,35.77075],[139.64549,35.76913],[139.64833,35.76546],[139.6496,35.76098],[139.64938,35.75942]]]}},{"type":"Feature","bbox":[139.61408,35.74479,139.6375,35.76337],"properties":{"slug":"nerima-takamatsu","name":"Takamatsu","name_local":"高松","ward":"Nerima","ward_slug":"nerima","gruppo":"nerima-takamatsu","gruppo_name":"Takamatsu","usato":false},"geometry":{"type":"Polygon","coordinates":[[[139.62563,35.74601],[139.62567,35.74873],[139.62395,35.75101],[139.62299,35.75103],[139.623,35.75137],[139.6221,35.75146],[139.62218,35.75185],[139.62094,35.75232],[139.62084,35.75341],[139.62038,35.75351],[139.62046,35.75428],[139.62009,35.75433],[139.62049,35.75578],[139.61457,35.75616],[139.61487,35.75812],[139.61409,35.75818],[139.61408,35.75901],[139.61486,35.75896],[139.61527,35.75986],[139.61816,35.75923],[139.61791,35.76207],[139.6231,35.76194],[139.62529,35.76337],[139.6253,35.76099],[139.62174,35.76066],[139.62211,35.7536],[139.63134,35.75371],[139.63173,35.75247],[139.63317,35.75178],[139.63316,35.75104],[139.63483,35.75089],[139.63632,35.75001],[139.63672,35.74618],[139.6375,35.74578],[139.63682,35.74479],[139.63409,35.7453],[139.62781,35.7451],[139.62563,35.74601]]]}},{"type":"Feature","bbox":[139.60801,35.73909,139.6257,35.75016],"properties":{"slug":"nerima-takanodai","name":"Takanodai","name_local":"高野台","ward":"Nerima","ward_slug":"nerima","gruppo":"nerima-takanodai","gruppo_name":"Takanodai","usato":false},"geometry":{"type":"Polygon","coordinates":[[[139.60801,35.75016],[139.60918,35.74659],[139.61155,35.74442],[139.61154,35.74259],[139.61539,35.74148],[139.61481,35.73909],[139.61811,35.73975],[139.61897,35.74287],[139.6214,35.74617],[139.62563,35.74601],[139.6257,35.7464],[139.62046,35.74901],[139.60801,35.75016]]]}},{"type":"Feature","bbox":[139.57502,35.71172,139.58697,35.72029],"properties":{"slug":"nerima-tatenocho","name":"Tatenocho","name_local":"立野町","ward":"Nerima","ward_slug":"nerima","gruppo":"nerima-tatenocho","gruppo_name":"Tatenocho","usato":false},"geometry":{"type":"Polygon","coordinates":[[[139.57502,35.71882],[139.5762,35.71896],[139.57616,35.71948],[139.58017,35.71965],[139.58261,35.72029],[139.58341,35.71472],[139.58697,35.71303],[139.58673,35.71172],[139.58114,35.71433],[139.57502,35.71882]]]}},{"type":"Feature","bbox":[139.65579,35.73401,139.67281,35.73842],"properties":{"slug":"nerima-toyotama-kami","name":"Toyotama kami","name_local":"豊玉上","ward":"Nerima","ward_slug":"nerima","gruppo":"nerima-toyotama-kami","gruppo_name":"Toyotama kami","usato":false},"geometry":{"type":"Polygon","coordinates":[[[139.66655,35.73842],[139.65858,35.73814],[139.65579,35.73761],[139.66394,35.73618],[139.67236,35.73401],[139.67278,35.73507],[139.67216,35.73538],[139.67281,35.73621],[139.66655,35.73842]]]}},{"type":"Feature","bbox":[139.64908,35.73115,139.67236,35.73761],"properties":{"slug":"nerima-toyotama-kita","name":"Toyotama kita","name_local":"豊玉北","ward":"Nerima","ward_slug":"nerima","gruppo":"nerima-toyotama-kita","gruppo_name":"Toyotama kita","usato":false},"geometry":{"type":"Polygon","coordinates":[[[139.6654,35.73146],[139.66551,35.73214],[139.66202,35.7323],[139.66178,35.73262],[139.6609,35.73225],[139.65968,35.7331],[139.65823,35.73306],[139.65779,35.73359],[139.65605,35.73318],[139.65396,35.73357],[139.65349,35.73402],[139.64981,35.73347],[139.65006,35.73415],[139.64908,35.73663],[139.65579,35.73761],[139.66394,35.73618],[139.67236,35.73401],[139.67234,35.7337],[139.67125,35.73371],[139.67041,35.73261],[139.66969,35.73287],[139.66935,35.73211],[139.66823,35.73221],[139.668,35.73135],[139.6654,35.73146]]]}},{"type":"Feature","bbox":[139.64864,35.72572,139.66315,35.73081],"properties":{"slug":"nerima-toyotama-minami","name":"Toyotama minami","name_local":"豊玉南","ward":"Nerima","ward_slug":"nerima","gruppo":"nerima-toyotama-minami","gruppo_name":"Toyotama minami","usato":false},"geometry":{"type":"Polygon","coordinates":[[[139.65029,35.72686],[139.64918,35.72823],[139.64864,35.73081],[139.65492,35.73019],[139.6565,35.72952],[139.65694,35.72991],[139.65706,35.72939],[139.65958,35.72945],[139.66315,35.72786],[139.66169,35.7269],[139.65966,35.72676],[139.65969,35.72572],[139.65561,35.72631],[139.65206,35.72608],[139.65029,35.72686]]]}},{"type":"Feature","bbox":[139.64864,35.72786,139.66551,35.73402],"properties":{"slug":"nerima-toyotama-naka","name":"Toyotama naka","name_local":"豊玉中","ward":"Nerima","ward_slug":"nerima","gruppo":"nerima-toyotama-naka","gruppo_name":"Toyotama naka","usato":false},"geometry":{"type":"Polygon","coordinates":[[[139.66315,35.72786],[139.65958,35.72945],[139.65706,35.72939],[139.65694,35.72991],[139.6565,35.72952],[139.65492,35.73019],[139.64864,35.73081],[139.64981,35.73347],[139.65349,35.73402],[139.65396,35.73357],[139.65605,35.73318],[139.65779,35.73359],[139.65823,35.73306],[139.65968,35.7331],[139.6609,35.73225],[139.66178,35.73262],[139.66202,35.7323],[139.66551,35.73214],[139.66315,35.72786]]]}},{"type":"Feature","bbox":[139.60743,35.7464,139.6257,35.75858],"properties":{"slug":"nerima-yahara","name":"Yahara","name_local":"谷原","ward":"Nerima","ward_slug":"nerima","gruppo":"nerima-yahara","gruppo_name":"Yahara","usato":false},"geometry":{"type":"Polygon","coordinates":[[[139.6079,35.75773],[139.60743,35.7502],[139.62046,35.74901],[139.6257,35.7464],[139.62567,35.74873],[139.62395,35.75101],[139.62299,35.75103],[139.623,35.75137],[139.6221,35.75146],[139.62218,35.75185],[139.62094,35.75232],[139.62084,35.75341],[139.62038,35.75351],[139.62046,35.75428],[139.62009,35.75433],[139.62049,35.75578],[139.61457,35.75616],[139.61487,35.75812],[139.61409,35.75818],[139.61407,35.75856],[139.61347,35.75858],[139.61248,35.75781],[139.6079,35.75773]]]}},{"type":"Feature","bbox":[139.55622,35.72851,139.56948,35.73581],"properties":{"slug":"nishitokyo-fujimachi","name":"Fujimachi","name_local":"富士町","ward":"Nishitokyo","ward_slug":"nishitokyo","gruppo":"nishitokyo-fujimachi","gruppo_name":"Fujimachi","usato":false},"geometry":{"type":"Polygon","coordinates":[[[139.55645,35.73543],[139.55659,35.73442],[139.55734,35.73445],[139.55766,35.73326],[139.55628,35.73043],[139.55622,35.729],[139.56021,35.72917],[139.56687,35.72851],[139.56948,35.73403],[139.56769,35.73581],[139.56034,35.73524],[139.55645,35.73543]]]}},{"type":"Feature","bbox":[139.52739,35.74017,139.54467,35.75284],"properties":{"slug":"nishitokyo-hibarigaoka","name":"Hibarigaoka","name_local":"ひばりが丘","ward":"Nishitokyo","ward_slug":"nishitokyo","gruppo":"nishitokyo-hibarigaoka","gruppo_name":"Hibarigaoka","usato":false},"geometry":{"type":"Polygon","coordinates":[[[139.54467,35.75185],[139.53964,35.74561],[139.53897,35.74585],[139.53801,35.74402],[139.53688,35.74306],[139.53693,35.74255],[139.53337,35.74134],[139.5332,35.74177],[139.53145,35.74017],[139.52739,35.74368],[139.5287,35.74483],[139.53329,35.74456],[139.54244,35.75284],[139.54467,35.75185]]]}},{"type":"Feature","bbox":[139.54244,35.74945,139.55333,35.75611],"properties":{"slug":"nishitokyo-hibarigaoka-kita","name":"Hibarigaoka kita","name_local":"ひばりが丘北","ward":"Nishitokyo","ward_slug":"nishitokyo","gruppo":"nishitokyo-hibarigaoka-kita","gruppo_name":"Hibarigaoka kita","usato":false},"geometry":{"type":"Polygon","coordinates":[[[139.55059,35.74945],[139.54244,35.75284],[139.54429,35.7545],[139.54704,35.75526],[139.54732,35.75459],[139.54676,35.75391],[139.54712,35.75352],[139.54883,35.75369],[139.55023,35.75431],[139.54992,35.75519],[139.55063,35.75536],[139.55075,35.75501],[139.55294,35.75611],[139.55333,35.75579],[139.55241,35.75407],[139.55282,35.75364],[139.55146,35.75328],[139.55059,35.74945]]]}},{"type":"Feature","bbox":[139.55515,35.7215,139.56687,35.72918],"properties":{"slug":"nishitokyo-higashi-fushimi","name":"Higashi Fushimi","name_local":"東伏見","ward":"Nishitokyo","ward_slug":"nishitokyo","gruppo":"nishitokyo-higashi-fushimi","gruppo_name":"Higashi Fushimi","usato":false},"geometry":{"type":"Polygon","coordinates":[[[139.56539,35.7215],[139.56104,35.72189],[139.55741,35.72154],[139.55769,35.72461],[139.55515,35.72892],[139.55981,35.72918],[139.56687,35.72851],[139.56541,35.72435],[139.56573,35.72301],[139.56539,35.7215]]]}},{"type":"Feature","bbox":[139.55845,35.73615,139.56911,35.74837],"properties":{"slug":"nishitokyo-higashicho","name":"Higashicho","name_local":"東町","ward":"Nishitokyo","ward_slug":"nishitokyo","gruppo":"nishitokyo-higashicho","gruppo_name":"Higashicho","usato":false},"geometry":{"type":"Polygon","coordinates":[[[139.56831,35.74068],[139.56795,35.74437],[139.56647,35.74726],[139.56657,35.74761],[139.56911,35.74782],[139.56874,35.74837],[139.55845,35.74723],[139.56733,35.73615],[139.56797,35.73788],[139.56843,35.7381],[139.56831,35.74068]]]}},{"type":"Feature","bbox":[139.54598,35.72838,139.55766,35.73853],"properties":{"slug":"nishitokyo-hoyacho","name":"Hoyacho","name_local":"保谷町","ward":"Nishitokyo","ward_slug":"nishitokyo","gruppo":"nishitokyo-hoyacho","gruppo_name":"Hoyacho","usato":false},"geometry":{"type":"Polygon","coordinates":[[[139.54678,35.7358],[139.54653,35.73121],[139.54605,35.73124],[139.54598,35.73083],[139.54759,35.73023],[139.54752,35.72967],[139.54837,35.72838],[139.55622,35.729],[139.55628,35.73043],[139.55766,35.73326],[139.55734,35.73445],[139.55659,35.73442],[139.55606,35.73689],[139.55458,35.73853],[139.5535,35.73737],[139.55293,35.73763],[139.55103,35.73719],[139.54962,35.73624],[139.54678,35.7358]]]}},{"type":"Feature","bbox":[139.5464,35.7358,139.56068,35.74703],"properties":{"slug":"nishitokyo-izumicho","name":"Izumicho","name_local":"泉町","ward":"Nishitokyo","ward_slug":"nishitokyo","gruppo":"nishitokyo-izumicho","gruppo_name":"Izumicho","usato":false},"geometry":{"type":"Polygon","coordinates":[[[139.5464,35.73895],[139.54678,35.7358],[139.54962,35.73624],[139.55103,35.73719],[139.55293,35.73763],[139.5535,35.73737],[139.56068,35.74456],[139.55858,35.74703],[139.55281,35.74397],[139.55057,35.74235],[139.54918,35.74047],[139.5464,35.73895]]]}},{"type":"Feature","bbox":[139.54094,35.73148,139.54687,35.73895],"properties":{"slug":"nishitokyo-kitaharacho","name":"Kitaharacho","name_local":"北原町","ward":"Nishitokyo","ward_slug":"nishitokyo","gruppo":"nishitokyo-kitaharacho","gruppo_name":"Kitaharacho","usato":false},"geometry":{"type":"Polygon","coordinates":[[[139.5415,35.73181],[139.54655,35.73148],[139.54687,35.73686],[139.5464,35.73895],[139.54251,35.73862],[139.54171,35.73646],[139.54172,35.73325],[139.54106,35.73324],[139.54094,35.73218],[139.5415,35.73181]]]}},{"type":"Feature","bbox":[139.55339,35.75157,139.56674,35.76156],"properties":{"slug":"nishitokyo-kitamachi","name":"Kitamachi","name_local":"北町","ward":"Nishitokyo","ward_slug":"nishitokyo","gruppo":"nishitokyo-kitamachi","gruppo_name":"Kitamachi","usato":false},"geometry":{"type":"Polygon","coordinates":[[[139.56389,35.76031],[139.56614,35.75697],[139.56663,35.75684],[139.56674,35.75561],[139.56421,35.75534],[139.5628,35.75345],[139.56145,35.75361],[139.55813,35.75261],[139.55626,35.75157],[139.55549,35.75345],[139.55339,35.75575],[139.55514,35.75589],[139.55565,35.75761],[139.55642,35.75803],[139.55644,35.75906],[139.55736,35.75908],[139.55788,35.75994],[139.55896,35.75931],[139.56215,35.7599],[139.56234,35.76022],[139.56165,35.76024],[139.56161,35.76117],[139.5629,35.76155],[139.56372,35.76156],[139.56389,35.76031]]]}},{"type":"Feature","bbox":[139.53337,35.73218,139.54346,35.74253],"properties":{"slug":"nishitokyo-midoricho","name":"Midoricho","name_local":"緑町","ward":"Nishitokyo","ward_slug":"nishitokyo","gruppo":"nishitokyo-midoricho","gruppo_name":"Midoricho","usato":false},"geometry":{"type":"Polygon","coordinates":[[[139.53337,35.74134],[139.53836,35.73356],[139.54094,35.73218],[139.54106,35.73324],[139.54172,35.73325],[139.54147,35.73457],[139.54211,35.73787],[139.54251,35.73862],[139.54346,35.73864],[139.54336,35.74246],[139.54078,35.74209],[139.5367,35.74253],[139.53337,35.74134]]]}},{"type":"Feature","bbox":[139.52836,35.72173,139.54941,35.72838],"properties":{"slug":"nishitokyo-minamicho","name":"Minamicho","name_local":"南町","ward":"Nishitokyo","ward_slug":"nishitokyo","gruppo":"nishitokyo-minamicho","gruppo_name":"Minamicho","usato":false},"geometry":{"type":"Polygon","coordinates":[[[139.54941,35.72721],[139.54936,35.72173],[139.54731,35.72203],[139.54576,35.72316],[139.54469,35.72243],[139.54239,35.72215],[139.53902,35.72252],[139.53895,35.72322],[139.5372,35.722],[139.53416,35.72304],[139.53209,35.72324],[139.52836,35.72223],[139.53221,35.72655],[139.53923,35.72703],[139.54837,35.72838],[139.54941,35.72721]]]}},{"type":"Feature","bbox":[139.52291,35.71596,139.54936,35.72324],"properties":{"slug":"nishitokyo-muk-daich","name":"Mukōdaichō","name_local":"向台町","ward":"Nishitokyo","ward_slug":"nishitokyo","gruppo":"nishitokyo-muk-daich","gruppo_name":"Mukōdaichō","usato":false},"geometry":{"type":"Polygon","coordinates":[[[139.54576,35.72316],[139.54731,35.72203],[139.54936,35.72173],[139.54935,35.71909],[139.54663,35.7188],[139.53833,35.71596],[139.53123,35.71672],[139.5301,35.71755],[139.52687,35.71865],[139.52643,35.71747],[139.52291,35.7175],[139.52299,35.71893],[139.52472,35.7193],[139.52345,35.72197],[139.52406,35.72267],[139.52582,35.72285],[139.52859,35.72223],[139.53209,35.72324],[139.53416,35.72304],[139.5372,35.722],[139.53895,35.72322],[139.53902,35.72252],[139.54078,35.72246],[139.5407,35.72208],[139.54469,35.72243],[139.54576,35.72316]]]}},{"type":"Feature","bbox":[139.55458,35.73524,139.56769,35.74456],"properties":{"slug":"nishitokyo-nakamachi","name":"Nakamachi","name_local":"中町","ward":"Nishitokyo","ward_slug":"nishitokyo","gruppo":"nishitokyo-nakamachi","gruppo_name":"Nakamachi","usato":false},"geometry":{"type":"Polygon","coordinates":[[[139.56068,35.74456],[139.55458,35.73853],[139.55606,35.73689],[139.55645,35.73543],[139.56034,35.73524],[139.56769,35.73581],[139.56068,35.74456]]]}},{"type":"Feature","bbox":[139.52351,35.73181,139.5415,35.74177],"properties":{"slug":"nishitokyo-nishiharacho","name":"Nishiharacho","name_local":"西原町","ward":"Nishitokyo","ward_slug":"nishitokyo","gruppo":"nishitokyo-nishiharacho","gruppo_name":"Nishiharacho","usato":false},"geometry":{"type":"Polygon","coordinates":[[[139.53639,35.73661],[139.53845,35.73347],[139.5415,35.73181],[139.53841,35.73203],[139.52351,35.73568],[139.52938,35.73978],[139.53149,35.7402],[139.5332,35.74177],[139.53639,35.73661]]]}},{"type":"Feature","bbox":[139.55059,35.74723,139.55845,35.75579],"properties":{"slug":"nishitokyo-sakaecho","name":"Sakaecho","name_local":"栄町","ward":"Nishitokyo","ward_slug":"nishitokyo","gruppo":"nishitokyo-sakaecho","gruppo_name":"Sakaecho","usato":false},"geometry":{"type":"Polygon","coordinates":[[[139.55059,35.74945],[139.55146,35.75328],[139.55282,35.75364],[139.55241,35.75407],[139.55333,35.75579],[139.55549,35.75345],[139.55626,35.75157],[139.55656,35.7517],[139.55845,35.74723],[139.55572,35.74735],[139.55059,35.74945]]]}},{"type":"Feature","bbox":[139.52464,35.70694,139.53834,35.71865],"properties":{"slug":"nishitokyo-sakuradutsumi","name":"Sakuradutsumi","name_local":"桜堤","ward":"Nishitokyo","ward_slug":"nishitokyo","gruppo":"nishitokyo-sakuradutsumi","gruppo_name":"Sakuradutsumi","usato":false},"geometry":{"type":"Polygon","coordinates":[[[139.53359,35.71178],[139.52924,35.71235],[139.52982,35.71763],[139.52687,35.71865],[139.52464,35.71251],[139.5275,35.7124],[139.52703,35.70992],[139.52773,35.70949],[139.53232,35.70905],[139.5322,35.70747],[139.53317,35.70721],[139.53834,35.70717],[139.53771,35.70824],[139.53759,35.71026],[139.53696,35.71084],[139.53359,35.71178]]]}},{"type":"Feature","bbox":[139.51687,35.72197,139.53281,35.73568],"properties":{"slug":"nishitokyo-shibakubocho","name":"Shibakubocho","name_local":"芝久保町","ward":"Nishitokyo","ward_slug":"nishitokyo","gruppo":"nishitokyo-shibakubocho","gruppo_name":"Shibakubocho","usato":false},"geometry":{"type":"Polygon","coordinates":[[[139.52836,35.72223],[139.53061,35.72511],[139.53281,35.72705],[139.53065,35.72782],[139.53095,35.73162],[139.52847,35.73239],[139.53092,35.73386],[139.52351,35.73568],[139.51687,35.73055],[139.51775,35.72746],[139.52327,35.72311],[139.52298,35.72285],[139.52345,35.72197],[139.52399,35.72265],[139.52582,35.72285],[139.52836,35.72223]]]}},{"type":"Feature","bbox":[139.55656,35.74723,139.56943,35.75568],"properties":{"slug":"nishitokyo-shimo-hoya","name":"Shimo Hoya","name_local":"下保谷","ward":"Nishitokyo","ward_slug":"nishitokyo","gruppo":"nishitokyo-shimo-hoya","gruppo_name":"Shimo Hoya","usato":false},"geometry":{"type":"Polygon","coordinates":[[[139.56927,35.75143],[139.56943,35.74996],[139.56791,35.75018],[139.56874,35.74837],[139.55845,35.74723],[139.55656,35.7517],[139.55813,35.75261],[139.56145,35.75361],[139.56271,35.75341],[139.56388,35.75521],[139.56568,35.75568],[139.56804,35.75506],[139.56797,35.75355],[139.56927,35.75143]]]}},{"type":"Feature","bbox":[139.52924,35.71088,139.54935,35.71909],"properties":{"slug":"nishitokyo-shinmachi","name":"Shinmachi","name_local":"新町","ward":"Nishitokyo","ward_slug":"nishitokyo","gruppo":"nishitokyo-shinmachi","gruppo_name":"Shinmachi","usato":false},"geometry":{"type":"Polygon","coordinates":[[[139.54933,35.71664],[139.5368,35.71088],[139.53229,35.71212],[139.52924,35.71235],[139.52982,35.71763],[139.53123,35.71672],[139.53833,35.71596],[139.54663,35.7188],[139.54935,35.71909],[139.54933,35.71664]]]}},{"type":"Feature","bbox":[139.5444,35.73894,139.55858,35.75202],"properties":{"slug":"nishitokyo-sumiyoshicho","name":"Sumiyoshicho","name_local":"住吉町","ward":"Nishitokyo","ward_slug":"nishitokyo","gruppo":"nishitokyo-sumiyoshicho","gruppo_name":"Sumiyoshicho","usato":false},"geometry":{"type":"Polygon","coordinates":[[[139.5444,35.75122],[139.54487,35.75121],[139.54708,35.74564],[139.54752,35.74174],[139.54633,35.73894],[139.54717,35.73908],[139.54918,35.74047],[139.55057,35.74235],[139.55281,35.74397],[139.55858,35.74703],[139.55545,35.74744],[139.5453,35.75186],[139.54471,35.75202],[139.5444,35.75122]]]}},{"type":"Feature","bbox":[139.52847,35.72655,139.54837,35.73386],"properties":{"slug":"nishitokyo-tanashicho","name":"Tanashicho","name_local":"田無町","ward":"Nishitokyo","ward_slug":"nishitokyo","gruppo":"nishitokyo-tanashicho","gruppo_name":"Tanashicho","usato":false},"geometry":{"type":"Polygon","coordinates":[[[139.53092,35.73386],[139.52847,35.73239],[139.53095,35.73162],[139.53065,35.72782],[139.53281,35.72705],[139.53221,35.72655],[139.53923,35.72703],[139.54837,35.72838],[139.54752,35.72967],[139.54759,35.73023],[139.54598,35.73083],[139.54655,35.73148],[139.53841,35.73203],[139.53092,35.73386]]]}},{"type":"Feature","bbox":[139.54837,35.71664,139.55769,35.72892],"properties":{"slug":"nishitokyo-yagisawa","name":"Yagisawa","name_local":"柳沢","ward":"Nishitokyo","ward_slug":"nishitokyo","gruppo":"nishitokyo-yagisawa","gruppo_name":"Yagisawa","usato":false},"geometry":{"type":"Polygon","coordinates":[[[139.55741,35.72154],[139.5548,35.72061],[139.54933,35.71664],[139.54913,35.72603],[139.54941,35.72721],[139.54837,35.72838],[139.55515,35.72892],[139.55769,35.72461],[139.55741,35.72154]]]}},{"type":"Feature","bbox":[139.53688,35.73864,139.5475,35.75122],"properties":{"slug":"nishitokyo-yatocho","name":"Yatocho","name_local":"谷戸町","ward":"Nishitokyo","ward_slug":"nishitokyo","gruppo":"nishitokyo-yatocho","gruppo_name":"Yatocho","usato":false},"geometry":{"type":"Polygon","coordinates":[[[139.54336,35.74246],[139.54346,35.73864],[139.54633,35.73894],[139.5475,35.7424],[139.54708,35.74564],[139.54487,35.75121],[139.5444,35.75122],[139.53964,35.74561],[139.53897,35.74585],[139.53801,35.74402],[139.53688,35.74306],[139.53693,35.74255],[139.53999,35.74216],[139.54336,35.74246]]]}},{"type":"Feature","bbox":[141.27213,24.22468,141.47304,25.44893],"properties":{"slug":"ogasawara-ioto","name":"Ioto","name_local":"硫黄島","ward":"Ogasawara","ward_slug":"ogasawara","gruppo":"ogasawara-ioto","gruppo_name":"Ioto","usato":false},"geometry":{"type":"MultiPolygon","coordinates":[[[[141.28777,24.79251],[141.28633,24.79068],[141.28505,24.78611],[141.28642,24.78512],[141.2886,24.7856],[141.29055,24.78356],[141.29174,24.77788],[141.2913,24.7745],[141.29187,24.77429],[141.29201,24.77339],[141.2887,24.7639],[141.28887,24.76111],[141.28604,24.75652],[141.28481,24.75333],[141.28479,24.7505],[141.28584,24.74787],[141.28565,24.74555],[141.28822,24.74598],[141.29002,24.74745],[141.29225,24.74845],[141.29347,24.74973],[141.29394,24.75141],[141.297,24.75361],[141.30364,24.75648],[141.30459,24.75616],[141.30528,24.75696],[141.30872,24.75848],[141.31265,24.75964],[141.32028,24.76295],[141.32361,24.76376],[141.33234,24.76854],[141.33572,24.7696],[141.33781,24.76955],[141.34059,24.77097],[141.34353,24.77166],[141.34607,24.77317],[141.34651,24.77529],[141.34763,24.77598],[141.34916,24.77799],[141.34985,24.77981],[141.35027,24.78328],[141.35007,24.78713],[141.34735,24.79245],[141.34694,24.79633],[141.34451,24.79867],[141.34106,24.80339],[141.34091,24.80478],[141.33978,24.80545],[141.33736,24.80848],[141.33012,24.81362],[141.32655,24.81418],[141.32126,24.81403],[141.31912,24.81329],[141.31734,24.81199],[141.31339,24.81188],[141.31204,24.81144],[141.30822,24.80875],[141.30452,24.80689],[141.30414,24.8063],[141.30423,24.8049],[141.30091,24.80138],[141.29601,24.79801],[141.28964,24.79482],[141.28918,24.79362],[141.28777,24.79251]]],[[[141.34097,24.80501],[141.34122,24.80435],[141.3416,24.80488],[141.34097,24.80501]]],[[[141.28638,24.79991],[141.28642,24.80153],[141.28765,24.80343],[141.28744,24.80452],[141.28811,24.80609],[141.28751,24.80724],[141.28586,24.80592],[141.28449,24.79991],[141.28468,24.7987],[141.28597,24.79774],[141.28638,24.79991]]],[[[141.45421,24.23852],[141.45363,24.23721],[141.45341,24.2347],[141.45325,24.22933],[141.45378,24.22804],[141.45371,24.2269],[141.45501,24.22543],[141.45871,24.22468],[141.46881,24.22716],[141.46977,24.22959],[141.47182,24.23236],[141.47304,24.23932],[141.47273,24.24123],[141.47224,24.24189],[141.47096,24.24183],[141.46886,24.24276],[141.46846,24.24257],[141.46208,24.24508],[141.46065,24.24503],[141.4586,24.24477],[141.45544,24.24238],[141.45421,24.23852]]],[[[141.2727,25.43589],[141.27213,25.43164],[141.27229,25.42905],[141.27519,25.4203],[141.27614,25.41944],[141.27841,25.41878],[141.28184,25.41893],[141.28762,25.42078],[141.29045,25.42239],[141.29328,25.42571],[141.29334,25.42863],[141.29224,25.43325],[141.29315,25.43634],[141.29297,25.43814],[141.29251,25.43927],[141.29051,25.44075],[141.29006,25.442],[141.29012,25.44407],[141.2881,25.44737],[141.28361,25.44893],[141.27972,25.44768],[141.27351,25.44131],[141.27281,25.43941],[141.2727,25.43589]]],[[[141.37849,24.78083],[141.37847,24.78017],[141.37905,24.78028],[141.37849,24.78083]]]]}},{"type":"Feature","bbox":[139.68623,35.56624,139.69799,35.57469],"properties":{"slug":"ota-chidori","name":"Chidori","name_local":"千鳥","ward":"Ota","ward_slug":"ota","gruppo":"ota-chidori","gruppo_name":"Chidori","usato":false},"geometry":{"type":"Polygon","coordinates":[[[139.69689,35.57162],[139.69799,35.57376],[139.69527,35.57306],[139.69268,35.57313],[139.69253,35.57469],[139.6903,35.5743],[139.69004,35.5746],[139.68642,35.57347],[139.68623,35.57303],[139.68661,35.57211],[139.6894,35.57005],[139.69046,35.57013],[139.69643,35.56624],[139.69611,35.5693],[139.69689,35.57162]]]}},{"type":"Feature","bbox":[139.70701,35.57013,139.72357,35.58297],"properties":{"slug":"ota-chuo","name":"Chuo","name_local":"中央","ward":"Ota","ward_slug":"ota","gruppo":"ota-chuo","gruppo_name":"Chuo","usato":false},"geometry":{"type":"Polygon","coordinates":[[[139.70701,35.58225],[139.71384,35.58297],[139.7151,35.5825],[139.71944,35.58294],[139.72044,35.58278],[139.72126,35.58171],[139.72357,35.58044],[139.71926,35.57013],[139.71692,35.57103],[139.71027,35.57477],[139.71205,35.57559],[139.71052,35.57819],[139.70701,35.58225]]]}},{"type":"Feature","bbox":[139.65283,35.58535,139.67784,35.60001],"properties":{"slug":"ota-denenchofu","name":"Denenchofu","name_local":"田園調布","ward":"Ota","ward_slug":"ota","gruppo":"ota-denenchofu","gruppo_name":"Denenchofu","usato":false},"geometry":{"type":"Polygon","coordinates":[[[139.67784,35.58904],[139.67432,35.59411],[139.66984,35.59923],[139.66893,35.59816],[139.66838,35.59874],[139.66711,35.59888],[139.6672,35.59952],[139.66501,35.59875],[139.66413,35.59977],[139.66268,35.5986],[139.65932,35.60001],[139.65622,35.59788],[139.65659,35.59748],[139.65559,35.59646],[139.65363,35.59728],[139.65283,35.59599],[139.65431,35.59489],[139.65822,35.59346],[139.6581,35.59315],[139.65698,35.59319],[139.65549,35.58998],[139.65864,35.58979],[139.65879,35.58943],[139.6638,35.5898],[139.66609,35.58826],[139.66888,35.58535],[139.67784,35.58904]]]}},{"type":"Feature","bbox":[139.66888,35.58118,139.68064,35.58904],"properties":{"slug":"ota-denenchofu-honcho","name":"Denenchofu honcho","name_local":"田園調布本町","ward":"Ota","ward_slug":"ota","gruppo":"ota-denenchofu-honcho","gruppo_name":"Denenchofu honcho","usato":false},"geometry":{"type":"Polygon","coordinates":[[[139.67784,35.58904],[139.66888,35.58535],[139.67057,35.58118],[139.68064,35.58452],[139.67784,35.58904]]]}},{"type":"Feature","bbox":[139.67057,35.57695,139.67975,35.58426],"properties":{"slug":"ota-denenchofu-minami","name":"Denenchofu minami","name_local":"田園調布南","ward":"Ota","ward_slug":"ota","gruppo":"ota-denenchofu-minami","gruppo_name":"Denenchofu minami","usato":false},"geometry":{"type":"Polygon","coordinates":[[[139.67145,35.57804],[139.6719,35.57695],[139.67436,35.57758],[139.67474,35.57721],[139.67552,35.57772],[139.67524,35.57798],[139.67667,35.57936],[139.67707,35.58201],[139.67816,35.58216],[139.67863,35.58292],[139.67964,35.58266],[139.67975,35.58426],[139.67057,35.58118],[139.67145,35.57804]]]}},{"type":"Feature","bbox":[139.72259,35.54911,139.74095,35.55363],"properties":{"slug":"ota-haginaka","name":"Haginaka","name_local":"萩中","ward":"Ota","ward_slug":"ota","gruppo":"ota-haginaka","gruppo_name":"Haginaka","usato":false},"geometry":{"type":"Polygon","coordinates":[[[139.72988,35.55363],[139.73121,35.55312],[139.74038,35.55237],[139.74095,35.54911],[139.72359,35.55037],[139.72259,35.55201],[139.72332,35.5526],[139.72965,35.55243],[139.72988,35.55363]]]}},{"type":"Feature","bbox":[139.74038,35.54383,139.75319,35.55237],"properties":{"slug":"ota-haneda","name":"Haneda","name_local":"羽田","ward":"Ota","ward_slug":"ota","gruppo":"ota-haneda","gruppo_name":"Haneda","usato":false},"geometry":{"type":"Polygon","coordinates":[[[139.74912,35.55125],[139.753,35.55054],[139.7524,35.54879],[139.75268,35.54799],[139.75195,35.54646],[139.75283,35.54585],[139.75319,35.54467],[139.75004,35.54475],[139.74677,35.54383],[139.74107,35.54495],[139.74038,35.55237],[139.74912,35.55125]]]}},{"type":"Feature","bbox":[139.7517,35.52097,139.82614,35.57054],"properties":{"slug":"ota-haneda-airport","name":"Haneda Airport","name_local":"羽田空港","ward":"Ota","ward_slug":"ota","gruppo":"ota-haneda-airport","gruppo_name":"Haneda Airport","usato":false},"geometry":{"type":"MultiPolygon","coordinates":[[[[139.80701,35.53108],[139.80711,35.53076],[139.80648,35.53125],[139.80429,35.53022],[139.80439,35.52967],[139.80062,35.52631],[139.80045,35.52566],[139.80181,35.52465],[139.79986,35.52292],[139.80246,35.52097],[139.82614,35.54158],[139.82306,35.54388],[139.81975,35.54245],[139.80701,35.53108]]],[[[139.7517,35.56518],[139.75786,35.5679],[139.75858,35.56644],[139.7651,35.56304],[139.77043,35.56922],[139.77097,35.56891],[139.78543,35.57054],[139.78588,35.56991],[139.78645,35.5699],[139.78677,35.56852],[139.78742,35.56767],[139.78792,35.56774],[139.7878,35.56704],[139.78901,35.56533],[139.78964,35.56519],[139.79082,35.56296],[139.7914,35.56285],[139.79216,35.56102],[139.7942,35.55821],[139.79463,35.55821],[139.79567,35.55609],[139.79634,35.55589],[139.79675,35.55465],[139.79798,35.55347],[139.79801,35.55281],[139.79957,35.55117],[139.79942,35.55083],[139.80062,35.54915],[139.80396,35.54603],[139.80774,35.54069],[139.80863,35.54009],[139.80918,35.53871],[139.7949,35.53214],[139.78761,35.5343],[139.7865,35.53578],[139.78518,35.53514],[139.78447,35.53535],[139.78196,35.53883],[139.77754,35.53393],[139.76797,35.53942],[139.75684,35.54456],[139.75319,35.54467],[139.75283,35.54585],[139.75195,35.54646],[139.75268,35.54799],[139.7524,35.54879],[139.753,35.55054],[139.75305,35.55435],[139.75239,35.55873],[139.75395,35.56268],[139.7517,35.56518]]]]}},{"type":"Feature","bbox":[139.74545,35.55054,139.75305,35.55684],"properties":{"slug":"ota-haneda-asahicho","name":"Haneda-Asahicho","name_local":"羽田旭町","ward":"Ota","ward_slug":"ota","gruppo":"ota-haneda-asahicho","gruppo_name":"Haneda-Asahicho","usato":false},"geometry":{"type":"Polygon","coordinates":[[[139.753,35.55054],[139.74545,35.55181],[139.74687,35.55439],[139.75245,35.55684],[139.75305,35.55435],[139.753,35.55054]]]}},{"type":"Feature","bbox":[139.73778,35.57577,139.74457,35.5832],"properties":{"slug":"ota-heiwa-no-nori-koen","name":"Heiwa no nori Koen","name_local":"平和の森公園","ward":"Ota","ward_slug":"ota","gruppo":"ota-heiwa-no-nori-koen","gruppo_name":"Heiwa no nori Koen","usato":false},"geometry":{"type":"Polygon","coordinates":[[[139.7437,35.57582],[139.74257,35.57577],[139.74207,35.57712],[139.74084,35.57852],[139.73999,35.5784],[139.73862,35.58048],[139.73778,35.58299],[139.73971,35.5832],[139.74023,35.58083],[139.74457,35.5759],[139.7437,35.57582]]]}},{"type":"Feature","bbox":[139.73826,35.57437,139.75398,35.59059],"properties":{"slug":"ota-heiwajima","name":"Heiwajima","name_local":"平和島","ward":"Ota","ward_slug":"ota","gruppo":"ota-heiwajima","gruppo_name":"Heiwajima","usato":false},"geometry":{"type":"Polygon","coordinates":[[[139.7437,35.57582],[139.74495,35.57437],[139.75398,35.57679],[139.74797,35.59059],[139.73826,35.58773],[139.73904,35.58395],[139.73933,35.58317],[139.73971,35.5832],[139.74023,35.58083],[139.74457,35.5759],[139.7437,35.57582]]]}},{"type":"Feature","bbox":[139.72478,35.56025,139.7319,35.56698],"properties":{"slug":"ota-higashi-kamata","name":"Higashi Kamata","name_local":"東蒲田","ward":"Ota","ward_slug":"ota","gruppo":"ota-kamata","gruppo_name":"Kamata","usato":false},"geometry":{"type":"Polygon","coordinates":[[[139.72478,35.56135],[139.72893,35.56698],[139.7297,35.56585],[139.73087,35.56589],[139.73049,35.56292],[139.73068,35.56248],[139.7319,35.56252],[139.72959,35.56115],[139.7298,35.56061],[139.72695,35.56025],[139.72478,35.56135]]]}},{"type":"Feature","bbox":[139.73783,35.55181,139.753,35.56112],"properties":{"slug":"ota-higashi-kojiya","name":"Higashi Kojiya","name_local":"東糀谷","ward":"Ota","ward_slug":"ota","gruppo":"ota-higashi-kojiya","gruppo_name":"Higashi Kojiya","usato":false},"geometry":{"type":"Polygon","coordinates":[[[139.75245,35.55684],[139.74687,35.55439],[139.74545,35.55181],[139.74038,35.55237],[139.73783,35.56094],[139.753,35.56071],[139.75239,35.55873],[139.75245,35.55684]]]}},{"type":"Feature","bbox":[139.71167,35.5917,139.71925,35.60072],"properties":{"slug":"ota-higashi-magome","name":"Higashi Magome","name_local":"東馬込","ward":"Ota","ward_slug":"ota","gruppo":"ota-higashi-magome","gruppo_name":"Higashi Magome","usato":false},"geometry":{"type":"Polygon","coordinates":[[[139.71167,35.59556],[139.71263,35.60072],[139.71448,35.60011],[139.71483,35.59941],[139.71403,35.59915],[139.71452,35.59743],[139.71758,35.59651],[139.71727,35.59584],[139.71925,35.59261],[139.71893,35.59245],[139.71915,35.59202],[139.71826,35.59179],[139.71167,35.59556]]]}},{"type":"Feature","bbox":[139.7083,35.53635,139.72259,35.55525],"properties":{"slug":"ota-higashi-rokugo","name":"Higashi rokugo","name_local":"東六郷","ward":"Ota","ward_slug":"ota","gruppo":"ota-higashi-rokugo","gruppo_name":"Higashi rokugo","usato":false},"geometry":{"type":"Polygon","coordinates":[[[139.72259,35.55206],[139.72229,35.55365],[139.72003,35.55525],[139.70919,35.54071],[139.7083,35.53635],[139.71315,35.53707],[139.71221,35.54116],[139.71297,35.54353],[139.71352,35.54345],[139.72259,35.55206]]]}},{"type":"Feature","bbox":[139.6964,35.55999,139.70882,35.56738],"properties":{"slug":"ota-higashi-yaguchi","name":"Higashi Yaguchi","name_local":"東矢口","ward":"Ota","ward_slug":"ota","gruppo":"ota-yaguchi","gruppo_name":"Yaguchi","usato":false},"geometry":{"type":"Polygon","coordinates":[[[139.70882,35.55999],[139.70661,35.5606],[139.70018,35.5638],[139.6964,35.56651],[139.70714,35.56738],[139.70882,35.56359],[139.70882,35.55999]]]}},{"type":"Feature","bbox":[139.68271,35.58804,139.6969,35.60015],"properties":{"slug":"ota-higashi-yukigaya","name":"Higashi Yukigaya","name_local":"東雪谷","ward":"Ota","ward_slug":"ota","gruppo":"ota-higashi-yukigaya","gruppo_name":"Higashi Yukigaya","usato":false},"geometry":{"type":"Polygon","coordinates":[[[139.69146,35.60015],[139.68921,35.60007],[139.68616,35.59921],[139.68405,35.59801],[139.68271,35.59665],[139.69299,35.58804],[139.69645,35.58903],[139.6969,35.59205],[139.69479,35.59468],[139.6913,35.59784],[139.69109,35.59892],[139.69146,35.60015]]]}},{"type":"Feature","bbox":[139.68064,35.57902,139.6878,35.58654],"properties":{"slug":"ota-higashiminemachi","name":"Higashiminemachi","name_local":"東嶺町","ward":"Ota","ward_slug":"ota","gruppo":"ota-higashiminemachi","gruppo_name":"Higashiminemachi","usato":false},"geometry":{"type":"Polygon","coordinates":[[[139.68615,35.58039],[139.68708,35.5831],[139.68639,35.5845],[139.68779,35.58483],[139.6878,35.58654],[139.68064,35.58452],[139.6818,35.58262],[139.68302,35.57902],[139.68615,35.58039]]]}},{"type":"Feature","bbox":[139.72359,35.54098,139.74107,35.55037],"properties":{"slug":"ota-honhaneda","name":"Honhaneda","name_local":"本羽田","ward":"Ota","ward_slug":"ota","gruppo":"ota-honhaneda","gruppo_name":"Honhaneda","usato":false},"geometry":{"type":"Polygon","coordinates":[[[139.72652,35.54505],[139.72656,35.54357],[139.7301,35.543],[139.73302,35.54102],[139.73463,35.54098],[139.73766,35.54439],[139.7394,35.5451],[139.74107,35.54495],[139.74095,35.54911],[139.72359,35.55037],[139.72432,35.54877],[139.72668,35.54612],[139.72652,35.54505]]]}},{"type":"Feature","bbox":[139.69611,35.56651,139.7124,35.58225],"properties":{"slug":"ota-ikegami","name":"Ikegami","name_local":"池上","ward":"Ota","ward_slug":"ota","gruppo":"ota-ikegami","gruppo_name":"Ikegami","usato":false},"geometry":{"type":"Polygon","coordinates":[[[139.7124,35.57345],[139.71027,35.57477],[139.71205,35.57559],[139.71052,35.57819],[139.70701,35.58225],[139.70205,35.58173],[139.69637,35.57054],[139.69611,35.56902],[139.6964,35.56651],[139.70714,35.56738],[139.70573,35.57096],[139.71166,35.57248],[139.7124,35.57345]]]}},{"type":"Feature","bbox":[139.68021,35.59504,139.68577,35.60423],"properties":{"slug":"ota-ishikawacho","name":"Ishikawacho","name_local":"石川町","ward":"Ota","ward_slug":"ota","gruppo":"ota-ishikawacho","gruppo_name":"Ishikawacho","usato":false},"geometry":{"type":"Polygon","coordinates":[[[139.68577,35.59904],[139.68524,35.60033],[139.68527,35.60214],[139.68308,35.60258],[139.68285,35.60399],[139.68061,35.60413],[139.68067,35.60145],[139.68115,35.60066],[139.68035,35.60061],[139.68021,35.59877],[139.68109,35.59874],[139.68117,35.5982],[139.68029,35.59812],[139.6808,35.59782],[139.68048,35.59754],[139.68084,35.59504],[139.68168,35.59504],[139.68388,35.59786],[139.68577,35.59904]]]}},{"type":"Feature","bbox":[139.76316,35.57602,139.7929,35.59342],"properties":{"slug":"ota-jonanjima","name":"Jonanjima","name_local":"城南島","ward":"Ota","ward_slug":"ota","gruppo":"ota-jonanjima","gruppo_name":"Jonanjima","usato":false},"geometry":{"type":"Polygon","coordinates":[[[139.7831,35.59342],[139.78445,35.5913],[139.78703,35.58938],[139.78857,35.58887],[139.7929,35.57997],[139.79289,35.57602],[139.76316,35.5762],[139.7831,35.59342]]]}},{"type":"Feature","bbox":[139.71479,35.55803,139.72893,35.56926],"properties":{"slug":"ota-kamata","name":"Kamata","name_local":"蒲田","ward":"Ota","ward_slug":"ota","gruppo":"ota-kamata","gruppo_name":"Kamata","usato":false},"geometry":{"type":"Polygon","coordinates":[[[139.72259,35.55864],[139.72214,35.55803],[139.71479,35.55938],[139.7189,35.56926],[139.72893,35.56698],[139.72259,35.55864]]]}},{"type":"Feature","bbox":[139.7131,35.55525,139.72214,35.55941],"properties":{"slug":"ota-kamata-honcho","name":"Kamata honcho","name_local":"蒲田本町","ward":"Ota","ward_slug":"ota","gruppo":"ota-kamata-honcho","gruppo_name":"Kamata honcho","usato":false},"geometry":{"type":"Polygon","coordinates":[[[139.72214,35.55803],[139.72003,35.55525],[139.71902,35.55559],[139.7131,35.5557],[139.71445,35.55941],[139.72214,35.55803]]]}},{"type":"Feature","bbox":[139.69109,35.58903,139.70371,35.60407],"properties":{"slug":"ota-kamiikedai","name":"Kamiikedai","name_local":"上池台","ward":"Ota","ward_slug":"ota","gruppo":"ota-kamiikedai","gruppo_name":"Kamiikedai","usato":false},"geometry":{"type":"Polygon","coordinates":[[[139.69796,35.60407],[139.69279,35.60052],[139.69146,35.60015],[139.69109,35.59892],[139.6913,35.59784],[139.69479,35.59468],[139.6969,35.59205],[139.69645,35.58903],[139.70125,35.5904],[139.7016,35.59211],[139.70295,35.59427],[139.70307,35.59721],[139.70371,35.5994],[139.69986,35.60163],[139.70087,35.60164],[139.69796,35.60407]]]}},{"type":"Feature","bbox":[139.75438,35.56304,139.77571,35.57621],"properties":{"slug":"ota-keihinjima","name":"Keihinjima","name_local":"京浜島","ward":"Ota","ward_slug":"ota","gruppo":"ota-keihinjima","gruppo_name":"Keihinjima","usato":false},"geometry":{"type":"Polygon","coordinates":[[[139.75438,35.57621],[139.75858,35.56644],[139.7651,35.56304],[139.77284,35.57201],[139.77571,35.57604],[139.75438,35.57621]]]}},{"type":"Feature","bbox":[139.72959,35.56061,139.73783,35.56554],"properties":{"slug":"ota-kita-kojiya","name":"Kita kojiya","name_local":"北糀谷","ward":"Ota","ward_slug":"ota","gruppo":"ota-kita-kojiya","gruppo_name":"Kita kojiya","usato":false},"geometry":{"type":"Polygon","coordinates":[[[139.7319,35.56252],[139.73381,35.5639],[139.73475,35.56551],[139.73649,35.56554],[139.73783,35.56094],[139.7298,35.56061],[139.72959,35.56115],[139.7319,35.56252]]]}},{"type":"Feature","bbox":[139.69986,35.59556,139.71263,35.60163],"properties":{"slug":"ota-kita-magome","name":"Kita Magome","name_local":"北馬込","ward":"Ota","ward_slug":"ota","gruppo":"ota-kita-magome","gruppo_name":"Kita Magome","usato":false},"geometry":{"type":"Polygon","coordinates":[[[139.71167,35.59556],[139.70154,35.60037],[139.69986,35.60163],[139.71263,35.60072],[139.71167,35.59556]]]}},{"type":"Feature","bbox":[139.68421,35.60455,139.69729,35.61308],"properties":{"slug":"ota-kita-senzoku","name":"Kita Senzoku","name_local":"北千束","ward":"Ota","ward_slug":"ota","gruppo":"ota-kita-senzoku","gruppo_name":"Kita Senzoku","usato":false},"geometry":{"type":"Polygon","coordinates":[[[139.69519,35.60811],[139.6939,35.60948],[139.69142,35.61109],[139.68616,35.61169],[139.68421,35.61308],[139.68478,35.60773],[139.68516,35.60711],[139.68474,35.60488],[139.68505,35.60455],[139.68866,35.60488],[139.6912,35.6058],[139.69704,35.60457],[139.69729,35.60472],[139.69519,35.60811]]]}},{"type":"Feature","bbox":[139.67833,35.58452,139.68993,35.59023],"properties":{"slug":"ota-kitaminemachi","name":"Kitaminemachi","name_local":"北嶺町","ward":"Ota","ward_slug":"ota","gruppo":"ota-kitaminemachi","gruppo_name":"Kitaminemachi","usato":false},"geometry":{"type":"Polygon","coordinates":[[[139.68064,35.58452],[139.67833,35.58828],[139.68139,35.59023],[139.68256,35.58748],[139.6835,35.5878],[139.68385,35.58709],[139.68814,35.58864],[139.68993,35.58716],[139.68064,35.58452]]]}},{"type":"Feature","bbox":[139.68615,35.57306,139.70058,35.58804],"properties":{"slug":"ota-kugahara","name":"Kugahara","name_local":"久が原","ward":"Ota","ward_slug":"ota","gruppo":"ota-kugahara","gruppo_name":"Kugahara","usato":false},"geometry":{"type":"Polygon","coordinates":[[[139.69299,35.58804],[139.6878,35.58654],[139.68779,35.58483],[139.68639,35.5845],[139.68708,35.5831],[139.68615,35.58037],[139.68773,35.57906],[139.68921,35.57936],[139.69031,35.57803],[139.6888,35.57713],[139.69035,35.57578],[139.69069,35.57452],[139.69253,35.57469],[139.69268,35.57313],[139.69527,35.57306],[139.69799,35.57376],[139.70058,35.57888],[139.69845,35.58317],[139.69299,35.58804]]]}},{"type":"Feature","bbox":[139.68302,35.57303,139.69069,35.58039],"properties":{"slug":"ota-minami-kugahara","name":"Minami Kugahara","name_local":"南久が原","ward":"Ota","ward_slug":"ota","gruppo":"ota-kugahara","gruppo_name":"Kugahara","usato":false},"geometry":{"type":"Polygon","coordinates":[[[139.68615,35.58039],[139.68302,35.57902],[139.6847,35.574],[139.68623,35.57303],[139.68642,35.57347],[139.69069,35.57452],[139.69035,35.57578],[139.6888,35.57713],[139.69031,35.57803],[139.68921,35.57936],[139.68773,35.57906],[139.68615,35.58039]]]}},{"type":"Feature","bbox":[139.70205,35.58173,139.72044,35.59556],"properties":{"slug":"ota-minami-magome","name":"Minami Magome","name_local":"南馬込","ward":"Ota","ward_slug":"ota","gruppo":"ota-minami-magome","gruppo_name":"Minami Magome","usato":false},"geometry":{"type":"Polygon","coordinates":[[[139.71167,35.59556],[139.71867,35.5917],[139.72044,35.58278],[139.7151,35.5825],[139.71384,35.58297],[139.70205,35.58173],[139.7107,35.59306],[139.71167,35.59556]]]}},{"type":"Feature","bbox":[139.6843,35.59904,139.69801,35.6058],"properties":{"slug":"ota-minami-senzoku","name":"Minami Senzoku","name_local":"南千束","ward":"Ota","ward_slug":"ota","gruppo":"ota-minami-senzoku","gruppo_name":"Minami Senzoku","usato":false},"geometry":{"type":"Polygon","coordinates":[[[139.68474,35.60488],[139.68505,35.60455],[139.68779,35.6047],[139.6912,35.6058],[139.69678,35.60451],[139.69729,35.60472],[139.69801,35.6041],[139.69245,35.60037],[139.68908,35.60004],[139.68577,35.59904],[139.68524,35.60033],[139.68527,35.60214],[139.6843,35.60224],[139.68474,35.60488]]]}},{"type":"Feature","bbox":[139.67784,35.58709,139.69299,35.59665],"properties":{"slug":"ota-minami-yukigaya","name":"Minami Yukigaya","name_local":"南雪谷","ward":"Ota","ward_slug":"ota","gruppo":"ota-minami-yukigaya","gruppo_name":"Minami Yukigaya","usato":false},"geometry":{"type":"Polygon","coordinates":[[[139.68271,35.59665],[139.68148,35.59466],[139.68055,35.59169],[139.67784,35.58904],[139.67833,35.58828],[139.68139,35.59023],[139.68256,35.58748],[139.6835,35.5878],[139.68385,35.58709],[139.68814,35.58864],[139.68993,35.58716],[139.69299,35.58804],[139.68271,35.59665]]]}},{"type":"Feature","bbox":[139.72003,35.55206,139.72988,35.56135],"properties":{"slug":"ota-minamikamata","name":"Minamikamata","name_local":"南蒲田","ward":"Ota","ward_slug":"ota","gruppo":"ota-kamata","gruppo_name":"Kamata","usato":false},"geometry":{"type":"Polygon","coordinates":[[[139.72259,35.55206],[139.72229,35.55365],[139.72003,35.55525],[139.72478,35.56135],[139.72666,35.56031],[139.72838,35.56032],[139.72737,35.55737],[139.72641,35.55613],[139.72988,35.55363],[139.72965,35.55243],[139.72332,35.5526],[139.72259,35.55206]]]}},{"type":"Feature","bbox":[139.71221,35.53707,139.72668,35.55206],"properties":{"slug":"ota-minamirokugo","name":"Minamirokugo","name_local":"南六郷","ward":"Ota","ward_slug":"ota","gruppo":"ota-minamirokugo","gruppo_name":"Minamirokugo","usato":false},"geometry":{"type":"Polygon","coordinates":[[[139.71315,35.53707],[139.7182,35.53831],[139.72294,35.54187],[139.72656,35.54357],[139.72668,35.54612],[139.72432,35.54877],[139.72259,35.55206],[139.71352,35.54345],[139.71297,35.54353],[139.71221,35.54116],[139.71315,35.53707]]]}},{"type":"Feature","bbox":[139.69299,35.57888,139.70297,35.5904],"properties":{"slug":"ota-naka-ikegami","name":"Naka Ikegami","name_local":"仲池上","ward":"Ota","ward_slug":"ota","gruppo":"ota-naka-ikegami","gruppo_name":"Naka Ikegami","usato":false},"geometry":{"type":"Polygon","coordinates":[[[139.70125,35.5904],[139.69299,35.58804],[139.69845,35.58317],[139.70058,35.57888],[139.70297,35.58294],[139.70226,35.58393],[139.70125,35.5904]]]}},{"type":"Feature","bbox":[139.70125,35.5904,139.71167,35.5994],"properties":{"slug":"ota-naka-magome","name":"Naka Magome","name_local":"中馬込","ward":"Ota","ward_slug":"ota","gruppo":"ota-naka-magome","gruppo_name":"Naka Magome","usato":false},"geometry":{"type":"Polygon","coordinates":[[[139.70371,35.5994],[139.70307,35.59721],[139.70295,35.59427],[139.7016,35.59211],[139.70125,35.5904],[139.71067,35.59303],[139.71167,35.59556],[139.70371,35.5994]]]}},{"type":"Feature","bbox":[139.70305,35.53629,139.72002,35.55558],"properties":{"slug":"ota-naka-rokugo","name":"Naka Rokugo","name_local":"仲六郷","ward":"Ota","ward_slug":"ota","gruppo":"ota-naka-rokugo","gruppo_name":"Naka Rokugo","usato":false},"geometry":{"type":"Polygon","coordinates":[[[139.71506,35.54854],[139.70919,35.54071],[139.7083,35.53635],[139.70479,35.53629],[139.70305,35.53674],[139.70756,35.5424],[139.71319,35.55558],[139.72002,35.55538],[139.71506,35.54854]]]}},{"type":"Feature","bbox":[139.72641,35.55237,139.74038,35.56094],"properties":{"slug":"ota-nishi-kojiya","name":"Nishi Kojiya","name_local":"西糀谷","ward":"Ota","ward_slug":"ota","gruppo":"ota-nishi-kojiya","gruppo_name":"Nishi Kojiya","usato":false},"geometry":{"type":"Polygon","coordinates":[[[139.72988,35.55363],[139.73121,35.55312],[139.74038,35.55237],[139.73783,35.56094],[139.72838,35.56032],[139.72737,35.55737],[139.72641,35.55613],[139.72988,35.55363]]]}},{"type":"Feature","bbox":[139.70125,35.58294,139.71067,35.59303],"properties":{"slug":"ota-nishi-magome","name":"Nishi Magome","name_local":"西馬込","ward":"Ota","ward_slug":"ota","gruppo":"ota-nishi-magome","gruppo_name":"Nishi Magome","usato":false},"geometry":{"type":"Polygon","coordinates":[[[139.70125,35.5904],[139.70226,35.58393],[139.70297,35.58294],[139.71067,35.59303],[139.70125,35.5904]]]}},{"type":"Feature","bbox":[139.67685,35.57847,139.68302,35.58452],"properties":{"slug":"ota-nishiminemachi","name":"Nishiminemachi","name_local":"西嶺町","ward":"Ota","ward_slug":"ota","gruppo":"ota-nishiminemachi","gruppo_name":"Nishiminemachi","usato":false},"geometry":{"type":"Polygon","coordinates":[[[139.68064,35.58452],[139.6818,35.58262],[139.68302,35.57902],[139.68143,35.57847],[139.68089,35.57894],[139.6792,35.57889],[139.6776,35.58035],[139.67685,35.57995],[139.67707,35.58201],[139.67816,35.58216],[139.67863,35.58292],[139.67964,35.58266],[139.67975,35.58426],[139.68064,35.58452]]]}},{"type":"Feature","bbox":[139.69789,35.53674,139.71358,35.55685],"properties":{"slug":"ota-nishirokugo","name":"Nishirokugo","name_local":"西六郷","ward":"Ota","ward_slug":"ota","gruppo":"ota-nishirokugo","gruppo_name":"Nishirokugo","usato":false},"geometry":{"type":"Polygon","coordinates":[[[139.71358,35.55685],[139.71126,35.55628],[139.70802,35.55469],[139.70492,35.55501],[139.70307,35.55332],[139.70422,35.55165],[139.7037,35.54968],[139.69844,35.5454],[139.69801,35.54438],[139.69813,35.54112],[139.69941,35.53899],[139.70073,35.53786],[139.70305,35.53674],[139.70756,35.5424],[139.71358,35.55685]]]}},{"type":"Feature","bbox":[139.73395,35.5649,139.7469,35.57918],"properties":{"slug":"ota-omori-higashi","name":"Omori higashi","name_local":"大森東","ward":"Ota","ward_slug":"ota","gruppo":"ota-omori-higashi","gruppo_name":"Omori higashi","usato":false},"geometry":{"type":"Polygon","coordinates":[[[139.74384,35.57113],[139.73975,35.57429],[139.74084,35.57387],[139.74189,35.57498],[139.7442,35.57524],[139.7437,35.57582],[139.74257,35.57577],[139.74207,35.57712],[139.74084,35.57852],[139.73999,35.5784],[139.73952,35.57918],[139.73788,35.57825],[139.73831,35.57729],[139.73513,35.57764],[139.73395,35.57383],[139.73649,35.56554],[139.73868,35.5649],[139.74,35.56635],[139.7469,35.5694],[139.74459,35.57116],[139.74384,35.57113]]]}},{"type":"Feature","bbox":[139.73513,35.57729,139.73952,35.58811],"properties":{"slug":"ota-omori-honcho","name":"Omori honcho","name_local":"大森本町","ward":"Ota","ward_slug":"ota","gruppo":"ota-omori-honcho","gruppo_name":"Omori honcho","usato":false},"geometry":{"type":"Polygon","coordinates":[[[139.73952,35.57918],[139.73862,35.58048],[139.73778,35.58299],[139.73933,35.58317],[139.73826,35.58773],[139.73805,35.58811],[139.73577,35.58793],[139.73664,35.58233],[139.73513,35.57764],[139.73831,35.57729],[139.73788,35.57825],[139.73952,35.57918]]]}},{"type":"Feature","bbox":[139.72357,35.57764,139.73664,35.59028],"properties":{"slug":"ota-omori-kita","name":"Omori Kita","name_local":"大森北","ward":"Ota","ward_slug":"ota","gruppo":"ota-omori-kita","gruppo_name":"Omori Kita","usato":false},"geometry":{"type":"Polygon","coordinates":[[[139.72357,35.58044],[139.72547,35.58482],[139.72888,35.59028],[139.72939,35.59007],[139.72925,35.58959],[139.72988,35.58946],[139.72939,35.58838],[139.72991,35.58728],[139.73566,35.58724],[139.73664,35.58233],[139.73513,35.57764],[139.72357,35.58044]]]}},{"type":"Feature","bbox":[139.72893,35.56248,139.73649,35.57383],"properties":{"slug":"ota-omori-naka","name":"Omori Naka","name_local":"大森中","ward":"Ota","ward_slug":"ota","gruppo":"ota-omori-naka","gruppo_name":"Omori Naka","usato":false},"geometry":{"type":"Polygon","coordinates":[[[139.73395,35.57383],[139.72893,35.56698],[139.7297,35.56585],[139.73087,35.56589],[139.73068,35.56248],[139.7319,35.56252],[139.73313,35.56338],[139.73475,35.56551],[139.73649,35.56554],[139.73395,35.57383]]]}},{"type":"Feature","bbox":[139.7189,35.56698,139.73513,35.58044],"properties":{"slug":"ota-omori-nishi","name":"Omori nishi","name_local":"大森西","ward":"Ota","ward_slug":"ota","gruppo":"ota-omori-nishi","gruppo_name":"Omori nishi","usato":false},"geometry":{"type":"Polygon","coordinates":[[[139.73035,35.56883],[139.73395,35.57383],[139.73513,35.57764],[139.72357,35.58044],[139.7189,35.56926],[139.72893,35.56698],[139.73035,35.56883]]]}},{"type":"Feature","bbox":[139.73649,35.56071,139.75395,35.5694],"properties":{"slug":"ota-oomori-minami","name":"Oomori Minami","name_local":"大森南","ward":"Ota","ward_slug":"ota","gruppo":"ota-oomori-minami","gruppo_name":"Oomori Minami","usato":false},"geometry":{"type":"Polygon","coordinates":[[[139.7469,35.5694],[139.74,35.56635],[139.73868,35.5649],[139.73649,35.56554],[139.73783,35.56094],[139.753,35.56071],[139.75395,35.56268],[139.75126,35.56564],[139.7469,35.5694]]]}},{"type":"Feature","bbox":[139.78857,35.57997,139.81171,35.59768],"properties":{"slug":"ota-reiwajima","name":"Reiwajima","name_local":"令和島","ward":"Ota","ward_slug":"ota","gruppo":"ota-reiwajima","gruppo_name":"Reiwajima","usato":false},"geometry":{"type":"Polygon","coordinates":[[[139.7929,35.57997],[139.79742,35.58099],[139.81171,35.58865],[139.80444,35.59768],[139.78857,35.58887],[139.7929,35.57997]]]}},{"type":"Feature","bbox":[139.71853,35.58044,139.73039,35.59455],"properties":{"slug":"ota-sanno","name":"Sanno","name_local":"山王","ward":"Ota","ward_slug":"ota","gruppo":"ota-sanno","gruppo_name":"Sanno","usato":false},"geometry":{"type":"Polygon","coordinates":[[[139.71915,35.59202],[139.71853,35.59145],[139.72048,35.58267],[139.72126,35.58171],[139.72357,35.58044],[139.72638,35.58643],[139.72888,35.59028],[139.72933,35.59009],[139.73039,35.59216],[139.72917,35.59272],[139.72893,35.59388],[139.72808,35.59455],[139.72653,35.59413],[139.72192,35.5945],[139.72099,35.59443],[139.72028,35.59259],[139.71915,35.59202]]]}},{"type":"Feature","bbox":[139.6736,35.5583,139.69064,35.5738],"properties":{"slug":"ota-shimomaruko","name":"Shimomaruko","name_local":"下丸子","ward":"Ota","ward_slug":"ota","gruppo":"ota-shimomaruko","gruppo_name":"Shimomaruko","usato":false},"geometry":{"type":"Polygon","coordinates":[[[139.68661,35.57211],[139.68429,35.5726],[139.68319,35.57348],[139.68138,35.57266],[139.68056,35.57107],[139.67993,35.57195],[139.67852,35.57144],[139.67795,35.57261],[139.67738,35.57242],[139.67684,35.5738],[139.6736,35.57295],[139.6764,35.56604],[139.67879,35.56299],[139.68807,35.5583],[139.68896,35.5596],[139.68924,35.56101],[139.6885,35.56216],[139.68976,35.56369],[139.69064,35.56618],[139.69001,35.56861],[139.69042,35.56873],[139.69007,35.56952],[139.68661,35.57211]]]}},{"type":"Feature","bbox":[139.70306,35.55458,139.71445,35.56265],"properties":{"slug":"ota-shin-kamata","name":"Shin Kamata","name_local":"新蒲田","ward":"Ota","ward_slug":"ota","gruppo":"ota-kamata","gruppo_name":"Kamata","usato":false},"geometry":{"type":"Polygon","coordinates":[[[139.70492,35.55501],[139.70431,35.55563],[139.70416,35.55709],[139.70375,35.5571],[139.70306,35.56265],[139.70783,35.56015],[139.71445,35.55941],[139.71358,35.55685],[139.71126,35.55628],[139.70802,35.55469],[139.70492,35.55501]]]}},{"type":"Feature","bbox":[139.74459,35.56518,139.75786,35.57679],"properties":{"slug":"ota-showajima","name":"Showajima","name_local":"昭和島","ward":"Ota","ward_slug":"ota","gruppo":"ota-showajima","gruppo_name":"Showajima","usato":false},"geometry":{"type":"Polygon","coordinates":[[[139.74495,35.57437],[139.74459,35.57116],[139.7517,35.56518],[139.75786,35.5679],[139.75398,35.57679],[139.74495,35.57437]]]}},{"type":"Feature","bbox":[139.69624,35.55332,139.70504,35.56624],"properties":{"slug":"ota-tamagawa","name":"Tamagawa","name_local":"多摩川","ward":"Ota","ward_slug":"ota","gruppo":"ota-tamagawa","gruppo_name":"Tamagawa","usato":false},"geometry":{"type":"Polygon","coordinates":[[[139.69624,35.55633],[139.6972,35.5598],[139.69643,35.56624],[139.70018,35.5638],[139.70306,35.56265],[139.70375,35.5571],[139.70416,35.55709],[139.70431,35.55563],[139.70504,35.55524],[139.70307,35.55332],[139.69934,35.55569],[139.69624,35.55633]]]}},{"type":"Feature","bbox":[139.74849,35.5762,139.7831,35.59902],"properties":{"slug":"ota-tokai","name":"Tokai","name_local":"東海","ward":"Ota","ward_slug":"ota","gruppo":"ota-tokai","gruppo_name":"Tokai","usato":false},"geometry":{"type":"Polygon","coordinates":[[[139.75398,35.57679],[139.75438,35.57621],[139.76316,35.5762],[139.7831,35.59342],[139.78181,35.59684],[139.7799,35.59902],[139.7671,35.59253],[139.76534,35.59489],[139.76233,35.59495],[139.7629,35.58467],[139.75542,35.58449],[139.75526,35.58972],[139.75055,35.58988],[139.75051,35.5893],[139.74849,35.58886],[139.75398,35.57679]]]}},{"type":"Feature","bbox":[139.6719,35.57107,139.68662,35.58035],"properties":{"slug":"ota-unoki","name":"Unoki","name_local":"鵜の木","ward":"Ota","ward_slug":"ota","gruppo":"ota-unoki","gruppo_name":"Unoki","usato":false},"geometry":{"type":"Polygon","coordinates":[[[139.68319,35.57348],[139.68429,35.5726],[139.68661,35.57211],[139.68662,35.57278],[139.68438,35.57449],[139.68302,35.57902],[139.68143,35.57847],[139.68089,35.57894],[139.67949,35.5788],[139.6776,35.58035],[139.67685,35.57995],[139.67524,35.57798],[139.67552,35.57772],[139.67474,35.57721],[139.67436,35.57758],[139.6719,35.57695],[139.6736,35.57295],[139.67684,35.5738],[139.67738,35.57242],[139.67795,35.57261],[139.67852,35.57144],[139.67993,35.57195],[139.68056,35.57107],[139.68138,35.57266],[139.68319,35.57348]]]}},{"type":"Feature","bbox":[139.68807,35.55633,139.6972,35.57013],"properties":{"slug":"ota-yaguchi","name":"Yaguchi","name_local":"矢口","ward":"Ota","ward_slug":"ota","gruppo":"ota-yaguchi","gruppo_name":"Yaguchi","usato":false},"geometry":{"type":"Polygon","coordinates":[[[139.6894,35.57005],[139.6903,35.56916],[139.69042,35.56873],[139.69001,35.56861],[139.69064,35.56618],[139.68976,35.56369],[139.6885,35.56216],[139.68924,35.56101],[139.68896,35.5596],[139.68807,35.5583],[139.69001,35.55713],[139.69624,35.55633],[139.6972,35.5598],[139.69643,35.56624],[139.69046,35.57013],[139.6894,35.57005]]]}},{"type":"Feature","bbox":[139.67597,35.58904,139.68168,35.59504],"properties":{"slug":"ota-yukigaya-otsukamachi","name":"Yukigaya Otsukamachi","name_local":"雪谷大塚町","ward":"Ota","ward_slug":"ota","gruppo":"ota-yukigaya-otsukamachi","gruppo_name":"Yukigaya Otsukamachi","usato":false},"geometry":{"type":"Polygon","coordinates":[[[139.67597,35.59174],[139.68084,35.59504],[139.68168,35.59504],[139.68055,35.59169],[139.67815,35.58918],[139.67784,35.58904],[139.67597,35.59174]]]}},{"type":"Feature","bbox":[139.63472,35.65337,139.64874,35.66706],"properties":{"slug":"setagaya-akatsutsumi","name":"Akatsutsumi","name_local":"赤堤","ward":"Setagaya","ward_slug":"setagaya","gruppo":"setagaya-akatsutsumi","gruppo_name":"Akatsutsumi","usato":false},"geometry":{"type":"Polygon","coordinates":[[[139.63608,35.66699],[139.63558,35.66706],[139.63512,35.66576],[139.63611,35.66445],[139.63645,35.66145],[139.6354,35.66015],[139.63472,35.65732],[139.63757,35.65501],[139.63767,35.65391],[139.63934,35.65337],[139.64632,35.65408],[139.64539,35.65568],[139.64607,35.65681],[139.64859,35.65589],[139.64874,35.65892],[139.64822,35.66027],[139.6419,35.65982],[139.64199,35.66566],[139.64034,35.6663],[139.63935,35.66588],[139.63684,35.66612],[139.63696,35.66668],[139.63608,35.66699]]]}},{"type":"Feature","bbox":[139.603,35.64442,139.61799,35.65932],"properties":{"slug":"setagaya-chitosedai","name":"Chitosedai","name_local":"千歳台","ward":"Setagaya","ward_slug":"setagaya","gruppo":"setagaya-chitosedai","gruppo_name":"Chitosedai","usato":false},"geometry":{"type":"Polygon","coordinates":[[[139.61713,35.64899],[139.61477,35.65932],[139.603,35.65834],[139.60908,35.65483],[139.6084,35.64967],[139.61455,35.64875],[139.61387,35.64769],[139.61367,35.64611],[139.61407,35.64572],[139.61363,35.64442],[139.61799,35.6457],[139.61713,35.64899]]]}},{"type":"Feature","bbox":[139.65286,35.65029,139.66589,35.66721],"properties":{"slug":"setagaya-daita","name":"Daita","name_local":"代田","ward":"Setagaya","ward_slug":"setagaya","gruppo":"setagaya-daita","gruppo_name":"Daita","usato":false},"geometry":{"type":"Polygon","coordinates":[[[139.66514,35.65038],[139.66377,35.65029],[139.65769,35.65159],[139.65532,35.65267],[139.65414,35.65235],[139.65578,35.65642],[139.65451,35.65661],[139.65442,35.65724],[139.65299,35.65719],[139.65286,35.6583],[139.6542,35.65834],[139.65437,35.66016],[139.65517,35.66016],[139.65472,35.66116],[139.65645,35.66158],[139.65704,35.66254],[139.66025,35.66256],[139.66081,35.66582],[139.66275,35.66721],[139.66546,35.66501],[139.66589,35.66165],[139.66449,35.65958],[139.66528,35.65436],[139.66514,35.65038]]]}},{"type":"Feature","bbox":[139.66451,35.65038,139.6806,35.66114],"properties":{"slug":"setagaya-daizawa","name":"Daizawa","name_local":"代沢","ward":"Setagaya","ward_slug":"setagaya","gruppo":"setagaya-daizawa","gruppo_name":"Daizawa","usato":false},"geometry":{"type":"Polygon","coordinates":[[[139.6778,35.65971],[139.67602,35.66002],[139.67589,35.66079],[139.67388,35.66114],[139.6727,35.66106],[139.6714,35.65977],[139.66911,35.66065],[139.66844,35.65897],[139.66531,35.66003],[139.66451,35.65966],[139.66528,35.65436],[139.66514,35.65038],[139.67034,35.65144],[139.67368,35.65489],[139.6806,35.65568],[139.68059,35.65663],[139.67949,35.6572],[139.6778,35.65971]]]}},{"type":"Feature","bbox":[139.64209,35.61386,139.66644,35.62783],"properties":{"slug":"setagaya-fukasawa","name":"Fukasawa","name_local":"深沢","ward":"Setagaya","ward_slug":"setagaya","gruppo":"setagaya-fukasawa","gruppo_name":"Fukasawa","usato":false},"geometry":{"type":"Polygon","coordinates":[[[139.64925,35.61589],[139.65127,35.61779],[139.65422,35.61739],[139.65422,35.61581],[139.66017,35.61618],[139.66024,35.61389],[139.66281,35.61386],[139.66309,35.6152],[139.66474,35.61682],[139.66438,35.61744],[139.6648,35.61838],[139.66638,35.61858],[139.6657,35.62053],[139.66644,35.62086],[139.66536,35.6222],[139.66265,35.62172],[139.66194,35.6231],[139.66097,35.62345],[139.65406,35.62172],[139.65566,35.62558],[139.64801,35.62522],[139.64627,35.62783],[139.64209,35.6261],[139.64478,35.62222],[139.64621,35.61684],[139.64828,35.61677],[139.64856,35.61597],[139.64925,35.61589]]]}},{"type":"Feature","bbox":[139.61477,35.64678,139.63056,35.66015],"properties":{"slug":"setagaya-funabashi","name":"Funabashi","name_local":"船橋","ward":"Setagaya","ward_slug":"setagaya","gruppo":"setagaya-funabashi","gruppo_name":"Funabashi","usato":false},"geometry":{"type":"Polygon","coordinates":[[[139.62202,35.64678],[139.62237,35.64706],[139.61865,35.64807],[139.61713,35.64899],[139.61477,35.65932],[139.62453,35.65957],[139.62483,35.66015],[139.62648,35.65769],[139.62872,35.65627],[139.63056,35.65566],[139.62906,35.65407],[139.62786,35.65399],[139.62856,35.65283],[139.6271,35.65255],[139.62698,35.65089],[139.62594,35.65109],[139.62455,35.64735],[139.62202,35.64678]]]}},{"type":"Feature","bbox":[139.64479,35.64515,139.6508,35.65681],"properties":{"slug":"setagaya-g-tokuji","name":"Gōtokuji","name_local":"豪徳寺","ward":"Setagaya","ward_slug":"setagaya","gruppo":"setagaya-g-tokuji","gruppo_name":"Gōtokuji","usato":false},"geometry":{"type":"Polygon","coordinates":[[[139.64632,35.65408],[139.64645,35.65327],[139.64479,35.64737],[139.64658,35.64537],[139.64801,35.64515],[139.6495,35.64584],[139.6508,35.64793],[139.64929,35.64835],[139.64942,35.64892],[139.64904,35.64899],[139.65012,35.65485],[139.64953,35.6561],[139.64827,35.6559],[139.64607,35.65681],[139.64539,35.65568],[139.64632,35.65408]]]}},{"type":"Feature","bbox":[139.61332,35.65932,139.62483,35.67062],"properties":{"slug":"setagaya-hachimanyama","name":"Hachimanyama","name_local":"八幡山","ward":"Setagaya","ward_slug":"setagaya","gruppo":"setagaya-hachimanyama","gruppo_name":"Hachimanyama","usato":false},"geometry":{"type":"Polygon","coordinates":[[[139.61345,35.6705],[139.61332,35.66838],[139.61477,35.65932],[139.62453,35.65957],[139.62483,35.66015],[139.62406,35.66171],[139.61946,35.66469],[139.61647,35.66988],[139.61535,35.66902],[139.61571,35.66957],[139.61477,35.66915],[139.61345,35.6705]]]}},{"type":"Feature","bbox":[139.6538,35.66254,139.66115,35.66894],"properties":{"slug":"setagaya-hanegi","name":"Hanegi","name_local":"羽根木","ward":"Setagaya","ward_slug":"setagaya","gruppo":"setagaya-hanegi","gruppo_name":"Hanegi","usato":false},"geometry":{"type":"Polygon","coordinates":[[[139.66081,35.66582],[139.66025,35.66256],[139.65704,35.66254],[139.65733,35.66335],[139.65586,35.66366],[139.65512,35.66297],[139.65444,35.66328],[139.6538,35.66597],[139.65568,35.66642],[139.65621,35.66698],[139.65552,35.66763],[139.65945,35.66894],[139.66017,35.66847],[139.66036,35.66734],[139.66115,35.66779],[139.66081,35.66582]]]}},{"type":"Feature","bbox":[139.65591,35.66501,139.66614,35.67278],"properties":{"slug":"setagaya-hara","name":"Ōhara","name_local":"大原","ward":"Setagaya","ward_slug":"setagaya","gruppo":"setagaya-hara","gruppo_name":"Ōhara","usato":false},"geometry":{"type":"Polygon","coordinates":[[[139.66115,35.66779],[139.66036,35.66734],[139.66017,35.66847],[139.65945,35.66894],[139.65616,35.66786],[139.65591,35.66867],[139.65639,35.66882],[139.65627,35.66986],[139.65734,35.67032],[139.65721,35.67128],[139.65656,35.67142],[139.66152,35.67278],[139.66161,35.67156],[139.66606,35.67159],[139.66614,35.66852],[139.66546,35.66501],[139.66281,35.6672],[139.66081,35.66582],[139.66115,35.66779]]]}},{"type":"Feature","bbox":[139.66903,35.59174,139.68085,35.59971],"properties":{"slug":"setagaya-higashi-tamagawa","name":"Higashi Tamagawa","name_local":"東玉川","ward":"Setagaya","ward_slug":"setagaya","gruppo":"setagaya-tamagawa","gruppo_name":"Tamagawa","usato":false},"geometry":{"type":"Polygon","coordinates":[[[139.66903,35.59971],[139.67916,35.59856],[139.6808,35.59782],[139.68048,35.59754],[139.68081,35.59485],[139.67597,35.59174],[139.673,35.59567],[139.66903,35.59971]]]}},{"type":"Feature","bbox":[139.6726,35.64137,139.68556,35.65569],"properties":{"slug":"setagaya-ikejiri","name":"Ikejiri","name_local":"池尻","ward":"Setagaya","ward_slug":"setagaya","gruppo":"setagaya-ikejiri","gruppo_name":"Ikejiri","usato":false},"geometry":{"type":"Polygon","coordinates":[[[139.6726,35.65376],[139.676,35.6539],[139.67775,35.65303],[139.6789,35.65182],[139.67751,35.65107],[139.67776,35.64774],[139.68013,35.64319],[139.68112,35.64185],[139.68513,35.64137],[139.68473,35.64251],[139.68424,35.64255],[139.68502,35.6428],[139.68415,35.64459],[139.68556,35.64505],[139.68502,35.64622],[139.68437,35.646],[139.68405,35.64918],[139.68469,35.65139],[139.68246,35.65227],[139.68255,35.65276],[139.68415,35.65285],[139.68295,35.65305],[139.68315,35.65451],[139.68186,35.65449],[139.68177,35.6556],[139.67995,35.65569],[139.67392,35.65497],[139.6726,35.65376]]]}},{"type":"Feature","bbox":[139.60733,35.61144,139.62378,35.62496],"properties":{"slug":"setagaya-kamata","name":"Kamata","name_local":"鎌田","ward":"Setagaya","ward_slug":"setagaya","gruppo":"setagaya-kamata","gruppo_name":"Kamata","usato":false},"geometry":{"type":"Polygon","coordinates":[[[139.62092,35.61887],[139.61906,35.61736],[139.62008,35.61679],[139.62221,35.61391],[139.62378,35.61283],[139.62276,35.61144],[139.61832,35.6137],[139.6156,35.61328],[139.61303,35.61478],[139.61212,35.61592],[139.60885,35.61651],[139.60854,35.62047],[139.60989,35.62165],[139.60836,35.62248],[139.60733,35.62381],[139.60836,35.62404],[139.60916,35.62496],[139.6116,35.62412],[139.61324,35.62424],[139.61514,35.62298],[139.61489,35.62259],[139.61598,35.62111],[139.61822,35.62008],[139.61947,35.6189],[139.62092,35.61887]]]}},{"type":"Feature","bbox":[139.61024,35.65886,139.62927,35.6765],"properties":{"slug":"setagaya-kami-kitazawa","name":"Kami Kitazawa","name_local":"上北沢","ward":"Setagaya","ward_slug":"setagaya","gruppo":"setagaya-kitazawa","gruppo_name":"Kitazawa","usato":true},"geometry":{"type":"Polygon","coordinates":[[[139.61647,35.66988],[139.61932,35.66484],[139.62406,35.66171],[139.62573,35.65886],[139.62896,35.66306],[139.62708,35.66395],[139.62653,35.6656],[139.62764,35.66622],[139.62706,35.66662],[139.62702,35.66825],[139.62927,35.66789],[139.62915,35.66881],[139.62487,35.66926],[139.62479,35.67035],[139.62316,35.67061],[139.62317,35.67149],[139.62148,35.67264],[139.61329,35.67542],[139.61262,35.676],[139.61192,35.67547],[139.61192,35.67619],[139.61024,35.6765],[139.61178,35.67463],[139.61351,35.67374],[139.61343,35.6728],[139.61668,35.67255],[139.61647,35.66988]]]}},{"type":"Feature","bbox":[139.63183,35.60489,139.6422,35.62095],"properties":{"slug":"setagaya-kami-noge","name":"Kami noge","name_local":"上野毛","ward":"Setagaya","ward_slug":"setagaya","gruppo":"setagaya-noge","gruppo_name":"Noge","usato":false},"geometry":{"type":"Polygon","coordinates":[[[139.63853,35.62095],[139.64144,35.61836],[139.63848,35.61598],[139.6412,35.61389],[139.6414,35.61191],[139.6405,35.61102],[139.64084,35.6094],[139.64172,35.60834],[139.64152,35.60746],[139.6422,35.60682],[139.64209,35.60655],[139.64039,35.60696],[139.64019,35.60782],[139.63741,35.60738],[139.63718,35.60693],[139.63638,35.60687],[139.63297,35.60489],[139.63183,35.60611],[139.6348,35.60934],[139.63388,35.61047],[139.63249,35.61112],[139.63425,35.61199],[139.63404,35.61343],[139.63434,35.61396],[139.63687,35.61489],[139.63454,35.61913],[139.63853,35.62095]]]}},{"type":"Feature","bbox":[139.58971,35.65212,139.60306,35.66737],"properties":{"slug":"setagaya-kami-soshigaya","name":"Kami Soshigaya","name_local":"上祖師谷","ward":"Setagaya","ward_slug":"setagaya","gruppo":"setagaya-soshigaya","gruppo_name":"Soshigaya","usato":false},"geometry":{"type":"Polygon","coordinates":[[[139.60019,35.65282],[139.6027,35.65235],[139.60296,35.65292],[139.60219,35.65758],[139.60302,35.65836],[139.6026,35.65927],[139.60301,35.65961],[139.60306,35.66311],[139.59928,35.66737],[139.59669,35.66649],[139.59767,35.66533],[139.59696,35.66452],[139.59611,35.66496],[139.5954,35.66386],[139.5963,35.66283],[139.59544,35.66295],[139.5959,35.66178],[139.59533,35.66042],[139.59407,35.66056],[139.59425,35.6613],[139.59374,35.66058],[139.59052,35.66173],[139.58971,35.66085],[139.58975,35.65766],[139.59103,35.65522],[139.59243,35.65537],[139.59322,35.65212],[139.59635,35.65279],[139.60019,35.65282]]]}},{"type":"Feature","bbox":[139.60339,35.66902,139.62344,35.68079],"properties":{"slug":"setagaya-kami-takaido","name":"Kami Takaido","name_local":"上高井戸","ward":"Setagaya","ward_slug":"setagaya","gruppo":"setagaya-kami-takaido","gruppo_name":"Kami Takaido","usato":false},"geometry":{"type":"Polygon","coordinates":[[[139.61806,35.67594],[139.60691,35.68026],[139.60419,35.68079],[139.60339,35.68026],[139.60682,35.67755],[139.60749,35.67602],[139.60849,35.67643],[139.60914,35.67507],[139.60888,35.67468],[139.60929,35.67472],[139.60936,35.67399],[139.60891,35.67399],[139.6092,35.67021],[139.60938,35.67067],[139.61062,35.67086],[139.61066,35.67054],[139.61142,35.67047],[139.61131,35.66998],[139.61363,35.67062],[139.61477,35.66915],[139.61571,35.66957],[139.61535,35.66902],[139.61647,35.66988],[139.61668,35.67255],[139.61343,35.6728],[139.61351,35.67374],[139.61178,35.67463],[139.61039,35.67651],[139.61192,35.67619],[139.61192,35.67547],[139.61262,35.676],[139.61329,35.67542],[139.62098,35.67289],[139.62317,35.67149],[139.62344,35.67172],[139.61984,35.67491],[139.61806,35.67594]]]}},{"type":"Feature","bbox":[139.62115,35.62653,139.63828,35.63985],"properties":{"slug":"setagaya-kami-yoga","name":"Kami Yoga","name_local":"上用賀","ward":"Setagaya","ward_slug":"setagaya","gruppo":"setagaya-yoga","gruppo_name":"Yoga","usato":false},"geometry":{"type":"Polygon","coordinates":[[[139.62646,35.62729],[139.63018,35.62653],[139.62909,35.62996],[139.63617,35.63136],[139.63747,35.63128],[139.63828,35.63295],[139.63717,35.63534],[139.63316,35.63985],[139.62982,35.63962],[139.62115,35.63703],[139.62472,35.63232],[139.62646,35.62729]]]}},{"type":"Feature","bbox":[139.65434,35.63183,139.67223,35.64256],"properties":{"slug":"setagaya-kamiuma","name":"Kamiuma","name_local":"上馬","ward":"Setagaya","ward_slug":"setagaya","gruppo":"setagaya-kamiuma","gruppo_name":"Kamiuma","usato":false},"geometry":{"type":"Polygon","coordinates":[[[139.66083,35.64256],[139.6582,35.6419],[139.65488,35.64231],[139.65434,35.64041],[139.65592,35.63736],[139.65829,35.63843],[139.66161,35.63195],[139.66521,35.63183],[139.66533,35.63288],[139.66463,35.63391],[139.66459,35.63546],[139.66555,35.63632],[139.66879,35.63444],[139.66879,35.63681],[139.66994,35.63671],[139.67011,35.63769],[139.67218,35.63771],[139.67223,35.63891],[139.66693,35.6401],[139.66141,35.63986],[139.66083,35.64256]]]}},{"type":"Feature","bbox":[139.60158,35.65834,139.61477,35.66692],"properties":{"slug":"setagaya-kasuya","name":"Kasuya","name_local":"粕谷","ward":"Setagaya","ward_slug":"setagaya","gruppo":"setagaya-kasuya","gruppo_name":"Kasuya","usato":false},"geometry":{"type":"Polygon","coordinates":[[[139.61361,35.66643],[139.60823,35.66692],[139.60777,35.66436],[139.60666,35.66483],[139.60541,35.66461],[139.60426,35.66565],[139.60333,35.66513],[139.60294,35.66559],[139.60158,35.6648],[139.60306,35.66311],[139.60301,35.65961],[139.6026,35.65927],[139.603,35.65834],[139.61477,35.65932],[139.61361,35.66643]]]}},{"type":"Feature","bbox":[139.60197,35.63305,139.6216,35.6457],"properties":{"slug":"setagaya-kinuta","name":"Kinuta","name_local":"砧","ward":"Setagaya","ward_slug":"setagaya","gruppo":"setagaya-kinuta","gruppo_name":"Kinuta","usato":false},"geometry":{"type":"Polygon","coordinates":[[[139.60578,35.63305],[139.60686,35.6342],[139.61448,35.63505],[139.61825,35.63512],[139.61993,35.63459],[139.6216,35.63642],[139.61991,35.63887],[139.61799,35.6457],[139.60197,35.641],[139.60223,35.6396],[139.60408,35.63816],[139.60427,35.63569],[139.60553,35.63443],[139.60578,35.63305]]]}},{"type":"Feature","bbox":[139.61446,35.62729,139.62646,35.63336],"properties":{"slug":"setagaya-kinuta-park","name":"Kinuta Park","name_local":"砧公園","ward":"Setagaya","ward_slug":"setagaya","gruppo":"setagaya-kinuta-park","gruppo_name":"Kinuta Park","usato":false},"geometry":{"type":"Polygon","coordinates":[[[139.61446,35.62861],[139.62646,35.62729],[139.62447,35.63261],[139.62115,35.63205],[139.61994,35.6332],[139.61753,35.63292],[139.61771,35.63336],[139.61688,35.63333],[139.6157,35.63274],[139.61446,35.62861]]]}},{"type":"Feature","bbox":[139.58514,35.66883,139.60936,35.683],"properties":{"slug":"setagaya-kita-karasuyama","name":"Kita Karasuyama","name_local":"北烏山","ward":"Setagaya","ward_slug":"setagaya","gruppo":"setagaya-kita-karasuyama","gruppo_name":"Kita Karasuyama","usato":false},"geometry":{"type":"Polygon","coordinates":[[[139.59389,35.66883],[139.59283,35.67114],[139.59304,35.6715],[139.59011,35.67201],[139.58777,35.67417],[139.58792,35.67443],[139.587,35.67479],[139.58667,35.6776],[139.58782,35.67815],[139.58867,35.67936],[139.58747,35.68101],[139.58619,35.68106],[139.58514,35.68248],[139.58973,35.68178],[139.59197,35.6818],[139.59185,35.68215],[139.58741,35.68227],[139.58515,35.68276],[139.58641,35.683],[139.59327,35.68192],[139.59445,35.68236],[139.59709,35.68214],[139.60255,35.68081],[139.60682,35.67755],[139.60749,35.67602],[139.60849,35.67643],[139.60914,35.67507],[139.60888,35.67468],[139.60929,35.67472],[139.60899,35.67284],[139.60613,35.67322],[139.60009,35.67229],[139.59389,35.66883]]]}},{"type":"Feature","bbox":[139.58425,35.61763,139.60742,35.64438],"properties":{"slug":"setagaya-kitami","name":"Kitami","name_local":"喜多見","ward":"Setagaya","ward_slug":"setagaya","gruppo":"setagaya-kitami","gruppo_name":"Kitami","usato":false},"geometry":{"type":"Polygon","coordinates":[[[139.59603,35.61838],[139.59868,35.62225],[139.6003,35.62383],[139.60286,35.62529],[139.6058,35.62605],[139.60559,35.6278],[139.60428,35.62887],[139.60516,35.63015],[139.60607,35.62969],[139.60742,35.63038],[139.60603,35.63267],[139.60328,35.6318],[139.59998,35.63262],[139.59507,35.63499],[139.5938,35.63522],[139.59061,35.63912],[139.58725,35.64438],[139.58644,35.64273],[139.58578,35.64273],[139.5859,35.64199],[139.58425,35.6412],[139.58554,35.63792],[139.58752,35.63521],[139.58948,35.63472],[139.59152,35.63289],[139.59116,35.63099],[139.59235,35.63046],[139.59283,35.6296],[139.59221,35.62877],[139.59218,35.62751],[139.59348,35.62761],[139.59414,35.62705],[139.59354,35.62662],[139.59377,35.62627],[139.5923,35.62418],[139.59246,35.62379],[139.5912,35.62376],[139.58965,35.62459],[139.58943,35.6232],[139.58984,35.62168],[139.58918,35.6214],[139.5903,35.61836],[139.59134,35.61773],[139.59357,35.61763],[139.59603,35.61838]]]}},{"type":"Feature","bbox":[139.66489,35.65897,139.67669,35.67221],"properties":{"slug":"setagaya-kitazawa","name":"Kitazawa","name_local":"北沢","ward":"Setagaya","ward_slug":"setagaya","gruppo":"setagaya-kitazawa","gruppo_name":"Kitazawa","usato":true},"geometry":{"type":"Polygon","coordinates":[[[139.66546,35.66501],[139.66614,35.66852],[139.66606,35.67159],[139.66886,35.67153],[139.67282,35.67221],[139.67247,35.66981],[139.67319,35.66703],[139.6748,35.66393],[139.67596,35.66278],[139.67669,35.6599],[139.67602,35.66002],[139.67589,35.66079],[139.67388,35.66114],[139.6727,35.66106],[139.6714,35.65977],[139.66911,35.66065],[139.66844,35.65897],[139.66531,35.66003],[139.66489,35.65977],[139.66589,35.66165],[139.66546,35.66501]]]}},{"type":"Feature","bbox":[139.65026,35.62172,139.66249,35.63843],"properties":{"slug":"setagaya-komazawa","name":"Komazawa","name_local":"駒沢","ward":"Setagaya","ward_slug":"setagaya","gruppo":"setagaya-komazawa","gruppo_name":"Komazawa","usato":false},"geometry":{"type":"Polygon","coordinates":[[[139.65592,35.63736],[139.65503,35.63695],[139.65658,35.63449],[139.65026,35.63257],[139.65063,35.63114],[139.65369,35.63035],[139.65225,35.62987],[139.65248,35.62741],[139.65298,35.62657],[139.65383,35.62557],[139.65566,35.62558],[139.65406,35.62172],[139.65939,35.62309],[139.65953,35.62414],[139.65901,35.62518],[139.65683,35.6247],[139.65605,35.62567],[139.65728,35.62729],[139.65606,35.62749],[139.6563,35.62871],[139.65844,35.62801],[139.66186,35.62808],[139.66249,35.63028],[139.65829,35.63843],[139.65592,35.63736]]]}},{"type":"Feature","bbox":[139.65605,35.62166,139.66536,35.62897],"properties":{"slug":"setagaya-komazawa-park","name":"Komazawa Park","name_local":"駒沢公園","ward":"Setagaya","ward_slug":"setagaya","gruppo":"setagaya-komazawa-park","gruppo_name":"Komazawa Park","usato":false},"geometry":{"type":"Polygon","coordinates":[[[139.65939,35.62309],[139.66077,35.62345],[139.66174,35.62321],[139.66289,35.62166],[139.66536,35.6222],[139.66376,35.62443],[139.66345,35.62678],[139.66181,35.62748],[139.66232,35.62825],[139.66216,35.62897],[139.66173,35.62805],[139.65844,35.62801],[139.6563,35.62871],[139.65606,35.62749],[139.65728,35.62729],[139.65605,35.62567],[139.65683,35.6247],[139.65901,35.62518],[139.65953,35.62414],[139.65939,35.62309]]]}},{"type":"Feature","bbox":[139.62453,35.64502,139.63994,35.65566],"properties":{"slug":"setagaya-kyodo","name":"Kyodo","name_local":"経堂","ward":"Setagaya","ward_slug":"setagaya","gruppo":"setagaya-kyodo","gruppo_name":"Kyodo","usato":false},"geometry":{"type":"Polygon","coordinates":[[[139.63056,35.65566],[139.62906,35.65407],[139.62786,35.65399],[139.62856,35.65283],[139.6271,35.65255],[139.62698,35.65089],[139.62594,35.65109],[139.62453,35.64774],[139.62454,35.64636],[139.62887,35.6458],[139.63108,35.64502],[139.63347,35.64571],[139.63536,35.64559],[139.63621,35.64775],[139.63941,35.64773],[139.63987,35.65067],[139.6377,35.65114],[139.63504,35.65328],[139.63056,35.65566]]]}},{"type":"Feature","bbox":[139.58239,35.66042,139.59767,35.67445],"properties":{"slug":"setagaya-kyuden","name":"Kyuden","name_local":"給田","ward":"Setagaya","ward_slug":"setagaya","gruppo":"setagaya-kyuden","gruppo_name":"Kyuden","usato":false},"geometry":{"type":"Polygon","coordinates":[[[139.59013,35.66125],[139.59052,35.66173],[139.59374,35.66058],[139.59425,35.6613],[139.59407,35.66056],[139.59533,35.66042],[139.5959,35.66178],[139.59544,35.66295],[139.5963,35.66283],[139.5954,35.66386],[139.59611,35.66496],[139.59696,35.66452],[139.59767,35.66533],[139.59578,35.66804],[139.59389,35.66883],[139.59283,35.67114],[139.59304,35.6715],[139.59011,35.67201],[139.58777,35.67417],[139.58764,35.67384],[139.58625,35.67433],[139.58499,35.67396],[139.58267,35.67445],[139.58239,35.67335],[139.5887,35.67062],[139.59011,35.666],[139.58924,35.66599],[139.58839,35.66539],[139.58826,35.6647],[139.58685,35.66424],[139.58759,35.66267],[139.58926,35.66225],[139.5893,35.66169],[139.59013,35.66125]]]}},{"type":"Feature","bbox":[139.64034,35.65589,139.65734,35.67142],"properties":{"slug":"setagaya-matsubara","name":"Matsubara","name_local":"松原","ward":"Setagaya","ward_slug":"setagaya","gruppo":"setagaya-matsubara","gruppo_name":"Matsubara","usato":false},"geometry":{"type":"Polygon","coordinates":[[[139.64034,35.6663],[139.6417,35.66592],[139.64213,35.66537],[139.6419,35.65982],[139.64822,35.66027],[139.64874,35.65892],[139.64859,35.65589],[139.65451,35.65661],[139.65442,35.65724],[139.65299,35.65719],[139.65286,35.6583],[139.6542,35.65834],[139.65437,35.66016],[139.65517,35.66016],[139.65472,35.66116],[139.65658,35.66167],[139.65733,35.66335],[139.65586,35.66366],[139.65512,35.66297],[139.65444,35.66328],[139.6538,35.66597],[139.65553,35.66636],[139.65621,35.66698],[139.65552,35.66763],[139.65616,35.66786],[139.65591,35.66867],[139.65639,35.66882],[139.6563,35.66992],[139.65734,35.67032],[139.65721,35.67128],[139.6502,35.67017],[139.64576,35.6682],[139.64137,35.66754],[139.6415,35.66668],[139.64034,35.6663]]]}},{"type":"Feature","bbox":[139.67132,35.60062,139.68115,35.61303],"properties":{"slug":"setagaya-midorigaoka","name":"Midorigaoka","name_local":"緑が丘","ward":"Setagaya","ward_slug":"setagaya","gruppo":"setagaya-midorigaoka","gruppo_name":"Midorigaoka","usato":false},"geometry":{"type":"Polygon","coordinates":[[[139.67578,35.60846],[139.6772,35.60804],[139.67928,35.60579],[139.6797,35.60384],[139.67941,35.60368],[139.6802,35.60303],[139.68027,35.60062],[139.68115,35.60066],[139.68067,35.60145],[139.68081,35.60319],[139.67972,35.60854],[139.67983,35.6102],[139.67887,35.61301],[139.67634,35.6123],[139.67213,35.61303],[139.67159,35.61236],[139.67132,35.60751],[139.67578,35.60846]]]}},{"type":"Feature","bbox":[139.59389,35.66436,139.61361,35.67322],"properties":{"slug":"setagaya-minami-karasuyama","name":"Minami Karasuyama","name_local":"南烏山","ward":"Setagaya","ward_slug":"setagaya","gruppo":"setagaya-minami-karasuyama","gruppo_name":"Minami Karasuyama","usato":false},"geometry":{"type":"Polygon","coordinates":[[[139.60899,35.67284],[139.60613,35.67322],[139.60009,35.67229],[139.59389,35.66883],[139.59578,35.66804],[139.59669,35.66649],[139.59928,35.66737],[139.60158,35.6648],[139.60294,35.66559],[139.60333,35.66513],[139.60426,35.66565],[139.60541,35.66461],[139.60666,35.66483],[139.60777,35.66436],[139.60823,35.66692],[139.61361,35.66643],[139.61345,35.6705],[139.61131,35.66998],[139.61142,35.67047],[139.61066,35.67054],[139.61062,35.67086],[139.60938,35.67067],[139.6092,35.67021],[139.60899,35.67284]]]}},{"type":"Feature","bbox":[139.67143,35.64604,139.6789,35.65406],"properties":{"slug":"setagaya-mishuku","name":"Mishuku","name_local":"三宿","ward":"Setagaya","ward_slug":"setagaya","gruppo":"setagaya-mishuku","gruppo_name":"Mishuku","usato":false},"geometry":{"type":"Polygon","coordinates":[[[139.67143,35.65238],[139.67276,35.65006],[139.6719,35.64948],[139.67298,35.64843],[139.67424,35.64792],[139.67595,35.64604],[139.67802,35.64716],[139.67751,35.65107],[139.6789,35.65182],[139.67763,35.65312],[139.67616,35.65387],[139.67402,35.65406],[139.6726,35.65376],[139.67143,35.65238]]]}},{"type":"Feature","bbox":[139.631,35.64616,139.64645,35.65732],"properties":{"slug":"setagaya-miyasaka","name":"Miyasaka","name_local":"宮坂","ward":"Setagaya","ward_slug":"setagaya","gruppo":"setagaya-miyasaka","gruppo_name":"Miyasaka","usato":false},"geometry":{"type":"Polygon","coordinates":[[[139.631,35.65547],[139.63525,35.65314],[139.6377,35.65114],[139.63987,35.65067],[139.63941,35.64773],[139.63726,35.64758],[139.63705,35.64701],[139.63746,35.64653],[139.64117,35.64616],[139.64406,35.64682],[139.64479,35.64737],[139.64645,35.65327],[139.64632,35.65408],[139.63855,35.65348],[139.63754,35.65403],[139.63746,35.65513],[139.63472,35.65732],[139.63455,35.65681],[139.63381,35.65709],[139.63266,35.65587],[139.631,35.65547]]]}},{"type":"Feature","bbox":[139.63848,35.60562,139.64925,35.6236],"properties":{"slug":"setagaya-nakamachi","name":"Nakamachi","name_local":"中町","ward":"Setagaya","ward_slug":"setagaya","gruppo":"setagaya-nakamachi","gruppo_name":"Nakamachi","usato":false},"geometry":{"type":"Polygon","coordinates":[[[139.64371,35.6236],[139.64493,35.62188],[139.64621,35.61684],[139.64828,35.61677],[139.64856,35.61597],[139.64925,35.61589],[139.64794,35.61294],[139.64709,35.61327],[139.64601,35.60887],[139.64393,35.6093],[139.64656,35.60832],[139.64548,35.60562],[139.64209,35.60655],[139.6405,35.61102],[139.6414,35.61191],[139.6412,35.61389],[139.63848,35.61598],[139.64144,35.61836],[139.63853,35.62095],[139.64371,35.6236]]]}},{"type":"Feature","bbox":[139.63297,35.59756,139.64648,35.60782],"properties":{"slug":"setagaya-noge","name":"Noge","name_local":"野毛","ward":"Setagaya","ward_slug":"setagaya","gruppo":"setagaya-noge","gruppo_name":"Noge","usato":false},"geometry":{"type":"Polygon","coordinates":[[[139.64209,35.60655],[139.64548,35.60562],[139.64582,35.60433],[139.64648,35.60399],[139.64584,35.6028],[139.64525,35.59885],[139.64427,35.59756],[139.63947,35.60045],[139.63705,35.60293],[139.63508,35.60352],[139.63297,35.60489],[139.63638,35.60687],[139.63718,35.60693],[139.63741,35.60738],[139.64019,35.60782],[139.64039,35.60696],[139.64209,35.60655]]]}},{"type":"Feature","bbox":[139.66459,35.62749,139.67831,35.63891],"properties":{"slug":"setagaya-nozawa","name":"Nozawa","name_local":"野沢","ward":"Setagaya","ward_slug":"setagaya","gruppo":"setagaya-nozawa","gruppo_name":"Nozawa","usato":false},"geometry":{"type":"Polygon","coordinates":[[[139.67223,35.63891],[139.67218,35.63771],[139.67011,35.63769],[139.66994,35.63671],[139.66879,35.63681],[139.66879,35.63444],[139.66555,35.63632],[139.66459,35.63546],[139.66463,35.63391],[139.66533,35.63288],[139.66521,35.63183],[139.67207,35.62995],[139.67659,35.62749],[139.67758,35.62781],[139.67739,35.62914],[139.67831,35.63085],[139.67164,35.63493],[139.67431,35.63837],[139.67223,35.63891]]]}},{"type":"Feature","bbox":[139.61119,35.61887,139.62321,35.62861],"properties":{"slug":"setagaya-okamoto","name":"Okamoto","name_local":"岡本","ward":"Setagaya","ward_slug":"setagaya","gruppo":"setagaya-okamoto","gruppo_name":"Okamoto","usato":false},"geometry":{"type":"Polygon","coordinates":[[[139.61305,35.62428],[139.61514,35.62298],[139.61489,35.62259],[139.61598,35.62111],[139.61822,35.62008],[139.61947,35.6189],[139.62092,35.61887],[139.62253,35.6208],[139.62236,35.62139],[139.62297,35.62195],[139.62311,35.62446],[139.6224,35.62589],[139.62321,35.6277],[139.6153,35.62861],[139.61119,35.62796],[139.61305,35.62428]]]}},{"type":"Feature","bbox":[139.60428,35.62381,139.62447,35.63642],"properties":{"slug":"setagaya-okura","name":"Okura","name_local":"大蔵","ward":"Setagaya","ward_slug":"setagaya","gruppo":"setagaya-okura","gruppo_name":"Okura","usato":false},"geometry":{"type":"Polygon","coordinates":[[[139.60733,35.62381],[139.60836,35.62404],[139.60916,35.62496],[139.6116,35.62412],[139.61305,35.62428],[139.61119,35.62796],[139.61446,35.62861],[139.6157,35.63274],[139.61649,35.63316],[139.62007,35.63318],[139.62115,35.63205],[139.62447,35.63261],[139.6216,35.63642],[139.61977,35.6345],[139.61848,35.63509],[139.61653,35.63524],[139.60686,35.6342],[139.60578,35.63305],[139.60637,35.63282],[139.60603,35.63267],[139.60645,35.63165],[139.60742,35.63038],[139.60607,35.62969],[139.60516,35.63015],[139.60428,35.62887],[139.60559,35.6278],[139.60595,35.62549],[139.60733,35.62381]]]}},{"type":"Feature","bbox":[139.65662,35.59804,139.68117,35.61061],"properties":{"slug":"setagaya-okusawa","name":"Okusawa","name_local":"奥沢","ward":"Setagaya","ward_slug":"setagaya","gruppo":"setagaya-okusawa","gruppo_name":"Okusawa","usato":false},"geometry":{"type":"Polygon","coordinates":[[[139.68035,35.60061],[139.6802,35.60303],[139.67941,35.60368],[139.6797,35.60384],[139.6795,35.60541],[139.67701,35.60815],[139.67546,35.60849],[139.67343,35.60822],[139.66869,35.60659],[139.66749,35.60659],[139.6633,35.60854],[139.66349,35.60976],[139.65922,35.61061],[139.65662,35.60236],[139.66344,35.60097],[139.66419,35.60335],[139.6664,35.60289],[139.66771,35.60306],[139.66756,35.60144],[139.66894,35.6016],[139.66888,35.59976],[139.6753,35.59919],[139.6803,35.59804],[139.68117,35.5982],[139.68066,35.59901],[139.68021,35.59877],[139.68035,35.60061]]]}},{"type":"Feature","bbox":[139.65019,35.59646,139.65951,35.607],"properties":{"slug":"setagaya-oyamadai","name":"Oyamadai","name_local":"尾山台","ward":"Setagaya","ward_slug":"setagaya","gruppo":"setagaya-oyamadai","gruppo_name":"Oyamadai","usato":false},"geometry":{"type":"Polygon","coordinates":[[[139.65779,35.60602],[139.65662,35.60236],[139.65951,35.6018],[139.6577,35.59945],[139.65806,35.59905],[139.65751,35.59907],[139.65747,35.59853],[139.65622,35.59788],[139.65659,35.59748],[139.65559,35.59646],[139.65363,35.59728],[139.65448,35.59867],[139.65216,35.59954],[139.65019,35.59971],[139.65318,35.607],[139.65779,35.60602]]]}},{"type":"Feature","bbox":[139.63316,35.63806,139.64728,35.64778],"properties":{"slug":"setagaya-sakura","name":"Sakura","name_local":"桜","ward":"Setagaya","ward_slug":"setagaya","gruppo":"setagaya-sakura","gruppo_name":"Sakura","usato":false},"geometry":{"type":"Polygon","coordinates":[[[139.63536,35.64559],[139.63448,35.643],[139.63485,35.6429],[139.63407,35.63982],[139.63316,35.63985],[139.6348,35.63806],[139.63706,35.63844],[139.6409,35.64014],[139.64039,35.64023],[139.64013,35.64257],[139.64163,35.64357],[139.64291,35.64324],[139.64728,35.64518],[139.64658,35.64537],[139.64476,35.64738],[139.64293,35.64649],[139.63965,35.64621],[139.63746,35.64653],[139.63705,35.64701],[139.63726,35.64758],[139.63653,35.64778],[139.63536,35.64559]]]}},{"type":"Feature","bbox":[139.61713,35.63703,139.63536,35.64899],"properties":{"slug":"setagaya-sakuragaoka","name":"Sakuragaoka","name_local":"桜丘","ward":"Setagaya","ward_slug":"setagaya","gruppo":"setagaya-sakuragaoka","gruppo_name":"Sakuragaoka","usato":false},"geometry":{"type":"Polygon","coordinates":[[[139.62455,35.64735],[139.62202,35.64678],[139.62237,35.64706],[139.61865,35.64807],[139.61713,35.64899],[139.61991,35.63887],[139.62115,35.63703],[139.62982,35.63962],[139.63407,35.63982],[139.63485,35.6429],[139.63448,35.643],[139.63536,35.64559],[139.63347,35.64571],[139.631,35.64502],[139.62887,35.6458],[139.62489,35.64622],[139.62454,35.64636],[139.62455,35.64735]]]}},{"type":"Feature","bbox":[139.62573,35.65547,139.63645,35.66881],"properties":{"slug":"setagaya-sakurajosui","name":"Sakurajosui","name_local":"桜上水","ward":"Setagaya","ward_slug":"setagaya","gruppo":"setagaya-sakurajosui","gruppo_name":"Sakurajosui","usato":false},"geometry":{"type":"Polygon","coordinates":[[[139.62915,35.66881],[139.62927,35.66789],[139.62702,35.66825],[139.62706,35.66662],[139.62764,35.66622],[139.62653,35.6656],[139.62708,35.66395],[139.62896,35.66306],[139.62573,35.65886],[139.62607,35.65803],[139.62786,35.65676],[139.631,35.65547],[139.63266,35.65587],[139.63381,35.65709],[139.63455,35.65681],[139.6354,35.66015],[139.63645,35.66145],[139.63611,35.66445],[139.63512,35.66576],[139.63558,35.66706],[139.63608,35.66699],[139.6327,35.66821],[139.62915,35.66881]]]}},{"type":"Feature","bbox":[139.63828,35.6261,139.64627,35.63429],"properties":{"slug":"setagaya-sakurashinmachi","name":"Sakurashinmachi","name_local":"桜新町","ward":"Setagaya","ward_slug":"setagaya","gruppo":"setagaya-sakurashinmachi","gruppo_name":"Sakurashinmachi","usato":false},"geometry":{"type":"Polygon","coordinates":[[[139.64513,35.63429],[139.64014,35.63303],[139.63893,35.63401],[139.63828,35.63295],[139.64209,35.6261],[139.64627,35.62783],[139.64526,35.62912],[139.6452,35.63172],[139.64602,35.63177],[139.64513,35.63429]]]}},{"type":"Feature","bbox":[139.66083,35.63837,139.67516,35.64418],"properties":{"slug":"setagaya-sangenjaya","name":"Sangenjaya","name_local":"三軒茶屋","ward":"Setagaya","ward_slug":"setagaya","gruppo":"setagaya-sangenjaya","gruppo_name":"Sangenjaya","usato":false},"geometry":{"type":"Polygon","coordinates":[[[139.66511,35.64325],[139.6628,35.64322],[139.66083,35.64256],[139.66141,35.63986],[139.66693,35.6401],[139.67431,35.63837],[139.67516,35.63993],[139.67318,35.64173],[139.67265,35.64418],[139.66796,35.64308],[139.66511,35.64325]]]}},{"type":"Feature","bbox":[139.58681,35.63178,139.60637,35.65282],"properties":{"slug":"setagaya-seijo","name":"Seijo","name_local":"成城","ward":"Setagaya","ward_slug":"setagaya","gruppo":"setagaya-seijo","gruppo_name":"Seijo","usato":false},"geometry":{"type":"Polygon","coordinates":[[[139.60603,35.63267],[139.60637,35.63282],[139.60564,35.63322],[139.60553,35.63443],[139.60427,35.63569],[139.60408,35.63816],[139.60195,35.6402],[139.60208,35.64328],[139.60254,35.64468],[139.60189,35.64557],[139.60176,35.64681],[139.60266,35.64914],[139.60198,35.65114],[139.60019,35.65282],[139.59635,35.65279],[139.59322,35.65212],[139.59329,35.65154],[139.59207,35.65162],[139.59226,35.64599],[139.59036,35.64529],[139.58983,35.64557],[139.58977,35.64504],[139.58681,35.6462],[139.5875,35.64555],[139.58696,35.64489],[139.59061,35.63912],[139.5938,35.63522],[139.59507,35.63499],[139.59987,35.63266],[139.60358,35.63178],[139.60603,35.63267]]]}},{"type":"Feature","bbox":[139.62207,35.61168,139.63823,35.6277],"properties":{"slug":"setagaya-seta","name":"Seta","name_local":"瀬田","ward":"Setagaya","ward_slug":"setagaya","gruppo":"setagaya-seta","gruppo_name":"Seta","usato":false},"geometry":{"type":"Polygon","coordinates":[[[139.63387,35.61168],[139.63431,35.61209],[139.63404,35.61336],[139.63434,35.61396],[139.63687,35.61489],[139.63454,35.61913],[139.63823,35.62082],[139.63388,35.62235],[139.63096,35.62133],[139.62788,35.62337],[139.62646,35.62729],[139.62321,35.6277],[139.6224,35.62589],[139.62311,35.62446],[139.62297,35.62195],[139.62207,35.62053],[139.62456,35.61878],[139.62844,35.61736],[139.62873,35.61536],[139.62941,35.61425],[139.63387,35.61168]]]}},{"type":"Feature","bbox":[139.64022,35.63988,139.65544,35.64904],"properties":{"slug":"setagaya-setagaya","name":"Setagaya","name_local":"世田谷","ward":"Setagaya","ward_slug":"setagaya","gruppo":"setagaya-setagaya","gruppo_name":"Setagaya","usato":false},"geometry":{"type":"Polygon","coordinates":[[[139.64728,35.64518],[139.64291,35.64324],[139.64163,35.64357],[139.64022,35.64264],[139.64039,35.64023],[139.64235,35.64081],[139.64295,35.64026],[139.6462,35.63996],[139.65445,35.63988],[139.6544,35.6409],[139.65544,35.6438],[139.65307,35.64406],[139.65409,35.64904],[139.65143,35.64894],[139.6495,35.64584],[139.64728,35.64518]]]}},{"type":"Feature","bbox":[139.67164,35.62505,139.68661,35.64452],"properties":{"slug":"setagaya-shimouma","name":"Shimouma","name_local":"下馬","ward":"Setagaya","ward_slug":"setagaya","gruppo":"setagaya-shimouma","gruppo_name":"Shimouma","usato":false},"geometry":{"type":"Polygon","coordinates":[[[139.67431,35.63837],[139.67164,35.63493],[139.67831,35.63085],[139.67739,35.62914],[139.67758,35.62781],[139.67659,35.62749],[139.67832,35.6253],[139.67939,35.62505],[139.68126,35.62996],[139.68414,35.63424],[139.68661,35.63939],[139.68604,35.63962],[139.6854,35.64136],[139.68112,35.64185],[139.6794,35.64452],[139.67373,35.64144],[139.67516,35.63995],[139.67431,35.63837]]]}},{"type":"Feature","bbox":[139.6452,35.62522,139.65383,35.63488],"properties":{"slug":"setagaya-shinmachi","name":"Shinmachi","name_local":"新町","ward":"Setagaya","ward_slug":"setagaya","gruppo":"setagaya-shinmachi","gruppo_name":"Shinmachi","usato":false},"geometry":{"type":"Polygon","coordinates":[[[139.65225,35.62987],[139.65369,35.63035],[139.65063,35.63114],[139.64914,35.63478],[139.6472,35.63488],[139.64529,35.6338],[139.64602,35.63177],[139.6452,35.63172],[139.64529,35.62902],[139.64801,35.62522],[139.65383,35.62557],[139.65248,35.62741],[139.65225,35.62987]]]}},{"type":"Feature","bbox":[139.60019,35.641,139.61455,35.65834],"properties":{"slug":"setagaya-soshigaya","name":"Soshigaya","name_local":"祖師谷","ward":"Setagaya","ward_slug":"setagaya","gruppo":"setagaya-soshigaya","gruppo_name":"Soshigaya","usato":false},"geometry":{"type":"Polygon","coordinates":[[[139.60197,35.641],[139.61363,35.64442],[139.61407,35.64572],[139.61367,35.64611],[139.61387,35.64769],[139.61455,35.64875],[139.6084,35.64967],[139.60908,35.65483],[139.603,35.65834],[139.60219,35.65758],[139.60251,35.65461],[139.60291,35.65426],[139.6027,35.65235],[139.60019,35.65282],[139.60198,35.65114],[139.60263,35.64946],[139.60176,35.64681],[139.60189,35.64557],[139.60254,35.64468],[139.60197,35.641]]]}},{"type":"Feature","bbox":[139.66468,35.64085,139.6794,35.65238],"properties":{"slug":"setagaya-taishid","name":"Taishidō","name_local":"太子堂","ward":"Setagaya","ward_slug":"setagaya","gruppo":"setagaya-taishid","gruppo_name":"Taishidō","usato":true},"geometry":{"type":"Polygon","coordinates":[[[139.66514,35.65038],[139.66468,35.64786],[139.6658,35.64584],[139.66599,35.64462],[139.66511,35.64325],[139.66796,35.64308],[139.67265,35.64418],[139.67318,35.64173],[139.67422,35.64085],[139.67373,35.64144],[139.6794,35.64452],[139.67802,35.64716],[139.67595,35.64604],[139.6742,35.64795],[139.67234,35.649],[139.67185,35.64964],[139.67276,35.65006],[139.67265,35.65053],[139.67143,35.65238],[139.66989,35.65126],[139.66514,35.65038]]]}},{"type":"Feature","bbox":[139.61906,35.60658,139.6348,35.62053],"properties":{"slug":"setagaya-tamagawa","name":"Tamagawa","name_local":"玉川","ward":"Setagaya","ward_slug":"setagaya","gruppo":"setagaya-tamagawa","gruppo_name":"Tamagawa","usato":false},"geometry":{"type":"Polygon","coordinates":[[[139.62207,35.62053],[139.62456,35.61878],[139.62844,35.61736],[139.62873,35.61536],[139.62941,35.61425],[139.63387,35.61168],[139.63249,35.61112],[139.63388,35.61047],[139.6348,35.60934],[139.63219,35.60658],[139.63114,35.60735],[139.62864,35.60818],[139.62846,35.60792],[139.62737,35.60889],[139.62543,35.60941],[139.62427,35.61085],[139.62276,35.61144],[139.62378,35.61283],[139.62221,35.61391],[139.62008,35.61679],[139.61906,35.61736],[139.62074,35.61865],[139.62207,35.62053]]]}},{"type":"Feature","bbox":[139.6577,35.59816,139.66984,35.60335],"properties":{"slug":"setagaya-tamagawa-denenchofu","name":"Tamagawa Denenchofu","name_local":"玉川田園調布","ward":"Setagaya","ward_slug":"setagaya","gruppo":"setagaya-tamagawa-denenchofu","gruppo_name":"Tamagawa Denenchofu","usato":false},"geometry":{"type":"Polygon","coordinates":[[[139.65951,35.6018],[139.66344,35.60097],[139.66419,35.60335],[139.6664,35.60289],[139.66771,35.60306],[139.66756,35.60144],[139.66894,35.6016],[139.66888,35.59976],[139.66984,35.59923],[139.66893,35.59816],[139.66838,35.59874],[139.66711,35.59888],[139.6672,35.59952],[139.66501,35.59875],[139.66413,35.59977],[139.66268,35.5986],[139.65932,35.60001],[139.65799,35.59914],[139.6577,35.59945],[139.65951,35.6018]]]}},{"type":"Feature","bbox":[139.62646,35.62123,139.63796,35.62729],"properties":{"slug":"setagaya-tamagawadai","name":"Tamagawadai","name_local":"玉川台","ward":"Setagaya","ward_slug":"setagaya","gruppo":"setagaya-tamagawadai","gruppo_name":"Tamagawadai","usato":false},"geometry":{"type":"Polygon","coordinates":[[[139.63388,35.62235],[139.63142,35.62123],[139.62869,35.62263],[139.62759,35.62383],[139.62646,35.62729],[139.62979,35.62666],[139.63587,35.62433],[139.63796,35.62423],[139.63388,35.62235]]]}},{"type":"Feature","bbox":[139.64427,35.58998,139.65822,35.60038],"properties":{"slug":"setagaya-tamazutsumi","name":"Tamazutsumi","name_local":"玉堤","ward":"Setagaya","ward_slug":"setagaya","gruppo":"setagaya-tamazutsumi","gruppo_name":"Tamazutsumi","usato":false},"geometry":{"type":"Polygon","coordinates":[[[139.65019,35.59971],[139.65216,35.59954],[139.65448,35.59867],[139.65283,35.59599],[139.65431,35.59489],[139.65822,35.59346],[139.6581,35.59315],[139.65698,35.59319],[139.65549,35.58998],[139.65043,35.59258],[139.64876,35.59504],[139.64427,35.59756],[139.64525,35.59885],[139.64542,35.60038],[139.64765,35.60036],[139.65019,35.59971]]]}},{"type":"Feature","bbox":[139.64393,35.59971,139.66401,35.61779],"properties":{"slug":"setagaya-todoroki","name":"Todoroki","name_local":"等々力","ward":"Setagaya","ward_slug":"setagaya","gruppo":"setagaya-todoroki","gruppo_name":"Todoroki","usato":false},"geometry":{"type":"Polygon","coordinates":[[[139.64542,35.60038],[139.64765,35.60036],[139.65019,35.59971],[139.65318,35.607],[139.65779,35.60602],[139.65922,35.61061],[139.66401,35.60965],[139.66328,35.61074],[139.66331,35.61176],[139.66284,35.6118],[139.66335,35.61256],[139.66267,35.61254],[139.66281,35.61386],[139.66024,35.61389],[139.66017,35.61618],[139.65422,35.61581],[139.65422,35.61739],[139.65127,35.61779],[139.64912,35.61577],[139.64794,35.61294],[139.64709,35.61327],[139.64601,35.60887],[139.64393,35.6093],[139.64662,35.60815],[139.64544,35.60547],[139.6459,35.6042],[139.64649,35.60393],[139.64584,35.6028],[139.64542,35.60038]]]}},{"type":"Feature","bbox":[139.6348,35.63257,139.65658,35.64081],"properties":{"slug":"setagaya-tsurumaki","name":"Tsurumaki","name_local":"弦巻","ward":"Setagaya","ward_slug":"setagaya","gruppo":"setagaya-tsurumaki","gruppo_name":"Tsurumaki","usato":false},"geometry":{"type":"Polygon","coordinates":[[[139.6348,35.63806],[139.63697,35.63569],[139.63828,35.63295],[139.63893,35.63401],[139.64014,35.63303],[139.64513,35.63429],[139.64571,35.63379],[139.6472,35.63488],[139.64914,35.63478],[139.65026,35.63257],[139.65658,35.63449],[139.65503,35.63695],[139.65592,35.63736],[139.65445,35.63988],[139.6462,35.63996],[139.64295,35.64026],[139.64235,35.64081],[139.63905,35.63912],[139.6348,35.63806]]]}},{"type":"Feature","bbox":[139.64904,35.64793,139.65865,35.65672],"properties":{"slug":"setagaya-umegaoka","name":"Umegaoka","name_local":"梅丘","ward":"Setagaya","ward_slug":"setagaya","gruppo":"setagaya-umegaoka","gruppo_name":"Umegaoka","usato":false},"geometry":{"type":"Polygon","coordinates":[[[139.64953,35.6561],[139.65012,35.65485],[139.64972,35.65203],[139.64922,35.65127],[139.64929,35.64835],[139.6508,35.64793],[139.65158,35.64902],[139.65409,35.64904],[139.65444,35.64993],[139.65865,35.64993],[139.65832,35.65077],[139.65863,35.65143],[139.65532,35.65267],[139.65414,35.65235],[139.65578,35.65642],[139.65524,35.65672],[139.64953,35.6561]]]}},{"type":"Feature","bbox":[139.59603,35.61558,139.60989,35.62605],"properties":{"slug":"setagaya-unane","name":"Unane","name_local":"宇奈根","ward":"Setagaya","ward_slug":"setagaya","gruppo":"setagaya-unane","gruppo_name":"Unane","usato":false},"geometry":{"type":"Polygon","coordinates":[[[139.6058,35.62605],[139.60811,35.62274],[139.60989,35.62165],[139.60854,35.62047],[139.60885,35.61651],[139.60566,35.61558],[139.59899,35.61855],[139.59603,35.61838],[139.59868,35.62225],[139.6003,35.62383],[139.60286,35.62529],[139.6058,35.62605]]]}},{"type":"Feature","bbox":[139.65307,35.64198,139.66598,35.65143],"properties":{"slug":"setagaya-wakabayashi","name":"Wakabayashi","name_local":"若林","ward":"Setagaya","ward_slug":"setagaya","gruppo":"setagaya-wakabayashi","gruppo_name":"Wakabayashi","usato":false},"geometry":{"type":"Polygon","coordinates":[[[139.65409,35.64904],[139.65307,35.64406],[139.65544,35.6438],[139.65488,35.64231],[139.65888,35.64198],[139.6628,35.64322],[139.66511,35.64325],[139.66598,35.64447],[139.6658,35.64584],[139.66468,35.64786],[139.66514,35.65038],[139.66377,35.65029],[139.65863,35.65143],[139.65832,35.65077],[139.65865,35.64993],[139.65444,35.64993],[139.65409,35.64904]]]}},{"type":"Feature","bbox":[139.62909,35.62082,139.64371,35.63295],"properties":{"slug":"setagaya-yoga","name":"Yoga","name_local":"用賀","ward":"Setagaya","ward_slug":"setagaya","gruppo":"setagaya-yoga","gruppo_name":"Yoga","usato":false},"geometry":{"type":"Polygon","coordinates":[[[139.63018,35.62653],[139.63587,35.62433],[139.63796,35.62423],[139.63388,35.62235],[139.63823,35.62082],[139.64371,35.6236],[139.63828,35.63295],[139.63747,35.63128],[139.63617,35.63136],[139.62909,35.62996],[139.63018,35.62653]]]}},{"type":"Feature","bbox":[139.69475,35.65529,139.7018,35.66121],"properties":{"slug":"shibuya-d-genzaka","name":"Dōgenzaka","name_local":"道玄坂","ward":"Shibuya","ward_slug":"shibuya","gruppo":"shibuya-d-genzaka","gruppo_name":"Dōgenzaka","usato":true},"geometry":{"type":"Polygon","coordinates":[[[139.69616,35.65752],[139.69545,35.65845],[139.69577,35.66014],[139.69546,35.66068],[139.69625,35.66121],[139.69692,35.66052],[139.69943,35.65955],[139.70111,35.65951],[139.7018,35.65751],[139.69475,35.65529],[139.69616,35.65752]]]}},{"type":"Feature","bbox":[139.70191,35.64779,139.70651,35.65349],"properties":{"slug":"shibuya-daikanyamacho","name":"Daikanyamacho","name_local":"代官山町","ward":"Shibuya","ward_slug":"shibuya","gruppo":"shibuya-daikanyamacho","gruppo_name":"Daikanyamacho","usato":false},"geometry":{"type":"Polygon","coordinates":[[[139.70651,35.6523],[139.70545,35.65349],[139.70258,35.6499],[139.70191,35.64802],[139.70323,35.64779],[139.70449,35.64906],[139.70651,35.6523]]]}},{"type":"Feature","bbox":[139.70927,35.64149,139.72393,35.64864],"properties":{"slug":"shibuya-ebisu","name":"Ebisu","name_local":"恵比寿","ward":"Shibuya","ward_slug":"shibuya","gruppo":"shibuya-ebisu","gruppo_name":"Ebisu","usato":false},"geometry":{"type":"Polygon","coordinates":[[[139.70927,35.64765],[139.71232,35.64234],[139.71354,35.64166],[139.71414,35.64214],[139.71508,35.64204],[139.71534,35.64306],[139.71675,35.64173],[139.71928,35.64149],[139.72138,35.64373],[139.72097,35.64413],[139.72273,35.64464],[139.72281,35.64554],[139.72315,35.64549],[139.72393,35.64673],[139.72313,35.64739],[139.71893,35.64835],[139.71489,35.64789],[139.71076,35.64864],[139.70927,35.64765]]]}},{"type":"Feature","bbox":[139.70208,35.6415,139.71232,35.64765],"properties":{"slug":"shibuya-ebisu-minami","name":"Ebisu-Minami","name_local":"恵比寿南","ward":"Shibuya","ward_slug":"shibuya","gruppo":"shibuya-ebisu-minami","gruppo_name":"Ebisu-Minami","usato":false},"geometry":{"type":"Polygon","coordinates":[[[139.71162,35.64225],[139.71048,35.64203],[139.71026,35.6415],[139.70879,35.64211],[139.70652,35.64344],[139.70644,35.64404],[139.70552,35.64422],[139.70208,35.64653],[139.70763,35.64626],[139.70927,35.64765],[139.71232,35.64234],[139.71162,35.64225]]]}},{"type":"Feature","bbox":[139.70183,35.64621,139.70927,35.6523],"properties":{"slug":"shibuya-ebisu-nishi","name":"Ebisu-Nishi","name_local":"恵比寿西","ward":"Shibuya","ward_slug":"shibuya","gruppo":"shibuya-ebisu-nishi","gruppo_name":"Ebisu-Nishi","usato":false},"geometry":{"type":"Polygon","coordinates":[[[139.70927,35.64765],[139.70817,35.65006],[139.70651,35.6523],[139.70437,35.64892],[139.70323,35.64779],[139.70191,35.64802],[139.70183,35.64746],[139.70243,35.6466],[139.70718,35.64621],[139.70817,35.64654],[139.70927,35.64765]]]}},{"type":"Feature","bbox":[139.6955,35.64946,139.70092,35.65352],"properties":{"slug":"shibuya-hachiyamacho","name":"Hachiyamacho","name_local":"鉢山町","ward":"Shibuya","ward_slug":"shibuya","gruppo":"shibuya-hachiyamacho","gruppo_name":"Hachiyamacho","usato":false},"geometry":{"type":"Polygon","coordinates":[[[139.6988,35.65352],[139.69981,35.65262],[139.70003,35.65161],[139.70069,35.65171],[139.70092,35.65123],[139.69829,35.64946],[139.6955,35.65159],[139.6988,35.65352]]]}},{"type":"Feature","bbox":[139.66966,35.67197,139.67926,35.68327],"properties":{"slug":"shibuya-hatagaya","name":"Hatagaya","name_local":"幡ヶ谷","ward":"Shibuya","ward_slug":"shibuya","gruppo":"shibuya-hatagaya","gruppo_name":"Hatagaya","usato":false},"geometry":{"type":"Polygon","coordinates":[[[139.67342,35.68327],[139.67141,35.68151],[139.66966,35.68078],[139.67082,35.67577],[139.6716,35.67446],[139.67177,35.67197],[139.67282,35.67221],[139.67553,35.67528],[139.67926,35.67775],[139.67917,35.67919],[139.67836,35.68044],[139.6769,35.67994],[139.67342,35.68327]]]}},{"type":"Feature","bbox":[139.68132,35.67359,139.68886,35.6823],"properties":{"slug":"shibuya-hatsudai","name":"Hatsudai","name_local":"初台","ward":"Shibuya","ward_slug":"shibuya","gruppo":"shibuya-hatsudai","gruppo_name":"Hatsudai","usato":false},"geometry":{"type":"Polygon","coordinates":[[[139.68744,35.68172],[139.68132,35.67857],[139.68426,35.6751],[139.68778,35.67359],[139.68794,35.67707],[139.68886,35.68139],[139.68833,35.6823],[139.68744,35.68172]]]}},{"type":"Feature","bbox":[139.70545,35.64765,139.71453,35.65856],"properties":{"slug":"shibuya-higashi","name":"Higashi","name_local":"東","ward":"Shibuya","ward_slug":"shibuya","gruppo":"shibuya-higashi","gruppo_name":"Higashi","usato":false},"geometry":{"type":"Polygon","coordinates":[[[139.7096,35.64796],[139.70927,35.64765],[139.7077,35.65083],[139.70545,35.65349],[139.70838,35.65826],[139.71022,35.65837],[139.71086,35.6573],[139.71263,35.65806],[139.71265,35.65856],[139.71453,35.65728],[139.71401,35.65709],[139.71334,35.65227],[139.71129,35.64894],[139.7096,35.64796]]]}},{"type":"Feature","bbox":[139.71076,35.64739,139.72307,35.65728],"properties":{"slug":"shibuya-hiroo","name":"Hiroo","name_local":"広尾","ward":"Shibuya","ward_slug":"shibuya","gruppo":"shibuya-hiroo","gruppo_name":"Hiroo","usato":false},"geometry":{"type":"Polygon","coordinates":[[[139.71755,35.64815],[139.71918,35.64833],[139.72307,35.64739],[139.72221,35.65234],[139.72162,35.65236],[139.72197,35.6526],[139.7217,35.65392],[139.72296,35.65637],[139.72208,35.65575],[139.71824,35.65707],[139.71793,35.65641],[139.71453,35.65728],[139.71401,35.65709],[139.71332,35.6522],[139.71076,35.64864],[139.71489,35.64789],[139.71755,35.64815]]]}},{"type":"Feature","bbox":[139.67342,35.67779,139.68744,35.69216],"properties":{"slug":"shibuya-honmachi","name":"Honmachi","name_local":"本町","ward":"Shibuya","ward_slug":"shibuya","gruppo":"shibuya-honmachi","gruppo_name":"Honmachi","usato":false},"geometry":{"type":"Polygon","coordinates":[[[139.67631,35.6862],[139.68337,35.69202],[139.68448,35.69216],[139.68422,35.69181],[139.68481,35.69123],[139.68316,35.68863],[139.68403,35.68743],[139.68574,35.68777],[139.68563,35.68649],[139.68468,35.68633],[139.68477,35.68586],[139.68582,35.68348],[139.68744,35.68172],[139.68451,35.67996],[139.67925,35.67779],[139.67917,35.67919],[139.67836,35.68044],[139.6769,35.67994],[139.67342,35.68327],[139.67524,35.68468],[139.67631,35.6862]]]}},{"type":"Feature","bbox":[139.70127,35.66136,139.71669,35.67567],"properties":{"slug":"shibuya-jingumae","name":"Jingumae","name_local":"神宮前","ward":"Shibuya","ward_slug":"shibuya","gruppo":"shibuya-jingumae","gruppo_name":"Jingumae","usato":false},"geometry":{"type":"Polygon","coordinates":[[[139.71057,35.6661],[139.71085,35.66596],[139.71392,35.66942],[139.7144,35.66923],[139.71509,35.66964],[139.714,35.67036],[139.71484,35.67295],[139.71648,35.67215],[139.71669,35.67243],[139.71627,35.67322],[139.71507,35.67391],[139.71485,35.6749],[139.7127,35.67442],[139.71277,35.67567],[139.70698,35.67462],[139.70452,35.67314],[139.70301,35.67285],[139.70218,35.66976],[139.70127,35.66212],[139.70231,35.66187],[139.70291,35.66412],[139.70768,35.66136],[139.71038,35.66303],[139.70874,35.66418],[139.71057,35.6661]]]}},{"type":"Feature","bbox":[139.69181,35.65951,139.70211,35.66919],"properties":{"slug":"shibuya-jinnan","name":"Jinnan","name_local":"神南","ward":"Shibuya","ward_slug":"shibuya","gruppo":"shibuya-jinnan","gruppo_name":"Jinnan","usato":false},"geometry":{"type":"Polygon","coordinates":[[[139.69871,35.66474],[139.69695,35.66446],[139.69547,35.66361],[139.69374,35.66603],[139.69181,35.66785],[139.70032,35.6685],[139.70211,35.66919],[139.70111,35.65951],[139.70058,35.65954],[139.70082,35.66111],[139.69933,35.6622],[139.69871,35.66474]]]}},{"type":"Feature","bbox":[139.68757,35.66138,139.69543,35.66642],"properties":{"slug":"shibuya-kamiyamach","name":"Kamiyamachō","name_local":"神山町","ward":"Shibuya","ward_slug":"shibuya","gruppo":"shibuya-kamiyamach","gruppo_name":"Kamiyamachō","usato":false},"geometry":{"type":"Polygon","coordinates":[[[139.69316,35.66642],[139.69057,35.66539],[139.68936,35.66435],[139.68781,35.66417],[139.68757,35.66215],[139.68805,35.66138],[139.69143,35.6631],[139.69403,35.66233],[139.69543,35.66347],[139.69316,35.66642]]]}},{"type":"Feature","bbox":[139.69325,35.65503,139.69616,35.66005],"properties":{"slug":"shibuya-maruyamach","name":"Maruyamachō","name_local":"円山町","ward":"Shibuya","ward_slug":"shibuya","gruppo":"shibuya-maruyamach","gruppo_name":"Maruyamachō","usato":false},"geometry":{"type":"Polygon","coordinates":[[[139.69455,35.65503],[139.69331,35.65608],[139.69325,35.65702],[139.69389,35.65716],[139.69364,35.65905],[139.69551,35.66005],[139.69545,35.65845],[139.69616,35.65752],[139.69455,35.65503]]]}},{"type":"Feature","bbox":[139.6829,35.6694,139.68784,35.67454],"properties":{"slug":"shibuya-moto-yoyogicho","name":"Moto Yoyogicho","name_local":"元代々木町","ward":"Shibuya","ward_slug":"shibuya","gruppo":"shibuya-moto-yoyogicho","gruppo_name":"Moto Yoyogicho","usato":false},"geometry":{"type":"Polygon","coordinates":[[[139.68784,35.6694],[139.68778,35.67359],[139.68542,35.67454],[139.68426,35.67303],[139.6829,35.67218],[139.68344,35.67011],[139.68784,35.6694]]]}},{"type":"Feature","bbox":[139.69341,35.65177,139.699,35.65605],"properties":{"slug":"shibuya-nanpeidaicho","name":"Nanpeidaicho","name_local":"南平台町","ward":"Shibuya","ward_slug":"shibuya","gruppo":"shibuya-nanpeidaicho","gruppo_name":"Nanpeidaicho","usato":false},"geometry":{"type":"Polygon","coordinates":[[[139.6988,35.65352],[139.69572,35.65177],[139.69341,35.65386],[139.69492,35.65541],[139.6974,35.65605],[139.6988,35.65352]]]}},{"type":"Feature","bbox":[139.67282,35.66877,139.68542,35.67857],"properties":{"slug":"shibuya-nishihara","name":"Nishihara","name_local":"西原","ward":"Shibuya","ward_slug":"shibuya","gruppo":"shibuya-nishihara","gruppo_name":"Nishihara","usato":false},"geometry":{"type":"Polygon","coordinates":[[[139.68542,35.67454],[139.68426,35.67303],[139.6829,35.67218],[139.68344,35.67011],[139.68153,35.66982],[139.67932,35.66877],[139.67762,35.67023],[139.67282,35.67221],[139.67553,35.67528],[139.67925,35.67779],[139.68132,35.67857],[139.68426,35.6751],[139.68542,35.67454]]]}},{"type":"Feature","bbox":[139.67247,35.66592,139.67932,35.67221],"properties":{"slug":"shibuya-oyamacho","name":"Oyamacho","name_local":"大山町","ward":"Shibuya","ward_slug":"shibuya","gruppo":"shibuya-oyamacho","gruppo_name":"Oyamacho","usato":false},"geometry":{"type":"Polygon","coordinates":[[[139.67368,35.66592],[139.67247,35.66981],[139.67282,35.67221],[139.67762,35.67023],[139.67932,35.66877],[139.67368,35.66592]]]}},{"type":"Feature","bbox":[139.6974,35.65371,139.7044,35.65751],"properties":{"slug":"shibuya-sakuragaokacho","name":"Sakuragaokacho","name_local":"桜丘町","ward":"Shibuya","ward_slug":"shibuya","gruppo":"shibuya-sakuragaokacho","gruppo_name":"Sakuragaokacho","usato":false},"geometry":{"type":"Polygon","coordinates":[[[139.6974,35.65605],[139.7018,35.65751],[139.7044,35.65451],[139.70056,35.65426],[139.699,35.65371],[139.6974,35.65605]]]}},{"type":"Feature","bbox":[139.69829,35.64653,139.70545,35.65374],"properties":{"slug":"shibuya-sarugakuch","name":"Sarugakuchō","name_local":"猿楽町","ward":"Shibuya","ward_slug":"shibuya","gruppo":"shibuya-sarugakuch","gruppo_name":"Sarugakuchō","usato":false},"geometry":{"type":"Polygon","coordinates":[[[139.70243,35.6466],[139.70025,35.64733],[139.69829,35.64946],[139.7052,35.65374],[139.70545,35.65349],[139.70203,35.64878],[139.70183,35.64746],[139.70243,35.6466]]]}},{"type":"Feature","bbox":[139.66138,35.67142,139.67177,35.68078],"properties":{"slug":"shibuya-sasazuka","name":"Sasazuka","name_local":"笹塚","ward":"Shibuya","ward_slug":"shibuya","gruppo":"shibuya-sasazuka","gruppo_name":"Sasazuka","usato":false},"geometry":{"type":"Polygon","coordinates":[[[139.66151,35.67437],[139.66182,35.67367],[139.66147,35.67307],[139.66161,35.67156],[139.66886,35.67153],[139.67177,35.67197],[139.6716,35.67446],[139.67082,35.67577],[139.66966,35.68078],[139.66745,35.67992],[139.66531,35.67707],[139.66188,35.67567],[139.66151,35.67437]]]}},{"type":"Feature","bbox":[139.69973,35.67285,139.7145,35.68934],"properties":{"slug":"shibuya-sendagaya","name":"Sendagaya","name_local":"千駄ヶ谷","ward":"Shibuya","ward_slug":"shibuya","gruppo":"shibuya-sendagaya","gruppo_name":"Sendagaya","usato":false},"geometry":{"type":"Polygon","coordinates":[[[139.71277,35.67567],[139.70698,35.67462],[139.70452,35.67314],[139.70301,35.67285],[139.7039,35.67557],[139.70365,35.6785],[139.70167,35.6849],[139.69973,35.68877],[139.70215,35.68934],[139.70194,35.68832],[139.70279,35.6879],[139.70554,35.68783],[139.70681,35.68618],[139.70701,35.68464],[139.71127,35.68334],[139.71371,35.68168],[139.7145,35.68075],[139.71277,35.67567]]]}},{"type":"Feature","bbox":[139.68772,35.6578,139.69625,35.6631],"properties":{"slug":"shibuya-sh-t","name":"Shōtō","name_local":"松濤","ward":"Shibuya","ward_slug":"shibuya","gruppo":"shibuya-sh-t","gruppo_name":"Shōtō","usato":false},"geometry":{"type":"Polygon","coordinates":[[[139.69464,35.66284],[139.69403,35.66233],[139.69143,35.6631],[139.68772,35.66121],[139.68926,35.65847],[139.69003,35.6578],[139.69109,35.65793],[139.69577,35.66014],[139.69546,35.66068],[139.69625,35.66121],[139.69464,35.66284]]]}},{"type":"Feature","bbox":[139.70125,35.65349,139.71397,35.66412],"properties":{"slug":"shibuya-shibuya","name":"Shibuya","name_local":"渋谷","ward":"Shibuya","ward_slug":"shibuya","gruppo":"shibuya-shibuya","gruppo_name":"Shibuya","usato":false},"geometry":{"type":"Polygon","coordinates":[[[139.70545,35.65349],[139.70247,35.65665],[139.70125,35.65855],[139.70127,35.66212],[139.70231,35.66187],[139.70291,35.66412],[139.70768,35.66136],[139.71032,35.66299],[139.71219,35.66082],[139.71397,35.65974],[139.71339,35.65867],[139.71253,35.65854],[139.71263,35.65806],[139.71086,35.6573],[139.71022,35.65837],[139.70838,35.65826],[139.70545,35.65349]]]}},{"type":"Feature","bbox":[139.69003,35.65386,139.69455,35.65905],"properties":{"slug":"shibuya-shinsencho","name":"Shinsencho","name_local":"神泉町","ward":"Shibuya","ward_slug":"shibuya","gruppo":"shibuya-shinsencho","gruppo_name":"Shinsencho","usato":false},"geometry":{"type":"Polygon","coordinates":[[[139.69341,35.65386],[139.69003,35.6578],[139.69364,35.65905],[139.69389,35.65716],[139.69325,35.65702],[139.69331,35.65608],[139.69455,35.65503],[139.69341,35.65386]]]}},{"type":"Feature","bbox":[139.68266,35.66121,139.69316,35.67046],"properties":{"slug":"shibuya-tomigaya","name":"Tomigaya","name_local":"富ヶ谷","ward":"Shibuya","ward_slug":"shibuya","gruppo":"shibuya-tomigaya","gruppo_name":"Tomigaya","usato":false},"geometry":{"type":"Polygon","coordinates":[[[139.68772,35.66121],[139.6858,35.66251],[139.68266,35.66306],[139.68437,35.66577],[139.68465,35.66717],[139.68583,35.66791],[139.68791,35.6678],[139.68784,35.6694],[139.68902,35.66958],[139.69007,35.67046],[139.6909,35.67041],[139.69112,35.66877],[139.69316,35.66642],[139.69057,35.66539],[139.68936,35.66435],[139.68781,35.66417],[139.68757,35.66215],[139.68805,35.66138],[139.68772,35.66121]]]}},{"type":"Feature","bbox":[139.69464,35.65954,139.70082,35.66474],"properties":{"slug":"shibuya-udagawach","name":"Udagawachō","name_local":"宇田川町","ward":"Shibuya","ward_slug":"shibuya","gruppo":"shibuya-udagawach","gruppo_name":"Udagawachō","usato":true},"geometry":{"type":"Polygon","coordinates":[[[139.69547,35.66361],[139.69464,35.66284],[139.69692,35.66052],[139.69943,35.65955],[139.70058,35.65954],[139.70082,35.66111],[139.69933,35.6622],[139.69871,35.66474],[139.69695,35.66446],[139.69547,35.66361]]]}},{"type":"Feature","bbox":[139.67368,35.66306,139.68791,35.67009],"properties":{"slug":"shibuya-uehara","name":"Uehara","name_local":"上原","ward":"Shibuya","ward_slug":"shibuya","gruppo":"shibuya-uehara","gruppo_name":"Uehara","usato":true},"geometry":{"type":"Polygon","coordinates":[[[139.68784,35.6694],[139.68379,35.67009],[139.68201,35.66995],[139.67368,35.66592],[139.67513,35.66404],[139.6797,35.66403],[139.68266,35.66306],[139.68437,35.66577],[139.68465,35.66717],[139.68583,35.66791],[139.68791,35.6678],[139.68784,35.6694]]]}},{"type":"Feature","bbox":[139.6988,35.65123,139.7052,35.65451],"properties":{"slug":"shibuya-uguisudanicho","name":"Uguisudanicho","name_local":"鶯谷町","ward":"Shibuya","ward_slug":"shibuya","gruppo":"shibuya-uguisudanicho","gruppo_name":"Uguisudanicho","usato":false},"geometry":{"type":"Polygon","coordinates":[[[139.7044,35.65451],[139.69989,35.65415],[139.6988,35.65352],[139.69981,35.65262],[139.70003,35.65161],[139.70069,35.65171],[139.70092,35.65123],[139.7052,35.65374],[139.7044,35.65451]]]}},{"type":"Feature","bbox":[139.68769,35.6694,139.7036,35.68867],"properties":{"slug":"shibuya-yoyogi","name":"Yoyogi","name_local":"代々木","ward":"Shibuya","ward_slug":"shibuya","gruppo":"shibuya-yoyogi","gruppo_name":"Yoyogi","usato":false},"geometry":{"type":"Polygon","coordinates":[[[139.68809,35.67766],[139.68784,35.6694],[139.68902,35.66958],[139.69007,35.67046],[139.6909,35.67041],[139.69163,35.67427],[139.69466,35.67982],[139.6981,35.68143],[139.7036,35.67875],[139.70167,35.6849],[139.69985,35.68847],[139.69951,35.68867],[139.69461,35.68664],[139.68833,35.6823],[139.68886,35.68097],[139.68809,35.67766]]]}},{"type":"Feature","bbox":[139.69081,35.66785,139.7039,35.68143],"properties":{"slug":"shibuya-yoyogi-kamizono-ch","name":"Yoyogi Kamizono-chō","name_local":"代々木神園町","ward":"Shibuya","ward_slug":"shibuya","gruppo":"shibuya-yoyogi-kamizono-ch","gruppo_name":"Yoyogi Kamizono-chō","usato":false},"geometry":{"type":"Polygon","coordinates":[[[139.70211,35.66919],[139.70032,35.6685],[139.69181,35.66785],[139.69122,35.66861],[139.69081,35.6698],[139.69158,35.6741],[139.69466,35.67982],[139.6981,35.68143],[139.7036,35.67875],[139.7039,35.67557],[139.70211,35.66919]]]}},{"type":"Feature","bbox":[139.69829,35.60899,139.71683,35.62208],"properties":{"slug":"shinagawa-ebara","name":"Ebara","name_local":"荏原","ward":"Shinagawa","ward_slug":"shinagawa","gruppo":"shinagawa-ebara","gruppo_name":"Ebara","usato":false},"geometry":{"type":"Polygon","coordinates":[[[139.71287,35.62208],[139.71119,35.62024],[139.71048,35.62031],[139.70835,35.61841],[139.70799,35.61976],[139.70729,35.61961],[139.70267,35.61479],[139.70032,35.61432],[139.70092,35.61277],[139.69829,35.61241],[139.69868,35.60899],[139.70145,35.6097],[139.70128,35.61022],[139.70592,35.61126],[139.70936,35.61603],[139.71426,35.61798],[139.71683,35.61954],[139.71287,35.62208]]]}},{"type":"Feature","bbox":[139.71286,35.60132,139.72994,35.60922],"properties":{"slug":"shinagawa-futaba","name":"Futaba","name_local":"二葉","ward":"Shinagawa","ward_slug":"shinagawa","gruppo":"shinagawa-futaba","gruppo_name":"Futaba","usato":false},"geometry":{"type":"Polygon","coordinates":[[[139.72338,35.6055],[139.72128,35.60414],[139.71651,35.60333],[139.71324,35.60367],[139.71286,35.60186],[139.7151,35.60132],[139.71908,35.6015],[139.72219,35.60222],[139.7231,35.60292],[139.72432,35.6029],[139.72994,35.60711],[139.72978,35.60922],[139.72532,35.60854],[139.72338,35.6055]]]}},{"type":"Feature","bbox":[139.69519,35.60126,139.70865,35.61126],"properties":{"slug":"shinagawa-hatanodai","name":"Hatanodai","name_local":"旗の台","ward":"Shinagawa","ward_slug":"shinagawa","gruppo":"shinagawa-hatanodai","gruppo_name":"Hatanodai","usato":false},"geometry":{"type":"Polygon","coordinates":[[[139.70592,35.61126],[139.70128,35.61022],[139.70145,35.6097],[139.69556,35.6085],[139.69519,35.60811],[139.69741,35.60457],[139.70087,35.6016],[139.7058,35.60126],[139.70671,35.60398],[139.7083,35.60392],[139.70865,35.60502],[139.70861,35.60622],[139.7063,35.60607],[139.70591,35.60651],[139.70608,35.60847],[139.70505,35.60851],[139.70488,35.60903],[139.70592,35.61126]]]}},{"type":"Feature","bbox":[139.7198,35.62124,139.7315,35.63315],"properties":{"slug":"shinagawa-higashi-gotanda","name":"Higashi Gotanda","name_local":"東五反田","ward":"Shinagawa","ward_slug":"shinagawa","gruppo":"shinagawa-higashi-gotanda","gruppo_name":"Higashi Gotanda","usato":false},"geometry":{"type":"Polygon","coordinates":[[[139.72485,35.62434],[139.72241,35.62715],[139.7198,35.62864],[139.7207,35.63051],[139.72053,35.63224],[139.72282,35.63275],[139.7262,35.63264],[139.72634,35.633],[139.72687,35.63189],[139.72748,35.63184],[139.72804,35.63315],[139.72871,35.63293],[139.72822,35.63187],[139.72903,35.6313],[139.72935,35.63149],[139.73108,35.62996],[139.73062,35.62653],[139.7315,35.62496],[139.73133,35.62293],[139.73006,35.62295],[139.72948,35.62124],[139.72743,35.62313],[139.72485,35.62434]]]}},{"type":"Feature","bbox":[139.73434,35.59666,139.75137,35.60867],"properties":{"slug":"shinagawa-higashi-i","name":"Higashi-Ōi","name_local":"東大井","ward":"Shinagawa","ward_slug":"shinagawa","gruppo":"shinagawa-oi","gruppo_name":"Oi","usato":false},"geometry":{"type":"Polygon","coordinates":[[[139.74375,35.60248],[139.7489,35.60228],[139.75117,35.60528],[139.75137,35.60733],[139.74541,35.60674],[139.74094,35.60681],[139.7355,35.60867],[139.73434,35.60042],[139.73494,35.60072],[139.73617,35.59913],[139.74088,35.59666],[139.74178,35.59701],[139.74246,35.60057],[139.74375,35.60248]]]}},{"type":"Feature","bbox":[139.71169,35.60599,139.71521,35.61266],"properties":{"slug":"shinagawa-higashi-nakanobu","name":"Higashi Nakanobu","name_local":"東中延","ward":"Shinagawa","ward_slug":"shinagawa","gruppo":"shinagawa-nakanobu","gruppo_name":"Nakanobu","usato":false},"geometry":{"type":"Polygon","coordinates":[[[139.71339,35.61266],[139.71222,35.61018],[139.71169,35.60991],[139.7123,35.6062],[139.71371,35.60599],[139.71521,35.61164],[139.71339,35.61266]]]}},{"type":"Feature","bbox":[139.74125,35.60673,139.76552,35.6278],"properties":{"slug":"shinagawa-higashi-shinagawa","name":"Higashi-Shinagawa","name_local":"東品川","ward":"Shinagawa","ward_slug":"shinagawa","gruppo":"shinagawa-higashi-shinagawa","gruppo_name":"Higashi-Shinagawa","usato":false},"geometry":{"type":"Polygon","coordinates":[[[139.74533,35.60673],[139.75137,35.60733],[139.75243,35.61836],[139.76552,35.6184],[139.76333,35.62147],[139.76319,35.6278],[139.75754,35.62774],[139.75768,35.6243],[139.75348,35.62406],[139.75266,35.62421],[139.75272,35.62532],[139.75122,35.62527],[139.74644,35.62313],[139.74351,35.6235],[139.74131,35.62239],[139.74157,35.62208],[139.74125,35.62189],[139.74536,35.61853],[139.74569,35.61644],[139.74482,35.61326],[139.74533,35.60673]]]}},{"type":"Feature","bbox":[139.7091,35.61164,139.71806,35.61954],"properties":{"slug":"shinagawa-hiratsuka","name":"Hiratsuka","name_local":"平塚","ward":"Shinagawa","ward_slug":"shinagawa","gruppo":"shinagawa-hiratsuka","gruppo_name":"Hiratsuka","usato":false},"geometry":{"type":"Polygon","coordinates":[[[139.7091,35.61578],[139.71091,35.614],[139.71521,35.61164],[139.71806,35.61854],[139.71683,35.61954],[139.71426,35.61798],[139.7091,35.61578]]]}},{"type":"Feature","bbox":[139.72975,35.60769,139.73649,35.61698],"properties":{"slug":"shinagawa-hiromachi","name":"Hiromachi","name_local":"広町","ward":"Shinagawa","ward_slug":"shinagawa","gruppo":"shinagawa-hiromachi","gruppo_name":"Hiromachi","usato":false},"geometry":{"type":"Polygon","coordinates":[[[139.72978,35.60922],[139.72975,35.60816],[139.73535,35.60769],[139.73649,35.6159],[139.73547,35.61624],[139.73491,35.61698],[139.73103,35.61612],[139.73187,35.61496],[139.73203,35.61353],[139.73022,35.61069],[139.72978,35.60922]]]}},{"type":"Feature","bbox":[139.73693,35.58773,139.7489,35.60248],"properties":{"slug":"shinagawa-katsushima","name":"Katsushima","name_local":"勝島","ward":"Shinagawa","ward_slug":"shinagawa","gruppo":"shinagawa-katsushima","gruppo_name":"Katsushima","usato":false},"geometry":{"type":"Polygon","coordinates":[[[139.74375,35.60248],[139.7489,35.60228],[139.74778,35.59239],[139.74797,35.59059],[139.73826,35.58773],[139.73805,35.58811],[139.73693,35.58802],[139.73754,35.59127],[139.73953,35.59484],[139.74094,35.59611],[139.74104,35.59681],[139.74178,35.59701],[139.74246,35.60057],[139.74375,35.60248]]]}},{"type":"Feature","bbox":[139.72948,35.61577,139.74542,35.62911],"properties":{"slug":"shinagawa-kita-shinagawa","name":"Kita-Shinagawa","name_local":"北品川","ward":"Shinagawa","ward_slug":"shinagawa","gruppo":"shinagawa-kita-shinagawa","gruppo_name":"Kita-Shinagawa","usato":false},"geometry":{"type":"Polygon","coordinates":[[[139.73136,35.62646],[139.73194,35.62599],[139.73192,35.62542],[139.73229,35.62595],[139.7338,35.62598],[139.73531,35.62304],[139.73823,35.62368],[139.73801,35.62495],[139.73945,35.62415],[139.74347,35.62511],[139.74428,35.62339],[139.74351,35.6235],[139.74131,35.62239],[139.74157,35.62208],[139.74125,35.62189],[139.74515,35.61888],[139.74542,35.61714],[139.7398,35.61581],[139.73724,35.61577],[139.73547,35.61624],[139.73387,35.61854],[139.72948,35.62124],[139.73006,35.62295],[139.73133,35.62293],[139.7315,35.62496],[139.73062,35.62653],[139.73109,35.62911],[139.73148,35.62806],[139.73087,35.62766],[139.73085,35.62669],[139.73136,35.62646]]]}},{"type":"Feature","bbox":[139.69557,35.60851,139.71287,35.62397],"properties":{"slug":"shinagawa-koyama","name":"Koyama","name_local":"小山","ward":"Shinagawa","ward_slug":"shinagawa","gruppo":"shinagawa-koyama","gruppo_name":"Koyama","usato":false},"geometry":{"type":"Polygon","coordinates":[[[139.71287,35.62208],[139.71119,35.62024],[139.71048,35.62031],[139.70835,35.61841],[139.70799,35.61976],[139.70729,35.61961],[139.70267,35.61479],[139.70032,35.61432],[139.70092,35.61277],[139.69829,35.61241],[139.69868,35.60899],[139.69568,35.60851],[139.6958,35.61359],[139.69638,35.61436],[139.69832,35.61524],[139.69956,35.61657],[139.69996,35.61704],[139.6996,35.6172],[139.70243,35.62036],[139.70285,35.6216],[139.70381,35.62165],[139.70398,35.62202],[139.70597,35.62133],[139.71062,35.62397],[139.71287,35.62208]]]}},{"type":"Feature","bbox":[139.69622,35.62133,139.71062,35.62613],"properties":{"slug":"shinagawa-koyamadai","name":"Koyamadai","name_local":"小山台","ward":"Shinagawa","ward_slug":"shinagawa","gruppo":"shinagawa-koyamadai","gruppo_name":"Koyamadai","usato":false},"geometry":{"type":"Polygon","coordinates":[[[139.71062,35.62397],[139.70597,35.62133],[139.70106,35.62358],[139.69622,35.62495],[139.70086,35.62613],[139.7022,35.62569],[139.70247,35.62486],[139.70384,35.62536],[139.70407,35.62477],[139.70732,35.62555],[139.70723,35.62469],[139.70808,35.62472],[139.70834,35.62398],[139.7101,35.62451],[139.71062,35.62397]]]}},{"type":"Feature","bbox":[139.72925,35.58724,139.74106,35.60072],"properties":{"slug":"shinagawa-minami-i","name":"Minami-Ōi","name_local":"南大井","ward":"Shinagawa","ward_slug":"shinagawa","gruppo":"shinagawa-oi","gruppo_name":"Oi","usato":false},"geometry":{"type":"Polygon","coordinates":[[[139.72933,35.59009],[139.72925,35.58959],[139.72988,35.58946],[139.72939,35.58838],[139.72991,35.58728],[139.73577,35.58724],[139.73577,35.58793],[139.73693,35.58802],[139.73754,35.59127],[139.73953,35.59484],[139.74106,35.59657],[139.73629,35.59905],[139.73494,35.60072],[139.73454,35.60055],[139.73339,35.59687],[139.72933,35.59009]]]}},{"type":"Feature","bbox":[139.7355,35.60673,139.74569,35.61714],"properties":{"slug":"shinagawa-minami-shinagawa","name":"Minami-Shinagawa","name_local":"南品川","ward":"Shinagawa","ward_slug":"shinagawa","gruppo":"shinagawa-minami-shinagawa","gruppo_name":"Minami-Shinagawa","usato":false},"geometry":{"type":"Polygon","coordinates":[[[139.74497,35.61087],[139.74533,35.60673],[139.74094,35.60681],[139.7355,35.60867],[139.73649,35.6159],[139.7398,35.61581],[139.74542,35.61714],[139.74569,35.61644],[139.74482,35.61326],[139.74497,35.61087]]]}},{"type":"Feature","bbox":[139.7058,35.60072,139.71371,35.61423],"properties":{"slug":"shinagawa-nakanobu","name":"Nakanobu","name_local":"中延","ward":"Shinagawa","ward_slug":"shinagawa","gruppo":"shinagawa-nakanobu","gruppo_name":"Nakanobu","usato":false},"geometry":{"type":"Polygon","coordinates":[[[139.71063,35.61423],[139.70907,35.61402],[139.70914,35.61257],[139.70861,35.61257],[139.70866,35.61215],[139.70915,35.61211],[139.70966,35.60662],[139.70862,35.60678],[139.70856,35.60432],[139.7083,35.60392],[139.70671,35.60398],[139.7058,35.60126],[139.71263,35.60072],[139.71371,35.60599],[139.7123,35.6062],[139.71169,35.60991],[139.71222,35.61018],[139.71339,35.61266],[139.71063,35.61423]]]}},{"type":"Feature","bbox":[139.70723,35.61836,139.72485,35.63241],"properties":{"slug":"shinagawa-nishi-gotanda","name":"Nishi-Gotanda","name_local":"西五反田","ward":"Shinagawa","ward_slug":"shinagawa","gruppo":"shinagawa-nishi-gotanda","gruppo_name":"Nishi-Gotanda","usato":false},"geometry":{"type":"Polygon","coordinates":[[[139.71236,35.62829],[139.70984,35.62677],[139.70771,35.62612],[139.70723,35.62469],[139.70808,35.62472],[139.70834,35.62398],[139.7101,35.62451],[139.7125,35.62233],[139.71545,35.62068],[139.71838,35.61836],[139.7204,35.61945],[139.72145,35.62147],[139.72277,35.62288],[139.72341,35.62251],[139.7245,35.62439],[139.72485,35.62434],[139.72215,35.62737],[139.71739,35.6299],[139.71584,35.63241],[139.71653,35.62992],[139.71567,35.628],[139.71452,35.6292],[139.71236,35.62829]]]}},{"type":"Feature","bbox":[139.70488,35.60607,139.71063,35.61578],"properties":{"slug":"shinagawa-nishi-nakanobu","name":"Nishi Nakanobu","name_local":"西中延","ward":"Shinagawa","ward_slug":"shinagawa","gruppo":"shinagawa-nakanobu","gruppo_name":"Nakanobu","usato":false},"geometry":{"type":"Polygon","coordinates":[[[139.7091,35.61578],[139.70603,35.61148],[139.70488,35.60903],[139.70505,35.60851],[139.70608,35.60847],[139.70591,35.60651],[139.7063,35.60607],[139.70861,35.60622],[139.70862,35.60678],[139.70966,35.60662],[139.70915,35.61211],[139.70866,35.61215],[139.70861,35.61257],[139.70914,35.61257],[139.70907,35.61402],[139.71063,35.61423],[139.7091,35.61578]]]}},{"type":"Feature","bbox":[139.71263,35.59202,139.727,35.60443],"properties":{"slug":"shinagawa-nishi-oi","name":"Nishi oi","name_local":"西大井","ward":"Shinagawa","ward_slug":"shinagawa","gruppo":"shinagawa-oi","gruppo_name":"Oi","usato":false},"geometry":{"type":"Polygon","coordinates":[[[139.7265,35.60443],[139.7239,35.60273],[139.7231,35.60292],[139.72219,35.60222],[139.71937,35.60154],[139.7151,35.60132],[139.71286,35.60186],[139.71263,35.60072],[139.71487,35.59991],[139.71462,35.59917],[139.71403,35.59915],[139.71452,35.59743],[139.71758,35.59651],[139.71727,35.59584],[139.71925,35.59261],[139.71893,35.59245],[139.71915,35.59202],[139.72028,35.59259],[139.72099,35.59443],[139.72454,35.59438],[139.72431,35.59463],[139.72579,35.6005],[139.72683,35.60051],[139.727,35.60213],[139.72666,35.60287],[139.727,35.60297],[139.7263,35.60404],[139.7265,35.60443]]]}},{"type":"Feature","bbox":[139.72211,35.60854,139.73206,35.61718],"properties":{"slug":"shinagawa-nishi-shinagawa","name":"Nishi shinagawa","name_local":"西品川","ward":"Shinagawa","ward_slug":"shinagawa","gruppo":"shinagawa-nishi-shinagawa","gruppo_name":"Nishi shinagawa","usato":false},"geometry":{"type":"Polygon","coordinates":[[[139.72452,35.61475],[139.72223,35.61534],[139.72259,35.61608],[139.72211,35.61632],[139.72225,35.61718],[139.72765,35.61619],[139.73065,35.61659],[139.73187,35.61496],[139.73206,35.61374],[139.72978,35.60922],[139.72532,35.60854],[139.72711,35.61102],[139.72403,35.61202],[139.72418,35.61303],[139.72377,35.61308],[139.72452,35.61475]]]}},{"type":"Feature","bbox":[139.72431,35.59216,139.73535,35.60816],"properties":{"slug":"shinagawa-oi","name":"Oi","name_local":"大井","ward":"Shinagawa","ward_slug":"shinagawa","gruppo":"shinagawa-oi","gruppo_name":"Oi","usato":false},"geometry":{"type":"Polygon","coordinates":[[[139.72975,35.60816],[139.73535,35.60769],[139.73399,35.59835],[139.73039,35.59216],[139.72917,35.59272],[139.72893,35.59388],[139.72808,35.59455],[139.72653,35.59413],[139.72431,35.59463],[139.72579,35.6005],[139.72683,35.60051],[139.727,35.60213],[139.72666,35.60287],[139.727,35.60297],[139.7263,35.60404],[139.72994,35.60711],[139.72975,35.60816]]]}},{"type":"Feature","bbox":[139.71838,35.61612,139.73491,35.62439],"properties":{"slug":"shinagawa-osaki","name":"Osaki","name_local":"大崎","ward":"Shinagawa","ward_slug":"shinagawa","gruppo":"shinagawa-osaki","gruppo_name":"Osaki","usato":false},"geometry":{"type":"Polygon","coordinates":[[[139.73065,35.61659],[139.73103,35.61612],[139.73491,35.61698],[139.73387,35.61854],[139.72978,35.62095],[139.72844,35.62235],[139.72543,35.62431],[139.7245,35.62439],[139.72341,35.62251],[139.72277,35.62288],[139.72145,35.62147],[139.7204,35.61945],[139.71838,35.61836],[139.72108,35.61722],[139.72422,35.61708],[139.7275,35.61621],[139.73065,35.61659]]]}},{"type":"Feature","bbox":[139.71371,35.60578,139.72259,35.61854],"properties":{"slug":"shinagawa-togoshi","name":"Togoshi","name_local":"戸越","ward":"Shinagawa","ward_slug":"shinagawa","gruppo":"shinagawa-togoshi","gruppo_name":"Togoshi","usato":false},"geometry":{"type":"Polygon","coordinates":[[[139.72066,35.61246],[139.72154,35.61249],[139.72207,35.61428],[139.72185,35.61478],[139.72259,35.61608],[139.72211,35.61632],[139.72225,35.61718],[139.72108,35.61722],[139.71806,35.61854],[139.71444,35.60954],[139.71371,35.60599],[139.71504,35.60578],[139.71819,35.60664],[139.72043,35.61019],[139.72028,35.61244],[139.72066,35.61246]]]}},{"type":"Feature","bbox":[139.74778,35.58449,139.7799,35.6184],"properties":{"slug":"shinagawa-yashio","name":"Yashio","name_local":"八潮","ward":"Shinagawa","ward_slug":"shinagawa","gruppo":"shinagawa-yashio","gruppo_name":"Yashio","usato":false},"geometry":{"type":"Polygon","coordinates":[[[139.75526,35.58972],[139.75542,35.58449],[139.7629,35.58467],[139.76233,35.59495],[139.76534,35.59489],[139.7671,35.59253],[139.7799,35.59902],[139.77183,35.60881],[139.76552,35.6184],[139.75243,35.61836],[139.75117,35.60528],[139.74871,35.60202],[139.74778,35.59239],[139.74849,35.58886],[139.75051,35.5893],[139.75055,35.58988],[139.75526,35.58972]]]}},{"type":"Feature","bbox":[139.71324,35.60333,139.72711,35.61534],"properties":{"slug":"shinagawa-yutakacho","name":"Yutakacho","name_local":"豊町","ward":"Shinagawa","ward_slug":"shinagawa","gruppo":"shinagawa-yutakacho","gruppo_name":"Yutakacho","usato":false},"geometry":{"type":"Polygon","coordinates":[[[139.72223,35.61534],[139.72154,35.61249],[139.72028,35.61244],[139.72043,35.61019],[139.71882,35.60731],[139.71819,35.60664],[139.71504,35.60578],[139.71371,35.60599],[139.71324,35.60367],[139.71651,35.60333],[139.72128,35.60414],[139.72338,35.6055],[139.72711,35.61102],[139.72403,35.61202],[139.72418,35.61303],[139.72377,35.61308],[139.72452,35.61475],[139.72223,35.61534]]]}},{"type":"Feature","bbox":[139.74178,35.70134,139.74413,35.70294],"properties":{"slug":"shinjuku-agebacho","name":"Agebacho","name_local":"揚場町","ward":"Shinjuku","ward_slug":"shinjuku","gruppo":"shinjuku-agebacho","gruppo_name":"Agebacho","usato":false},"geometry":{"type":"Polygon","coordinates":[[[139.74178,35.70197],[139.74238,35.70294],[139.74413,35.70249],[139.74312,35.70134],[139.74178,35.70197]]]}},{"type":"Feature","bbox":[139.71762,35.68825,139.72064,35.6919],"properties":{"slug":"shinjuku-aizumicho","name":"Aizumicho","name_local":"愛住町","ward":"Shinjuku","ward_slug":"shinjuku","gruppo":"shinjuku-aizumicho","gruppo_name":"Aizumicho","usato":false},"geometry":{"type":"Polygon","coordinates":[[[139.71762,35.69102],[139.72064,35.6919],[139.72024,35.69089],[139.72038,35.68844],[139.71821,35.68825],[139.71873,35.68986],[139.71775,35.69013],[139.71762,35.69102]]]}},{"type":"Feature","bbox":[139.73549,35.70383,139.73773,35.70538],"properties":{"slug":"shinjuku-akagi-motomachi","name":"Akagi-Motomachi","name_local":"赤城元町","ward":"Shinjuku","ward_slug":"shinjuku","gruppo":"shinjuku-akagi-motomachi","gruppo_name":"Akagi-Motomachi","usato":false},"geometry":{"type":"Polygon","coordinates":[[[139.73549,35.70427],[139.73663,35.70383],[139.73773,35.70504],[139.73549,35.70529],[139.73549,35.70427]]]}},{"type":"Feature","bbox":[139.73237,35.70459,139.73549,35.70669],"properties":{"slug":"shinjuku-akagi-shitamachi","name":"Akagi Shitamachi","name_local":"赤城下町","ward":"Shinjuku","ward_slug":"shinjuku","gruppo":"shinjuku-akagi-shitamachi","gruppo_name":"Akagi Shitamachi","usato":false},"geometry":{"type":"Polygon","coordinates":[[[139.73237,35.70505],[139.73278,35.70633],[139.73378,35.70668],[139.73504,35.70632],[139.73488,35.70545],[139.73549,35.70529],[139.73547,35.70459],[139.73237,35.70505]]]}},{"type":"Feature","bbox":[139.72175,35.68835,139.72513,35.69198],"properties":{"slug":"shinjuku-arakicho","name":"Arakicho","name_local":"荒木町","ward":"Shinjuku","ward_slug":"shinjuku","gruppo":"shinjuku-arakicho","gruppo_name":"Arakicho","usato":false},"geometry":{"type":"Polygon","coordinates":[[[139.72175,35.69191],[139.72513,35.69152],[139.72346,35.68835],[139.72177,35.68847],[139.72175,35.69191]]]}},{"type":"Feature","bbox":[139.71832,35.7052,139.72102,35.70698],"properties":{"slug":"shinjuku-babashitach","name":"Babashitachō","name_local":"馬場下町","ward":"Shinjuku","ward_slug":"shinjuku","gruppo":"shinjuku-babashitach","gruppo_name":"Babashitachō","usato":false},"geometry":{"type":"Polygon","coordinates":[[[139.71903,35.70548],[139.71967,35.7052],[139.72021,35.70574],[139.72073,35.70546],[139.72102,35.70622],[139.71921,35.70698],[139.71832,35.70649],[139.71836,35.70563],[139.71903,35.70548]]]}},{"type":"Feature","bbox":[139.72383,35.70081,139.72832,35.7056],"properties":{"slug":"shinjuku-bentencho","name":"Bentencho","name_local":"弁天町","ward":"Shinjuku","ward_slug":"shinjuku","gruppo":"shinjuku-bentencho","gruppo_name":"Bentencho","usato":false},"geometry":{"type":"Polygon","coordinates":[[[139.72832,35.70371],[139.72831,35.70453],[139.72688,35.70448],[139.72697,35.70525],[139.72482,35.70542],[139.72383,35.70443],[139.72516,35.70376],[139.72527,35.70413],[139.72613,35.70422],[139.72628,35.70365],[139.72531,35.70332],[139.7252,35.70247],[139.7241,35.70152],[139.72501,35.70081],[139.72607,35.70153],[139.7266,35.70153],[139.72658,35.70083],[139.72767,35.70084],[139.72832,35.70371]]]}},{"type":"Feature","bbox":[139.71369,35.68072,139.71967,35.6871],"properties":{"slug":"shinjuku-daikyocho","name":"Daikyocho","name_local":"大京町","ward":"Shinjuku","ward_slug":"shinjuku","gruppo":"shinjuku-daikyocho","gruppo_name":"Daikyocho","usato":false},"geometry":{"type":"Polygon","coordinates":[[[139.71369,35.6817],[139.71416,35.6815],[139.71538,35.68236],[139.71544,35.68329],[139.71591,35.68344],[139.71594,35.68709],[139.71753,35.687],[139.71756,35.68606],[139.71814,35.68609],[139.71806,35.68708],[139.71895,35.6871],[139.71886,35.68646],[139.7194,35.68644],[139.71919,35.6846],[139.71967,35.68452],[139.71867,35.68467],[139.71809,35.6835],[139.71716,35.68371],[139.71691,35.68072],[139.71444,35.68081],[139.71369,35.6817]]]}},{"type":"Feature","bbox":[139.72644,35.70353,139.72971,35.70673],"properties":{"slug":"shinjuku-enoki-cho","name":"Enoki cho","name_local":"榎町","ward":"Shinjuku","ward_slug":"shinjuku","gruppo":"shinjuku-enoki-cho","gruppo_name":"Enoki cho","usato":false},"geometry":{"type":"Polygon","coordinates":[[[139.72697,35.70525],[139.72703,35.70606],[139.72644,35.7061],[139.7265,35.70672],[139.72845,35.70631],[139.72871,35.70673],[139.72971,35.70667],[139.72957,35.70568],[139.72845,35.70553],[139.72847,35.70507],[139.72929,35.70511],[139.72933,35.70353],[139.72832,35.70371],[139.72831,35.70453],[139.72688,35.70448],[139.72697,35.70525]]]}},{"type":"Feature","bbox":[139.7369,35.69928,139.73933,35.70167],"properties":{"slug":"shinjuku-fukuromachi","name":"Fukuromachi","name_local":"袋町","ward":"Shinjuku","ward_slug":"shinjuku","gruppo":"shinjuku-fukuromachi","gruppo_name":"Fukuromachi","usato":false},"geometry":{"type":"Polygon","coordinates":[[[139.73731,35.7001],[139.73768,35.69928],[139.73933,35.69988],[139.73887,35.7006],[139.73922,35.70115],[139.7387,35.7013],[139.73882,35.70167],[139.7369,35.7009],[139.73731,35.7001]]]}},{"type":"Feature","bbox":[139.72024,35.68836,139.72177,35.69191],"properties":{"slug":"shinjuku-funamachi","name":"Funamachi","name_local":"舟町","ward":"Shinjuku","ward_slug":"shinjuku","gruppo":"shinjuku-funamachi","gruppo_name":"Funamachi","usato":false},"geometry":{"type":"Polygon","coordinates":[[[139.72064,35.6919],[139.72175,35.69191],[139.72177,35.68852],[139.72037,35.68836],[139.72024,35.69089],[139.72064,35.6919]]]}},{"type":"Feature","bbox":[139.73329,35.69582,139.73819,35.69868],"properties":{"slug":"shinjuku-haraikatamachi","name":"Haraikatamachi","name_local":"払方町","ward":"Shinjuku","ward_slug":"shinjuku","gruppo":"shinjuku-haraikatamachi","gruppo_name":"Haraikatamachi","usato":false},"geometry":{"type":"Polygon","coordinates":[[[139.73329,35.69667],[139.73478,35.69778],[139.73797,35.69868],[139.73819,35.69821],[139.7357,35.69734],[139.73594,35.69694],[139.73446,35.69582],[139.73329,35.69667]]]}},{"type":"Feature","bbox":[139.72082,35.69749,139.7266,35.70314],"properties":{"slug":"shinjuku-haramachi","name":"Haramachi","name_local":"原町","ward":"Shinjuku","ward_slug":"shinjuku","gruppo":"shinjuku-haramachi","gruppo_name":"Haramachi","usato":false},"geometry":{"type":"Polygon","coordinates":[[[139.7241,35.70152],[139.72501,35.70081],[139.72588,35.70151],[139.7266,35.70153],[139.72659,35.70095],[139.72539,35.69852],[139.72486,35.6985],[139.72381,35.69749],[139.72251,35.69804],[139.72253,35.69872],[139.72179,35.69911],[139.72207,35.69983],[139.72082,35.70028],[139.72155,35.7028],[139.72209,35.70314],[139.7241,35.70152]]]}},{"type":"Feature","bbox":[139.72845,35.70435,139.73078,35.70576],"properties":{"slug":"shinjuku-higashi-enokicho","name":"Higashi Enokicho","name_local":"東榎町","ward":"Shinjuku","ward_slug":"shinjuku","gruppo":"shinjuku-enoki-cho","gruppo_name":"Enoki cho","usato":false},"geometry":{"type":"Polygon","coordinates":[[[139.72957,35.70568],[139.72968,35.7048],[139.73078,35.70458],[139.72938,35.70435],[139.72929,35.70511],[139.72847,35.70507],[139.72875,35.70576],[139.72957,35.70568]]]}},{"type":"Feature","bbox":[139.73747,35.70445,139.7408,35.70875],"properties":{"slug":"shinjuku-higashi-gokencho","name":"Higashi Gokencho","name_local":"東五軒町","ward":"Shinjuku","ward_slug":"shinjuku","gruppo":"shinjuku-higashi-gokencho","gruppo_name":"Higashi Gokencho","usato":false},"geometry":{"type":"Polygon","coordinates":[[[139.73773,35.70504],[139.73747,35.70473],[139.73806,35.70445],[139.7386,35.70528],[139.7408,35.70512],[139.74031,35.70713],[139.74061,35.70848],[139.73874,35.70875],[139.73773,35.70504]]]}},{"type":"Feature","bbox":[139.69398,35.69796,139.70258,35.70952],"properties":{"slug":"shinjuku-hyakuninch","name":"Hyakuninchō","name_local":"百人町","ward":"Shinjuku","ward_slug":"shinjuku","gruppo":"shinjuku-hyakuninch","gruppo_name":"Hyakuninchō","usato":false},"geometry":{"type":"Polygon","coordinates":[[[139.70205,35.69812],[139.70258,35.70435],[139.7005,35.70417],[139.70236,35.70942],[139.70126,35.70952],[139.69769,35.70866],[139.69398,35.70941],[139.69524,35.70184],[139.69749,35.69796],[139.70205,35.69812]]]}},{"type":"Feature","bbox":[139.73358,35.69373,139.73548,35.69547],"properties":{"slug":"shinjuku-ichigaya-choenjimachi","name":"Ichigaya Choenjimachi","name_local":"市谷長延寺町","ward":"Shinjuku","ward_slug":"shinjuku","gruppo":"shinjuku-ichigaya-choenjimachi","gruppo_name":"Ichigaya Choenjimachi","usato":false},"geometry":{"type":"Polygon","coordinates":[[[139.73396,35.69547],[139.73548,35.69391],[139.73424,35.69373],[139.73365,35.69409],[139.73448,35.69464],[139.73358,35.69519],[139.73396,35.69547]]]}},{"type":"Feature","bbox":[139.71644,35.69246,139.72082,35.69487],"properties":{"slug":"shinjuku-ichigaya-daimachi","name":"Ichigaya Daimachi","name_local":"市谷台町","ward":"Shinjuku","ward_slug":"shinjuku","gruppo":"shinjuku-ichigaya-daimachi","gruppo_name":"Ichigaya Daimachi","usato":false},"geometry":{"type":"Polygon","coordinates":[[[139.71747,35.69487],[139.7195,35.6943],[139.71962,35.69377],[139.72054,35.69375],[139.72082,35.69274],[139.71924,35.69246],[139.71689,35.69363],[139.71644,35.69431],[139.71747,35.69487]]]}},{"type":"Feature","bbox":[139.73874,35.69674,139.74149,35.69919],"properties":{"slug":"shinjuku-ichigaya-funagawaramachi","name":"Ichigaya-Funagawaramachi","name_local":"市谷船河原町","ward":"Shinjuku","ward_slug":"shinjuku","gruppo":"shinjuku-ichigaya-funagawaramachi","gruppo_name":"Ichigaya-Funagawaramachi","usato":false},"geometry":{"type":"Polygon","coordinates":[[[139.73875,35.69797],[139.73907,35.69892],[139.73976,35.69919],[139.74149,35.69825],[139.74027,35.69674],[139.73889,35.69754],[139.73923,35.69797],[139.73875,35.69797]]]}},{"type":"Feature","bbox":[139.73331,35.69104,139.73571,35.69331],"properties":{"slug":"shinjuku-ichigaya-hachimanch","name":"Ichigaya-Hachimanchō","name_local":"市谷八幡町","ward":"Shinjuku","ward_slug":"shinjuku","gruppo":"shinjuku-ichigaya-hachimanch","gruppo_name":"Ichigaya-Hachimanchō","usato":false},"geometry":{"type":"Polygon","coordinates":[[[139.73407,35.69317],[139.73461,35.69331],[139.7345,35.69302],[139.73571,35.69198],[139.73424,35.69104],[139.73331,35.6927],[139.73407,35.69317]]]}},{"type":"Feature","bbox":[139.72409,35.68911,139.73424,35.69579],"properties":{"slug":"shinjuku-ichigaya-honmurach","name":"Ichigaya Honmurachō","name_local":"市谷本村町","ward":"Shinjuku","ward_slug":"shinjuku","gruppo":"shinjuku-ichigaya-honmurach","gruppo_name":"Ichigaya Honmurachō","usato":false},"geometry":{"type":"Polygon","coordinates":[[[139.72873,35.6912],[139.73051,35.69106],[139.73052,35.68977],[139.73162,35.68911],[139.73424,35.69104],[139.73331,35.6927],[139.73407,35.69317],[139.73407,35.69363],[139.73218,35.69419],[139.73202,35.69497],[139.72497,35.69579],[139.72409,35.69311],[139.72508,35.69273],[139.72529,35.69223],[139.72873,35.6912]]]}},{"type":"Feature","bbox":[139.72728,35.69497,139.73222,35.69849],"properties":{"slug":"shinjuku-ichigaya-kagacho","name":"Ichigaya Kagacho","name_local":"市谷加賀町","ward":"Shinjuku","ward_slug":"shinjuku","gruppo":"shinjuku-ichigaya-kagacho","gruppo_name":"Ichigaya Kagacho","usato":false},"geometry":{"type":"Polygon","coordinates":[[[139.72747,35.69824],[139.73222,35.69795],[139.73202,35.69497],[139.72728,35.69554],[139.72747,35.69824]]]}},{"type":"Feature","bbox":[139.72701,35.69807,139.72924,35.69944],"properties":{"slug":"shinjuku-ichigaya-koracho","name":"Ichigaya Koracho","name_local":"市谷甲良町","ward":"Shinjuku","ward_slug":"shinjuku","gruppo":"shinjuku-ichigaya-koracho","gruppo_name":"Ichigaya Koracho","usato":false},"geometry":{"type":"Polygon","coordinates":[[[139.72714,35.69944],[139.72924,35.69926],[139.72901,35.69807],[139.72701,35.69862],[139.72714,35.69944]]]}},{"type":"Feature","bbox":[139.7213,35.69292,139.72485,35.69645],"properties":{"slug":"shinjuku-ichigaya-nakanocho","name":"Ichigaya Nakanocho","name_local":"市谷仲之町","ward":"Shinjuku","ward_slug":"shinjuku","gruppo":"shinjuku-ichigaya-nakanocho","gruppo_name":"Ichigaya Nakanocho","usato":false},"geometry":{"type":"Polygon","coordinates":[[[139.72291,35.69628],[139.72485,35.69546],[139.72409,35.69311],[139.72196,35.69312],[139.7213,35.69392],[139.72211,35.69645],[139.72291,35.69628]]]}},{"type":"Feature","bbox":[139.73396,35.69357,139.73923,35.69821],"properties":{"slug":"shinjuku-ichigaya-sadobaracho","name":"Ichigaya Sadobaracho","name_local":"市谷砂土原町","ward":"Shinjuku","ward_slug":"shinjuku","gruppo":"shinjuku-ichigaya-sadobaracho","gruppo_name":"Ichigaya Sadobaracho","usato":false},"geometry":{"type":"Polygon","coordinates":[[[139.73446,35.69582],[139.73594,35.69694],[139.7357,35.69734],[139.73819,35.69821],[139.73923,35.69797],[139.73745,35.69679],[139.7378,35.69642],[139.73639,35.69543],[139.73671,35.69513],[139.73594,35.6947],[139.73665,35.6941],[139.73597,35.69357],[139.73396,35.69547],[139.73446,35.69582]]]}},{"type":"Feature","bbox":[139.73203,35.69262,139.73606,35.69584],"properties":{"slug":"shinjuku-ichigaya-saraicho","name":"Ichigaya Saraicho","name_local":"市谷左内町","ward":"Shinjuku","ward_slug":"shinjuku","gruppo":"shinjuku-ichigaya-saraicho","gruppo_name":"Ichigaya Saraicho","usato":false},"geometry":{"type":"Polygon","coordinates":[[[139.73203,35.69584],[139.73291,35.69573],[139.73448,35.69464],[139.73365,35.69409],[139.73424,35.69373],[139.73548,35.69391],[139.73606,35.69351],[139.73496,35.69262],[139.73461,35.69331],[139.73409,35.69314],[139.73407,35.69363],[139.73218,35.69419],[139.73203,35.69584]]]}},{"type":"Feature","bbox":[139.73255,35.69519,139.73446,35.69667],"properties":{"slug":"shinjuku-ichigaya-takajomachi","name":"Ichigaya Takajomachi","name_local":"市谷鷹匠町","ward":"Shinjuku","ward_slug":"shinjuku","gruppo":"shinjuku-ichigaya-takajomachi","gruppo_name":"Ichigaya Takajomachi","usato":false},"geometry":{"type":"Polygon","coordinates":[[[139.73255,35.69581],[139.73329,35.69667],[139.73446,35.69582],[139.73358,35.69519],[139.73255,35.69581]]]}},{"type":"Feature","bbox":[139.72291,35.69546,139.72747,35.69835],"properties":{"slug":"shinjuku-ichigaya-yaku-jimachi","name":"Ichigaya Yakuōjimachi","name_local":"市谷薬王寺町","ward":"Shinjuku","ward_slug":"shinjuku","gruppo":"shinjuku-ichigaya-yaku-jimachi","gruppo_name":"Ichigaya Yakuōjimachi","usato":false},"geometry":{"type":"Polygon","coordinates":[[[139.72376,35.6975],[139.72437,35.69813],[139.72478,35.69756],[139.72529,35.6977],[139.72533,35.69814],[139.72747,35.69824],[139.72728,35.69554],[139.72497,35.69579],[139.72485,35.69546],[139.72291,35.69628],[139.72376,35.6975]]]}},{"type":"Feature","bbox":[139.72703,35.69926,139.7294,35.70085],"properties":{"slug":"shinjuku-ichigaya-yamabushicho","name":"Ichigaya Yamabushicho","name_local":"市谷山伏町","ward":"Shinjuku","ward_slug":"shinjuku","gruppo":"shinjuku-ichigaya-yamabushicho","gruppo_name":"Ichigaya Yamabushicho","usato":false},"geometry":{"type":"Polygon","coordinates":[[[139.72707,35.70085],[139.7279,35.70082],[139.72789,35.7004],[139.7294,35.70047],[139.72924,35.69926],[139.72703,35.69943],[139.72707,35.70085]]]}},{"type":"Feature","bbox":[139.72439,35.69756,139.72749,35.70093],"properties":{"slug":"shinjuku-ichigaya-yanagicho","name":"Ichigaya Yanagicho","name_local":"市谷柳町","ward":"Shinjuku","ward_slug":"shinjuku","gruppo":"shinjuku-ichigaya-yanagicho","gruppo_name":"Ichigaya Yanagicho","usato":false},"geometry":{"type":"Polygon","coordinates":[[[139.72451,35.698],[139.72609,35.6994],[139.72634,35.70093],[139.72707,35.70085],[139.72701,35.69862],[139.72747,35.69824],[139.72533,35.69814],[139.72529,35.6977],[139.72478,35.69756],[139.72451,35.698]]]}},{"type":"Feature","bbox":[139.73496,35.69194,139.74027,35.69754],"properties":{"slug":"shinjuku-ichigayata-machi","name":"Ichigayata-machi","name_local":"市谷田町","ward":"Shinjuku","ward_slug":"shinjuku","gruppo":"shinjuku-ichigayata-machi","gruppo_name":"Ichigayata-machi","usato":false},"geometry":{"type":"Polygon","coordinates":[[[139.73758,35.69323],[139.74027,35.69674],[139.73889,35.69754],[139.73745,35.69679],[139.7378,35.69642],[139.73594,35.6947],[139.73665,35.6941],[139.73496,35.69262],[139.73575,35.69194],[139.73758,35.69323]]]}},{"type":"Feature","bbox":[139.73591,35.70058,139.73852,35.7023],"properties":{"slug":"shinjuku-iwatocho","name":"Iwatocho","name_local":"岩戸町","ward":"Shinjuku","ward_slug":"shinjuku","gruppo":"shinjuku-iwatocho","gruppo_name":"Iwatocho","usato":false},"geometry":{"type":"Polygon","coordinates":[[[139.73591,35.70095],[139.73676,35.70133],[139.73606,35.70178],[139.73646,35.70214],[139.73695,35.70175],[139.7376,35.7023],[139.73852,35.70164],[139.73628,35.70058],[139.73591,35.70095]]]}},{"type":"Feature","bbox":[139.69871,35.69268,139.70751,35.69829],"properties":{"slug":"shinjuku-kabukich","name":"Kabukichō","name_local":"歌舞伎町","ward":"Shinjuku","ward_slug":"shinjuku","gruppo":"shinjuku-kabukich","gruppo_name":"Kabukichō","usato":false},"geometry":{"type":"Polygon","coordinates":[[[139.70751,35.69793],[139.7045,35.69829],[139.69871,35.69806],[139.69969,35.69344],[139.70063,35.69364],[139.70451,35.69268],[139.70545,35.6948],[139.70687,35.69485],[139.70751,35.69793]]]}},{"type":"Feature","bbox":[139.74259,35.70012,139.74447,35.70251],"properties":{"slug":"shinjuku-kaguragashi","name":"Kaguragashi","name_local":"神楽河岸","ward":"Shinjuku","ward_slug":"shinjuku","gruppo":"shinjuku-kaguragashi","gruppo_name":"Kaguragashi","usato":false},"geometry":{"type":"Polygon","coordinates":[[[139.74312,35.70134],[139.74447,35.70251],[139.74361,35.70169],[139.74431,35.70136],[139.74347,35.70012],[139.74259,35.70048],[139.74312,35.70134]]]}},{"type":"Feature","bbox":[139.73485,35.69825,139.74316,35.70427],"properties":{"slug":"shinjuku-kagurazaka","name":"Kagurazaka","name_local":"神楽坂","ward":"Shinjuku","ward_slug":"shinjuku","gruppo":"shinjuku-kagurazaka","gruppo_name":"Kagurazaka","usato":false},"geometry":{"type":"Polygon","coordinates":[[[139.73485,35.70329],[139.73549,35.70427],[139.73811,35.70336],[139.73835,35.70239],[139.73911,35.70312],[139.73954,35.70302],[139.73951,35.70273],[139.74312,35.70134],[139.74259,35.70048],[139.74316,35.70026],[139.74149,35.69825],[139.74064,35.69882],[139.74111,35.69931],[139.74054,35.70038],[139.74017,35.70037],[139.74045,35.70071],[139.73959,35.70039],[139.73949,35.70117],[139.7387,35.7013],[139.73882,35.70167],[139.7376,35.7023],[139.73695,35.70175],[139.73613,35.70295],[139.73485,35.70329]]]}},{"type":"Feature","bbox":[139.73294,35.70634,139.73531,35.70829],"properties":{"slug":"shinjuku-kaitaicho","name":"Kaitaicho","name_local":"改代町","ward":"Shinjuku","ward_slug":"shinjuku","gruppo":"shinjuku-kaitaicho","gruppo_name":"Kaitaicho","usato":false},"geometry":{"type":"Polygon","coordinates":[[[139.73407,35.7078],[139.73428,35.70829],[139.73531,35.70814],[139.73492,35.70634],[139.73294,35.70656],[139.73297,35.70734],[139.73362,35.70719],[139.73328,35.7077],[139.73399,35.70749],[139.73407,35.7078]]]}},{"type":"Feature","bbox":[139.68002,35.71001,139.69573,35.71643],"properties":{"slug":"shinjuku-kami-ochiai","name":"Kami Ochiai","name_local":"上落合","ward":"Shinjuku","ward_slug":"shinjuku","gruppo":"shinjuku-kami-ochiai","gruppo_name":"Kami Ochiai","usato":false},"geometry":{"type":"Polygon","coordinates":[[[139.68664,35.7149],[139.68106,35.71369],[139.68099,35.71327],[139.68203,35.7133],[139.68199,35.71303],[139.68003,35.71105],[139.68177,35.71078],[139.68276,35.71001],[139.68835,35.71119],[139.69013,35.7113],[139.69007,35.71079],[139.69111,35.71049],[139.69155,35.71103],[139.69254,35.71058],[139.69271,35.71117],[139.69429,35.71103],[139.69488,35.71421],[139.69573,35.71509],[139.69516,35.71566],[139.69445,35.71566],[139.69457,35.71626],[139.69175,35.71643],[139.69032,35.7162],[139.6887,35.71474],[139.68664,35.7149]]]}},{"type":"Feature","bbox":[139.7127,35.67322,139.71986,35.68099],"properties":{"slug":"shinjuku-kasumigaoka","name":"Kasumigaoka","name_local":"霞ヶ丘町","ward":"Shinjuku","ward_slug":"shinjuku","gruppo":"shinjuku-kasumigaoka","gruppo_name":"Kasumigaoka","usato":false},"geometry":{"type":"Polygon","coordinates":[[[139.71691,35.68072],[139.71444,35.68081],[139.71272,35.67636],[139.7127,35.67442],[139.71485,35.6749],[139.71507,35.67391],[139.71627,35.67322],[139.71865,35.67401],[139.71986,35.67534],[139.71916,35.67857],[139.71974,35.67841],[139.71978,35.67916],[139.71904,35.67983],[139.71916,35.68044],[139.71691,35.68072]]]}},{"type":"Feature","bbox":[139.72338,35.69152,139.72618,35.69311],"properties":{"slug":"shinjuku-katamachi","name":"Katamachi","name_local":"片町","ward":"Shinjuku","ward_slug":"shinjuku","gruppo":"shinjuku-katamachi","gruppo_name":"Katamachi","usato":false},"geometry":{"type":"Polygon","coordinates":[[[139.72409,35.69311],[139.72618,35.69202],[139.72583,35.69155],[139.72531,35.69181],[139.72513,35.69152],[139.72338,35.69199],[139.7234,35.69281],[139.72409,35.69311]]]}},{"type":"Feature","bbox":[139.71667,35.69391,139.72376,35.69934],"properties":{"slug":"shinjuku-kawadacho","name":"Kawadacho","name_local":"河田町","ward":"Shinjuku","ward_slug":"shinjuku","gruppo":"shinjuku-kawadacho","gruppo_name":"Kawadacho","usato":false},"geometry":{"type":"Polygon","coordinates":[[[139.71669,35.69874],[139.71852,35.69934],[139.71922,35.69799],[139.72158,35.69662],[139.72251,35.69804],[139.72376,35.6975],[139.72291,35.69628],[139.72211,35.69645],[139.72124,35.69391],[139.72078,35.69499],[139.71773,35.69681],[139.71667,35.69813],[139.71669,35.69874]]]}},{"type":"Feature","bbox":[139.7188,35.70152,139.72529,35.70574],"properties":{"slug":"shinjuku-kikuicho","name":"Kikuicho","name_local":"喜久井町","ward":"Shinjuku","ward_slug":"shinjuku","gruppo":"shinjuku-kikuicho","gruppo_name":"Kikuicho","usato":false},"geometry":{"type":"Polygon","coordinates":[[[139.72089,35.70554],[139.72156,35.70556],[139.72179,35.7048],[139.72251,35.70445],[139.72275,35.70475],[139.72361,35.70436],[139.72288,35.70359],[139.72529,35.70298],[139.7252,35.70247],[139.7241,35.70152],[139.72209,35.70314],[139.72137,35.70289],[139.72035,35.70366],[139.72051,35.70403],[139.71959,35.70415],[139.71985,35.70439],[139.7188,35.70488],[139.71903,35.70548],[139.71967,35.7052],[139.72021,35.70574],[139.72089,35.70554]]]}},{"type":"Feature","bbox":[139.68663,35.69548,139.69749,35.7099],"properties":{"slug":"shinjuku-kita-shinjuku","name":"Kita-Shinjuku","name_local":"北新宿","ward":"Shinjuku","ward_slug":"shinjuku","gruppo":"shinjuku-shinjuku","gruppo_name":"Shinjuku","usato":false},"geometry":{"type":"Polygon","coordinates":[[[139.6875,35.70162],[139.68752,35.70426],[139.68846,35.70718],[139.6934,35.7099],[139.69398,35.70941],[139.69429,35.70819],[139.69524,35.70184],[139.69749,35.69796],[139.69052,35.69693],[139.68962,35.69548],[139.68663,35.69639],[139.68836,35.69915],[139.6875,35.70162]]]}},{"type":"Feature","bbox":[139.72924,35.69913,139.73221,35.70099],"properties":{"slug":"shinjuku-kita-yamabushicho","name":"Kita Yamabushicho","name_local":"北山伏町","ward":"Shinjuku","ward_slug":"shinjuku","gruppo":"shinjuku-kita-yamabushicho","gruppo_name":"Kita Yamabushicho","usato":false},"geometry":{"type":"Polygon","coordinates":[[[139.7294,35.70047],[139.72967,35.70095],[139.73081,35.70099],[139.73087,35.69991],[139.73188,35.70029],[139.73221,35.69955],[139.72924,35.69926],[139.7294,35.70047]]]}},{"type":"Feature","bbox":[139.73315,35.69883,139.73731,35.701],"properties":{"slug":"shinjuku-kitamachi","name":"Kitamachi","name_local":"北町","ward":"Shinjuku","ward_slug":"shinjuku","gruppo":"shinjuku-kitamachi","gruppo_name":"Kitamachi","usato":false},"geometry":{"type":"Polygon","coordinates":[[[139.73315,35.69989],[139.73536,35.70016],[139.73667,35.701],[139.73731,35.7001],[139.73361,35.69883],[139.73315,35.69989]]]}},{"type":"Feature","bbox":[139.6926,35.71636,139.71349,35.72658],"properties":{"slug":"shinjuku-mejiro","name":"Mejiro","name_local":"目白","ward":"Shinjuku","ward_slug":"shinjuku","gruppo":"shinjuku-mejiro","gruppo_name":"Mejiro","usato":false},"geometry":{"type":"Polygon","coordinates":[[[139.70821,35.72451],[139.70719,35.72428],[139.70075,35.72658],[139.69562,35.72631],[139.6926,35.72252],[139.69797,35.72213],[139.69951,35.72279],[139.69991,35.7235],[139.70423,35.72295],[139.70469,35.72279],[139.7043,35.72222],[139.70582,35.72148],[139.70472,35.72086],[139.70453,35.72013],[139.70577,35.71857],[139.70566,35.71741],[139.70992,35.71636],[139.7118,35.71682],[139.71239,35.71646],[139.71349,35.71916],[139.71192,35.72307],[139.70821,35.72451]]]}},{"type":"Feature","bbox":[139.72767,35.7004,139.73009,35.70371],"properties":{"slug":"shinjuku-minami-enokicho","name":"Minami Enokicho","name_local":"南榎町","ward":"Shinjuku","ward_slug":"shinjuku","gruppo":"shinjuku-enoki-cho","gruppo_name":"Enoki cho","usato":false},"geometry":{"type":"Polygon","coordinates":[[[139.72832,35.70371],[139.72925,35.70354],[139.72909,35.7029],[139.73009,35.70254],[139.72962,35.70047],[139.72789,35.7004],[139.72767,35.70084],[139.72832,35.70371]]]}},{"type":"Feature","bbox":[139.71906,35.67868,139.72691,35.68319],"properties":{"slug":"shinjuku-minami-motomachi","name":"Minami Motomachi","name_local":"南元町","ward":"Shinjuku","ward_slug":"shinjuku","gruppo":"shinjuku-minami-motomachi","gruppo_name":"Minami Motomachi","usato":false},"geometry":{"type":"Polygon","coordinates":[[[139.72261,35.68319],[139.7233,35.68274],[139.7231,35.68218],[139.72403,35.68241],[139.72443,35.68156],[139.72493,35.68166],[139.72519,35.6811],[139.72691,35.68052],[139.72657,35.67987],[139.72414,35.67868],[139.72274,35.6792],[139.72004,35.67888],[139.71906,35.67994],[139.72095,35.67966],[139.72105,35.68012],[139.72038,35.68033],[139.72044,35.68085],[139.72239,35.68091],[139.72261,35.68319]]]}},{"type":"Feature","bbox":[139.72916,35.69839,139.73252,35.69955],"properties":{"slug":"shinjuku-minami-yamabushicho","name":"Minami Yamabushicho","name_local":"南山伏町","ward":"Shinjuku","ward_slug":"shinjuku","gruppo":"shinjuku-minami-yamabushicho","gruppo_name":"Minami Yamabushicho","usato":false},"geometry":{"type":"Polygon","coordinates":[[[139.72924,35.69926],[139.73221,35.69955],[139.73252,35.69883],[139.73009,35.69881],[139.72985,35.69839],[139.72978,35.69879],[139.72916,35.69885],[139.72924,35.69926]]]}},{"type":"Feature","bbox":[139.73453,35.69762,139.73797,35.69941],"properties":{"slug":"shinjuku-minamicho","name":"Minamicho","name_local":"南町","ward":"Shinjuku","ward_slug":"shinjuku","gruppo":"shinjuku-minamicho","gruppo_name":"Minamicho","usato":false},"geometry":{"type":"Polygon","coordinates":[[[139.73453,35.69834],[139.73762,35.69941],[139.73797,35.69868],[139.73486,35.69762],[139.73453,35.69834]]]}},{"type":"Feature","bbox":[139.70493,35.6815,139.71595,35.68981],"properties":{"slug":"shinjuku-naitomachi","name":"Naitomachi","name_local":"内藤町","ward":"Shinjuku","ward_slug":"shinjuku","gruppo":"shinjuku-naitomachi","gruppo_name":"Naitomachi","usato":true},"geometry":{"type":"Polygon","coordinates":[[[139.70513,35.68802],[139.70493,35.68981],[139.71306,35.6874],[139.71383,35.6874],[139.71408,35.6879],[139.71595,35.6876],[139.71591,35.68344],[139.71544,35.68329],[139.71538,35.68236],[139.71416,35.6815],[139.71127,35.68334],[139.70701,35.68464],[139.70681,35.68618],[139.70513,35.68802]]]}},{"type":"Feature","bbox":[139.67891,35.71474,139.69477,35.72281],"properties":{"slug":"shinjuku-naka-ochiai","name":"Naka-Ochiai","name_local":"中落合","ward":"Shinjuku","ward_slug":"shinjuku","gruppo":"shinjuku-naka-ochiai","gruppo_name":"Naka-Ochiai","usato":false},"geometry":{"type":"Polygon","coordinates":[[[139.68439,35.72269],[139.68399,35.72264],[139.68614,35.72113],[139.68478,35.72014],[139.68149,35.72027],[139.6816,35.71942],[139.6804,35.71937],[139.67971,35.7181],[139.67891,35.71798],[139.67908,35.71712],[139.68268,35.71681],[139.68762,35.71943],[139.68845,35.71943],[139.68901,35.71894],[139.68793,35.71769],[139.68664,35.7149],[139.6887,35.71474],[139.69099,35.71639],[139.69457,35.71626],[139.69477,35.71905],[139.69425,35.72232],[139.68968,35.72281],[139.68439,35.72269]]]}},{"type":"Feature","bbox":[139.73361,35.69834,139.73762,35.7001],"properties":{"slug":"shinjuku-nakacho","name":"Nakacho","name_local":"中町","ward":"Shinjuku","ward_slug":"shinjuku","gruppo":"shinjuku-nakacho","gruppo_name":"Nakacho","usato":false},"geometry":{"type":"Polygon","coordinates":[[[139.73361,35.69883],[139.73731,35.7001],[139.73762,35.69941],[139.73453,35.69834],[139.73361,35.69883]]]}},{"type":"Feature","bbox":[139.67908,35.71402,139.68901,35.71943],"properties":{"slug":"shinjuku-nakai","name":"Nakai","name_local":"中井","ward":"Shinjuku","ward_slug":"shinjuku","gruppo":"shinjuku-nakai","gruppo_name":"Nakai","usato":false},"geometry":{"type":"Polygon","coordinates":[[[139.68664,35.7149],[139.68793,35.71769],[139.68901,35.71894],[139.68845,35.71943],[139.68762,35.71943],[139.68268,35.71681],[139.67908,35.71712],[139.67953,35.71633],[139.67912,35.71489],[139.67996,35.71417],[139.6803,35.71457],[139.68087,35.7145],[139.68081,35.71402],[139.68664,35.7149]]]}},{"type":"Feature","bbox":[139.73094,35.70528,139.73311,35.70656],"properties":{"slug":"shinjuku-nakazatocho","name":"Nakazatocho","name_local":"中里町","ward":"Shinjuku","ward_slug":"shinjuku","gruppo":"shinjuku-nakazatocho","gruppo_name":"Nakazatocho","usato":false},"geometry":{"type":"Polygon","coordinates":[[[139.73105,35.70626],[139.73311,35.70656],[139.73266,35.70528],[139.73094,35.70557],[139.73105,35.70626]]]}},{"type":"Feature","bbox":[139.73203,35.69581,139.73476,35.69883],"properties":{"slug":"shinjuku-nandomachi","name":"Nandomachi","name_local":"納戸町","ward":"Shinjuku","ward_slug":"shinjuku","gruppo":"shinjuku-nandomachi","gruppo_name":"Nandomachi","usato":false},"geometry":{"type":"Polygon","coordinates":[[[139.73222,35.69795],[139.7321,35.69877],[139.73252,35.69883],[139.73281,35.69812],[139.73437,35.69868],[139.73476,35.69758],[139.73349,35.69711],[139.73255,35.69581],[139.73203,35.69584],[139.73222,35.69795]]]}},{"type":"Feature","bbox":[139.72901,35.6978,139.73236,35.69885],"properties":{"slug":"shinjuku-nijukkimachi","name":"Nijukkimachi","name_local":"二十騎町","ward":"Shinjuku","ward_slug":"shinjuku","gruppo":"shinjuku-nijukkimachi","gruppo_name":"Nijukkimachi","usato":false},"geometry":{"type":"Polygon","coordinates":[[[139.72916,35.69885],[139.72978,35.69879],[139.72985,35.69839],[139.73009,35.69881],[139.7321,35.69877],[139.73236,35.69799],[139.72901,35.69807],[139.72916,35.69885]]]}},{"type":"Feature","bbox":[139.73619,35.70504,139.73874,35.70898],"properties":{"slug":"shinjuku-nishi-gokencho","name":"Nishi Gokencho","name_local":"西五軒町","ward":"Shinjuku","ward_slug":"shinjuku","gruppo":"shinjuku-nishi-gokencho","gruppo_name":"Nishi Gokencho","usato":false},"geometry":{"type":"Polygon","coordinates":[[[139.73664,35.70636],[139.73665,35.70573],[139.73619,35.70541],[139.73773,35.70504],[139.73874,35.70875],[139.73723,35.70898],[139.73664,35.70636]]]}},{"type":"Feature","bbox":[139.67327,35.7181,139.68614,35.7299],"properties":{"slug":"shinjuku-nishi-ochiai","name":"Nishi Ochiai","name_local":"西落合","ward":"Shinjuku","ward_slug":"shinjuku","gruppo":"shinjuku-nishi-ochiai","gruppo_name":"Nishi Ochiai","usato":false},"geometry":{"type":"Polygon","coordinates":[[[139.68439,35.72269],[139.68399,35.72264],[139.68614,35.72113],[139.68478,35.72014],[139.68149,35.72027],[139.6816,35.71942],[139.6804,35.71937],[139.67971,35.7181],[139.67833,35.71817],[139.67718,35.71934],[139.6753,35.72004],[139.67528,35.71908],[139.67344,35.71848],[139.67378,35.71927],[139.67327,35.71966],[139.67354,35.72061],[139.67434,35.72042],[139.67457,35.72138],[139.67571,35.72138],[139.67535,35.72415],[139.67676,35.72771],[139.67682,35.7299],[139.68121,35.72739],[139.6822,35.72389],[139.68421,35.72376],[139.68439,35.72269]]]}},{"type":"Feature","bbox":[139.68316,35.68172,139.70014,35.69806],"properties":{"slug":"shinjuku-nishi-shinjuku","name":"Nishi-Shinjuku","name_local":"西新宿","ward":"Shinjuku","ward_slug":"shinjuku","gruppo":"shinjuku-shinjuku","gruppo_name":"Shinjuku","usato":false},"geometry":{"type":"Polygon","coordinates":[[[139.69985,35.68847],[139.69951,35.68867],[139.69461,35.68664],[139.68744,35.68172],[139.68582,35.68348],[139.68477,35.68586],[139.68468,35.68633],[139.68563,35.68649],[139.68574,35.68777],[139.68403,35.68743],[139.68316,35.68863],[139.68487,35.69144],[139.68422,35.69181],[139.68448,35.69216],[139.68374,35.69211],[139.68354,35.69257],[139.6854,35.69399],[139.68663,35.69639],[139.68962,35.69548],[139.69052,35.69693],[139.69871,35.69806],[139.69986,35.6927],[139.70014,35.68884],[139.69973,35.68877],[139.69985,35.68847]]]}},{"type":"Feature","bbox":[139.70903,35.70645,139.72335,35.71479],"properties":{"slug":"shinjuku-nishi-waseda","name":"Nishi-Waseda","name_local":"西早稲田","ward":"Shinjuku","ward_slug":"shinjuku","gruppo":"shinjuku-nishi-waseda","gruppo_name":"Nishi-Waseda","usato":false},"geometry":{"type":"Polygon","coordinates":[[[139.72322,35.71073],[139.72158,35.71107],[139.72056,35.70829],[139.71813,35.70645],[139.71064,35.70835],[139.70903,35.70811],[139.71033,35.7127],[139.71148,35.71479],[139.71465,35.71311],[139.7155,35.71313],[139.71575,35.71365],[139.71841,35.7125],[139.7193,35.71248],[139.71961,35.71302],[139.71986,35.71231],[139.72053,35.71285],[139.72086,35.71248],[139.72206,35.71248],[139.72243,35.7123],[139.72205,35.71156],[139.72335,35.711],[139.72322,35.71073]]]}},{"type":"Feature","bbox":[139.7005,35.69793,139.70915,35.70942],"properties":{"slug":"shinjuku-okubo","name":"Okubo","name_local":"大久保","ward":"Shinjuku","ward_slug":"shinjuku","gruppo":"shinjuku-okubo","gruppo_name":"Okubo","usato":false},"geometry":{"type":"Polygon","coordinates":[[[139.70236,35.70942],[139.70907,35.70844],[139.70857,35.70455],[139.70915,35.70426],[139.70883,35.70086],[139.70804,35.70088],[139.70751,35.69793],[139.70205,35.69812],[139.70258,35.70435],[139.7005,35.70417],[139.70236,35.70942]]]}},{"type":"Feature","bbox":[139.73221,35.69812,139.73377,35.69989],"properties":{"slug":"shinjuku-saikumachi","name":"Saikumachi","name_local":"細工町","ward":"Shinjuku","ward_slug":"shinjuku","gruppo":"shinjuku-saikumachi","gruppo_name":"Saikumachi","usato":false},"geometry":{"type":"Polygon","coordinates":[[[139.73221,35.69955],[139.73315,35.69989],[139.73377,35.69846],[139.73281,35.69812],[139.73221,35.69955]]]}},{"type":"Feature","bbox":[139.71886,35.68437,139.72183,35.68714],"properties":{"slug":"shinjuku-samoncho","name":"Samoncho","name_local":"左門町","ward":"Shinjuku","ward_slug":"shinjuku","gruppo":"shinjuku-samoncho","gruppo_name":"Samoncho","usato":false},"geometry":{"type":"Polygon","coordinates":[[[139.71967,35.68452],[139.71919,35.6846],[139.7194,35.68644],[139.71886,35.68646],[139.71892,35.6869],[139.72183,35.68714],[139.7214,35.68437],[139.71967,35.68452]]]}},{"type":"Feature","bbox":[139.74238,35.70233,139.74514,35.70419],"properties":{"slug":"shinjuku-shimo-miyabich","name":"Shimo-Miyabichō","name_local":"下宮比町","ward":"Shinjuku","ward_slug":"shinjuku","gruppo":"shinjuku-shimo-miyabich","gruppo_name":"Shimo-Miyabichō","usato":false},"geometry":{"type":"Polygon","coordinates":[[[139.74413,35.70249],[139.74238,35.70294],[139.74303,35.70401],[139.7444,35.70419],[139.74514,35.70253],[139.74413,35.70249]]]}},{"type":"Feature","bbox":[139.69425,35.71477,139.70582,35.7235],"properties":{"slug":"shinjuku-shimo-ochiai","name":"Shimo-Ochiai","name_local":"下落合","ward":"Shinjuku","ward_slug":"shinjuku","gruppo":"shinjuku-shimo-ochiai","gruppo_name":"Shimo-Ochiai","usato":false},"geometry":{"type":"Polygon","coordinates":[[[139.69425,35.72232],[139.69797,35.72213],[139.69951,35.72279],[139.69991,35.7235],[139.70469,35.72279],[139.7043,35.72222],[139.70582,35.72148],[139.70472,35.72086],[139.70453,35.72013],[139.70577,35.71857],[139.70565,35.71666],[139.70539,35.71678],[139.70548,35.71633],[139.70475,35.71647],[139.70419,35.71477],[139.69704,35.71545],[139.69573,35.71509],[139.69516,35.71566],[139.69445,35.71566],[139.69478,35.71879],[139.69425,35.72232]]]}},{"type":"Feature","bbox":[139.74031,35.70387,139.7444,35.70848],"properties":{"slug":"shinjuku-shin-ogawamachi","name":"Shin-ogawamachi","name_local":"新小川町","ward":"Shinjuku","ward_slug":"shinjuku","gruppo":"shinjuku-shin-ogawamachi","gruppo_name":"Shin-ogawamachi","usato":false},"geometry":{"type":"Polygon","coordinates":[[[139.7408,35.70512],[139.741,35.70435],[139.74293,35.70387],[139.7444,35.70419],[139.74342,35.70758],[139.74276,35.70817],[139.74061,35.70848],[139.74031,35.70713],[139.7408,35.70512]]]}},{"type":"Feature","bbox":[139.71691,35.67966,139.72264,35.68467],"properties":{"slug":"shinjuku-shinanomachi","name":"Shinanomachi","name_local":"信濃町","ward":"Shinjuku","ward_slug":"shinjuku","gruppo":"shinjuku-shinanomachi","gruppo_name":"Shinanomachi","usato":false},"geometry":{"type":"Polygon","coordinates":[[[139.71691,35.68072],[139.71716,35.68371],[139.71809,35.6835],[139.71867,35.68467],[139.72202,35.68379],[139.72163,35.68346],[139.72264,35.68326],[139.72239,35.68091],[139.72044,35.68085],[139.72038,35.68033],[139.72105,35.68012],[139.72095,35.67966],[139.71906,35.67994],[139.71916,35.68044],[139.71691,35.68072]]]}},{"type":"Feature","bbox":[139.69969,35.6874,139.71488,35.7014],"properties":{"slug":"shinjuku-shinjuku","name":"Shinjuku","name_local":"新宿","ward":"Shinjuku","ward_slug":"shinjuku","gruppo":"shinjuku-shinjuku","gruppo_name":"Shinjuku","usato":false},"geometry":{"type":"Polygon","coordinates":[[[139.70751,35.69793],[139.70687,35.69485],[139.70545,35.6948],[139.70451,35.69268],[139.70063,35.69364],[139.69969,35.69344],[139.70014,35.68884],[139.70215,35.68934],[139.70194,35.68832],[139.70279,35.6879],[139.70513,35.68802],[139.70493,35.68981],[139.70523,35.6898],[139.70957,35.68816],[139.71383,35.6874],[139.71488,35.69065],[139.71452,35.69121],[139.71246,35.69124],[139.71303,35.69402],[139.71234,35.69415],[139.71333,35.69736],[139.71283,35.69776],[139.7137,35.69779],[139.71401,35.7014],[139.70804,35.70088],[139.70751,35.69793]]]}},{"type":"Feature","bbox":[139.73671,35.70239,139.74004,35.70528],"properties":{"slug":"shinjuku-shiroganecho","name":"Shiroganecho","name_local":"白銀町","ward":"Shinjuku","ward_slug":"shinjuku","gruppo":"shinjuku-shiroganecho","gruppo_name":"Shiroganecho","usato":false},"geometry":{"type":"Polygon","coordinates":[[[139.73917,35.7052],[139.7386,35.70528],[139.73806,35.70445],[139.73741,35.70477],[139.73671,35.70395],[139.73811,35.70336],[139.73835,35.70239],[139.73911,35.70312],[139.7398,35.70277],[139.74004,35.70336],[139.73929,35.70328],[139.73933,35.70384],[139.73874,35.70413],[139.73917,35.7052]]]}},{"type":"Feature","bbox":[139.71986,35.68311,139.72447,35.68763],"properties":{"slug":"shinjuku-sugacho","name":"Sugacho","name_local":"須賀町","ward":"Shinjuku","ward_slug":"shinjuku","gruppo":"shinjuku-sugacho","gruppo_name":"Sugacho","usato":false},"geometry":{"type":"Polygon","coordinates":[[[139.72002,35.68448],[139.7214,35.68437],[139.72194,35.68763],[139.7229,35.68755],[139.72249,35.68549],[139.72363,35.68522],[139.72447,35.68401],[139.72397,35.68311],[139.71986,35.68417],[139.72002,35.68448]]]}},{"type":"Feature","bbox":[139.73498,35.70636,139.73723,35.70923],"properties":{"slug":"shinjuku-suidocho","name":"Suidocho","name_local":"水道町","ward":"Shinjuku","ward_slug":"shinjuku","gruppo":"shinjuku-suidocho","gruppo_name":"Suidocho","usato":false},"geometry":{"type":"Polygon","coordinates":[[[139.73531,35.70814],[139.73498,35.70662],[139.73664,35.70636],[139.73723,35.70898],[139.73555,35.70923],[139.73531,35.70814]]]}},{"type":"Feature","bbox":[139.71724,35.69169,139.72409,35.69587],"properties":{"slug":"shinjuku-sumiyoshicho","name":"Sumiyoshicho","name_local":"住吉町","ward":"Shinjuku","ward_slug":"shinjuku","gruppo":"shinjuku-sumiyoshicho","gruppo_name":"Sumiyoshicho","usato":false},"geometry":{"type":"Polygon","coordinates":[[[139.71888,35.69587],[139.72078,35.69499],[139.72196,35.69312],[139.72409,35.69311],[139.7234,35.69281],[139.72338,35.69199],[139.71902,35.69169],[139.7195,35.69218],[139.71924,35.69246],[139.7209,35.6929],[139.72054,35.69375],[139.71962,35.69377],[139.7195,35.6943],[139.71724,35.69501],[139.71888,35.69587]]]}},{"type":"Feature","bbox":[139.6934,35.70844,139.71148,35.71545],"properties":{"slug":"shinjuku-takadanobaba","name":"Takadanobaba","name_local":"高田馬場","ward":"Shinjuku","ward_slug":"shinjuku","gruppo":"shinjuku-takadanobaba","gruppo_name":"Takadanobaba","usato":false},"geometry":{"type":"Polygon","coordinates":[[[139.70431,35.71473],[139.70558,35.71447],[139.70578,35.71403],[139.70522,35.71391],[139.70635,35.71353],[139.70943,35.71392],[139.71031,35.71356],[139.71148,35.71479],[139.71033,35.7127],[139.70907,35.70844],[139.7024,35.70958],[139.69722,35.7087],[139.69371,35.70942],[139.6934,35.7099],[139.69434,35.71119],[139.69488,35.71421],[139.69573,35.71509],[139.69704,35.71545],[139.70431,35.71473]]]}},{"type":"Feature","bbox":[139.73204,35.69955,139.73628,35.70131],"properties":{"slug":"shinjuku-tansumachi","name":"Tansumachi","name_local":"箪笥町","ward":"Shinjuku","ward_slug":"shinjuku","gruppo":"shinjuku-tansumachi","gruppo_name":"Tansumachi","usato":false},"geometry":{"type":"Polygon","coordinates":[[[139.73204,35.69994],[139.73567,35.70131],[139.73628,35.70058],[139.73221,35.69955],[139.73204,35.69994]]]}},{"type":"Feature","bbox":[139.72967,35.70424,139.73244,35.70658],"properties":{"slug":"shinjuku-tenjincho","name":"Tenjincho","name_local":"天神町","ward":"Shinjuku","ward_slug":"shinjuku","gruppo":"shinjuku-tenjincho","gruppo_name":"Tenjincho","usato":false},"geometry":{"type":"Polygon","coordinates":[[[139.72967,35.70658],[139.73105,35.70626],[139.73094,35.70557],[139.73244,35.70531],[139.7322,35.70424],[139.73083,35.7045],[139.73076,35.70484],[139.72968,35.7048],[139.72967,35.70658]]]}},{"type":"Feature","bbox":[139.71234,35.69068,139.7195,35.69646],"properties":{"slug":"shinjuku-tomihisacho","name":"Tomihisacho","name_local":"富久町","ward":"Shinjuku","ward_slug":"shinjuku","gruppo":"shinjuku-tomihisacho","gruppo_name":"Tomihisacho","usato":false},"geometry":{"type":"Polygon","coordinates":[[[139.71302,35.69646],[139.71534,35.69488],[139.71598,35.695],[139.71689,35.69363],[139.7195,35.69218],[139.71873,35.69122],[139.71655,35.69106],[139.71605,35.69068],[139.71452,35.69121],[139.71246,35.69124],[139.71303,35.69402],[139.71234,35.69415],[139.71302,35.69646]]]}},{"type":"Feature","bbox":[139.71921,35.70641,139.72325,35.71107],"properties":{"slug":"shinjuku-totsukamachi","name":"Totsukamachi","name_local":"戸塚町","ward":"Shinjuku","ward_slug":"shinjuku","gruppo":"shinjuku-totsukamachi","gruppo_name":"Totsukamachi","usato":false},"geometry":{"type":"Polygon","coordinates":[[[139.71921,35.70698],[139.72105,35.70897],[139.72158,35.71107],[139.72324,35.71061],[139.72292,35.70893],[139.72081,35.70853],[139.72153,35.70814],[139.72027,35.70641],[139.71921,35.70698]]]}},{"type":"Feature","bbox":[139.70857,35.70073,139.72051,35.70841],"properties":{"slug":"shinjuku-toyama","name":"Toyama","name_local":"戸山","ward":"Shinjuku","ward_slug":"shinjuku","gruppo":"shinjuku-toyama","gruppo_name":"Toyama","usato":false},"geometry":{"type":"Polygon","coordinates":[[[139.70903,35.70811],[139.71064,35.70835],[139.71508,35.70746],[139.71692,35.7065],[139.71832,35.70649],[139.71836,35.70563],[139.71903,35.70548],[139.7188,35.70488],[139.71985,35.70439],[139.71959,35.70415],[139.72051,35.70403],[139.71943,35.70073],[139.71776,35.70125],[139.71724,35.70095],[139.71429,35.7014],[139.70883,35.70086],[139.70915,35.70426],[139.70857,35.70455],[139.70903,35.70811]]]}},{"type":"Feature","bbox":[139.73488,35.70529,139.73679,35.70662],"properties":{"slug":"shinjuku-tsukijimachi","name":"Tsukijimachi","name_local":"築地町","ward":"Shinjuku","ward_slug":"shinjuku","gruppo":"shinjuku-tsukijimachi","gruppo_name":"Tsukijimachi","usato":false},"geometry":{"type":"Polygon","coordinates":[[[139.73492,35.70634],[139.73498,35.70662],[139.73679,35.70634],[139.73665,35.70573],[139.73549,35.70529],[139.73488,35.70545],[139.73492,35.70634]]]}},{"type":"Feature","bbox":[139.73874,35.70328,139.74161,35.7052],"properties":{"slug":"shinjuku-tsukudo-hachimancho","name":"Tsukudo Hachimancho","name_local":"筑土八幡町","ward":"Shinjuku","ward_slug":"shinjuku","gruppo":"shinjuku-tsukudo-hachimancho","gruppo_name":"Tsukudo Hachimancho","usato":false},"geometry":{"type":"Polygon","coordinates":[[[139.7408,35.70512],[139.73917,35.7052],[139.73874,35.70413],[139.73933,35.70384],[139.73929,35.70328],[139.74148,35.70383],[139.74161,35.70439],[139.741,35.70435],[139.7408,35.70512]]]}},{"type":"Feature","bbox":[139.73986,35.70197,139.74293,35.70439],"properties":{"slug":"shinjuku-tsukudocho","name":"Tsukudocho","name_local":"津久戸町","ward":"Shinjuku","ward_slug":"shinjuku","gruppo":"shinjuku-tsukudocho","gruppo_name":"Tsukudocho","usato":false},"geometry":{"type":"Polygon","coordinates":[[[139.73986,35.70285],[139.74004,35.70336],[139.74111,35.7035],[139.74161,35.70439],[139.74293,35.70387],[139.74178,35.70197],[139.73986,35.70285]]]}},{"type":"Feature","bbox":[139.72163,35.68052,139.72816,35.68755],"properties":{"slug":"shinjuku-wakaba","name":"Wakaba","name_local":"若葉","ward":"Shinjuku","ward_slug":"shinjuku","gruppo":"shinjuku-wakaba","gruppo_name":"Wakaba","usato":false},"geometry":{"type":"Polygon","coordinates":[[[139.72202,35.68379],[139.72397,35.68311],[139.7244,35.68364],[139.72363,35.68522],[139.72249,35.68549],[139.7229,35.68755],[139.72468,35.68702],[139.72436,35.68652],[139.72551,35.68606],[139.72603,35.68647],[139.72697,35.68611],[139.72741,35.68503],[139.72721,35.68418],[139.72816,35.68395],[139.72812,35.68262],[139.72691,35.68052],[139.72519,35.6811],[139.72493,35.68166],[139.72443,35.68156],[139.72403,35.68241],[139.7231,35.68218],[139.7233,35.68274],[139.72163,35.68346],[139.72202,35.68379]]]}},{"type":"Feature","bbox":[139.7137,35.69662,139.72253,35.70366],"properties":{"slug":"shinjuku-wakamatsucho","name":"Wakamatsucho","name_local":"若松町","ward":"Shinjuku","ward_slug":"shinjuku","gruppo":"shinjuku-wakamatsucho","gruppo_name":"Wakamatsucho","usato":false},"geometry":{"type":"Polygon","coordinates":[[[139.71401,35.7014],[139.71724,35.70095],[139.71776,35.70125],[139.71943,35.70073],[139.72035,35.70366],[139.72064,35.7036],[139.72155,35.7028],[139.72082,35.70019],[139.72207,35.69983],[139.72179,35.69911],[139.72253,35.69872],[139.72251,35.69804],[139.72158,35.69662],[139.71922,35.69799],[139.71852,35.69934],[139.7137,35.69779],[139.71401,35.7014]]]}},{"type":"Feature","bbox":[139.73768,35.69797,139.74111,35.70121],"properties":{"slug":"shinjuku-wakamiyacho","name":"Wakamiyacho","name_local":"若宮町","ward":"Shinjuku","ward_slug":"shinjuku","gruppo":"shinjuku-wakamiyacho","gruppo_name":"Wakamiyacho","usato":false},"geometry":{"type":"Polygon","coordinates":[[[139.73768,35.69928],[139.73933,35.69988],[139.73884,35.70105],[139.73936,35.70121],[139.73959,35.70039],[139.74045,35.70071],[139.74017,35.70037],[139.74054,35.70038],[139.74111,35.69931],[139.74041,35.69859],[139.73976,35.69919],[139.73907,35.69892],[139.73875,35.69797],[139.73829,35.69799],[139.73768,35.69928]]]}},{"type":"Feature","bbox":[139.72049,35.70489,139.72703,35.70724],"properties":{"slug":"shinjuku-waseda-machi","name":"Waseda machi","name_local":"早稲田町","ward":"Shinjuku","ward_slug":"shinjuku","gruppo":"shinjuku-waseda-machi","gruppo_name":"Waseda machi","usato":false},"geometry":{"type":"Polygon","coordinates":[[[139.72049,35.70666],[139.72098,35.70724],[139.72229,35.70623],[139.72334,35.70624],[139.72363,35.70675],[139.72474,35.70586],[139.72648,35.70572],[139.72653,35.7061],[139.72703,35.70606],[139.72697,35.70525],[139.72556,35.7056],[139.7236,35.70532],[139.72325,35.70489],[139.72259,35.70556],[139.72089,35.70554],[139.72102,35.70622],[139.72049,35.70666]]]}},{"type":"Feature","bbox":[139.72153,35.70298,139.72628,35.70556],"properties":{"slug":"shinjuku-waseda-minamicho","name":"Waseda Minamicho","name_local":"早稲田南町","ward":"Shinjuku","ward_slug":"shinjuku","gruppo":"shinjuku-waseda-minamicho","gruppo_name":"Waseda Minamicho","usato":false},"geometry":{"type":"Polygon","coordinates":[[[139.72156,35.70556],[139.72259,35.70556],[139.72325,35.70489],[139.7236,35.70532],[139.72475,35.70534],[139.72383,35.70443],[139.72516,35.70376],[139.72527,35.70413],[139.72613,35.70422],[139.72628,35.70365],[139.72531,35.70332],[139.72529,35.70298],[139.72409,35.70355],[139.72297,35.70349],[139.72361,35.70436],[139.72179,35.7048],[139.72156,35.70556]]]}},{"type":"Feature","bbox":[139.72081,35.70572,139.72857,35.71073],"properties":{"slug":"shinjuku-waseda-tsurumakicho","name":"Waseda-Tsurumakicho","name_local":"早稲田鶴巻町","ward":"Shinjuku","ward_slug":"shinjuku","gruppo":"shinjuku-waseda-tsurumakicho","gruppo_name":"Waseda-Tsurumakicho","usato":false},"geometry":{"type":"Polygon","coordinates":[[[139.72098,35.70724],[139.72153,35.70814],[139.72081,35.70853],[139.72292,35.70893],[139.72322,35.71073],[139.72372,35.70996],[139.72537,35.70977],[139.72525,35.70946],[139.72618,35.70927],[139.72601,35.70977],[139.72691,35.7101],[139.72793,35.70991],[139.72795,35.70941],[139.72857,35.70909],[139.72795,35.70884],[139.72778,35.70822],[139.72714,35.70827],[139.7279,35.70737],[139.72761,35.70739],[139.72771,35.70666],[139.7265,35.70672],[139.72648,35.70572],[139.72474,35.70586],[139.72363,35.70675],[139.72334,35.70624],[139.72229,35.70623],[139.72098,35.70724]]]}},{"type":"Feature","bbox":[139.72714,35.70626,139.73407,35.70945],"properties":{"slug":"shinjuku-yamabukicho","name":"Yamabukicho","name_local":"山吹町","ward":"Shinjuku","ward_slug":"shinjuku","gruppo":"shinjuku-yamabukicho","gruppo_name":"Yamabukicho","usato":false},"geometry":{"type":"MultiPolygon","coordinates":[[[[139.72771,35.70666],[139.72793,35.70775],[139.72714,35.70827],[139.72778,35.70822],[139.72839,35.70923],[139.72927,35.70945],[139.73157,35.70938],[139.73135,35.70809],[139.73367,35.70741],[139.73297,35.70734],[139.73294,35.70656],[139.73105,35.70626],[139.72871,35.70673],[139.72845,35.70631],[139.72761,35.70635],[139.72771,35.70666]]],[[[139.73344,35.70773],[139.73399,35.70749],[139.73407,35.7078],[139.73344,35.70773]]]]}},{"type":"Feature","bbox":[139.72909,35.69991,139.73542,35.70505],"properties":{"slug":"shinjuku-yaraicho","name":"Yaraicho","name_local":"矢来町","ward":"Shinjuku","ward_slug":"shinjuku","gruppo":"shinjuku-yaraicho","gruppo_name":"Yaraicho","usato":false},"geometry":{"type":"Polygon","coordinates":[[[139.73078,35.70458],[139.7322,35.70424],[139.73237,35.70505],[139.73542,35.70453],[139.73432,35.70179],[139.73483,35.70147],[139.73087,35.69991],[139.73081,35.70099],[139.72964,35.70106],[139.73009,35.70254],[139.72909,35.7029],[139.72938,35.70435],[139.73078,35.70458]]]}},{"type":"Feature","bbox":[139.71283,35.69431,139.71888,35.69874],"properties":{"slug":"shinjuku-yochomachi","name":"Yochomachi","name_local":"余丁町","ward":"Shinjuku","ward_slug":"shinjuku","gruppo":"shinjuku-yochomachi","gruppo_name":"Yochomachi","usato":false},"geometry":{"type":"Polygon","coordinates":[[[139.7137,35.69779],[139.71669,35.69874],[139.71667,35.69813],[139.71888,35.69587],[139.71644,35.69431],[139.71598,35.695],[139.71534,35.69488],[139.71302,35.69646],[139.71333,35.69736],[139.71283,35.69776],[139.7137,35.69779]]]}},{"type":"Feature","bbox":[139.73188,35.69994,139.73676,35.70329],"properties":{"slug":"shinjuku-yokoteramachi","name":"Yokoteramachi","name_local":"横寺町","ward":"Shinjuku","ward_slug":"shinjuku","gruppo":"shinjuku-yokoteramachi","gruppo_name":"Yokoteramachi","usato":false},"geometry":{"type":"Polygon","coordinates":[[[139.73188,35.70029],[139.73483,35.70147],[139.73432,35.70179],[139.73485,35.70329],[139.73576,35.7032],[139.73672,35.70239],[139.73606,35.70178],[139.73676,35.70133],[139.73591,35.70095],[139.73567,35.70131],[139.73328,35.70023],[139.73204,35.69994],[139.73188,35.70029]]]}},{"type":"Feature","bbox":[139.71408,35.68111,139.73177,35.69121],"properties":{"slug":"shinjuku-yotsuya","name":"Yotsuya","name_local":"四谷","ward":"Shinjuku","ward_slug":"shinjuku","gruppo":"shinjuku-yotsuya","gruppo_name":"Yotsuya","usato":false},"geometry":{"type":"Polygon","coordinates":[[[139.71452,35.69121],[139.71605,35.69068],[139.71762,35.69102],[139.71775,35.69013],[139.71873,35.68986],[139.71821,35.68825],[139.72321,35.68842],[139.72729,35.68698],[139.72785,35.6883],[139.72834,35.68811],[139.72858,35.68857],[139.73,35.68804],[139.7297,35.68705],[139.73032,35.68693],[139.73068,35.68806],[139.73098,35.688],[139.73013,35.68502],[139.73177,35.68144],[139.73079,35.68111],[139.73,35.68249],[139.72794,35.68272],[139.72816,35.68395],[139.72721,35.68418],[139.72741,35.68503],[139.72697,35.68611],[139.72603,35.68647],[139.7258,35.68597],[139.72436,35.68652],[139.72468,35.68702],[139.72194,35.68763],[139.72183,35.68714],[139.71806,35.68708],[139.71814,35.68609],[139.71756,35.68606],[139.71753,35.687],[139.71594,35.68709],[139.71595,35.6876],[139.71408,35.6879],[139.71488,35.69065],[139.71452,35.69121]]]}},{"type":"Feature","bbox":[139.72785,35.68693,139.73162,35.6912],"properties":{"slug":"shinjuku-yotsuya-honshioch","name":"Yotsuya-Honshiochō","name_local":"四谷本塩町","ward":"Shinjuku","ward_slug":"shinjuku","gruppo":"shinjuku-yotsuya-honshioch","gruppo_name":"Yotsuya-Honshiochō","usato":false},"geometry":{"type":"Polygon","coordinates":[[[139.72873,35.6912],[139.73051,35.69106],[139.73052,35.68977],[139.73162,35.68911],[139.73068,35.68806],[139.73032,35.68693],[139.7297,35.68705],[139.73,35.68804],[139.72858,35.68857],[139.72834,35.68811],[139.72785,35.6883],[139.72916,35.68952],[139.7292,35.69005],[139.72866,35.69034],[139.72873,35.6912]]]}},{"type":"Feature","bbox":[139.72459,35.68855,139.7292,35.69202],"properties":{"slug":"shinjuku-yotsuya-sakamachi","name":"Yotsuya Sakamachi","name_local":"四谷坂町","ward":"Shinjuku","ward_slug":"shinjuku","gruppo":"shinjuku-yotsuya-sakamachi","gruppo_name":"Yotsuya Sakamachi","usato":false},"geometry":{"type":"Polygon","coordinates":[[[139.72513,35.69152],[139.72531,35.69181],[139.72583,35.69155],[139.72618,35.69202],[139.72873,35.6912],[139.72866,35.69034],[139.7292,35.69005],[139.72916,35.68952],[139.72828,35.68871],[139.72677,35.68889],[139.72721,35.68974],[139.72459,35.69065],[139.72513,35.69152]]]}},{"type":"Feature","bbox":[139.72346,35.68698,139.72812,35.69065],"properties":{"slug":"shinjuku-yotsuya-saneicho","name":"Yotsuya Saneicho","name_local":"四谷三栄町","ward":"Shinjuku","ward_slug":"shinjuku","gruppo":"shinjuku-yotsuya-saneicho","gruppo_name":"Yotsuya Saneicho","usato":false},"geometry":{"type":"Polygon","coordinates":[[[139.72459,35.69065],[139.72721,35.68974],[139.72677,35.68889],[139.72812,35.68877],[139.72729,35.68698],[139.72346,35.68835],[139.72459,35.69065]]]}},{"type":"Feature","bbox":[139.61558,35.70463,139.63068,35.7118],"properties":{"slug":"suginami-amanuma","name":"Amanuma","name_local":"天沼","ward":"Suginami","ward_slug":"suginami","gruppo":"suginami-amanuma","gruppo_name":"Amanuma","usato":false},"geometry":{"type":"Polygon","coordinates":[[[139.62451,35.70463],[139.62314,35.70519],[139.61983,35.70558],[139.61558,35.70781],[139.62124,35.71063],[139.62912,35.7118],[139.63068,35.7072],[139.62899,35.70474],[139.62451,35.70463]]]}},{"type":"Feature","bbox":[139.62899,35.70474,139.6435,35.71671],"properties":{"slug":"suginami-asagaya-kita","name":"Asagaya kita","name_local":"阿佐谷北","ward":"Suginami","ward_slug":"suginami","gruppo":"suginami-asagaya-kita","gruppo_name":"Asagaya kita","usato":false},"geometry":{"type":"Polygon","coordinates":[[[139.62899,35.70474],[139.63068,35.7072],[139.62912,35.7118],[139.63408,35.71273],[139.63599,35.71671],[139.64156,35.7149],[139.64142,35.71274],[139.6435,35.71149],[139.64188,35.70634],[139.64195,35.70564],[139.64259,35.70517],[139.62899,35.70474]]]}},{"type":"Feature","bbox":[139.62451,35.69781,139.64493,35.70524],"properties":{"slug":"suginami-asagaya-minami","name":"Asagaya-Minami","name_local":"阿佐谷南","ward":"Suginami","ward_slug":"suginami","gruppo":"suginami-asagaya-minami","gruppo_name":"Asagaya-Minami","usato":true},"geometry":{"type":"Polygon","coordinates":[[[139.64259,35.70517],[139.62451,35.70463],[139.6308,35.70147],[139.63799,35.69859],[139.64021,35.69797],[139.64387,35.69781],[139.64388,35.70328],[139.64493,35.70524],[139.64259,35.70517]]]}},{"type":"Feature","bbox":[139.63343,35.66757,139.6502,35.68188],"properties":{"slug":"suginami-eifuku","name":"Eifuku","name_local":"永福","ward":"Suginami","ward_slug":"suginami","gruppo":"suginami-eifuku","gruppo_name":"Eifuku","usato":false},"geometry":{"type":"Polygon","coordinates":[[[139.63606,35.68015],[139.64339,35.68188],[139.64412,35.6772],[139.64363,35.67581],[139.64941,35.67191],[139.6502,35.67017],[139.64576,35.6682],[139.64161,35.66757],[139.6416,35.66873],[139.64221,35.67011],[139.63914,35.67067],[139.63643,35.67256],[139.63479,35.67503],[139.63453,35.67655],[139.63377,35.67652],[139.63343,35.67799],[139.63442,35.67939],[139.63491,35.67926],[139.63606,35.68015]]]}},{"type":"Feature","bbox":[139.62337,35.67461,139.63606,35.68819],"properties":{"slug":"suginami-hamadayama","name":"Hamadayama","name_local":"浜田山","ward":"Suginami","ward_slug":"suginami","gruppo":"suginami-hamadayama","gruppo_name":"Hamadayama","usato":false},"geometry":{"type":"Polygon","coordinates":[[[139.62542,35.68211],[139.62584,35.6831],[139.62399,35.68653],[139.625,35.68819],[139.63585,35.6837],[139.63504,35.68067],[139.63606,35.68015],[139.63491,35.67926],[139.63442,35.67939],[139.63343,35.67799],[139.63377,35.67652],[139.63453,35.67655],[139.63463,35.67545],[139.63526,35.67461],[139.6332,35.67613],[139.62694,35.67532],[139.62529,35.67603],[139.62337,35.6776],[139.6255,35.68004],[139.62512,35.68142],[139.62542,35.68211]]]}},{"type":"Feature","bbox":[139.61915,35.71059,139.63479,35.71837],"properties":{"slug":"suginami-hon-amanuma","name":"Hon Amanuma","name_local":"本天沼","ward":"Suginami","ward_slug":"suginami","gruppo":"suginami-hon-amanuma","gruppo_name":"Hon Amanuma","usato":false},"geometry":{"type":"Polygon","coordinates":[[[139.62112,35.71059],[139.6198,35.71125],[139.61915,35.71287],[139.62129,35.71533],[139.62153,35.71621],[139.62116,35.71837],[139.63479,35.71413],[139.63408,35.71273],[139.62112,35.71059]]]}},{"type":"Feature","bbox":[139.65621,35.67256,139.6648,35.68664],"properties":{"slug":"suginami-honan","name":"Honan","name_local":"方南","ward":"Suginami","ward_slug":"suginami","gruppo":"suginami-honan","gruppo_name":"Honan","usato":false},"geometry":{"type":"Polygon","coordinates":[[[139.66068,35.67256],[139.65732,35.67925],[139.65675,35.68493],[139.65621,35.68629],[139.65682,35.68654],[139.65918,35.68664],[139.6594,35.68515],[139.66019,35.68492],[139.66053,35.68422],[139.65928,35.68319],[139.65937,35.68221],[139.66002,35.68207],[139.66006,35.68135],[139.66062,35.68115],[139.65949,35.67993],[139.66169,35.68036],[139.66255,35.67956],[139.66391,35.67961],[139.66384,35.67886],[139.6648,35.67892],[139.66458,35.67775],[139.6634,35.67799],[139.66403,35.67656],[139.66179,35.67557],[139.66138,35.6746],[139.66182,35.67367],[139.66152,35.67278],[139.66068,35.67256]]]}},{"type":"Feature","bbox":[139.64551,35.68256,139.65692,35.69537],"properties":{"slug":"suginami-horinouchi","name":"Horinouchi","name_local":"堀ノ内","ward":"Suginami","ward_slug":"suginami","gruppo":"suginami-horinouchi","gruppo_name":"Horinouchi","usato":false},"geometry":{"type":"Polygon","coordinates":[[[139.64743,35.6828],[139.64717,35.68365],[139.64753,35.684],[139.64551,35.6847],[139.64813,35.68867],[139.64623,35.6892],[139.646,35.69107],[139.6464,35.69398],[139.64716,35.69518],[139.64868,35.69495],[139.64844,35.6943],[139.65166,35.69537],[139.65164,35.6948],[139.65347,35.69475],[139.65435,35.6942],[139.65511,35.68928],[139.6567,35.68511],[139.65692,35.68339],[139.65189,35.68256],[139.64743,35.6828]]]}},{"type":"Feature","bbox":[139.60187,35.72359,139.62756,35.73143],"properties":{"slug":"suginami-igusa","name":"Igusa","name_local":"井草","ward":"Suginami","ward_slug":"suginami","gruppo":"suginami-igusa","gruppo_name":"Igusa","usato":false},"geometry":{"type":"Polygon","coordinates":[[[139.62387,35.72406],[139.602,35.72536],[139.60187,35.72578],[139.60956,35.72855],[139.61571,35.73019],[139.61589,35.72977],[139.617,35.73003],[139.61667,35.73049],[139.62022,35.73143],[139.6199,35.73025],[139.62446,35.73009],[139.62437,35.72927],[139.62756,35.72359],[139.62387,35.72406]]]}},{"type":"Feature","bbox":[139.59664,35.71445,139.61443,35.71911],"properties":{"slug":"suginami-imagawa","name":"Imagawa","name_local":"今川","ward":"Suginami","ward_slug":"suginami","gruppo":"suginami-imagawa","gruppo_name":"Imagawa","usato":false},"geometry":{"type":"Polygon","coordinates":[[[139.61409,35.71909],[139.60595,35.71911],[139.59664,35.71706],[139.59881,35.71445],[139.61443,35.71508],[139.61409,35.71909]]]}},{"type":"Feature","bbox":[139.64339,35.67017,139.66068,35.68339],"properties":{"slug":"suginami-izumi","name":"Izumi","name_local":"和泉","ward":"Suginami","ward_slug":"suginami","gruppo":"suginami-izumi","gruppo_name":"Izumi","usato":false},"geometry":{"type":"Polygon","coordinates":[[[139.6502,35.67017],[139.64941,35.67191],[139.64363,35.67581],[139.64412,35.6772],[139.64339,35.68188],[139.64762,35.68283],[139.65189,35.68256],[139.65692,35.68339],[139.65732,35.67925],[139.66068,35.67256],[139.65513,35.6709],[139.6502,35.67017]]]}},{"type":"Feature","bbox":[139.64188,35.70517,139.65819,35.71149],"properties":{"slug":"suginami-k-enji-north","name":"Kōenji-north","name_local":"高円寺北","ward":"Suginami","ward_slug":"suginami","gruppo":"suginami-k-enji-north","gruppo_name":"Kōenji-north","usato":false},"geometry":{"type":"Polygon","coordinates":[[[139.64493,35.70524],[139.64259,35.70517],[139.64195,35.70564],[139.6435,35.71149],[139.65092,35.70944],[139.65129,35.70896],[139.65795,35.70924],[139.65819,35.70561],[139.64493,35.70524]]]}},{"type":"Feature","bbox":[139.6437,35.69749,139.66239,35.70561],"properties":{"slug":"suginami-k-enji-south","name":"Kōenji-south","name_local":"高円寺南","ward":"Suginami","ward_slug":"suginami","gruppo":"suginami-k-enji-south","gruppo_name":"Kōenji-south","usato":false},"geometry":{"type":"Polygon","coordinates":[[[139.66152,35.70119],[139.66182,35.69932],[139.66239,35.69884],[139.66197,35.69749],[139.65731,35.69808],[139.64387,35.69781],[139.6437,35.69884],[139.64388,35.70328],[139.64493,35.70524],[139.65819,35.70561],[139.65805,35.70519],[139.66101,35.70481],[139.66118,35.70254],[139.66073,35.70138],[139.66152,35.70119]]]}},{"type":"Feature","bbox":[139.59385,35.71706,139.61433,35.72537],"properties":{"slug":"suginami-kami-igusa","name":"Kami Igusa","name_local":"上井草","ward":"Suginami","ward_slug":"suginami","gruppo":"suginami-igusa","gruppo_name":"Igusa","usato":false},"geometry":{"type":"Polygon","coordinates":[[[139.61084,35.71909],[139.60595,35.71911],[139.59664,35.71706],[139.59385,35.71809],[139.59578,35.72204],[139.5998,35.72375],[139.6017,35.72537],[139.61433,35.72481],[139.61409,35.71909],[139.61084,35.71909]]]}},{"type":"Feature","bbox":[139.60158,35.70424,139.62451,35.71227],"properties":{"slug":"suginami-kamiogi","name":"Kamiogi","name_local":"上荻","ward":"Suginami","ward_slug":"suginami","gruppo":"suginami-kamiogi","gruppo_name":"Kamiogi","usato":true},"geometry":{"type":"Polygon","coordinates":[[[139.61558,35.70781],[139.60922,35.71082],[139.60183,35.71227],[139.60158,35.71144],[139.60197,35.71042],[139.60185,35.70802],[139.60344,35.70866],[139.60757,35.70846],[139.60784,35.7081],[139.60752,35.70637],[139.61014,35.705],[139.6108,35.70424],[139.62451,35.70463],[139.62314,35.70519],[139.61983,35.70558],[139.61558,35.70781]]]}},{"type":"Feature","bbox":[139.63962,35.68478,139.64809,35.69676],"properties":{"slug":"suginami-matsunoki","name":"Matsunoki","name_local":"松ノ木","ward":"Suginami","ward_slug":"suginami","gruppo":"suginami-matsunoki","gruppo_name":"Matsunoki","usato":false},"geometry":{"type":"Polygon","coordinates":[[[139.63995,35.68604],[139.63979,35.68695],[139.64035,35.68785],[139.63962,35.68929],[139.64104,35.69046],[139.6412,35.69232],[139.64209,35.69275],[139.64217,35.69365],[139.64151,35.69444],[139.64809,35.69676],[139.64802,35.69499],[139.64716,35.69518],[139.64634,35.69383],[139.64647,35.69265],[139.646,35.69107],[139.64623,35.6892],[139.64481,35.68915],[139.64427,35.68871],[139.64475,35.6868],[139.64416,35.68487],[139.64251,35.68525],[139.64117,35.68478],[139.63995,35.68604]]]}},{"type":"Feature","bbox":[139.6059,35.69281,139.6178,35.70441],"properties":{"slug":"suginami-minami-ogikubo","name":"Minami-Ogikubo","name_local":"南荻窪","ward":"Suginami","ward_slug":"suginami","gruppo":"suginami-ogikubo","gruppo_name":"Ogikubo","usato":false},"geometry":{"type":"Polygon","coordinates":[[[139.61335,35.70432],[139.60867,35.70419],[139.6059,35.69849],[139.61328,35.69539],[139.61684,35.69281],[139.6178,35.69662],[139.61602,35.70441],[139.61335,35.70432]]]}},{"type":"Feature","bbox":[139.59622,35.68873,139.61684,35.69902],"properties":{"slug":"suginami-miyamae","name":"Miyamae","name_local":"宮前","ward":"Suginami","ward_slug":"suginami","gruppo":"suginami-miyamae","gruppo_name":"Miyamae","usato":false},"geometry":{"type":"Polygon","coordinates":[[[139.59622,35.69278],[139.59844,35.69791],[139.60356,35.69511],[139.60518,35.69902],[139.61328,35.69539],[139.61684,35.69281],[139.6162,35.68873],[139.61281,35.68968],[139.60924,35.68892],[139.60641,35.68894],[139.60108,35.6917],[139.59622,35.69278]]]}},{"type":"Feature","bbox":[139.59881,35.70813,139.61505,35.71508],"properties":{"slug":"suginami-momoi","name":"Momoi","name_local":"桃井","ward":"Suginami","ward_slug":"suginami","gruppo":"suginami-momoi","gruppo_name":"Momoi","usato":false},"geometry":{"type":"Polygon","coordinates":[[[139.60777,35.71115],[139.60084,35.7126],[139.59881,35.71445],[139.61443,35.71508],[139.61505,35.70813],[139.61031,35.71044],[139.60777,35.71115]]]}},{"type":"Feature","bbox":[139.62803,35.68575,139.64217,35.7028],"properties":{"slug":"suginami-narita-higashi","name":"Narita-higashi","name_local":"成田東","ward":"Suginami","ward_slug":"suginami","gruppo":"suginami-narita-higashi","gruppo_name":"Narita-higashi","usato":false},"geometry":{"type":"Polygon","coordinates":[[[139.63762,35.68575],[139.63478,35.68604],[139.63238,35.68781],[139.63276,35.69051],[139.63397,35.69384],[139.63298,35.69519],[139.63241,35.69531],[139.63201,35.69768],[139.62891,35.69599],[139.62814,35.69958],[139.62838,35.7028],[139.63291,35.70057],[139.6392,35.69823],[139.63901,35.69789],[139.64217,35.69365],[139.64198,35.69253],[139.6412,35.69232],[139.64122,35.69075],[139.63962,35.68929],[139.64035,35.68785],[139.63979,35.68695],[139.63995,35.68604],[139.63792,35.68684],[139.63745,35.68673],[139.63762,35.68575]]]}},{"type":"Feature","bbox":[139.62142,35.68293,139.63781,35.69768],"properties":{"slug":"suginami-narita-nishi","name":"Narita-nishi","name_local":"成田西","ward":"Suginami","ward_slug":"suginami","gruppo":"suginami-narita-nishi","gruppo_name":"Narita-nishi","usato":false},"geometry":{"type":"Polygon","coordinates":[[[139.63585,35.6837],[139.62497,35.6882],[139.62206,35.68961],[139.62142,35.69033],[139.62442,35.69289],[139.62582,35.69264],[139.62704,35.69317],[139.62899,35.69591],[139.63201,35.69768],[139.63241,35.69531],[139.63307,35.6951],[139.634,35.6936],[139.63276,35.69051],[139.6323,35.68801],[139.63337,35.68677],[139.63478,35.68604],[139.63762,35.68575],[139.63781,35.68512],[139.63713,35.68293],[139.63585,35.6837]]]}},{"type":"Feature","bbox":[139.59082,35.70376,139.6108,35.71144],"properties":{"slug":"suginami-nishiogi-kita","name":"Nishiogi-Kita","name_local":"西荻北","ward":"Suginami","ward_slug":"suginami","gruppo":"suginami-nishiogi-kita","gruppo_name":"Nishiogi-Kita","usato":false},"geometry":{"type":"Polygon","coordinates":[[[139.59741,35.71005],[139.59412,35.70922],[139.59082,35.70913],[139.5955,35.70568],[139.59449,35.70376],[139.6108,35.70424],[139.61014,35.705],[139.60752,35.70637],[139.60784,35.7081],[139.60757,35.70846],[139.60344,35.70866],[139.60185,35.70802],[139.60197,35.71042],[139.60158,35.71144],[139.59741,35.71005]]]}},{"type":"Feature","bbox":[139.59766,35.69511,139.60867,35.70419],"properties":{"slug":"suginami-nishiogi-minami","name":"Nishiogi Minami","name_local":"西荻南","ward":"Suginami","ward_slug":"suginami","gruppo":"suginami-nishiogi-minami","gruppo_name":"Nishiogi Minami","usato":false},"geometry":{"type":"Polygon","coordinates":[[[139.60518,35.69902],[139.6059,35.69849],[139.60867,35.70419],[139.59813,35.7039],[139.59984,35.70288],[139.59766,35.69836],[139.60356,35.69511],[139.60518,35.69902]]]}},{"type":"Feature","bbox":[139.61602,35.69016,139.62898,35.70463],"properties":{"slug":"suginami-ogikubo","name":"Ogikubo","name_local":"荻窪","ward":"Suginami","ward_slug":"suginami","gruppo":"suginami-ogikubo","gruppo_name":"Ogikubo","usato":false},"geometry":{"type":"Polygon","coordinates":[[[139.61684,35.69281],[139.6178,35.69662],[139.61602,35.70441],[139.62451,35.70463],[139.62838,35.7028],[139.62814,35.69958],[139.62898,35.69584],[139.62759,35.6936],[139.6262,35.6927],[139.62442,35.69289],[139.62225,35.69138],[139.62137,35.69016],[139.61684,35.69281]]]}},{"type":"Feature","bbox":[139.63504,35.68015,139.64813,35.68921],"properties":{"slug":"suginami-omiya","name":"Omiya","name_local":"大宮","ward":"Suginami","ward_slug":"suginami","gruppo":"suginami-omiya","gruppo_name":"Omiya","usato":false},"geometry":{"type":"Polygon","coordinates":[[[139.63606,35.68015],[139.63504,35.68067],[139.63585,35.6837],[139.63713,35.68293],[139.63781,35.68512],[139.63745,35.68673],[139.63971,35.68626],[139.64117,35.68478],[139.64251,35.68525],[139.64416,35.68487],[139.64475,35.6868],[139.64437,35.6889],[139.64648,35.68921],[139.64813,35.68867],[139.64551,35.6847],[139.64753,35.684],[139.64717,35.68365],[139.64743,35.6828],[139.63606,35.68015]]]}},{"type":"Feature","bbox":[139.61409,35.70781,139.62153,35.71926],"properties":{"slug":"suginami-shimizu","name":"Shimizu","name_local":"清水","ward":"Suginami","ward_slug":"suginami","gruppo":"suginami-shimizu","gruppo_name":"Shimizu","usato":false},"geometry":{"type":"Polygon","coordinates":[[[139.61409,35.71909],[139.61797,35.71926],[139.62116,35.71837],[139.62153,35.71636],[139.62116,35.71501],[139.61915,35.71287],[139.6198,35.71125],[139.62112,35.71059],[139.61558,35.70781],[139.61505,35.70813],[139.61409,35.71909]]]}},{"type":"Feature","bbox":[139.61409,35.71413,139.63599,35.72481],"properties":{"slug":"suginami-shimo-igusa","name":"Shimo Igusa","name_local":"下井草","ward":"Suginami","ward_slug":"suginami","gruppo":"suginami-igusa","gruppo_name":"Igusa","usato":false},"geometry":{"type":"Polygon","coordinates":[[[139.61433,35.72481],[139.61409,35.71909],[139.61807,35.71924],[139.63479,35.71413],[139.63534,35.71505],[139.63599,35.71671],[139.63203,35.7171],[139.63111,35.71843],[139.63157,35.71991],[139.63041,35.72085],[139.62951,35.72039],[139.6288,35.72097],[139.62756,35.72359],[139.61433,35.72481]]]}},{"type":"Feature","bbox":[139.61806,35.66588,139.64221,35.6776],"properties":{"slug":"suginami-shimo-takaido","name":"Shimo Takaido","name_local":"下高井戸","ward":"Suginami","ward_slug":"suginami","gruppo":"suginami-shimo-takaido","gruppo_name":"Shimo Takaido","usato":false},"geometry":{"type":"Polygon","coordinates":[[[139.62337,35.6776],[139.61865,35.67653],[139.61806,35.67594],[139.61984,35.67491],[139.62344,35.67172],[139.62316,35.67061],[139.62479,35.67035],[139.62487,35.66926],[139.6327,35.66821],[139.63696,35.66668],[139.63684,35.66612],[139.63769,35.66597],[139.63935,35.66588],[139.6415,35.66668],[139.6416,35.66873],[139.64221,35.67011],[139.63878,35.67088],[139.63643,35.67256],[139.63543,35.6743],[139.63353,35.67601],[139.62694,35.67532],[139.62529,35.67603],[139.62337,35.6776]]]}},{"type":"Feature","bbox":[139.59013,35.69278,139.59984,35.7039],"properties":{"slug":"suginami-shoan","name":"Shoan","name_local":"松庵","ward":"Suginami","ward_slug":"suginami","gruppo":"suginami-shoan","gruppo_name":"Shoan","usato":false},"geometry":{"type":"Polygon","coordinates":[[[139.59622,35.69278],[139.59844,35.69791],[139.59766,35.69836],[139.59984,35.70288],[139.59813,35.7039],[139.59449,35.70376],[139.59277,35.7009],[139.59013,35.69479],[139.59622,35.69278]]]}},{"type":"Feature","bbox":[139.61434,35.67594,139.62584,35.69281],"properties":{"slug":"suginami-takaido-higashi","name":"Takaido-higashi","name_local":"高井戸東","ward":"Suginami","ward_slug":"suginami","gruppo":"suginami-takaido-higashi","gruppo_name":"Takaido-higashi","usato":false},"geometry":{"type":"Polygon","coordinates":[[[139.61434,35.67743],[139.61464,35.68032],[139.61566,35.68344],[139.61684,35.69281],[139.625,35.68819],[139.62399,35.68653],[139.62584,35.6831],[139.62512,35.68142],[139.6255,35.68004],[139.62327,35.67751],[139.61865,35.67653],[139.61806,35.67594],[139.61434,35.67743]]]}},{"type":"Feature","bbox":[139.60643,35.67743,139.6162,35.68968],"properties":{"slug":"suginami-takaido-nishi","name":"Takaido Nishi","name_local":"高井戸西","ward":"Suginami","ward_slug":"suginami","gruppo":"suginami-takaido-nishi","gruppo_name":"Takaido Nishi","usato":false},"geometry":{"type":"Polygon","coordinates":[[[139.61564,35.68335],[139.6162,35.68873],[139.61281,35.68968],[139.60863,35.68886],[139.60806,35.6848],[139.60643,35.68233],[139.60653,35.68037],[139.61434,35.67743],[139.61464,35.68032],[139.61564,35.68335]]]}},{"type":"Feature","bbox":[139.63901,35.6942,139.65482,35.69823],"properties":{"slug":"suginami-umezato","name":"Umezato","name_local":"梅里","ward":"Suginami","ward_slug":"suginami","gruppo":"suginami-umezato","gruppo_name":"Umezato","usato":false},"geometry":{"type":"Polygon","coordinates":[[[139.64151,35.69444],[139.63901,35.69789],[139.6392,35.69823],[139.64272,35.69779],[139.65482,35.69806],[139.65435,35.6942],[139.65347,35.69475],[139.65164,35.6948],[139.65166,35.69537],[139.64844,35.6943],[139.64868,35.69495],[139.64797,35.6949],[139.64809,35.69676],[139.64151,35.69444]]]}},{"type":"Feature","bbox":[139.65435,35.68629,139.6678,35.69806],"properties":{"slug":"suginami-wada","name":"Wada","name_local":"和田","ward":"Suginami","ward_slug":"suginami","gruppo":"suginami-wada","gruppo_name":"Wada","usato":false},"geometry":{"type":"Polygon","coordinates":[[[139.65621,35.68629],[139.65511,35.68928],[139.65435,35.6935],[139.65482,35.69806],[139.66197,35.69749],[139.66193,35.697],[139.66101,35.69721],[139.66107,35.69656],[139.66038,35.69646],[139.66097,35.6948],[139.6646,35.69548],[139.66543,35.69464],[139.6659,35.69478],[139.66674,35.69348],[139.66735,35.69373],[139.6678,35.69137],[139.66693,35.69118],[139.6664,35.69042],[139.66411,35.6892],[139.66345,35.68806],[139.66093,35.68677],[139.65621,35.68629]]]}},{"type":"Feature","bbox":[139.58513,35.70913,139.60183,35.72027],"properties":{"slug":"suginami-zenbukuji","name":"Zenbukuji","name_local":"善福寺","ward":"Suginami","ward_slug":"suginami","gruppo":"suginami-zenbukuji","gruppo_name":"Zenbukuji","usato":false},"geometry":{"type":"Polygon","coordinates":[[[139.59741,35.71005],[139.59412,35.70922],[139.59082,35.70913],[139.58673,35.71172],[139.58694,35.71325],[139.58513,35.71642],[139.58533,35.71813],[139.58712,35.71973],[139.59025,35.72027],[139.59289,35.7184],[139.59664,35.71706],[139.59984,35.71323],[139.60183,35.71227],[139.60158,35.71144],[139.59741,35.71005]]]}},{"type":"Feature","bbox":[139.79741,35.70733,139.8078,35.71169],"properties":{"slug":"sumida-azumabashi","name":"Azumabashi","name_local":"吾妻橋","ward":"Sumida","ward_slug":"sumida","gruppo":"sumida-azumabashi","gruppo_name":"Azumabashi","usato":true},"geometry":{"type":"Polygon","coordinates":[[[139.8078,35.70877],[139.80772,35.70966],[139.80049,35.71169],[139.79741,35.70824],[139.79883,35.70733],[139.80221,35.70802],[139.80734,35.70829],[139.80731,35.70875],[139.8078,35.70877]]]}},{"type":"Feature","bbox":[139.81808,35.70517,139.82894,35.71325],"properties":{"slug":"sumida-bunka","name":"Bunka","name_local":"文花","ward":"Sumida","ward_slug":"sumida","gruppo":"sumida-bunka","gruppo_name":"Bunka","usato":false},"geometry":{"type":"Polygon","coordinates":[[[139.82834,35.71008],[139.82599,35.70517],[139.81808,35.70833],[139.82088,35.71108],[139.82726,35.71325],[139.82894,35.71143],[139.82834,35.71008]]]}},{"type":"Feature","bbox":[139.78898,35.68855,139.79815,35.69218],"properties":{"slug":"sumida-chitose","name":"Chitose","name_local":"千歳","ward":"Sumida","ward_slug":"sumida","gruppo":"sumida-chitose","gruppo_name":"Chitose","usato":false},"geometry":{"type":"Polygon","coordinates":[[[139.79155,35.69185],[139.79788,35.69218],[139.79815,35.68927],[139.79668,35.68855],[139.7964,35.68992],[139.79349,35.69016],[139.79345,35.69072],[139.79239,35.69067],[139.79262,35.69036],[139.79047,35.68921],[139.78898,35.6917],[139.79155,35.69185]]]}},{"type":"Feature","bbox":[139.79583,35.70481,139.80808,35.70877],"properties":{"slug":"sumida-higashi-komagata","name":"Higashi Komagata","name_local":"東駒形","ward":"Sumida","ward_slug":"sumida","gruppo":"sumida-higashi-komagata","gruppo_name":"Higashi Komagata","usato":true},"geometry":{"type":"Polygon","coordinates":[[[139.80808,35.70541],[139.8078,35.70877],[139.80731,35.70875],[139.80734,35.70829],[139.80221,35.70802],[139.79883,35.70733],[139.79741,35.70824],[139.79583,35.7056],[139.79867,35.70481],[139.80808,35.70541]]]}},{"type":"Feature","bbox":[139.8114,35.71532,139.82609,35.72939],"properties":{"slug":"sumida-higashi-muk-jima","name":"Higashi-Mukōjima","name_local":"東向島","ward":"Sumida","ward_slug":"sumida","gruppo":"sumida-muk-jima","gruppo_name":"Mukōjima","usato":false},"geometry":{"type":"Polygon","coordinates":[[[139.8114,35.7213],[139.81311,35.72433],[139.81273,35.72518],[139.81329,35.7281],[139.81984,35.7272],[139.82312,35.72932],[139.82417,35.72939],[139.82609,35.72779],[139.82247,35.72212],[139.81471,35.71532],[139.8114,35.7213]]]}},{"type":"Feature","bbox":[139.82891,35.715,139.84284,35.72704],"properties":{"slug":"sumida-higashi-sumida","name":"Higashi Sumida","name_local":"東墨田","ward":"Sumida","ward_slug":"sumida","gruppo":"sumida-sumida","gruppo_name":"Sumida","usato":false},"geometry":{"type":"Polygon","coordinates":[[[139.83455,35.71748],[139.83657,35.71808],[139.8392,35.7168],[139.84284,35.71902],[139.83432,35.72704],[139.83191,35.72546],[139.82891,35.71576],[139.8332,35.715],[139.83319,35.71581],[139.83455,35.71748]]]}},{"type":"Feature","bbox":[139.79403,35.70186,139.80828,35.7056],"properties":{"slug":"sumida-honjo","name":"Honjo","name_local":"本所","ward":"Sumida","ward_slug":"sumida","gruppo":"sumida-honjo","gruppo_name":"Honjo","usato":false},"geometry":{"type":"Polygon","coordinates":[[[139.79988,35.70484],[139.80808,35.70541],[139.80828,35.70245],[139.79403,35.70195],[139.79583,35.7056],[139.79988,35.70484]]]}},{"type":"Feature","bbox":[139.79701,35.69863,139.80853,35.70245],"properties":{"slug":"sumida-ishihara","name":"Ishihara","name_local":"石原","ward":"Sumida","ward_slug":"sumida","gruppo":"sumida-ishihara","gruppo_name":"Ishihara","usato":false},"geometry":{"type":"Polygon","coordinates":[[[139.79701,35.70186],[139.80828,35.70245],[139.80853,35.69925],[139.79728,35.69863],[139.79701,35.70186]]]}},{"type":"Feature","bbox":[139.79728,35.69575,139.80877,35.69925],"properties":{"slug":"sumida-kamezawa","name":"Kamezawa","name_local":"亀沢","ward":"Sumida","ward_slug":"sumida","gruppo":"sumida-kamezawa","gruppo_name":"Kamezawa","usato":false},"geometry":{"type":"Polygon","coordinates":[[[139.80853,35.69925],[139.79728,35.69863],[139.79754,35.69575],[139.80877,35.69637],[139.80853,35.69925]]]}},{"type":"Feature","bbox":[139.79927,35.6867,139.80956,35.69038],"properties":{"slug":"sumida-kikukawa","name":"Kikukawa","name_local":"菊川","ward":"Sumida","ward_slug":"sumida","gruppo":"sumida-kikukawa","gruppo_name":"Kikukawa","usato":false},"geometry":{"type":"Polygon","coordinates":[[[139.80928,35.69016],[139.79927,35.69015],[139.80058,35.68814],[139.8047,35.68835],[139.80485,35.6867],[139.80956,35.68694],[139.80928,35.69016]]]}},{"type":"Feature","bbox":[139.80853,35.69637,139.8194,35.70034],"properties":{"slug":"sumida-kinshi","name":"Kinshi","name_local":"錦糸","ward":"Sumida","ward_slug":"sumida","gruppo":"sumida-kinshi","gruppo_name":"Kinshi","usato":false},"geometry":{"type":"Polygon","coordinates":[[[139.81916,35.70034],[139.81479,35.69996],[139.81482,35.69962],[139.80853,35.69925],[139.80877,35.69637],[139.8194,35.69678],[139.81916,35.70034]]]}},{"type":"Feature","bbox":[139.81667,35.71189,139.82726,35.72029],"properties":{"slug":"sumida-kyojima","name":"Kyojima","name_local":"京島","ward":"Sumida","ward_slug":"sumida","gruppo":"sumida-kyojima","gruppo_name":"Kyojima","usato":true},"geometry":{"type":"Polygon","coordinates":[[[139.81708,35.71494],[139.81856,35.71361],[139.82325,35.71189],[139.82726,35.71325],[139.82046,35.72029],[139.81667,35.71702],[139.81708,35.71494]]]}},{"type":"Feature","bbox":[139.79754,35.69218,139.80906,35.69637],"properties":{"slug":"sumida-midori","name":"Midori","name_local":"緑","ward":"Sumida","ward_slug":"sumida","gruppo":"sumida-midori","gruppo_name":"Midori","usato":false},"geometry":{"type":"Polygon","coordinates":[[[139.80877,35.69637],[139.79754,35.69575],[139.79788,35.69218],[139.80906,35.69274],[139.80877,35.69637]]]}},{"type":"Feature","bbox":[139.80049,35.70946,139.81471,35.72227],"properties":{"slug":"sumida-muk-jima","name":"Mukōjima","name_local":"向島","ward":"Sumida","ward_slug":"sumida","gruppo":"sumida-muk-jima","gruppo_name":"Mukōjima","usato":false},"geometry":{"type":"Polygon","coordinates":[[[139.80772,35.70966],[139.8085,35.70946],[139.80847,35.71078],[139.81076,35.71205],[139.81471,35.71532],[139.81163,35.72143],[139.80885,35.72227],[139.80732,35.71813],[139.80049,35.71169],[139.80772,35.70966]]]}},{"type":"Feature","bbox":[139.80772,35.70546,139.81877,35.70969],"properties":{"slug":"sumida-narihira","name":"Narihira","name_local":"業平","ward":"Sumida","ward_slug":"sumida","gruppo":"sumida-narihira","gruppo_name":"Narihira","usato":false},"geometry":{"type":"Polygon","coordinates":[[[139.8085,35.70946],[139.80772,35.70966],[139.80804,35.70608],[139.80907,35.70615],[139.80903,35.70662],[139.81108,35.70672],[139.81134,35.70546],[139.81877,35.70621],[139.81864,35.70809],[139.81809,35.70833],[139.81365,35.70969],[139.8085,35.70946]]]}},{"type":"Feature","bbox":[139.80847,35.70833,139.82325,35.71702],"properties":{"slug":"sumida-oshiage","name":"Oshiage","name_local":"押上","ward":"Sumida","ward_slug":"sumida","gruppo":"sumida-oshiage","gruppo_name":"Oshiage","usato":true},"geometry":{"type":"Polygon","coordinates":[[[139.81277,35.71371],[139.81667,35.71702],[139.81686,35.71532],[139.81796,35.71399],[139.82325,35.71189],[139.82079,35.71103],[139.81808,35.70833],[139.81365,35.70969],[139.8085,35.70946],[139.80847,35.71078],[139.81277,35.71371]]]}},{"type":"Feature","bbox":[139.78872,35.6917,139.79788,35.69642],"properties":{"slug":"sumida-ry-goku","name":"Ryōgoku","name_local":"両国","ward":"Sumida","ward_slug":"sumida","gruppo":"sumida-ry-goku","gruppo_name":"Ryōgoku","usato":false},"geometry":{"type":"Polygon","coordinates":[[[139.79754,35.69575],[139.79485,35.69549],[139.78995,35.69642],[139.7889,35.6948],[139.78898,35.6917],[139.79788,35.69218],[139.79754,35.69575]]]}},{"type":"Feature","bbox":[139.81329,35.72714,139.82901,35.74351],"properties":{"slug":"sumida-sumida","name":"Sumida","name_local":"墨田","ward":"Sumida","ward_slug":"sumida","gruppo":"sumida-sumida","gruppo_name":"Sumida","usato":false},"geometry":{"type":"Polygon","coordinates":[[[139.81794,35.74259],[139.81605,35.74045],[139.81802,35.73689],[139.81787,35.73476],[139.81424,35.73061],[139.81329,35.7281],[139.81902,35.72714],[139.81992,35.72723],[139.82312,35.72932],[139.82417,35.72939],[139.82506,35.72864],[139.82901,35.73193],[139.82537,35.73545],[139.8203,35.74351],[139.81794,35.74259]]]}},{"type":"Feature","bbox":[139.82599,35.70291,139.83979,35.71576],"properties":{"slug":"sumida-tachibana","name":"Tachibana","name_local":"立花","ward":"Sumida","ward_slug":"sumida","gruppo":"sumida-tachibana","gruppo_name":"Tachibana","usato":false},"geometry":{"type":"Polygon","coordinates":[[[139.83454,35.71304],[139.83906,35.7111],[139.83979,35.7101],[139.83464,35.7056],[139.8344,35.70451],[139.83545,35.70318],[139.831,35.70296],[139.82599,35.70517],[139.82893,35.71134],[139.82787,35.71264],[139.82891,35.71576],[139.8332,35.715],[139.83454,35.71304]]]}},{"type":"Feature","bbox":[139.80828,35.69925,139.81916,35.70303],"properties":{"slug":"sumida-taihei","name":"Taihei","name_local":"太平","ward":"Sumida","ward_slug":"sumida","gruppo":"sumida-taihei","gruppo_name":"Taihei","usato":false},"geometry":{"type":"Polygon","coordinates":[[[139.81178,35.69943],[139.80853,35.69925],[139.80828,35.70245],[139.81898,35.70303],[139.81916,35.70034],[139.81178,35.69943]]]}},{"type":"Feature","bbox":[139.79788,35.68927,139.80928,35.69274],"properties":{"slug":"sumida-tatekawa","name":"Tatekawa","name_local":"立川","ward":"Sumida","ward_slug":"sumida","gruppo":"sumida-tatekawa","gruppo_name":"Tatekawa","usato":false},"geometry":{"type":"Polygon","coordinates":[[[139.80589,35.69006],[139.80326,35.68995],[139.80323,35.69038],[139.79927,35.69015],[139.7993,35.68976],[139.79815,35.68927],[139.79788,35.69218],[139.80906,35.69274],[139.80928,35.69016],[139.80589,35.69006]]]}},{"type":"Feature","bbox":[139.80885,35.7213,139.81802,35.74045],"properties":{"slug":"sumida-tsutsumid-ri","name":"Tsutsumidōri","name_local":"堤通","ward":"Sumida","ward_slug":"sumida","gruppo":"sumida-tsutsumid-ri","gruppo_name":"Tsutsumidōri","usato":false},"geometry":{"type":"Polygon","coordinates":[[[139.81605,35.74045],[139.81802,35.73689],[139.81792,35.73494],[139.81405,35.73028],[139.81275,35.72542],[139.81311,35.72433],[139.8114,35.7213],[139.80885,35.72227],[139.81005,35.73028],[139.81167,35.73339],[139.81448,35.73652],[139.81446,35.73945],[139.81605,35.74045]]]}},{"type":"Feature","bbox":[139.82046,35.71264,139.83432,35.73193],"properties":{"slug":"sumida-yahiro","name":"Yahiro","name_local":"八広","ward":"Sumida","ward_slug":"sumida","gruppo":"sumida-yahiro","gruppo_name":"Yahiro","usato":false},"geometry":{"type":"Polygon","coordinates":[[[139.82506,35.72864],[139.82609,35.72779],[139.82261,35.72229],[139.82046,35.72029],[139.82787,35.71264],[139.83191,35.72546],[139.83432,35.72704],[139.82901,35.73193],[139.82506,35.72864]]]}},{"type":"Feature","bbox":[139.78995,35.69549,139.79754,35.70195],"properties":{"slug":"sumida-yokoami","name":"Yokoami","name_local":"横網","ward":"Sumida","ward_slug":"sumida","gruppo":"sumida-yokoami","gruppo_name":"Yokoami","usato":true},"geometry":{"type":"Polygon","coordinates":[[[139.79701,35.70186],[139.79754,35.69575],[139.79485,35.69549],[139.78995,35.69642],[139.79403,35.70195],[139.79701,35.70186]]]}},{"type":"Feature","bbox":[139.80804,35.70245,139.81898,35.70672],"properties":{"slug":"sumida-yokogawa","name":"Yokogawa","name_local":"横川","ward":"Sumida","ward_slug":"sumida","gruppo":"sumida-yokogawa","gruppo_name":"Yokogawa","usato":false},"geometry":{"type":"Polygon","coordinates":[[[139.81877,35.70621],[139.81134,35.70546],[139.81108,35.70672],[139.80903,35.70662],[139.80907,35.70615],[139.80804,35.70608],[139.80828,35.70245],[139.81898,35.70303],[139.81877,35.70621]]]}},{"type":"Feature","bbox":[139.40514,35.69728,139.42935,35.7077],"properties":{"slug":"tachikawa-akebonocho","name":"Akebonocho","name_local":"曙町","ward":"Tachikawa","ward_slug":"tachikawa","gruppo":"tachikawa-akebonocho","gruppo_name":"Akebonocho","usato":false},"geometry":{"type":"Polygon","coordinates":[[[139.42791,35.7037],[139.42727,35.70286],[139.42734,35.7022],[139.42538,35.7021],[139.42547,35.70093],[139.42604,35.70096],[139.42674,35.69977],[139.42898,35.70117],[139.42935,35.70056],[139.42704,35.69925],[139.42697,35.69864],[139.41964,35.69804],[139.40848,35.69808],[139.40514,35.69728],[139.40621,35.70165],[139.41262,35.70195],[139.41264,35.70282],[139.4144,35.70284],[139.4144,35.70382],[139.41508,35.70255],[139.41958,35.70073],[139.42152,35.70288],[139.4213,35.70325],[139.42372,35.70521],[139.42354,35.7077],[139.42494,35.7074],[139.4254,35.70432],[139.42723,35.70433],[139.42727,35.70367],[139.42791,35.7037]]]}},{"type":"Feature","bbox":[139.38509,35.68805,139.40621,35.7036],"properties":{"slug":"tachikawa-fujimicho","name":"Fujimicho","name_local":"富士見町","ward":"Tachikawa","ward_slug":"tachikawa","gruppo":"tachikawa-fujimicho","gruppo_name":"Fujimicho","usato":false},"geometry":{"type":"Polygon","coordinates":[[[139.39357,35.7036],[139.40022,35.70156],[139.40053,35.70152],[139.40083,35.70244],[139.40231,35.70164],[139.40621,35.70165],[139.4051,35.69779],[139.40514,35.69728],[139.40557,35.69729],[139.40369,35.69623],[139.40211,35.69464],[139.39851,35.68805],[139.39513,35.68918],[139.38769,35.69038],[139.38509,35.69128],[139.38904,35.69351],[139.38864,35.69628],[139.39015,35.69887],[139.39267,35.69908],[139.39399,35.70183],[139.39291,35.70234],[139.39357,35.7036]]]}},{"type":"Feature","bbox":[139.41964,35.68675,139.43145,35.69864],"properties":{"slug":"tachikawa-hagoromocho","name":"Hagoromocho","name_local":"羽衣町","ward":"Tachikawa","ward_slug":"tachikawa","gruppo":"tachikawa-hagoromocho","gruppo_name":"Hagoromocho","usato":false},"geometry":{"type":"Polygon","coordinates":[[[139.42145,35.68884],[139.42095,35.68794],[139.42181,35.68771],[139.42222,35.68822],[139.42558,35.68675],[139.42666,35.68837],[139.42618,35.68843],[139.42624,35.68888],[139.42689,35.68878],[139.42827,35.69121],[139.43145,35.69028],[139.43131,35.69346],[139.43041,35.69345],[139.42977,35.694],[139.43145,35.69696],[139.42697,35.69864],[139.41964,35.69804],[139.42148,35.69755],[139.42266,35.69674],[139.42419,35.69291],[139.42145,35.68884]]]}},{"type":"Feature","bbox":[139.36928,35.72008,139.38758,35.73732],"properties":{"slug":"tachikawa-ichibancho","name":"Ichibancho","name_local":"一番町","ward":"Tachikawa","ward_slug":"tachikawa","gruppo":"tachikawa-ichibancho","gruppo_name":"Ichibancho","usato":false},"geometry":{"type":"Polygon","coordinates":[[[139.38721,35.72631],[139.38441,35.72152],[139.38555,35.72012],[139.38298,35.72072],[139.38206,35.72008],[139.37911,35.7217],[139.38185,35.72301],[139.3801,35.72562],[139.37711,35.72377],[139.37682,35.72415],[139.37738,35.72433],[139.37635,35.72553],[139.37364,35.725],[139.37503,35.73113],[139.37219,35.73168],[139.3727,35.7341],[139.36928,35.73589],[139.37014,35.73732],[139.37379,35.73663],[139.37817,35.73493],[139.37872,35.73345],[139.38156,35.73505],[139.38296,35.73383],[139.38298,35.73151],[139.38341,35.73073],[139.38441,35.7301],[139.38599,35.73],[139.38686,35.72934],[139.38758,35.72724],[139.38721,35.72631]]]}},{"type":"Feature","bbox":[139.38685,35.71043,139.422,35.72122],"properties":{"slug":"tachikawa-izumicho","name":"Izumicho","name_local":"泉町","ward":"Tachikawa","ward_slug":"tachikawa","gruppo":"tachikawa-izumicho","gruppo_name":"Izumicho","usato":false},"geometry":{"type":"Polygon","coordinates":[[[139.39853,35.71141],[139.40204,35.71221],[139.40735,35.7122],[139.40731,35.71355],[139.41057,35.71311],[139.41427,35.71092],[139.41517,35.71181],[139.41667,35.7117],[139.41807,35.71043],[139.41974,35.71192],[139.4214,35.71084],[139.42199,35.71104],[139.422,35.71298],[139.42134,35.71544],[139.41919,35.71944],[139.41486,35.71892],[139.41,35.71702],[139.40812,35.72057],[139.40413,35.72066],[139.4038,35.72122],[139.403,35.72068],[139.39664,35.72099],[139.39666,35.71726],[139.3909,35.71732],[139.39099,35.71897],[139.38685,35.71909],[139.38884,35.7179],[139.38709,35.71667],[139.3889,35.71444],[139.39104,35.71533],[139.3945,35.71165],[139.3957,35.71289],[139.39853,35.71141]]]}},{"type":"Feature","bbox":[139.38296,35.71729,139.39698,35.7453],"properties":{"slug":"tachikawa-kamisunacho","name":"Kamisunacho","name_local":"上砂町","ward":"Tachikawa","ward_slug":"tachikawa","gruppo":"tachikawa-kamisunacho","gruppo_name":"Kamisunacho","usato":false},"geometry":{"type":"Polygon","coordinates":[[[139.38612,35.71967],[139.38461,35.72086],[139.38441,35.72152],[139.38758,35.72724],[139.38686,35.72934],[139.38599,35.73],[139.38416,35.73019],[139.38325,35.73092],[139.38296,35.73383],[139.38355,35.73343],[139.38504,35.73415],[139.38343,35.73533],[139.38367,35.73594],[139.38855,35.73378],[139.38924,35.73409],[139.38977,35.73359],[139.39119,35.73361],[139.39131,35.73393],[139.38947,35.73561],[139.38919,35.73537],[139.38754,35.73628],[139.38664,35.73757],[139.38563,35.73742],[139.38487,35.73804],[139.38505,35.73969],[139.38441,35.74035],[139.38506,35.74109],[139.3835,35.74294],[139.38319,35.74281],[139.383,35.7453],[139.38367,35.7447],[139.38321,35.74415],[139.38468,35.74276],[139.38518,35.743],[139.3874,35.73943],[139.38784,35.73959],[139.39392,35.73451],[139.39569,35.7338],[139.39665,35.7342],[139.39698,35.73378],[139.39553,35.73366],[139.39392,35.73207],[139.39554,35.73066],[139.39473,35.72993],[139.39551,35.72533],[139.39684,35.72513],[139.39588,35.72321],[139.39298,35.72143],[139.39547,35.72086],[139.39525,35.72048],[139.39605,35.72014],[139.39505,35.72022],[139.39386,35.71892],[139.39499,35.71852],[139.39418,35.71729],[139.3909,35.71732],[139.39099,35.71897],[139.38685,35.71909],[139.38612,35.71967]]]}},{"type":"Feature","bbox":[139.40942,35.71703,139.41919,35.73299],"properties":{"slug":"tachikawa-kashiwacho","name":"Kashiwacho","name_local":"柏町","ward":"Tachikawa","ward_slug":"tachikawa","gruppo":"tachikawa-kashiwacho","gruppo_name":"Kashiwacho","usato":false},"geometry":{"type":"Polygon","coordinates":[[[139.41919,35.71944],[139.41813,35.72174],[139.41791,35.73208],[139.41649,35.73214],[139.41487,35.73299],[139.40942,35.73252],[139.41049,35.72881],[139.40989,35.72734],[139.41017,35.71859],[139.40976,35.7184],[139.40969,35.71703],[139.4155,35.71908],[139.41919,35.71944]]]}},{"type":"Feature","bbox":[139.39357,35.70152,139.4144,35.71355],"properties":{"slug":"tachikawa-midoricho","name":"Midoricho","name_local":"緑町","ward":"Tachikawa","ward_slug":"tachikawa","gruppo":"tachikawa-midoricho","gruppo_name":"Midoricho","usato":false},"geometry":{"type":"Polygon","coordinates":[[[139.39853,35.71141],[139.39584,35.70706],[139.3951,35.70618],[139.39459,35.70623],[139.39469,35.70408],[139.39382,35.70415],[139.39357,35.7036],[139.40053,35.70152],[139.40083,35.70244],[139.40231,35.70164],[139.41091,35.7017],[139.41262,35.70195],[139.41264,35.70282],[139.4144,35.70284],[139.4144,35.70382],[139.41276,35.70705],[139.41278,35.70941],[139.41409,35.71101],[139.41057,35.71311],[139.40731,35.71355],[139.40735,35.7122],[139.40204,35.71221],[139.39853,35.71141]]]}},{"type":"Feature","bbox":[139.40995,35.68276,139.42419,35.69815],"properties":{"slug":"tachikawa-nishikicho","name":"Nishikicho","name_local":"錦町","ward":"Tachikawa","ward_slug":"tachikawa","gruppo":"tachikawa-nishikicho","gruppo_name":"Nishikicho","usato":false},"geometry":{"type":"Polygon","coordinates":[[[139.41964,35.69804],[139.42148,35.69755],[139.42266,35.69674],[139.42419,35.69291],[139.4189,35.68443],[139.41757,35.68276],[139.40996,35.68431],[139.40995,35.6862],[139.41054,35.6864],[139.41074,35.68756],[139.41164,35.68831],[139.41085,35.68989],[139.41132,35.69155],[139.4124,35.69351],[139.41337,35.69315],[139.41433,35.69494],[139.41406,35.69503],[139.41556,35.69726],[139.41505,35.69751],[139.41502,35.69815],[139.41964,35.69804]]]}},{"type":"Feature","bbox":[139.35235,35.72399,139.37503,35.73958],"properties":{"slug":"tachikawa-nishisunacho","name":"Nishisunacho","name_local":"西砂町","ward":"Tachikawa","ward_slug":"tachikawa","gruppo":"tachikawa-nishisunacho","gruppo_name":"Nishisunacho","usato":false},"geometry":{"type":"Polygon","coordinates":[[[139.36928,35.73589],[139.3727,35.7341],[139.37219,35.73168],[139.37503,35.73113],[139.37366,35.72521],[139.37011,35.72429],[139.37054,35.72601],[139.36567,35.72514],[139.36565,35.72586],[139.36213,35.72636],[139.36175,35.72537],[139.36283,35.7249],[139.36215,35.72399],[139.35727,35.72589],[139.35704,35.72546],[139.35535,35.72528],[139.35535,35.7262],[139.35414,35.72796],[139.35305,35.72793],[139.35235,35.73221],[139.35295,35.73611],[139.35898,35.73755],[139.35878,35.73872],[139.35937,35.73942],[139.36319,35.7394],[139.36928,35.73589]]]}},{"type":"Feature","bbox":[139.41791,35.71757,139.43403,35.73208],"properties":{"slug":"tachikawa-saiwaicho","name":"Saiwaicho","name_local":"幸町","ward":"Tachikawa","ward_slug":"tachikawa","gruppo":"tachikawa-saiwaicho","gruppo_name":"Saiwaicho","usato":false},"geometry":{"type":"Polygon","coordinates":[[[139.43168,35.71924],[139.43244,35.72067],[139.43265,35.72307],[139.43403,35.72725],[139.42277,35.7305],[139.42643,35.73012],[139.42671,35.7315],[139.42227,35.73145],[139.41791,35.73208],[139.41813,35.72174],[139.42015,35.71767],[139.42903,35.71887],[139.42981,35.71757],[139.43161,35.71782],[139.4309,35.71914],[139.43168,35.71924]]]}},{"type":"Feature","bbox":[139.42015,35.70367,139.43746,35.71887],"properties":{"slug":"tachikawa-sakaecho","name":"Sakaecho","name_local":"栄町","ward":"Tachikawa","ward_slug":"tachikawa","gruppo":"tachikawa-sakaecho","gruppo_name":"Sakaecho","usato":false},"geometry":{"type":"Polygon","coordinates":[[[139.43375,35.70808],[139.43431,35.70711],[139.43643,35.70764],[139.43738,35.70743],[139.43746,35.70713],[139.43444,35.70687],[139.43577,35.70428],[139.43563,35.7039],[139.42727,35.70367],[139.42723,35.70433],[139.4254,35.70432],[139.42494,35.7074],[139.42296,35.7079],[139.42191,35.70725],[139.4219,35.7137],[139.42015,35.71767],[139.42903,35.71887],[139.42981,35.71757],[139.42837,35.71738],[139.42915,35.71604],[139.43235,35.71649],[139.4327,35.71587],[139.42952,35.71541],[139.43029,35.71403],[139.43181,35.71424],[139.43221,35.71358],[139.4307,35.71335],[139.43148,35.71191],[139.43302,35.7122],[139.4334,35.71158],[139.43186,35.71128],[139.43375,35.70808]]]}},{"type":"Feature","bbox":[139.39851,35.68431,139.41556,35.69815],"properties":{"slug":"tachikawa-shibasakicho","name":"Shibasakicho","name_local":"柴崎町","ward":"Tachikawa","ward_slug":"tachikawa","gruppo":"tachikawa-shibasakicho","gruppo_name":"Shibasakicho","usato":false},"geometry":{"type":"Polygon","coordinates":[[[139.41502,35.69815],[139.41505,35.69751],[139.41556,35.69726],[139.41406,35.69503],[139.41433,35.69494],[139.41337,35.69315],[139.4124,35.69351],[139.41132,35.69155],[139.41085,35.68989],[139.41164,35.68831],[139.41074,35.68756],[139.41054,35.6864],[139.40995,35.6862],[139.40996,35.68431],[139.39851,35.68805],[139.40197,35.69445],[139.40442,35.6967],[139.40816,35.69804],[139.41502,35.69815]]]}},{"type":"Feature","bbox":[139.39298,35.71726,139.41049,35.7353],"properties":{"slug":"tachikawa-sunagawacho","name":"Sunagawacho","name_local":"砂川町","ward":"Tachikawa","ward_slug":"tachikawa","gruppo":"tachikawa-sunagawacho","gruppo_name":"Sunagawacho","usato":false},"geometry":{"type":"Polygon","coordinates":[[[139.39418,35.71729],[139.39666,35.71726],[139.39664,35.72099],[139.403,35.72068],[139.4038,35.72122],[139.40413,35.72066],[139.40812,35.72057],[139.40963,35.71785],[139.41017,35.71859],[139.40989,35.72734],[139.41049,35.72881],[139.40945,35.73245],[139.40871,35.7336],[139.40945,35.73389],[139.40928,35.73417],[139.407,35.73341],[139.40244,35.7342],[139.40195,35.73355],[139.40008,35.73394],[139.39981,35.73499],[139.39838,35.7353],[139.39769,35.7345],[139.39661,35.73425],[139.39698,35.73378],[139.39553,35.73366],[139.39392,35.73207],[139.39554,35.73066],[139.39473,35.72993],[139.39551,35.72533],[139.39684,35.72513],[139.39588,35.72321],[139.39298,35.72143],[139.39547,35.72086],[139.39525,35.72048],[139.39605,35.72014],[139.39505,35.72022],[139.39386,35.71892],[139.39499,35.71852],[139.39418,35.71729]]]}},{"type":"Feature","bbox":[139.4128,35.70073,139.42372,35.71192],"properties":{"slug":"tachikawa-takamatsucho","name":"Takamatsucho","name_local":"高松町","ward":"Tachikawa","ward_slug":"tachikawa","gruppo":"tachikawa-takamatsucho","gruppo_name":"Takamatsucho","usato":false},"geometry":{"type":"Polygon","coordinates":[[[139.42193,35.70879],[139.42191,35.70725],[139.42296,35.7079],[139.42354,35.7077],[139.42372,35.70521],[139.4213,35.70325],[139.42152,35.70288],[139.41958,35.70073],[139.41508,35.70255],[139.4128,35.70663],[139.41282,35.70953],[139.41517,35.71181],[139.41667,35.7117],[139.41807,35.71043],[139.41974,35.71192],[139.4214,35.71084],[139.42199,35.71104],[139.42193,35.70879]]]}},{"type":"Feature","bbox":[139.43168,35.711,139.4461,35.72698],"properties":{"slug":"tachikawa-wakabacho","name":"Wakabacho","name_local":"若葉町","ward":"Tachikawa","ward_slug":"tachikawa","gruppo":"tachikawa-wakabacho","gruppo_name":"Wakabacho","usato":false},"geometry":{"type":"Polygon","coordinates":[[[139.4461,35.72291],[139.44417,35.711],[139.44189,35.71583],[139.4368,35.71482],[139.43363,35.71852],[139.43304,35.71857],[139.43325,35.71949],[139.43168,35.71924],[139.43244,35.72067],[139.43265,35.72307],[139.43378,35.72698],[139.43557,35.72473],[139.4461,35.72291]]]}},{"type":"Feature","bbox":[139.77339,35.70152,139.77577,35.7028],"properties":{"slug":"taito-akihabara","name":"Akihabara","name_local":"秋葉原","ward":"Taito","ward_slug":"taito","gruppo":"taito-akihabara","gruppo_name":"Akihabara","usato":false},"geometry":{"type":"Polygon","coordinates":[[[139.77369,35.7028],[139.77577,35.70262],[139.77565,35.70152],[139.77339,35.70175],[139.77369,35.7028]]]}},{"type":"Feature","bbox":[139.79197,35.7107,139.80537,35.72338],"properties":{"slug":"taito-asakusa","name":"Asakusa","name_local":"浅草","ward":"Taito","ward_slug":"taito","gruppo":"taito-asakusa","gruppo_name":"Asakusa","usato":true},"geometry":{"type":"Polygon","coordinates":[[[139.8019,35.719],[139.80352,35.71722],[139.80537,35.71614],[139.80341,35.71419],[139.80194,35.71506],[139.79864,35.71581],[139.79774,35.7107],[139.79197,35.71144],[139.7927,35.71729],[139.7927,35.71867],[139.79206,35.71979],[139.79837,35.72338],[139.8019,35.719]]]}},{"type":"Feature","bbox":[139.78016,35.69586,139.78915,35.70223],"properties":{"slug":"taito-asakusabashi","name":"Asakusabashi","name_local":"浅草橋","ward":"Taito","ward_slug":"taito","gruppo":"taito-asakusabashi","gruppo_name":"Asakusabashi","usato":true},"geometry":{"type":"Polygon","coordinates":[[[139.78285,35.69763],[139.78016,35.69784],[139.78098,35.70223],[139.78915,35.7016],[139.78541,35.69586],[139.78273,35.69661],[139.78285,35.69763]]]}},{"type":"Feature","bbox":[139.79774,35.71008,139.80341,35.71581],"properties":{"slug":"taito-hanakawado","name":"Hanakawado","name_local":"花川戸","ward":"Taito","ward_slug":"taito","gruppo":"taito-hanakawado","gruppo_name":"Hanakawado","usato":true},"geometry":{"type":"Polygon","coordinates":[[[139.80177,35.71511],[139.79864,35.71581],[139.79774,35.7107],[139.79899,35.71008],[139.80341,35.71419],[139.80177,35.71511]]]}},{"type":"Feature","bbox":[139.80452,35.72254,139.8098,35.7286],"properties":{"slug":"taito-hashiba","name":"Hashiba","name_local":"橋場","ward":"Taito","ward_slug":"taito","gruppo":"taito-hashiba","gruppo_name":"Hashiba","usato":false},"geometry":{"type":"Polygon","coordinates":[[[139.80452,35.72285],[139.8054,35.7286],[139.8098,35.72803],[139.80897,35.72267],[139.80452,35.72285]]]}},{"type":"Feature","bbox":[139.7973,35.71928,139.8019,35.72617],"properties":{"slug":"taito-higashi-asakusa","name":"Higashi-Asakusa","name_local":"東浅草","ward":"Taito","ward_slug":"taito","gruppo":"taito-asakusa","gruppo_name":"Asakusa","usato":false},"geometry":{"type":"Polygon","coordinates":[[[139.79837,35.72338],[139.7973,35.72457],[139.80085,35.72617],[139.8019,35.71928],[139.80073,35.72079],[139.80016,35.72081],[139.79837,35.72338]]]}},{"type":"Feature","bbox":[139.7763,35.70703,139.78541,35.71618],"properties":{"slug":"taito-higashi-ueno","name":"Higashi Ueno","name_local":"東上野","ward":"Taito","ward_slug":"taito","gruppo":"taito-ueno","gruppo_name":"Ueno","usato":false},"geometry":{"type":"Polygon","coordinates":[[[139.7763,35.70766],[139.78196,35.70703],[139.78303,35.71125],[139.78504,35.7109],[139.78541,35.71518],[139.78096,35.71618],[139.77829,35.71246],[139.77677,35.71129],[139.7763,35.70766]]]}},{"type":"Feature","bbox":[139.76444,35.70863,139.7704,35.72024],"properties":{"slug":"taito-ikenohata","name":"Ikenohata","name_local":"池之端","ward":"Taito","ward_slug":"taito","gruppo":"taito-ikenohata","gruppo_name":"Ikenohata","usato":false},"geometry":{"type":"Polygon","coordinates":[[[139.76958,35.72024],[139.76686,35.71841],[139.76875,35.71573],[139.7677,35.71565],[139.76678,35.7168],[139.76598,35.7165],[139.76493,35.71752],[139.76444,35.71721],[139.7653,35.71677],[139.76595,35.7157],[139.76564,35.71354],[139.76779,35.71258],[139.76763,35.71147],[139.76685,35.7113],[139.7681,35.71104],[139.7681,35.71034],[139.76664,35.71039],[139.76676,35.70939],[139.76717,35.70919],[139.76659,35.70919],[139.76688,35.70868],[139.76659,35.70863],[139.76985,35.70881],[139.76883,35.71017],[139.76782,35.71458],[139.7678,35.71551],[139.76898,35.71532],[139.76982,35.71447],[139.7701,35.71481],[139.7698,35.71719],[139.7704,35.71758],[139.76909,35.71893],[139.76993,35.7195],[139.76958,35.72024]]]}},{"type":"Feature","bbox":[139.80155,35.71614,139.80897,35.72291],"properties":{"slug":"taito-imado","name":"Imado","name_local":"今戸","ward":"Taito","ward_slug":"taito","gruppo":"taito-imado","gruppo_name":"Imado","usato":false},"geometry":{"type":"Polygon","coordinates":[[[139.80183,35.7208],[139.80155,35.72291],[139.80897,35.72267],[139.80732,35.71813],[139.80537,35.71614],[139.80352,35.71722],[139.8019,35.719],[139.80183,35.7208]]]}},{"type":"Feature","bbox":[139.7839,35.71814,139.78954,35.72272],"properties":{"slug":"taito-iriya","name":"Iriya","name_local":"入谷","ward":"Taito","ward_slug":"taito","gruppo":"taito-iriya","gruppo_name":"Iriya","usato":false},"geometry":{"type":"Polygon","coordinates":[[[139.78409,35.71981],[139.78933,35.71814],[139.78939,35.72272],[139.78602,35.72262],[139.78409,35.71981]]]}},{"type":"Feature","bbox":[139.7914,35.70825,139.79899,35.71144],"properties":{"slug":"taito-kaminarimon","name":"Kaminarimon","name_local":"雷門","ward":"Taito","ward_slug":"taito","gruppo":"taito-kaminarimon","gruppo_name":"Kaminarimon","usato":false},"geometry":{"type":"Polygon","coordinates":[[[139.79197,35.71144],[139.79763,35.71073],[139.79899,35.71008],[139.79742,35.70825],[139.7914,35.70967],[139.79197,35.71144]]]}},{"type":"Feature","bbox":[139.78096,35.71518,139.78593,35.71986],"properties":{"slug":"taito-kita-ueno","name":"Kita Ueno","name_local":"北上野","ward":"Taito","ward_slug":"taito","gruppo":"taito-ueno","gruppo_name":"Ueno","usato":false},"geometry":{"type":"Polygon","coordinates":[[[139.7839,35.71986],[139.78096,35.71618],[139.78541,35.71518],[139.78593,35.71922],[139.7839,35.71986]]]}},{"type":"Feature","bbox":[139.79946,35.72285,139.8054,35.72917],"properties":{"slug":"taito-kiyokawa","name":"Kiyokawa","name_local":"清川","ward":"Taito","ward_slug":"taito","gruppo":"taito-kiyokawa","gruppo_name":"Kiyokawa","usato":true},"geometry":{"type":"Polygon","coordinates":[[[139.80155,35.72291],[139.80122,35.72542],[139.79946,35.72904],[139.80143,35.72917],[139.8054,35.7286],[139.80452,35.72285],[139.80155,35.72291]]]}},{"type":"Feature","bbox":[139.78132,35.7034,139.78499,35.70703],"properties":{"slug":"taito-kojima","name":"Kojima","name_local":"小島","ward":"Taito","ward_slug":"taito","gruppo":"taito-kojima","gruppo_name":"Kojima","usato":false},"geometry":{"type":"Polygon","coordinates":[[[139.78474,35.70474],[139.78438,35.7034],[139.78132,35.70383],[139.78196,35.70703],[139.78499,35.70672],[139.78474,35.70474]]]}},{"type":"Feature","bbox":[139.79273,35.70437,139.79742,35.70908],"properties":{"slug":"taito-komagata","name":"Komagata","name_local":"駒形","ward":"Taito","ward_slug":"taito","gruppo":"taito-komagata","gruppo_name":"Komagata","usato":false},"geometry":{"type":"Polygon","coordinates":[[[139.79615,35.7088],[139.79742,35.70825],[139.79522,35.70437],[139.79273,35.70541],[139.79431,35.70908],[139.79615,35.7088]]]}},{"type":"Feature","bbox":[139.78802,35.70541,139.79431,35.71031],"properties":{"slug":"taito-kotobuki","name":"Kotobuki","name_local":"寿","ward":"Taito","ward_slug":"taito","gruppo":"taito-kotobuki","gruppo_name":"Kotobuki","usato":true},"geometry":{"type":"Polygon","coordinates":[[[139.7914,35.70967],[139.78825,35.71031],[139.78802,35.70639],[139.79273,35.70541],[139.79431,35.70908],[139.7914,35.70967]]]}},{"type":"Feature","bbox":[139.78802,35.69862,139.79522,35.70639],"properties":{"slug":"taito-kuramae","name":"Kuramae","name_local":"蔵前","ward":"Taito","ward_slug":"taito","gruppo":"taito-kuramae","gruppo_name":"Kuramae","usato":false},"geometry":{"type":"Polygon","coordinates":[[[139.79335,35.7052],[139.79069,35.70609],[139.78802,35.70639],[139.78804,35.70177],[139.78915,35.7016],[139.78822,35.70028],[139.79178,35.69862],[139.79373,35.70135],[139.79522,35.70437],[139.79335,35.7052]]]}},{"type":"Feature","bbox":[139.78504,35.71031,139.78933,35.71922],"properties":{"slug":"taito-matsugaya","name":"Matsugaya","name_local":"松が谷","ward":"Taito","ward_slug":"taito","gruppo":"taito-matsugaya","gruppo_name":"Matsugaya","usato":false},"geometry":{"type":"Polygon","coordinates":[[[139.78516,35.71266],[139.78593,35.71922],[139.78933,35.71814],[139.78825,35.71031],[139.78504,35.7109],[139.78516,35.71266]]]}},{"type":"Feature","bbox":[139.79073,35.72673,139.79517,35.73102],"properties":{"slug":"taito-minowa","name":"Minowa","name_local":"三ノ輪","ward":"Taito","ward_slug":"taito","gruppo":"taito-minowa","gruppo_name":"Minowa","usato":false},"geometry":{"type":"Polygon","coordinates":[[[139.79073,35.72887],[139.79217,35.73102],[139.79273,35.73008],[139.79428,35.73034],[139.79433,35.72979],[139.79508,35.7298],[139.79517,35.72892],[139.7936,35.72884],[139.79469,35.72757],[139.79342,35.72683],[139.79087,35.72673],[139.79073,35.72887]]]}},{"type":"Feature","bbox":[139.78438,35.70286,139.78802,35.70672],"properties":{"slug":"taito-misuji","name":"Misuji","name_local":"三筋","ward":"Taito","ward_slug":"taito","gruppo":"taito-misuji","gruppo_name":"Misuji","usato":false},"geometry":{"type":"Polygon","coordinates":[[[139.78438,35.7034],[139.78499,35.70672],[139.78802,35.70639],[139.78796,35.70286],[139.78438,35.7034]]]}},{"type":"Feature","bbox":[139.78196,35.70639,139.78825,35.71125],"properties":{"slug":"taito-motoasakusa","name":"Motoasakusa","name_local":"元浅草","ward":"Taito","ward_slug":"taito","gruppo":"taito-motoasakusa","gruppo_name":"Motoasakusa","usato":false},"geometry":{"type":"Polygon","coordinates":[[[139.78215,35.70856],[139.78196,35.70703],[139.78802,35.70639],[139.78825,35.71031],[139.78303,35.71125],[139.78215,35.70856]]]}},{"type":"Feature","bbox":[139.77297,35.71904,139.79217,35.73131],"properties":{"slug":"taito-negishi","name":"Negishi","name_local":"根岸","ward":"Taito","ward_slug":"taito","gruppo":"taito-negishi","gruppo_name":"Negishi","usato":false},"geometry":{"type":"Polygon","coordinates":[[[139.77935,35.72014],[139.77297,35.72596],[139.77412,35.72659],[139.77656,35.72535],[139.78128,35.72478],[139.78128,35.72529],[139.78215,35.72554],[139.78229,35.7265],[139.78301,35.72665],[139.78375,35.7276],[139.78825,35.72794],[139.78961,35.72864],[139.79152,35.73131],[139.79217,35.73102],[139.79174,35.72993],[139.79009,35.7282],[139.78333,35.72283],[139.78126,35.72055],[139.78051,35.71904],[139.77972,35.7206],[139.77935,35.72014]]]}},{"type":"Feature","bbox":[139.7936,35.72457,139.80085,35.72904],"properties":{"slug":"taito-nihonzutsumi","name":"Nihonzutsumi","name_local":"日本堤","ward":"Taito","ward_slug":"taito","gruppo":"taito-nihonzutsumi","gruppo_name":"Nihonzutsumi","usato":false},"geometry":{"type":"Polygon","coordinates":[[[139.7973,35.72457],[139.7936,35.72884],[139.79946,35.72904],[139.80085,35.72617],[139.7973,35.72457]]]}},{"type":"Feature","bbox":[139.78825,35.70967,139.7927,35.71814],"properties":{"slug":"taito-nishi-asakusa","name":"Nishi Asakusa","name_local":"西浅草","ward":"Taito","ward_slug":"taito","gruppo":"taito-asakusa","gruppo_name":"Asakusa","usato":true},"geometry":{"type":"Polygon","coordinates":[[[139.78825,35.71031],[139.78933,35.71814],[139.7927,35.71729],[139.79243,35.71377],[139.7914,35.70967],[139.78825,35.71031]]]}},{"type":"Feature","bbox":[139.78602,35.72262,139.79594,35.72887],"properties":{"slug":"taito-ryusen","name":"Ryusen","name_local":"竜泉","ward":"Taito","ward_slug":"taito","gruppo":"taito-ryusen","gruppo_name":"Ryusen","usato":false},"geometry":{"type":"Polygon","coordinates":[[[139.78755,35.72467],[139.79073,35.72887],[139.79087,35.72673],[139.79342,35.72683],[139.79469,35.72757],[139.79594,35.72614],[139.79109,35.72333],[139.79112,35.72277],[139.78602,35.72262],[139.78755,35.72467]]]}},{"type":"Feature","bbox":[139.78933,35.71729,139.79837,35.72614],"properties":{"slug":"taito-senzoku","name":"Senzoku","name_local":"千束","ward":"Taito","ward_slug":"taito","gruppo":"taito-senzoku","gruppo_name":"Senzoku","usato":false},"geometry":{"type":"Polygon","coordinates":[[[139.78954,35.71915],[139.78933,35.71814],[139.7927,35.71729],[139.7927,35.71867],[139.79206,35.71979],[139.79837,35.72338],[139.79594,35.72614],[139.79109,35.72333],[139.79112,35.72277],[139.78939,35.72272],[139.78954,35.71915]]]}},{"type":"Feature","bbox":[139.78051,35.71687,139.79009,35.7282],"properties":{"slug":"taito-shitaya","name":"Shitaya","name_local":"下谷","ward":"Taito","ward_slug":"taito","gruppo":"taito-shitaya","gruppo_name":"Shitaya","usato":true},"geometry":{"type":"Polygon","coordinates":[[[139.78151,35.71687],[139.79009,35.7282],[139.78368,35.72318],[139.78126,35.72055],[139.78051,35.71904],[139.78067,35.71731],[139.78151,35.71687]]]}},{"type":"Feature","bbox":[139.77557,35.70015,139.78196,35.70766],"properties":{"slug":"taito-taito","name":"Taito","name_local":"台東","ward":"Taito","ward_slug":"taito","gruppo":"taito-taito","gruppo_name":"Taito","usato":false},"geometry":{"type":"Polygon","coordinates":[[[139.77697,35.70047],[139.77557,35.70059],[139.7763,35.70766],[139.78196,35.70703],[139.78056,35.70015],[139.77697,35.70047]]]}},{"type":"Feature","bbox":[139.78098,35.70169,139.78804,35.70383],"properties":{"slug":"taito-torigoe","name":"Torigoe","name_local":"鳥越","ward":"Taito","ward_slug":"taito","gruppo":"taito-torigoe","gruppo_name":"Torigoe","usato":false},"geometry":{"type":"Polygon","coordinates":[[[139.78434,35.70323],[139.78132,35.70383],[139.78098,35.70223],[139.78804,35.70177],[139.78796,35.70286],[139.78434,35.70323]]]}},{"type":"Feature","bbox":[139.76978,35.70262,139.78151,35.7206],"properties":{"slug":"taito-ueno","name":"Ueno","name_local":"上野","ward":"Taito","ward_slug":"taito","gruppo":"taito-ueno","gruppo_name":"Ueno","usato":false},"geometry":{"type":"Polygon","coordinates":[[[139.77243,35.70806],[139.7723,35.70717],[139.77008,35.70735],[139.76996,35.70523],[139.77327,35.70501],[139.77301,35.70286],[139.77577,35.70262],[139.77661,35.71094],[139.77829,35.71246],[139.78151,35.71687],[139.78067,35.71731],[139.78051,35.71904],[139.77972,35.7206],[139.77928,35.72006],[139.7794,35.71784],[139.77622,35.71425],[139.7735,35.70985],[139.7728,35.71213],[139.7729,35.70999],[139.76978,35.70929],[139.76985,35.70881],[139.77147,35.70914],[139.77155,35.70829],[139.77243,35.70806]]]}},{"type":"Feature","bbox":[139.7678,35.70929,139.77956,35.72129],"properties":{"slug":"taito-ueno-park","name":"Ueno Park","name_local":"上野公園","ward":"Taito","ward_slug":"taito","gruppo":"taito-ueno-park","gruppo_name":"Ueno Park","usato":false},"geometry":{"type":"Polygon","coordinates":[[[139.77928,35.72006],[139.77839,35.71922],[139.77554,35.72127],[139.77454,35.71994],[139.77369,35.72129],[139.7691,35.71895],[139.7704,35.71758],[139.7698,35.71719],[139.76998,35.71456],[139.76898,35.71532],[139.7678,35.71551],[139.76906,35.70977],[139.76978,35.70929],[139.7729,35.70999],[139.7728,35.71213],[139.7735,35.70985],[139.77622,35.71425],[139.7794,35.71784],[139.77928,35.72006]]]}},{"type":"Feature","bbox":[139.76939,35.71922,139.77935,35.72479],"properties":{"slug":"taito-ueno-sakuragi","name":"Ueno-Sakuragi","name_local":"上野桜木","ward":"Taito","ward_slug":"taito","gruppo":"taito-ueno-sakuragi","gruppo_name":"Ueno-Sakuragi","usato":false},"geometry":{"type":"Polygon","coordinates":[[[139.76989,35.71959],[139.76939,35.72065],[139.77085,35.72111],[139.77035,35.7224],[139.77242,35.7227],[139.77325,35.72339],[139.77296,35.72383],[139.77438,35.72479],[139.77935,35.72014],[139.77839,35.71922],[139.77554,35.72127],[139.77454,35.71994],[139.77369,35.72129],[139.76989,35.71959]]]}},{"type":"Feature","bbox":[139.78541,35.6948,139.79178,35.70028],"properties":{"slug":"taito-yamagibashi","name":"Yamagibashi","name_local":"柳橋","ward":"Taito","ward_slug":"taito","gruppo":"taito-yamagibashi","gruppo_name":"Yamagibashi","usato":false},"geometry":{"type":"Polygon","coordinates":[[[139.78822,35.70028],[139.78541,35.69586],[139.7889,35.6948],[139.79178,35.69862],[139.78822,35.70028]]]}},{"type":"Feature","bbox":[139.76227,35.71841,139.77438,35.7316],"properties":{"slug":"taito-yanaka","name":"Yanaka","name_local":"谷中","ward":"Taito","ward_slug":"taito","gruppo":"taito-yanaka","gruppo_name":"Yanaka","usato":false},"geometry":{"type":"Polygon","coordinates":[[[139.76958,35.72024],[139.76686,35.71841],[139.76357,35.72155],[139.76484,35.72762],[139.76227,35.7316],[139.7651,35.73026],[139.76561,35.72949],[139.76579,35.72769],[139.76724,35.72732],[139.77034,35.72801],[139.77227,35.72682],[139.77438,35.72479],[139.77296,35.72383],[139.77325,35.72339],[139.77242,35.7227],[139.77035,35.7224],[139.77085,35.72111],[139.76939,35.72065],[139.76958,35.72024]]]}},{"type":"Feature","bbox":[139.68072,35.7297,139.69922,35.74002],"properties":{"slug":"toshima-chihaya","name":"Chihaya","name_local":"千早","ward":"Toshima","ward_slug":"toshima","gruppo":"toshima-chihaya","gruppo_name":"Chihaya","usato":false},"geometry":{"type":"Polygon","coordinates":[[[139.68114,35.73773],[139.68376,35.73596],[139.6845,35.73636],[139.68512,35.73429],[139.68437,35.73279],[139.69003,35.7321],[139.69029,35.73124],[139.69495,35.73062],[139.69559,35.72983],[139.69768,35.7297],[139.69922,35.73277],[139.69452,35.73319],[139.69294,35.73297],[139.6928,35.73403],[139.69058,35.7366],[139.68744,35.73592],[139.68712,35.73729],[139.68631,35.73712],[139.68607,35.73777],[139.68684,35.73865],[139.68582,35.74002],[139.68108,35.73875],[139.68072,35.73833],[139.68114,35.73773]]]}},{"type":"Feature","bbox":[139.71214,35.72334,139.72968,35.73446],"properties":{"slug":"toshima-higashi-ikebukuro","name":"Higashi-Ikebukuro","name_local":"東池袋","ward":"Toshima","ward_slug":"toshima","gruppo":"toshima-ikebukuro","gruppo_name":"Ikebukuro","usato":true},"geometry":{"type":"Polygon","coordinates":[[[139.71337,35.7333],[139.71493,35.73422],[139.71708,35.73446],[139.7258,35.73224],[139.72499,35.72919],[139.72968,35.72597],[139.72918,35.72559],[139.72636,35.72707],[139.72617,35.72651],[139.72559,35.7268],[139.72499,35.72648],[139.72493,35.72677],[139.72469,35.72639],[139.72536,35.7261],[139.72438,35.72605],[139.72442,35.72543],[139.72268,35.72503],[139.723,35.72334],[139.71274,35.72997],[139.71299,35.73124],[139.71214,35.73142],[139.71337,35.7333]]]}},{"type":"Feature","bbox":[139.69941,35.73155,139.71464,35.74097],"properties":{"slug":"toshima-ikebukuro","name":"Ikebukuro","name_local":"池袋","ward":"Toshima","ward_slug":"toshima","gruppo":"toshima-ikebukuro","gruppo_name":"Ikebukuro","usato":false},"geometry":{"type":"Polygon","coordinates":[[[139.71115,35.73872],[139.70736,35.74097],[139.70396,35.73747],[139.70358,35.73578],[139.70191,35.73632],[139.70041,35.73493],[139.69941,35.73319],[139.70377,35.73291],[139.70845,35.73155],[139.70914,35.73298],[139.71298,35.7333],[139.71464,35.73658],[139.71115,35.73872]]]}},{"type":"Feature","bbox":[139.70736,35.73658,139.7192,35.74599],"properties":{"slug":"toshima-ikebukuro-honcho","name":"Ikebukuro honcho","name_local":"池袋本町","ward":"Toshima","ward_slug":"toshima","gruppo":"toshima-ikebukuro-honcho","gruppo_name":"Ikebukuro honcho","usato":false},"geometry":{"type":"Polygon","coordinates":[[[139.71464,35.73658],[139.7192,35.74529],[139.71478,35.74599],[139.71449,35.74544],[139.71023,35.74593],[139.70904,35.74434],[139.70837,35.74206],[139.70736,35.74097],[139.71464,35.73658]]]}},{"type":"Feature","bbox":[139.71298,35.7333,139.72535,35.74529],"properties":{"slug":"toshima-kami-ikebukuro","name":"Kami-Ikebukuro","name_local":"上池袋","ward":"Toshima","ward_slug":"toshima","gruppo":"toshima-ikebukuro","gruppo_name":"Ikebukuro","usato":false},"geometry":{"type":"Polygon","coordinates":[[[139.72081,35.73356],[139.72535,35.73603],[139.7241,35.73654],[139.72263,35.73829],[139.72261,35.73882],[139.72384,35.73996],[139.72353,35.74041],[139.72001,35.7421],[139.71977,35.74513],[139.7192,35.74529],[139.71298,35.7333],[139.71642,35.73449],[139.72081,35.73356]]]}},{"type":"Feature","bbox":[139.68582,35.7327,139.70014,35.74141],"properties":{"slug":"toshima-kanamecho","name":"Kanamecho","name_local":"要町","ward":"Toshima","ward_slug":"toshima","gruppo":"toshima-kanamecho","gruppo_name":"Kanamecho","usato":false},"geometry":{"type":"Polygon","coordinates":[[[139.69048,35.73978],[139.69093,35.73813],[139.6919,35.73826],[139.69208,35.73708],[139.69582,35.73745],[139.69888,35.73673],[139.69753,35.73496],[139.70014,35.73455],[139.69922,35.73277],[139.69452,35.73319],[139.69294,35.73297],[139.6928,35.73403],[139.69058,35.7366],[139.68744,35.73592],[139.68712,35.73729],[139.68631,35.73712],[139.68607,35.73777],[139.68684,35.73865],[139.68582,35.74002],[139.68985,35.74141],[139.69048,35.73978]]]}},{"type":"Feature","bbox":[139.72081,35.73099,139.73577,35.73603],"properties":{"slug":"toshima-kita-tsuka","name":"Kita-Ōtsuka","name_local":"北大塚","ward":"Toshima","ward_slug":"toshima","gruppo":"toshima-kita-tsuka","gruppo_name":"Kita-Ōtsuka","usato":false},"geometry":{"type":"Polygon","coordinates":[[[139.72535,35.73603],[139.7268,35.73535],[139.73013,35.73534],[139.7335,35.73339],[139.7355,35.73275],[139.73577,35.73187],[139.73359,35.73108],[139.73156,35.73099],[139.72081,35.73356],[139.72535,35.73603]]]}},{"type":"Feature","bbox":[139.73592,35.73283,139.75259,35.74233],"properties":{"slug":"toshima-komagome","name":"Komagome","name_local":"駒込","ward":"Toshima","ward_slug":"toshima","gruppo":"toshima-komagome","gruppo_name":"Komagome","usato":false},"geometry":{"type":"Polygon","coordinates":[[[139.73884,35.73632],[139.73972,35.73584],[139.73956,35.73553],[139.74179,35.73455],[139.74529,35.73591],[139.74686,35.73516],[139.74724,35.73536],[139.74824,35.73349],[139.74848,35.73375],[139.74904,35.7334],[139.74856,35.73308],[139.74895,35.73283],[139.7503,35.73348],[139.75062,35.73395],[139.7503,35.73438],[139.75259,35.73525],[139.74971,35.73658],[139.74843,35.73885],[139.74678,35.73989],[139.74633,35.73877],[139.74515,35.73925],[139.74407,35.73889],[139.74427,35.74063],[139.74467,35.7408],[139.74115,35.74233],[139.73686,35.74094],[139.73714,35.74019],[139.73654,35.73977],[139.73592,35.73694],[139.73831,35.73561],[139.73884,35.73632]]]}},{"type":"Feature","bbox":[139.70821,35.72049,139.7232,35.73151],"properties":{"slug":"toshima-minami-ikebukuro","name":"Minami-Ikebukuro","name_local":"南池袋","ward":"Toshima","ward_slug":"toshima","gruppo":"toshima-ikebukuro","gruppo_name":"Ikebukuro","usato":true},"geometry":{"type":"Polygon","coordinates":[[[139.70972,35.72729],[139.71194,35.73151],[139.71299,35.73124],[139.71274,35.72997],[139.7227,35.72371],[139.7232,35.72243],[139.72129,35.7221],[139.71742,35.72049],[139.71584,35.72209],[139.71341,35.72318],[139.71077,35.72327],[139.70821,35.72451],[139.70972,35.72729]]]}},{"type":"Feature","bbox":[139.67753,35.72252,139.69562,35.7333],"properties":{"slug":"toshima-minami-nagasaki","name":"Minami-Nagasaki","name_local":"南長崎","ward":"Toshima","ward_slug":"toshima","gruppo":"toshima-nagasaki","gruppo_name":"Nagasaki","usato":false},"geometry":{"type":"Polygon","coordinates":[[[139.67753,35.72956],[139.68134,35.72726],[139.6822,35.72389],[139.68421,35.72376],[139.68439,35.72269],[139.6926,35.72252],[139.69562,35.72631],[139.68541,35.72856],[139.68243,35.73048],[139.67924,35.7333],[139.67912,35.7326],[139.67765,35.73177],[139.67837,35.73103],[139.67753,35.72956]]]}},{"type":"Feature","bbox":[139.72499,35.72425,139.73744,35.73249],"properties":{"slug":"toshima-minami-tsuka","name":"Minami-Ōtsuka","name_local":"南大塚","ward":"Toshima","ward_slug":"toshima","gruppo":"toshima-minami-tsuka","gruppo_name":"Minami-Ōtsuka","usato":false},"geometry":{"type":"Polygon","coordinates":[[[139.7258,35.73224],[139.73198,35.73096],[139.73577,35.73187],[139.73674,35.73018],[139.7355,35.72925],[139.73681,35.72812],[139.73714,35.72756],[139.73677,35.72736],[139.73744,35.72686],[139.73536,35.72607],[139.7361,35.72521],[139.73558,35.72493],[139.734,35.72552],[139.73335,35.72504],[139.73272,35.72519],[139.73292,35.7248],[139.7322,35.72466],[139.73242,35.72425],[139.7314,35.72425],[139.73028,35.72602],[139.72499,35.72919],[139.7258,35.73224]]]}},{"type":"Feature","bbox":[139.67855,35.72631,139.69768,35.73775],"properties":{"slug":"toshima-nagasaki","name":"Nagasaki","name_local":"長崎","ward":"Toshima","ward_slug":"toshima","gruppo":"toshima-nagasaki","gruppo_name":"Nagasaki","usato":false},"geometry":{"type":"Polygon","coordinates":[[[139.68114,35.73773],[139.68376,35.73596],[139.6845,35.73636],[139.68512,35.73429],[139.68437,35.73279],[139.69003,35.7321],[139.69029,35.73124],[139.69495,35.73062],[139.69559,35.72983],[139.69768,35.7297],[139.69562,35.72631],[139.68615,35.72828],[139.68243,35.73048],[139.67928,35.73325],[139.67855,35.73442],[139.67907,35.73551],[139.68046,35.73676],[139.68067,35.73775],[139.68114,35.73773]]]}},{"type":"Feature","bbox":[139.69562,35.72417,139.71337,35.7333],"properties":{"slug":"toshima-nishi-ikebukuro","name":"Nishi-Ikebukuro","name_local":"西池袋","ward":"Toshima","ward_slug":"toshima","gruppo":"toshima-ikebukuro","gruppo_name":"Ikebukuro","usato":true},"geometry":{"type":"Polygon","coordinates":[[[139.71214,35.73142],[139.71337,35.7333],[139.70914,35.73298],[139.70845,35.73155],[139.70377,35.73291],[139.69941,35.73319],[139.69562,35.72631],[139.70089,35.72656],[139.70786,35.72417],[139.71214,35.73142]]]}},{"type":"Feature","bbox":[139.72261,35.73534,139.73293,35.74512],"properties":{"slug":"toshima-nishi-sugamo","name":"Nishi-Sugamo","name_local":"西巣鴨","ward":"Toshima","ward_slug":"toshima","gruppo":"toshima-sugamo","gruppo_name":"Sugamo","usato":false},"geometry":{"type":"Polygon","coordinates":[[[139.73013,35.73534],[139.72986,35.73807],[139.73055,35.74064],[139.73293,35.74463],[139.73284,35.74498],[139.72788,35.74512],[139.72748,35.74373],[139.72459,35.74063],[139.72494,35.74014],[139.72561,35.74012],[139.7256,35.73967],[139.725,35.74006],[139.72463,35.73961],[139.72384,35.73996],[139.72261,35.73882],[139.72263,35.73829],[139.7241,35.73654],[139.7268,35.73535],[139.73013,35.73534]]]}},{"type":"Feature","bbox":[139.68985,35.73708,139.69497,35.74344],"properties":{"slug":"toshima-senkawa","name":"Senkawa","name_local":"千川","ward":"Toshima","ward_slug":"toshima","gruppo":"toshima-senkawa","gruppo_name":"Senkawa","usato":false},"geometry":{"type":"Polygon","coordinates":[[[139.69208,35.73708],[139.6919,35.73826],[139.69093,35.73813],[139.68985,35.74141],[139.69253,35.74344],[139.69348,35.7429],[139.69465,35.74307],[139.69497,35.73738],[139.69208,35.73708]]]}},{"type":"Feature","bbox":[139.72988,35.73022,139.74444,35.74318],"properties":{"slug":"toshima-sugamo","name":"Sugamo","name_local":"巣鴨","ward":"Toshima","ward_slug":"toshima","gruppo":"toshima-sugamo","gruppo_name":"Sugamo","usato":false},"geometry":{"type":"Polygon","coordinates":[[[139.73686,35.74094],[139.73714,35.74019],[139.73654,35.73977],[139.73591,35.73699],[139.73662,35.73639],[139.73831,35.73561],[139.73884,35.73632],[139.73972,35.73584],[139.73956,35.73553],[139.74179,35.73455],[139.74444,35.73553],[139.74304,35.73471],[139.74232,35.73356],[139.74343,35.7327],[139.74127,35.73116],[139.7417,35.73075],[139.74076,35.73022],[139.7388,35.73198],[139.73642,35.73052],[139.7355,35.73275],[139.73369,35.7333],[139.73014,35.73529],[139.72988,35.73823],[139.73081,35.74145],[139.7322,35.74318],[139.73504,35.74063],[139.73686,35.74094]]]}},{"type":"Feature","bbox":[139.70419,35.7123,139.7221,35.71895],"properties":{"slug":"toshima-takada","name":"Takada","name_local":"高田","ward":"Toshima","ward_slug":"toshima","gruppo":"toshima-takada","gruppo_name":"Takada","usato":false},"geometry":{"type":"Polygon","coordinates":[[[139.70566,35.71741],[139.70992,35.71636],[139.7118,35.71682],[139.71239,35.71646],[139.71349,35.71895],[139.71796,35.71695],[139.71743,35.71446],[139.7203,35.71366],[139.7221,35.71262],[139.72086,35.71248],[139.72053,35.71285],[139.71986,35.71231],[139.71961,35.71302],[139.7193,35.71248],[139.71841,35.7125],[139.71575,35.71365],[139.7155,35.71313],[139.71465,35.71311],[139.71195,35.7148],[139.71108,35.71454],[139.71031,35.71356],[139.70943,35.71392],[139.70605,35.71353],[139.70522,35.71391],[139.70578,35.71403],[139.70558,35.71447],[139.70419,35.71477],[139.70475,35.71647],[139.70548,35.71633],[139.70566,35.71741]]]}},{"type":"Feature","bbox":[139.69465,35.73455,139.7021,35.7423],"properties":{"slug":"toshima-takamatsu","name":"Takamatsu","name_local":"高松","ward":"Toshima","ward_slug":"toshima","gruppo":"toshima-takamatsu","gruppo_name":"Takamatsu","usato":false},"geometry":{"type":"Polygon","coordinates":[[[139.70191,35.73648],[139.70171,35.73713],[139.7021,35.73726],[139.70078,35.74005],[139.69907,35.73989],[139.6987,35.7423],[139.69465,35.74212],[139.69497,35.73743],[139.69888,35.73673],[139.69753,35.73496],[139.70014,35.73455],[139.70191,35.73648]]]}},{"type":"Feature","bbox":[139.71184,35.71701,139.72505,35.72335],"properties":{"slug":"toshima-z-shigaya","name":"Zōshigaya","name_local":"雑司が谷","ward":"Toshima","ward_slug":"toshima","gruppo":"toshima-z-shigaya","gruppo_name":"Zōshigaya","usato":false},"geometry":{"type":"Polygon","coordinates":[[[139.71192,35.72307],[139.71349,35.71895],[139.71781,35.71701],[139.71827,35.71796],[139.71927,35.71752],[139.71955,35.71833],[139.72278,35.71894],[139.72311,35.71975],[139.72416,35.72005],[139.72505,35.71979],[139.7232,35.72243],[139.72129,35.7221],[139.71742,35.72049],[139.71584,35.72209],[139.71341,35.72318],[139.71184,35.72335],[139.71192,35.72307]]]}}]}