{"type":"FeatureCollection","source":"https://overpass-api.de/api/interpreter — relazioni subway|light_rail|monorail|train, snapshot in data/rail/osm-seoul.json","verified":"2026-08-20","simplify_m":15.0,"deviazione_massima_m":15.0,"features":[{"type":"Feature","properties":{"kind":"line","line":"1","name":"Seoul Metropolitan Subway Line 1: Yeoncheon → Incheon","rel":"16850861","color":"#004a85","rank":1,"usata":false},"geometry":{"type":"LineString","coordinates":[[126.6170183,37.4764165],[126.6174456,37.4784188],[126.6189642,37.4800443],[126.6219678,37.4811023],[126.624112,37.481195],[126.6258431,37.4805805],[126.6295363,37.4781062],[126.6371966,37.471337],[126.644268,37.4677587],[126.6464383,37.4670424],[126.6487701,37.4667377],[126.6614117,37.4667424],[126.6867853,37.4644059],[126.6989448,37.4649293],[126.701115,37.4657012],[126.7022205,37.4667395],[126.7026618,37.4676143],[126.7029674,37.4696876],[126.7034685,37.4786524],[126.7041182,37.4803877],[126.7089041,37.4843427],[126.7163717,37.4891365],[126.7175846,37.4895768],[126.7203964,37.4896752],[126.7602616,37.4871296],[126.7798336,37.4844786],[126.7916983,37.4826351],[126.798246,37.4827497],[126.8031009,37.4824293],[126.8047353,37.4827953],[126.8143488,37.4859866],[126.8162114,37.4870736],[126.8217417,37.4915032],[126.8259953,37.4928244],[126.839114,37.4931229],[126.8518199,37.4957691],[126.8621231,37.493823],[126.8637267,37.4937697],[126.8652061,37.494072],[126.8788375,37.5004975],[126.8835311,37.5044306],[126.8902948,37.5084491],[126.9099878,37.5167511],[126.9157995,37.5171997],[126.9182644,37.5169533],[126.9201053,37.5161963],[126.9232281,37.5139716],[126.9250403,37.5134258],[126.9379482,37.5137802],[126.9456708,37.5147386],[126.9466458,37.5151217],[126.9481222,37.5161565],[126.957873,37.5249285],[126.9679371,37.5320649],[126.9699116,37.5336983],[126.9706264,37.5346438],[126.9710577,37.5359143],[126.9713967,37.5389902],[126.9713821,37.5500015],[126.9720418,37.5529094],[126.9723702,37.5558595],[126.9728917,37.5574922],[126.9758528,37.5613812],[126.9770046,37.5642398],[126.9772527,37.5671633],[126.9767961,37.5691086],[126.9773802,37.5699278],[126.9782518,37.5702169],[126.9876616,37.570198],[127.0083093,37.5711152],[127.0172718,37.5734243],[127.0240021,37.5758317],[127.031343,37.5778991],[127.0342886,37.5783546],[127.0373664,37.5779717],[127.0390503,37.5781558],[127.0453635,37.5801275],[127.0475657,37.5811518],[127.0497266,37.5830493],[127.0534519,37.5870759],[127.0548862,37.5880679],[127.0592178,37.5904269],[127.0608076,37.591982],[127.0666378,37.6003519],[127.0674155,37.6018979],[127.0678369,37.6041186],[127.0676648,37.6098008],[127.0671613,37.6118502],[127.0591351,37.6298073],[127.0588547,37.6311627],[127.0589393,37.6342698],[127.0584581,37.6360728],[127.0571544,37.6377894],[127.0536855,37.6407492],[127.0523142,37.642576],[127.0454469,37.658599],[127.0449423,37.6604425],[127.0441734,37.6704496],[127.0463838,37.6843182],[127.0456616,37.6966726],[127.0477745,37.7074058],[127.0477099,37.7087534],[127.0464299,37.716135],[127.0474912,37.7264177],[127.0464575,37.7364211],[127.0451568,37.7458798],[127.0442621,37.7488699],[127.042493,37.7530972],[127.0422382,37.7546799],[127.0422736,37.7576314],[127.042541,37.7613522],[127.0442483,37.7674422],[127.0452297,37.7788416],[127.0456192,37.7798326],[127.0463185,37.7807901],[127.050007,37.7844279],[127.0505948,37.7855799],[127.0508973,37.7870115],[127.0511256,37.7901539],[127.0494119,37.7963494],[127.0491776,37.7979044],[127.0493124,37.7991147],[127.0507285,37.8039878],[127.0507468,37.8052261],[127.0502351,37.8085039],[127.050468,37.8099269],[127.0510869,37.8111897],[127.0545636,37.8148104],[127.0554971,37.8160641],[127.0585362,37.8231997],[127.0592215,37.8243311],[127.0620343,37.8277587],[127.0626285,37.8289935],[127.0629312,37.8304685],[127.0607162,37.850609],[127.061275,37.8677656],[127.0590202,37.874197],[127.0558219,37.8789283],[127.0551099,37.8810997],[127.0573342,37.9133009],[127.0536051,37.9346508],[127.0538316,37.9361462],[127.0555327,37.9399647],[127.056714,37.9416824],[127.0599878,37.9452252],[127.0606046,37.9465835],[127.0620053,37.9572227],[127.0620979,37.9589274],[127.0618773,37.9602901],[127.0612808,37.9623107],[127.0595318,37.9666755],[127.0591356,37.9693555],[127.057925,37.9738209],[127.0577083,37.9766748],[127.058156,37.9786228],[127.0596572,37.9817757],[127.0609705,37.9837707],[127.0629107,37.9860059],[127.0647278,37.9878034],[127.0670682,37.9896459],[127.0735365,37.9941906],[127.0751312,37.9963926],[127.0755505,37.997894],[127.075751,38.0018993],[127.0743164,38.0092358],[127.0748213,38.0166939],[127.0747011,38.0186674],[127.0744404,38.0196205],[127.0724112,38.0237849],[127.0696181,38.0285624],[127.0687282,38.0305896],[127.0656091,38.0436113],[127.0653882,38.0459787],[127.0656067,38.0483636],[127.0696205,38.0679381],[127.0708549,38.0707418],[127.0735287,38.0752203],[127.0738639,38.0766767],[127.0718062,38.0868626],[127.071609,38.08874],[127.0738629,38.1004613]]}},{"type":"Feature","properties":{"kind":"line","line":"2","name":"Seoul Subway Line 2: Outer Circle Line","rel":"2404374","color":"#00a23f","rank":1,"usata":true},"geometry":{"type":"LineString","coordinates":[[126.9739637,37.5630913],[126.9668375,37.5612865],[126.9612666,37.5579082],[126.9598718,37.5573976],[126.9561344,37.5574487],[126.9419574,37.5565992],[126.9369091,37.5551787],[126.927287,37.5585971],[126.9263349,37.5586896],[126.9134373,37.5491584],[126.9125588,37.5479444],[126.9115395,37.5453369],[126.9110932,37.5446916],[126.9034129,37.5358355],[126.8971252,37.5277923],[126.8943528,37.5163075],[126.893731,37.51536],[126.890261,37.5126666],[126.8897237,37.5118974],[126.8898116,37.510892],[126.8927857,37.5062775],[126.8929051,37.5052195],[126.8924482,37.5016823],[126.8925854,37.5004499],[126.8934778,37.4981521],[126.894029,37.4957565],[126.8965261,37.4891273],[126.8972369,37.4879227],[126.8985297,37.4868415],[126.9009535,37.4854675],[126.9027176,37.4850112],[126.9055692,37.4849297],[126.9112502,37.4865087],[126.9129247,37.4872756],[126.916353,37.4893507],[126.9178362,37.4896891],[126.9190795,37.4896958],[126.9211622,37.4890169],[126.9251298,37.4850801],[126.926355,37.4843133],[126.9273727,37.4840552],[126.9286396,37.4840805],[126.9341942,37.4848067],[126.9356667,37.4847974],[126.9416508,37.482416],[126.9522508,37.4812976],[126.9678703,37.4754172],[126.970275,37.4752903],[126.9743627,37.4762269],[126.9768593,37.4765598],[126.9847974,37.4765298],[126.9855145,37.4766876],[126.9909407,37.4792819],[126.9976822,37.4814426],[126.9997973,37.4816693],[127.0021807,37.4822645],[127.0029778,37.4827025],[127.0038412,37.4843459],[127.00486,37.4903243],[127.0055102,37.491054],[127.0059979,37.4912814],[127.0664299,37.5097913],[127.0784674,37.5117687],[127.0887798,37.5114931],[127.095591,37.5121301],[127.1001004,37.5131894],[127.1027816,37.5140947],[127.1040983,37.5152325],[127.1048491,37.5163818],[127.1050998,37.5175985],[127.1049076,37.5187182],[127.1028848,37.5224077],[127.0940242,37.5362784],[127.0929738,37.5373218],[127.0916122,37.5379291],[127.0904135,37.5380698],[127.084101,37.5366713],[127.0827591,37.536732],[127.0730535,37.5391576],[127.0639067,37.5422382],[127.0458368,37.5478071],[127.0451269,37.548285],[127.0445068,37.5493275],[127.0431416,37.5597616],[127.0428245,37.5603045],[127.0415478,37.5610912],[127.0398741,37.5612825],[127.0356314,37.5612542],[127.0332329,37.5626773],[127.029212,37.5644254],[127.0274317,37.5648921],[127.0198141,37.5656525],[127.0113139,37.5649607],[127.0077149,37.5660253],[127.0027529,37.5668289],[126.9784944,37.5659472],[126.9777102,37.5656187],[126.9764337,37.564017],[126.9739637,37.5630913]]}},{"type":"Feature","properties":{"kind":"line","line":"3","name":"Seoul Metro Line 3: Daehwa → Ogeum","rel":"443803","color":"#ed6c00","rank":1,"usata":false},"geometry":{"type":"LineString","coordinates":[[126.7474578,37.6761485],[126.7632114,37.6692561],[126.7657828,37.6676771],[126.7723216,37.6611506],[126.778502,37.6507204],[126.7795792,37.6494269],[126.7990094,37.6347603],[126.8020825,37.6333426],[126.805387,37.6324327],[126.8161989,37.6310923],[126.8178378,37.63136],[126.8190392,37.6318411],[126.822516,37.6345491],[126.82516,37.6354266],[126.835328,37.6342681],[126.8367096,37.6344241],[126.8378093,37.6352482],[126.838295,37.6360359],[126.839856,37.6398031],[126.8403978,37.6419831],[126.8408405,37.6489893],[126.8411033,37.6500852],[126.8443393,37.6552488],[126.845457,37.6560971],[126.8467893,37.6564181],[126.8506788,37.655811],[126.8618254,37.6533704],[126.8777676,37.6495547],[126.8786874,37.6496046],[126.8869785,37.6518507],[126.8942439,37.653437],[126.9014749,37.6510239],[126.9086198,37.6489789],[126.9168261,37.6476839],[126.9181632,37.6471354],[126.9186862,37.6464898],[126.9188136,37.6459387],[126.9184195,37.6419544],[126.9193385,37.6287392],[126.9200524,37.6259746],[126.9197651,37.6221875],[126.9201259,37.6204636],[126.9229388,37.617116],[126.9263617,37.6145435],[126.933744,37.6061569],[126.9346402,37.6048857],[126.9352332,37.6017946],[126.9363279,37.5997661],[126.9407147,37.5944947],[126.9411062,37.5920786],[126.9414544,37.5913509],[126.9426495,37.5899487],[126.9457724,37.587334],[126.9494383,37.5837552],[126.950853,37.5812268],[126.9523486,37.5799969],[126.9562583,37.5758795],[126.9598735,37.57269],[126.9604557,37.5725032],[126.9629321,37.572637],[126.965478,37.5738669],[126.9670592,37.574355],[126.9686588,37.5755195],[126.9697637,37.5760296],[126.9764612,37.5755364],[126.9828957,37.5756061],[126.987463,37.5773311],[126.9887488,37.5774359],[126.9896803,37.5772032],[126.9903978,37.5762702],[126.9921957,37.570407],[126.993037,37.5625943],[126.9937165,37.5615213],[126.9949892,37.5605356],[126.9961532,37.5601801],[127.0022015,37.5590591],[127.0057659,37.5590197],[127.0068323,37.5587855],[127.0086983,37.5574645],[127.0105499,37.5548296],[127.0154706,37.5487532],[127.0164738,37.5465161],[127.0168527,37.5430204],[127.0173953,37.5415648],[127.0248702,37.5307435],[127.0256106,37.5298267],[127.0280453,37.5276607],[127.0284237,37.5270514],[127.0280101,37.5199207],[127.0275872,37.5194801],[127.0252611,37.518476],[127.013299,37.5138143],[127.0056277,37.5100866],[127.0043891,37.5090388],[127.004124,37.5085368],[127.003993,37.5071354],[127.0064288,37.5017946],[127.0079528,37.500607],[127.0114204,37.4993134],[127.0125358,37.4982795],[127.013453,37.4946338],[127.0147463,37.4876306],[127.0172798,37.4834112],[127.0179985,37.4827462],[127.0194074,37.4824876],[127.0446623,37.4860304],[127.0632186,37.4944502],[127.0699125,37.4964802],[127.0738839,37.4972501],[127.0768129,37.4967086],[127.0778961,37.4961792],[127.0784588,37.4956399],[127.082702,37.48666],[127.0832357,37.4848263],[127.0841812,37.4837678],[127.0859226,37.483225],[127.0881365,37.4829469],[127.0952117,37.4836242],[127.0959706,37.4839458],[127.098039,37.4858896],[127.0992944,37.4866306],[127.1189736,37.4926182],[127.1233687,37.494943],[127.1247614,37.496318],[127.126573,37.5000758],[127.1283544,37.5021419]]}},{"type":"Feature","properties":{"kind":"line","line":"4","name":"Seoul Metropolitan Subway Line 4: Buramsan → Oido","rel":"2718884","color":"#009bce","rank":1,"usata":false},"geometry":{"type":"LineString","coordinates":[[127.0784401,37.6695753],[127.0760119,37.6664938],[127.07579,37.66392],[127.0754571,37.662668],[127.0718943,37.6591808],[127.0711464,37.6587263],[127.0686279,37.6580974],[127.0661776,37.6569825],[127.0562379,37.6547559],[127.0528619,37.6543993],[127.042107,37.6518921],[127.0373536,37.6514263],[127.0363182,37.6509676],[127.0356208,37.6502127],[127.0319183,37.6440275],[127.0233927,37.6357662],[127.0231806,37.6352516],[127.0235942,37.6328432],[127.0297916,37.6171819],[127.0303113,37.6111449],[127.0302314,37.6097204],[127.0297852,37.6086197],[127.0283714,37.6070436],[127.0253956,37.6043456],[127.0210114,37.5962786],[127.0178203,37.593452],[127.0164111,37.592665],[127.0137632,37.592122],[127.0102919,37.5903482],[127.0029617,37.5872512],[127.0022646,37.5867962],[127.0013747,37.585695],[127.0013073,37.5851444],[127.0018979,37.5824906],[127.0021932,37.5777124],[127.0024233,37.5768506],[127.0028299,37.5763817],[127.0044572,37.5758783],[127.0054024,37.5752121],[127.0089252,37.571378],[127.0098237,37.5698062],[127.0095719,37.5675544],[127.0086008,37.5658577],[127.0073966,37.564429],[127.00654,37.5639454],[127.0039305,37.5635383],[126.9936461,37.56111],[126.9893456,37.5612211],[126.9825134,37.5605549],[126.9788966,37.5591082],[126.9773637,37.5578515],[126.973438,37.5563694],[126.9728913,37.5558672],[126.9726152,37.5550692],[126.9726851,37.5535842],[126.9717389,37.5492984],[126.9717744,37.5472524],[126.9719211,37.5451375],[126.9741903,37.5366626],[126.9741754,37.5360228],[126.9723829,37.5338907],[126.9666102,37.5279763],[126.9662764,37.527302],[126.9662288,37.5265224],[126.9666164,37.5256088],[126.9670988,37.5251042],[126.97029,37.5233732],[126.9720768,37.5230633],[126.9817748,37.5200588],[126.9827699,37.519586],[126.9831796,37.518875],[126.9831859,37.5158137],[126.9801533,37.5042335],[126.9803769,37.5029568],[126.9808291,37.5021191],[126.9825831,37.5004269],[126.9832544,37.4990575],[126.9825072,37.4962011],[126.9825894,37.4898765],[126.9822851,37.4881553],[126.981579,37.4760423],[126.9819709,37.4740001],[126.9830631,37.4718098],[126.9842777,37.469977],[126.986573,37.4679882],[126.9876538,37.4666953],[126.9904123,37.4604934],[126.9924499,37.4579621],[126.9994074,37.4536777],[127.0021419,37.4518344],[127.0027695,37.4511586],[127.007913,37.4438286],[127.0085129,37.4386788],[127.0082482,37.4379431],[127.0072395,37.4367674],[127.00578,37.4344752],[127.0046836,37.4335928],[127.0032883,37.4332134],[126.9971634,37.4331072],[126.9954399,37.4324743],[126.9906158,37.4271571],[126.9846314,37.4217613],[126.9830758,37.4199356],[126.9811177,37.4167488],[126.9800569,37.4141792],[126.9772473,37.4031751],[126.9767912,37.4000465],[126.9756906,37.3985824],[126.9743752,37.3977577],[126.9482124,37.3889729],[126.9425121,37.3846614],[126.9397935,37.3829197],[126.9391157,37.3811676],[126.9392232,37.3797113],[126.9422073,37.3753874],[126.9449694,37.369405],[126.9463912,37.3676329],[126.946644,37.3666084],[126.9463234,37.3655272],[126.9453051,37.3645878],[126.9288172,37.3557183],[126.9270956,37.3542239],[126.9264011,37.3530178],[126.9241825,37.34596],[126.9222356,37.335423],[126.9215003,37.3335876],[126.9032326,37.3116652],[126.900256,37.3083536],[126.8987179,37.3073914],[126.896988,37.3066903],[126.8837002,37.3031066],[126.8726565,37.3023879],[126.8631394,37.3030632],[126.860962,37.3034747],[126.8587662,37.3046193],[126.8497988,37.3135642],[126.8481568,37.3147732],[126.8467699,37.3153239],[126.8447989,37.3156793],[126.8153623,37.3172494],[126.8123912,37.3178068],[126.8012337,37.322782],[126.7946549,37.3243866],[126.7765982,37.33253],[126.7611518,37.3407789],[126.7598099,37.3420172],[126.7565939,37.3467908],[126.7556608,37.3476579],[126.7545086,37.3483312],[126.7389773,37.3530803],[126.7380451,37.3537505],[126.7371419,37.3548258],[126.7365925,37.3566817],[126.7367436,37.3578479],[126.738718,37.3628018]]}},{"type":"Feature","properties":{"kind":"line","line":"5","name":"Seoul Subway Line 5 Hanam Geomdansan → Banghwa","rel":"12497485","color":"#794698","rank":1,"usata":false},"geometry":{"type":"LineString","coordinates":[[126.8127722,37.5773845],[126.8119084,37.5750628],[126.8109885,37.5737822],[126.8096179,37.5731022],[126.8065386,37.5723198],[126.8049882,37.5712234],[126.8012679,37.5628659],[126.8015195,37.5616034],[126.8019409,37.5608531],[126.8033632,37.5599049],[126.8055643,37.5595258],[126.8065685,37.5597744],[126.8092342,37.5611524],[126.8105476,37.5614098],[126.820018,37.5604972],[126.8269031,37.5600749],[126.8335897,37.5609317],[126.8350716,37.5606254],[126.8363014,37.5599473],[126.8372782,37.5589059],[126.8377385,37.5575638],[126.8376464,37.5566049],[126.8363872,37.552559],[126.8364976,37.5461806],[126.8371917,37.5450051],[126.8402638,37.5418929],[126.8415394,37.5402508],[126.8465453,37.5321071],[126.8497844,37.5263016],[126.8509175,37.5250162],[126.851764,37.5246929],[126.8528595,37.5245929],[126.8643844,37.5261598],[126.8763224,37.5244051],[126.8778014,37.5243478],[126.8828995,37.5259766],[126.8836113,37.5260329],[126.9075991,37.5223398],[126.908978,37.5217024],[126.9126602,37.5183567],[126.9137611,37.5179113],[126.915963,37.5175672],[126.9175172,37.5177323],[126.9187843,37.5182872],[126.933059,37.5272218],[126.9435217,37.5377242],[126.9497657,37.5424349],[126.9532651,37.5470032],[126.9579518,37.5559818],[126.9624936,37.5598194],[126.9666095,37.5658085],[126.9691892,37.5683375],[126.9731509,37.5710667],[126.9745409,37.5716282],[126.9809118,37.571634],[126.9864007,37.5726059],[126.9926798,37.5724901],[126.9967216,37.5711302],[126.9973685,37.570696],[126.9977923,37.5700539],[126.9982039,37.5661268],[126.9988342,37.5651767],[127.0004849,37.5645219],[127.004613,37.5647972],[127.0077097,37.5641088],[127.0091837,37.563271],[127.0112407,37.561449],[127.0156155,37.5594195],[127.0163601,37.5587376],[127.0177172,37.5557017],[127.0184866,37.5550687],[127.0193689,37.5546323],[127.021366,37.5542896],[127.0234762,37.5545694],[127.0299451,37.5576032],[127.0362345,37.5613412],[127.0416672,37.5654068],[127.0467502,37.5684858],[127.0483763,37.5692714],[127.0492243,37.5692317],[127.0588841,37.5624145],[127.0705622,37.5606579],[127.0723063,37.5600553],[127.0861801,37.5545893],[127.0886366,37.5534275],[127.089415,37.5525528],[127.0905341,37.5504518],[127.0919406,37.5493825],[127.1051118,37.5448404],[127.1067885,37.5445048],[127.1080445,37.544576],[127.1175853,37.5420186],[127.1217701,37.539282],[127.1227096,37.5388635],[127.1367763,37.5346742],[127.1381718,37.534948],[127.1388834,37.5354804],[127.1393738,37.5362231],[127.1431521,37.5463783],[127.1443069,37.5535341],[127.1450194,37.5546436],[127.1459388,37.5552698],[127.1469058,37.5555632],[127.1483071,37.5555877],[127.1518791,37.5547532],[127.1666998,37.5568917],[127.1742746,37.5572002],[127.1871349,37.5600648],[127.1881692,37.5606236],[127.1892625,37.5618855],[127.1905769,37.5625326],[127.1954407,37.5637316],[127.1971794,37.5637762],[127.198706,37.5633217],[127.2007241,37.5611508],[127.2055972,37.5567451],[127.205998,37.5559767],[127.2060668,37.5552209],[127.2058709,37.5547789],[127.2017166,37.5498001],[127.2013033,37.5490671],[127.2011412,37.5481608],[127.2013302,37.5465606],[127.202212,37.5446554],[127.2028095,37.5439776],[127.2035169,37.5434203],[127.2124057,37.5391719],[127.213979,37.5393487],[127.2174895,37.5407768],[127.2237049,37.5397123]]}},{"type":"Feature","properties":{"kind":"line","line":"6","name":"Seoul Subway Line 6: Eungam Loop → Sinnae","rel":"12080315","color":"#7c4932","rank":1,"usata":true},"geometry":{"type":"LineString","coordinates":[[126.9157018,37.598774],[126.9162792,37.5994075],[126.9189334,37.6002561],[126.9202301,37.6010697],[126.9233917,37.6070879],[126.9257042,37.6082777],[126.931351,37.6120234],[126.9329112,37.6154563],[126.9331903,37.6178512],[126.9329624,37.6186236],[126.9314414,37.6206616],[126.9303948,37.6212879],[126.929012,37.6215295],[126.926925,37.6213457],[126.925229,37.6208621],[126.9223128,37.6191624],[126.9205315,37.6186289],[126.9199568,37.6181079],[126.9179675,37.6150698],[126.9168973,37.6104155],[126.9153958,37.6077781],[126.9153339,37.6070877],[126.9161504,37.6007488],[126.9138676,37.592625],[126.912736,37.5874198],[126.9114777,37.5856275],[126.9006972,37.57551],[126.8997446,37.5737558],[126.8992939,37.5701609],[126.8994167,37.5677557],[126.8996937,37.5668188],[126.9003664,37.5660888],[126.9020282,37.5649179],[126.9033737,37.5635156],[126.9116673,37.5542214],[126.9132101,37.5495264],[126.9136266,37.5490192],[126.9183436,37.547908],[126.9341344,37.5473944],[126.9357323,37.5474639],[126.9389114,37.5485154],[126.940237,37.5485662],[126.9613534,37.5393117],[126.9735459,37.5357538],[126.9756411,37.5346153],[126.9856611,37.53492],[126.9882176,37.5340969],[126.9971583,37.5346384],[126.9979541,37.534767],[126.9990185,37.5354469],[127.0005452,37.5368195],[127.0014683,37.5380127],[127.0020605,37.5420748],[127.0019547,37.5437406],[127.0024243,37.5453203],[127.0036194,37.5466197],[127.006343,37.5480207],[127.0071366,37.5486503],[127.0160056,37.5640992],[127.0162221,37.566404],[127.015194,37.5804247],[127.015213,37.5811977],[127.0158133,37.5831883],[127.0180005,37.5847812],[127.0224448,37.5862778],[127.0236665,37.5864388],[127.027456,37.5861973],[127.0329111,37.5864688],[127.0357303,37.5892709],[127.0363717,37.5923794],[127.037141,37.5933952],[127.041489,37.601924],[127.043192,37.6034539],[127.0633196,37.6142014],[127.0701317,37.6158224],[127.080363,37.619169],[127.0837172,37.6197559],[127.0850236,37.6199121],[127.0863019,37.6195619],[127.0961369,37.6151684],[127.1046462,37.6124026]]}},{"type":"Feature","properties":{"kind":"line","line":"7","name":"Seoul Subway Line 7: Jangam → Seongnam","rel":"12746493","color":"#6e7e31","rank":1,"usata":false},"geometry":{"type":"LineString","coordinates":[[126.6731764,37.5063954],[126.6836091,37.5059223],[126.6887225,37.5072442],[126.6913364,37.5085209],[126.6930545,37.5090996],[126.6954859,37.5093166],[126.7167402,37.5077468],[126.7447993,37.506473],[126.7510971,37.5058325],[126.7546445,37.5058262],[126.7803167,37.5025316],[126.8043703,37.5068047],[126.8072261,37.5067579],[126.813861,37.5059044],[126.8155786,37.5049261],[126.8163135,37.5036142],[126.8159938,37.4982878],[126.8161776,37.4967397],[126.8169897,37.4953111],[126.8191451,37.4935675],[126.8264678,37.4913711],[126.8324576,37.4900225],[126.8355819,37.4889124],[126.8380248,37.4876764],[126.8402395,37.484377],[126.842486,37.4828625],[126.8619033,37.4772915],[126.8662142,37.4756521],[126.885183,37.4811688],[126.8862211,37.4848064],[126.8885702,37.4875879],[126.9032812,37.4969666],[126.9038624,37.4974509],[126.9057739,37.5001753],[126.9302436,37.4997683],[126.931142,37.5000334],[126.9395414,37.5050849],[126.9443963,37.5052344],[126.9463897,37.5047209],[126.9565776,37.4928836],[126.9650013,37.4888107],[126.9662509,37.488063],[126.9697595,37.4852205],[126.972066,37.4842906],[126.9734061,37.4834595],[126.9754381,37.4832591],[126.9821981,37.4854105],[126.9886172,37.4861934],[126.9965999,37.4886575],[126.9975569,37.4890926],[126.9985043,37.4899262],[127.0009014,37.493554],[127.0017974,37.4954586],[127.0023854,37.500747],[127.002907,37.5021872],[127.0044595,37.5035309],[127.007585,37.5048434],[127.0100037,37.5076701],[127.0413029,37.5171958],[127.0568865,37.5200075],[127.0611299,37.5214642],[127.0619666,37.5220421],[127.06295,37.5233078],[127.0736407,37.5463933],[127.07608,37.5504276],[127.0775167,37.5535567],[127.0860268,37.5690919],[127.0861612,37.5729292],[127.0883006,37.5803397],[127.0888074,37.5833876],[127.0853147,37.5968768],[127.0839869,37.5981347],[127.0802695,37.6002836],[127.0796559,37.6010438],[127.0775866,37.6114362],[127.0729869,37.6256062],[127.0616285,37.6501317],[127.055418,37.6735968],[127.0552476,37.6749237],[127.0552787,37.6820122],[127.0548433,37.6825882],[127.0524805,37.6845379],[127.0475494,37.6878733],[127.0467933,37.6887146],[127.0464296,37.6894917],[127.0461248,37.6923868],[127.0464273,37.6934631],[127.0472122,37.6942391],[127.0496962,37.6955982],[127.0518581,37.6988973],[127.053075,37.7001801]]}},{"type":"Feature","properties":{"kind":"line","line":"8","name":"Seoul Subway Line 8: Byeollae → Moran","rel":"2718901","color":"#d11d70","rank":1,"usata":false},"geometry":{"type":"LineString","coordinates":[[127.1280243,37.6418028],[127.1308619,37.6392006],[127.1324677,37.6382153],[127.1442338,37.633248],[127.1460412,37.632268],[127.1497065,37.6292559],[127.1501945,37.628151],[127.1499577,37.6254695],[127.1490604,37.620388],[127.1478169,37.6192536],[127.1389526,37.615137],[127.1382339,37.6143436],[127.1379611,37.6128511],[127.1380106,37.6106532],[127.140469,37.603096],[127.1413209,37.6009316],[127.1426363,37.5989728],[127.1427885,37.5983915],[127.1421868,37.5971631],[127.1386183,37.59375],[127.1378545,37.5921135],[127.1379387,37.5796446],[127.1407463,37.5599629],[127.1407023,37.5592571],[127.1400904,37.5581764],[127.1380683,37.5572723],[127.1357574,37.5568213],[127.1315064,37.5570873],[127.1307605,37.5568619],[127.1297648,37.5561323],[127.1204451,37.5302699],[127.1185527,37.5269496],[127.1158371,37.5231971],[127.1138827,37.5187551],[127.1124393,37.5174564],[127.1021817,37.5137748],[127.101689,37.5134012],[127.1014499,37.5128388],[127.1014864,37.5113512],[127.1023798,37.5099513],[127.1047973,37.5078086],[127.1181478,37.4931855],[127.1206543,37.4895635],[127.1268859,37.4771831],[127.1270622,37.4760003],[127.126501,37.4687652],[127.126745,37.4678332],[127.1389425,37.4628911],[127.1491629,37.4570268],[127.1574563,37.456051],[127.1593762,37.4551115],[127.1600366,37.4546023],[127.1606394,37.4536712],[127.1578267,37.4470468],[127.1567551,37.4450934],[127.1563784,37.444795],[127.1513204,37.4422667],[127.1458157,37.4403098],[127.1365988,37.4352873],[127.1351784,37.4348535],[127.1303157,37.4340338]]}},{"type":"Feature","properties":{"kind":"line","line":"9","name":"Seoul Subway Line 9: Gaewha → VHS Medical Center","rel":"2718888","color":"#a49d87","rank":1,"usata":false},"geometry":{"type":"LineString","coordinates":[[127.148286,37.5282699],[127.144971,37.5200377],[127.1437118,37.5188988],[127.1425942,37.5185955],[127.1412715,37.518679],[127.136381,37.5206624],[127.135603,37.5208849],[127.1340706,37.5208144],[127.1328876,37.5199921],[127.129905,37.5154905],[127.1291779,37.514776],[127.1274119,37.5141703],[127.1253414,37.5142995],[127.1241931,37.5147033],[127.123185,37.5152966],[127.1216629,37.5168443],[127.1208272,37.5172974],[127.1192063,37.5175997],[127.1176471,37.5174254],[127.1162809,37.5167113],[127.1157849,37.51615],[127.1121919,37.5099705],[127.1093972,37.5066282],[127.1071203,37.5051595],[127.1057077,37.504547],[127.1005576,37.502864],[127.0987817,37.5025303],[127.0958227,37.5024212],[127.0935338,37.5027377],[127.0798785,37.5065955],[127.0795844,37.5069006],[127.0787402,37.509757],[127.0781415,37.5103668],[127.0692928,37.5152313],[127.0683782,37.5154722],[127.0531899,37.5129625],[127.0198043,37.503082],[127.0176608,37.503092],[127.0139505,37.5047462],[127.0093006,37.5064599],[127.0071016,37.5067414],[126.9916614,37.5023143],[126.9844729,37.500816],[126.9831443,37.5007991],[126.9818089,37.5011309],[126.9746562,37.5047028],[126.9729574,37.505364],[126.9698209,37.5057053],[126.9653989,37.5074295],[126.9639299,37.508366],[126.9611642,37.5113545],[126.9563991,37.5130651],[126.9500151,37.512701],[126.9449788,37.5137465],[126.9363209,37.5133685],[126.9340292,37.5138306],[126.9319564,37.5146059],[126.9295339,37.5160688],[126.9159261,37.5298542],[126.9144362,37.5304245],[126.9062716,37.531973],[126.9043299,37.5326406],[126.8894871,37.5401329],[126.8851272,37.5420025],[126.8841831,37.5426575],[126.8822587,37.5455542],[126.8806863,37.5466601],[126.8783202,37.5472026],[126.8730971,37.5470226],[126.8704141,37.5478344],[126.8663815,37.5503241],[126.8640892,37.5514487],[126.8638192,37.5519268],[126.863036,37.5565704],[126.8626934,37.556993],[126.8404736,37.5688341],[126.8386892,37.5690935],[126.8374409,37.568922],[126.8364006,37.5685042],[126.8340409,37.5668618],[126.8324525,37.5664562],[126.8167379,37.5674822],[126.8147279,37.5674537],[126.8132688,37.5666628],[126.8101704,37.5631927],[126.8090265,37.562351],[126.8078057,37.5618161],[126.8005897,37.5620234],[126.7962835,37.5625682],[126.794996,37.5631728],[126.7844034,37.5721822],[126.783597,37.5731165],[126.78347,37.5738276],[126.7838017,37.5751867],[126.7851611,37.5760473],[126.7916038,37.5769402],[126.7968238,37.5784343]]}},{"type":"Feature","properties":{"kind":"line","line":"AREX","name":"AREX Express Train: Seoul Station → Incheon Int'l Airport Terminal 2","rel":"9961459","color":"#0079ac","rank":2,"usata":false},"geometry":{"type":"LineString","coordinates":[[126.9698533,37.5541027],[126.9701991,37.5476512],[126.9709696,37.5435953],[126.9709211,37.542445],[126.9706291,37.5415893],[126.967872,37.539177],[126.9668172,37.5385288],[126.9656367,37.5381416],[126.9627536,37.5383737],[126.9570369,37.5399025],[126.9544675,37.5413491],[126.945608,37.5454308],[126.9405523,37.5472288],[126.9392348,37.5483049],[126.9368189,37.5510716],[126.9307689,37.5553724],[126.9272873,37.557046],[126.9259561,37.5580156],[126.9190912,37.5663684],[126.9089365,37.5706422],[126.9034847,37.573743],[126.8927749,37.5809443],[126.8894319,37.5827351],[126.8870025,37.5843203],[126.8856008,37.5860479],[126.883058,37.587852],[126.8650885,37.5943831],[126.8627704,37.594972],[126.8603759,37.5952247],[126.8579744,37.5951673],[126.855385,37.5946914],[126.8516465,37.5930918],[126.8498617,37.5918541],[126.8375883,37.5786247],[126.8361708,37.5765163],[126.8330455,37.5697589],[126.8317717,37.5681764],[126.8301116,37.566998],[126.8200035,37.5615295],[126.8178124,37.5608663],[126.8166456,37.5607438],[126.7957474,37.562069],[126.7935212,37.5624305],[126.7923517,37.5631024],[126.7857642,37.5687874],[126.7806466,37.5736685],[126.7779107,37.574961],[126.7751993,37.5754171],[126.7738767,37.5754372],[126.7719079,37.5750503],[126.7617745,37.5707221],[126.7572309,37.5698632],[126.7519952,37.569944],[126.7449259,37.5713239],[126.7418794,37.5716805],[126.7317572,37.5717227],[126.7084803,37.5705252],[126.6599779,37.5686072],[126.6564257,37.5682561],[126.6499571,37.5668575],[126.6450078,37.5650777],[126.6402064,37.562512],[126.6355316,37.5594852],[126.6320886,37.5580459],[126.6258258,37.5565906],[126.6156954,37.5546438],[126.6023997,37.5514366],[126.5659675,37.539658],[126.563335,37.5383311],[126.5617263,37.5372405],[126.558039,37.534101],[126.5355791,37.517058],[126.5335826,37.515739],[126.5243567,37.5116662],[126.5177507,37.5092703],[126.5079462,37.5063678],[126.5045554,37.5047998],[126.502115,37.5031036],[126.5000715,37.5010747],[126.4859507,37.4826557],[126.4849148,37.4801527],[126.4844213,37.4768662],[126.4845285,37.4753336],[126.48577,37.4692034],[126.4857751,37.4672029],[126.4847982,37.464265],[126.4835011,37.4626553],[126.4824588,37.4617194],[126.4802205,37.4602897],[126.4693937,37.4542592],[126.4632557,37.4527768],[126.4617794,37.4522454],[126.4518267,37.4465065],[126.4404486,37.4402824],[126.4387249,37.439773],[126.4372468,37.4397804],[126.4359679,37.4400486],[126.4342608,37.4412384],[126.4227154,37.4556593],[126.4219825,37.4569591],[126.421648,37.4582537],[126.4217709,37.4599091],[126.4221765,37.4610265],[126.4240148,37.4634994],[126.4289192,37.4664844],[126.4329708,37.4684684],[126.4353031,37.4699436]]}},{"type":"Feature","properties":{"kind":"line","line":"I2","name":"Incheon Subway Line 2: Geomdan Oryu → Unyeon","rel":"7527496","color":"#f4a462","rank":1,"usata":false},"geometry":{"type":"LineString","coordinates":[[126.6282878,37.5949031],[126.6357405,37.5936065],[126.6380589,37.5937387],[126.6443823,37.5958452],[126.6502388,37.5986361],[126.6530219,37.6003971],[126.6575728,37.60202],[126.6628856,37.5995744],[126.6664547,37.59818],[126.6693839,37.5960016],[126.6721491,37.5947576],[126.6726097,37.5940374],[126.6734143,37.5899298],[126.6749339,37.5874382],[126.6762095,37.5837578],[126.6753225,37.5809086],[126.6750297,37.5764604],[126.6743787,37.5736095],[126.6744509,37.5715272],[126.6751775,37.5694354],[126.6773482,37.5657461],[126.6775467,37.5647878],[126.677235,37.5536958],[126.6764772,37.5386664],[126.6758956,37.5292601],[126.6754035,37.5264133],[126.6751136,37.5227119],[126.6753059,37.5219962],[126.6766826,37.5214728],[126.6769825,37.5209403],[126.6750881,37.488652],[126.6753885,37.4880009],[126.6757896,37.4878214],[126.6788826,37.4875226],[126.6855309,37.4828228],[126.6861506,37.4821527],[126.6864614,37.4802863],[126.6853159,37.4780959],[126.6816146,37.474856],[126.681086,37.4739144],[126.6799107,37.4700597],[126.6790985,37.4654585],[126.6778752,37.4629819],[126.6776639,37.4606766],[126.6778839,37.4589096],[126.678459,37.4585489],[126.6918118,37.457691],[126.7032777,37.4566943],[126.7086888,37.4569365],[126.7192421,37.4558458],[126.7329588,37.4548639],[126.7349636,37.4537585],[126.7359666,37.452884],[126.7339419,37.4489602],[126.7339503,37.4485815],[126.7342458,37.4482966],[126.7453155,37.4476616],[126.7479658,37.4489513],[126.7491542,37.4491993],[126.7553679,37.4478879],[126.7563938,37.4470452],[126.7576199,37.4451147],[126.7598687,37.4423572],[126.7600354,37.4415276],[126.7594871,37.4393136]]}},{"type":"Feature","properties":{"kind":"line","line":"Silim","name":"Seoul LRT Sillim Line: Gwanaksan → Saetgang","rel":"14191876","color":"#6789ca","rank":1,"usata":false},"geometry":{"type":"LineString","coordinates":[[126.9453084,37.4688191],[126.94357,37.4704753],[126.9428099,37.4709244],[126.9395604,37.4707546],[126.937149,37.4710128],[126.9351518,37.4712956],[126.9337423,37.4720479],[126.933421,37.472746],[126.9336243,37.4734206],[126.9368723,37.4754535],[126.9370604,37.4756957],[126.9370088,37.4764473],[126.9363753,37.4771399],[126.9331002,37.4781973],[126.9313309,37.4795698],[126.9302999,37.4806795],[126.9300283,37.4812542],[126.9294898,37.4858569],[126.9275038,37.4903793],[126.9269245,37.4922437],[126.9263673,37.492744],[126.9189792,37.4938846],[126.9178577,37.4964303],[126.9180211,37.4971784],[126.9196354,37.4976455],[126.9202876,37.4983043],[126.9204683,37.5001424],[126.9248951,37.5110601],[126.9254763,37.5131742],[126.9280659,37.5148997],[126.9285262,37.5161556],[126.9294459,37.5172687]]}},{"type":"Feature","properties":{"kind":"line","line":"U","name":"Uijeongbu LRT","rel":"7530880","color":"#f0831e","rank":1,"usata":false},"geometry":{"type":"LineString","coordinates":[[127.0529344,37.7269971],[127.0520474,37.7243261],[127.0516142,37.7239241],[127.0509826,37.7237353],[127.050363,37.723783],[127.0461914,37.7253199],[127.0444098,37.7254766],[127.0439488,37.7257054],[127.0437244,37.7262035],[127.0432495,37.7380324],[127.042546,37.7383956],[127.035385,37.7382596],[127.0349361,37.7388034],[127.0347418,37.7421551],[127.0348638,37.7429866],[127.0354014,37.7432046],[127.0511407,37.743715],[127.0533211,37.7447718],[127.0559422,37.7446077],[127.0564678,37.7448041],[127.0598147,37.747338],[127.0612601,37.7480859],[127.0729203,37.7510383],[127.0739487,37.7515586],[127.0764249,37.7536418],[127.0784347,37.754166],[127.0826043,37.7526127],[127.0838985,37.7503452],[127.0842395,37.7492111],[127.083613,37.7476175],[127.0836309,37.7470959],[127.0864882,37.7390436],[127.0889389,37.7334804]]}},{"type":"Feature","properties":{"kind":"line","line":"W","name":"Ui-Sinseol Line: Bukhansan Ui → Sinseol-dong","rel":"7533582","color":"#bacc50","rank":1,"usata":false},"geometry":{"type":"LineString","coordinates":[[127.0123479,37.6633606],[127.0130525,37.6620019],[127.0138117,37.6593889],[127.0124523,37.6520464],[127.0156867,37.6448704],[127.0168059,37.6409501],[127.0183035,37.624712],[127.0185602,37.6237032],[127.0202825,37.6217304],[127.0206807,37.6199157],[127.0201921,37.6196994],[127.0123944,37.6202357],[127.0088171,37.6187981],[127.00847,37.6183413],[127.0083424,37.6176056],[127.0087409,37.6162819],[127.0086306,37.614105],[127.0078187,37.6128078],[127.0092717,37.6102786],[127.0102005,37.6076223],[127.0117115,37.6044334],[127.0132019,37.6031928],[127.0143764,37.5978764],[127.0157477,37.5954632],[127.0169698,37.5899063],[127.018048,37.5888722],[127.0182166,37.5872257],[127.0230191,37.578304],[127.0231826,37.575656]]}},{"type":"Feature","properties":{"kind":"line","line":"경강","name":"Seoul Metropolitan Subway Gyeonggang Line: Pangyo → Yeoju","rel":"6462562","color":"#0b318f","rank":2,"usata":false},"geometry":{"type":"LineString","coordinates":[[127.1115664,37.3947577],[127.1286692,37.394681],[127.1313177,37.3949429],[127.1658216,37.4028866],[127.172688,37.4039477],[127.186657,37.4045358],[127.1965812,37.4056352],[127.1986304,37.4062914],[127.2011533,37.407453],[127.2101531,37.4128406],[127.2131584,37.4134614],[127.2149823,37.4134614],[127.2167633,37.4131716],[127.2225139,37.4116377],[127.2370622,37.4058256],[127.2727427,37.3906898],[127.2787294,37.3873312],[127.2820553,37.3849102],[127.2848663,37.3816365],[127.2912177,37.3772033],[127.3265428,37.3617608],[127.3292612,37.3598977],[127.3353883,37.3547745],[127.3379584,37.353128],[127.3403787,37.3521837],[127.3512653,37.3491338],[127.3674323,37.345707],[127.3696357,37.3449613],[127.371558,37.3439871],[127.3985767,37.3266081],[127.4006391,37.3249031],[127.4019992,37.3230759],[127.4043267,37.3180532],[127.4099772,37.3037313],[127.4132428,37.2960639],[127.4134541,37.2924689],[127.4117886,37.2791672],[127.4120488,37.2763299],[127.4125461,37.2747234],[127.4132149,37.2735749],[127.4144177,37.2721515],[127.4200689,37.2673977],[127.4234623,37.2656612],[127.4266591,37.264598],[127.4299206,37.2642089],[127.4492617,37.2642955],[127.4534467,37.2640115],[127.4656262,37.26162],[127.4695379,37.2601096],[127.4736097,37.258032],[127.4756791,37.2574036],[127.477825,37.2572496],[127.4801305,37.257513],[127.5068983,37.2651568],[127.5117074,37.2669393],[127.5203932,37.2707229],[127.5257286,37.2742644],[127.546501,37.2901214],[127.5490733,37.291487],[127.5523133,37.2927428],[127.5550101,37.2934306],[127.5576912,37.2938021],[127.5604463,37.29392],[127.580829,37.2933758],[127.5867771,37.2928569],[127.6085923,37.2891543],[127.6112864,37.2880618],[127.6144833,37.2858194],[127.6174979,37.284391],[127.6294514,37.2827545]]}},{"type":"Feature","properties":{"kind":"line","line":"경의·중앙","name":"Gyeongui-Jungang Line: Munsan → Yongmun","rel":"5993212","color":"#6ac2b3","rank":1,"usata":true},"geometry":{"type":"LineString","coordinates":[[126.7879859,37.8536263],[126.7876654,37.8441563],[126.7878444,37.8319405],[126.7952461,37.8051926],[126.7953372,37.8032268],[126.7880103,37.7849595],[126.7877864,37.7833662],[126.7886957,37.7752427],[126.7884161,37.7738622],[126.7877419,37.7725977],[126.7865315,37.7714073],[126.7853122,37.7706912],[126.7680529,37.7633159],[126.7659903,37.7616874],[126.7650181,37.7597834],[126.7645018,37.7541076],[126.764778,37.7525595],[126.7719899,37.7401826],[126.7723222,37.7392046],[126.7724163,37.7378759],[126.7719976,37.7364109],[126.7619474,37.7139789],[126.7613347,37.7121076],[126.7611796,37.7107739],[126.76101,37.690212],[126.7611524,37.6882293],[126.761629,37.6870062],[126.7625417,37.68579],[126.7644675,37.6844889],[126.7821987,37.6768073],[126.7835577,37.6760356],[126.7846637,37.6749977],[126.8141955,37.6246576],[126.8151751,37.6234244],[126.8168224,37.6220306],[126.827112,37.6137642],[126.8290396,37.6127087],[126.8305922,37.6123224],[126.8320053,37.6122341],[126.8513409,37.6125332],[126.853335,37.6118082],[126.8572715,37.6090934],[126.8637143,37.6063889],[126.8676922,37.6033463],[126.8890265,37.5850579],[126.9021402,37.5762276],[126.9088221,37.5713189],[126.9191177,37.5666396],[126.9262451,37.557918],[126.9307699,37.5555315],[126.93698,37.5511107],[126.939358,37.5483079],[126.9404067,37.5474148],[126.9420018,37.5466728],[126.9456598,37.5454961],[126.9545607,37.5414287],[126.9572035,37.5399947],[126.9654836,37.5378723],[126.9671293,37.5371389],[126.9691001,37.5348025],[126.9692875,37.5338614],[126.96915,37.5331259],[126.9682568,37.5318903],[126.9618587,37.5274104],[126.9611753,37.526699],[126.9607792,37.5257533],[126.9609162,37.5245179],[126.9615634,37.5233415],[126.9625783,37.5226006],[126.9639156,37.5222083],[126.9654258,37.5221204],[126.9701195,37.5228629],[126.9717758,37.5228328],[126.9822209,37.5196754],[126.9840722,37.519454],[126.9942351,37.5198986],[127.0006385,37.5225053],[127.0015441,37.5233],[127.0028279,37.5252538],[127.0038131,37.5262163],[127.0069799,37.5284772],[127.0104271,37.5299359],[127.0115305,37.5307562],[127.0164978,37.5385944],[127.0175382,37.5397203],[127.0242609,37.5443106],[127.0288434,37.5459458],[127.0326372,37.5478571],[127.0336365,37.5487483],[127.0355406,37.551226],[127.0386897,37.5534689],[127.0393905,37.5546346],[127.0395323,37.5558377],[127.0376374,37.5655746],[127.0376652,37.5663673],[127.0380067,37.5673274],[127.0526172,37.5862503],[127.0553208,37.5882746],[127.0618004,37.5916615],[127.0639165,37.5923015],[127.086567,37.5971822],[127.1002033,37.6024418],[127.1015517,37.603241],[127.1037438,37.6051146],[127.1050326,37.6057848],[127.1097561,37.6070575],[127.1137479,37.6075215],[127.1199929,37.6071169],[127.1229567,37.6064641],[127.1363178,37.6025549],[127.1391286,37.6023942],[127.1537488,37.6056884],[127.1683027,37.6118172],[127.1766939,37.6142849],[127.1805953,37.6146145],[127.1826795,37.6143456],[127.1855201,37.6134287],[127.1876494,37.6121607],[127.1894298,37.610515],[127.1944038,37.604472],[127.2001123,37.5933169],[127.2009075,37.5921277],[127.2023868,37.5906666],[127.2051719,37.5889172],[127.2158061,37.5830749],[127.2194557,37.5807858],[127.2255164,37.578727],[127.226741,37.5780819],[127.2282007,37.5769069],[127.2295874,37.5750153],[127.2322847,37.5675718],[127.2372262,37.5572913],[127.2415449,37.5497813],[127.2428204,37.5483206],[127.2446783,37.5469257],[127.2500405,37.5443568],[127.2519973,37.5436422],[127.2556106,37.5431831],[127.2592823,37.5437025],[127.2938694,37.557277],[127.2981548,37.5581447],[127.3015921,37.5580313],[127.3039999,37.557402],[127.3065886,37.5562874],[127.3203192,37.5501386],[127.3360748,37.5427613],[127.3603561,37.5361293],[127.3626683,37.5353077],[127.3647054,37.5343067],[127.3667825,37.5328994],[127.3688332,37.5308158],[127.379703,37.517206],[127.3813469,37.51598],[127.3837297,37.5148748],[127.3862471,37.5142143],[127.3895792,37.514146],[127.4105298,37.5184952],[127.4159831,37.5189299],[127.4225589,37.5186716],[127.4288969,37.5175812],[127.4749661,37.5059117],[127.4804389,37.5037173],[127.4840558,37.501574],[127.4857394,37.5002342],[127.487201,37.4988803],[127.4914509,37.4936369],[127.4959055,37.4876775],[127.4979666,37.4859314],[127.500015,37.485177],[127.5184923,37.4822031],[127.521141,37.4815245],[127.5229685,37.4806948],[127.5244717,37.4796363],[127.5290797,37.4747172],[127.5307336,37.4733884],[127.5342499,37.4715023],[127.5380413,37.4701801],[127.5539549,37.4676],[127.5597538,37.4675021],[127.5636095,37.4680301],[127.5652626,37.4684069],[127.5701089,37.470069],[127.583577,37.4772329],[127.5945812,37.4823229]]}},{"type":"Feature","properties":{"kind":"line","line":"경춘","name":"Seoul Metropolitan Subway Gyeongchun Line: Cheongryangni → Chuncheon","rel":"8656357","color":"#007a62","rank":2,"usata":false},"geometry":{"type":"LineString","coordinates":[[127.0480007,37.5807488],[127.0534813,37.5870511],[127.0553208,37.5882746],[127.0618004,37.5916615],[127.0639165,37.5923015],[127.0814999,37.5960588],[127.085182,37.5970694],[127.086962,37.597694],[127.089633,37.5992188],[127.0926713,37.6003719],[127.0963781,37.6011492],[127.0994544,37.6022803],[127.1017942,37.6036079],[127.1029011,37.6048605],[127.1033089,37.6059709],[127.1032885,37.6131785],[127.1036508,37.6145924],[127.1052764,37.6183667],[127.1064681,37.62051],[127.1129478,37.6301423],[127.1154437,37.6355707],[127.1166698,37.6370699],[127.1180213,37.6381122],[127.1362299,37.645986],[127.156225,37.6522185],[127.1634272,37.6551159],[127.1665405,37.6555347],[127.1699966,37.6549713],[127.1719795,37.6540474],[127.1809223,37.6487781],[127.1828781,37.6474626],[127.1842631,37.6460189],[127.1876157,37.6394665],[127.1891407,37.6377535],[127.1905834,37.6367765],[127.1924538,37.6359679],[127.194325,37.6356065],[127.1964966,37.6355501],[127.2105245,37.6379029],[127.2135391,37.6389789],[127.2149532,37.6398096],[127.2164867,37.641101],[127.2219438,37.6469486],[127.2243162,37.6491893],[127.2264511,37.6506729],[127.2292356,37.651884],[127.2314983,37.6524555],[127.2340325,37.6527699],[127.2532135,37.6538158],[127.258015,37.6554219],[127.2625171,37.6580749],[127.2661642,37.6595485],[127.2759487,37.6616936],[127.2792215,37.6617479],[127.28181,37.6610928],[127.2895442,37.6565024],[127.2924637,37.6552356],[127.2971747,37.6539172],[127.3006105,37.6534861],[127.316999,37.6524522],[127.3192796,37.6524414],[127.3213144,37.6527429],[127.3231275,37.6532696],[127.3251336,37.6541617],[127.3305301,37.6572882],[127.3423043,37.6632429],[127.3736645,37.6734879],[127.3761895,37.6751426],[127.37782,37.6774249],[127.3813366,37.6906856],[127.382468,37.6927907],[127.3846105,37.6958767],[127.3859544,37.6985763],[127.3898524,37.7136994],[127.3915659,37.7161159],[127.3931044,37.7178107],[127.3964867,37.7206669],[127.3997464,37.7226747],[127.4369414,37.7404475],[127.4399118,37.7422454],[127.4414922,37.7439651],[127.4420694,37.7451469],[127.4462876,37.7608177],[127.4480531,37.7633227],[127.4524754,37.7685519],[127.4537349,37.7696851],[127.4553308,37.7707015],[127.457021,37.7714418],[127.4647608,37.7740093],[127.4686521,37.776032],[127.4708462,37.7776008],[127.4962458,37.8009824],[127.5025674,37.8085714],[127.5046785,37.8107486],[127.5183719,37.819386],[127.5220932,37.8210222],[127.5411256,37.8276404],[127.547419,37.8296276],[127.5673511,37.8341196],[127.5699963,37.8345297],[127.5733039,37.8346488],[127.5756575,37.8341596],[127.5820418,37.8318866],[127.5983265,37.8294714],[127.6019783,37.8283449],[127.6046001,37.8265576],[127.6062209,37.8247504],[127.6141883,37.8124385],[127.6161061,37.809988],[127.617953,37.808508],[127.6199314,37.8074345],[127.622111,37.8065745],[127.6252073,37.8058481],[127.6281068,37.8055272],[127.6773497,37.8071438],[127.6874819,37.8072171],[127.6913104,37.8075512],[127.6957189,37.8082285],[127.702475,37.8103733],[127.7056919,37.8120501],[127.7082379,37.813767],[127.7214585,37.8240032],[127.7236913,37.8263348],[127.7265861,37.8312768],[127.7303148,37.8367758],[127.7308134,37.8388306],[127.7309043,37.8422328],[127.7312124,37.8443917],[127.7339118,37.8519844],[127.7338326,37.8537879],[127.7331824,37.8571009],[127.7328434,37.8580091],[127.73198,37.859254],[127.7292113,37.8611579],[127.7181053,37.8671577],[127.7170545,37.8680535],[127.7164474,37.8689125],[127.7137337,37.8769642],[127.7135425,37.8783571],[127.7139305,37.8799517],[127.7166203,37.8845276]]}},{"type":"Feature","properties":{"kind":"line","line":"공항철도","name":"AREX All-stop: Incheon Int'l Airport Terminal 2 → Seoul Station","rel":"2911378","color":"#0079ac","rank":1,"usata":true},"geometry":{"type":"LineString","coordinates":[[126.9698126,37.5541059],[126.9700969,37.5480233],[126.9709283,37.5431052],[126.9704988,37.5415845],[126.9678471,37.5392457],[126.9662863,37.538353],[126.9655172,37.538185],[126.9627646,37.5384171],[126.9571922,37.5398861],[126.9544578,37.5413861],[126.9457658,37.5453889],[126.9405793,37.5472383],[126.9392316,37.5483519],[126.9374784,37.5505581],[126.9367369,37.5511698],[126.9304525,37.5556245],[126.9275295,37.5569588],[126.9260537,37.5579667],[126.919072,37.5664204],[126.9089594,37.5706749],[126.9034885,37.5738052],[126.8928002,37.5809623],[126.8890015,37.5830323],[126.8870539,37.5843334],[126.8855734,37.5861341],[126.8830987,37.5878759],[126.8649561,37.5944596],[126.8627116,37.595015],[126.8602709,37.5952622],[126.8574705,37.595144],[126.8549078,37.5945734],[126.8516089,37.5931143],[126.8499166,37.5919522],[126.8373852,37.578435],[126.8361167,37.57653],[126.8329764,37.5697331],[126.8318197,37.568283],[126.8300788,37.5670295],[126.820013,37.5616059],[126.8175159,37.5608676],[126.7951679,37.5621619],[126.7935665,37.5624818],[126.7924125,37.5631417],[126.7854073,37.569213],[126.7808588,37.5736151],[126.7780446,37.5749756],[126.7751879,37.57547],[126.7737541,37.575485],[126.7716915,37.5750381],[126.7614631,37.5706773],[126.7582659,37.569997],[126.7563776,37.5698609],[126.7520268,37.5699812],[126.7424223,37.5716905],[126.7317519,37.5717656],[126.7080372,37.5705465],[126.6701966,37.5691435],[126.6599758,37.5686432],[126.6549694,37.5680619],[126.649935,37.5668943],[126.6449773,37.5651047],[126.6420978,37.5636695],[126.635805,37.5596852],[126.6326287,37.5582588],[126.6294109,37.5574219],[126.6156822,37.5546804],[126.6023861,37.5514675],[126.5659336,37.5397051],[126.5633012,37.5383611],[126.5616839,37.5372507],[126.5580178,37.5341273],[126.5355479,37.5170885],[126.5335509,37.5157744],[126.5216254,37.5106899],[126.5172892,37.50917],[126.508529,37.5066038],[126.5064897,37.5058336],[126.5041376,37.5046091],[126.5017986,37.5028862],[126.4997184,37.5007131],[126.4907721,37.4889251],[126.4865115,37.4837023],[126.4857838,37.482457],[126.4847837,37.4799568],[126.4843405,37.4770241],[126.4845154,37.4749721],[126.4857228,37.46899],[126.4857472,37.4675703],[126.4850032,37.4648953],[126.4846251,37.4640982],[126.4835518,37.4628042],[126.4810638,37.4608648],[126.4690747,37.4541942],[126.4637245,37.453013],[126.4616999,37.4523255],[126.4406101,37.4404341],[126.4387176,37.4398234],[126.4362949,37.4400159],[126.4349903,37.4406629],[126.434304,37.4412651],[126.4227595,37.4556738],[126.4220504,37.4569615],[126.4217287,37.4582497],[126.4218652,37.4599169],[126.4222606,37.4610035],[126.424132,37.4634889],[126.4249452,37.4641374],[126.4354582,37.4700436]]}},{"type":"Feature","properties":{"kind":"line","line":"서해","name":"Seoul Metropolitan Subway Seohae Line: Ilsan → Wonsi","rel":"16244688","color":"#5eac41","rank":1,"usata":false},"geometry":{"type":"LineString","coordinates":[[126.7699182,37.6821094],[126.7826039,37.6766112],[126.7840939,37.6756112],[126.7848478,37.674775],[126.8143876,37.6242571],[126.8159521,37.6226905],[126.8284834,37.6125249],[126.8300104,37.6106683],[126.8308387,37.6083674],[126.8305207,37.6062853],[126.8292368,37.604429],[126.8229394,37.5998984],[126.821588,37.5983365],[126.8046381,37.5753851],[126.8036162,37.5736164],[126.803143,37.5714386],[126.8030596,37.5663965],[126.8039193,37.5624512],[126.806274,37.5552949],[126.809703,37.5467542],[126.8099487,37.545778],[126.8099869,37.5438539],[126.8092473,37.5413128],[126.804962,37.5297371],[126.8049316,37.5207564],[126.8047151,37.5177201],[126.8031687,37.515375],[126.799143,37.5117249],[126.7983808,37.5105622],[126.7974602,37.5055909],[126.7966879,37.4972058],[126.7940092,37.4898848],[126.7939944,37.4883263],[126.7955299,37.4811428],[126.7955994,37.4714717],[126.798771,37.4658444],[126.7988974,37.4641201],[126.7967585,37.4576924],[126.7952454,37.454482],[126.7930513,37.4501052],[126.7853406,37.4366714],[126.7842285,37.4307666],[126.7841569,37.425372],[126.7845044,37.4236241],[126.7869851,37.4157867],[126.7886397,37.4047009],[126.7890769,37.403137],[126.7898424,37.401758],[126.791492,37.4001663],[126.8012032,37.3924444],[126.8027267,37.39078],[126.8033972,37.3894268],[126.8082792,37.375214],[126.808816,37.372273],[126.8088171,37.3701287],[126.8070077,37.3651219],[126.8064874,37.3628524],[126.8086534,37.352748],[126.8101204,37.3422558],[126.8103465,37.3391759],[126.8089643,37.3217388],[126.8080122,37.3198213],[126.8056423,37.3166052],[126.8040632,37.3154254],[126.8028551,37.3148847],[126.7932099,37.3124614],[126.7917025,37.3117895],[126.7903276,37.3103995],[126.7868312,37.3025413]]}},{"type":"Feature","properties":{"kind":"line","line":"수인·분당","name":"Suin-Bundang Line: Cheongnyangni → Incheon","rel":"11625556","color":"#eca300","rank":1,"usata":false},"geometry":{"type":"LineString","coordinates":[[127.0381241,37.5635634],[127.0376245,37.5657515],[127.0380067,37.5673274],[127.0444732,37.5758128],[127.0479196,37.5808603]]}},{"type":"Feature","properties":{"kind":"line","line":"수인·분당","name":"Suin-Bundang Line: Cheongnyangni → Incheon","rel":"11625556","color":"#eca300","rank":1,"usata":false},"geometry":{"type":"LineString","coordinates":[[127.0378162,37.5649308],[127.0385346,37.56258],[127.0400464,37.5547094],[127.0407828,37.5535106],[127.0433945,37.55193],[127.0440198,37.551206],[127.0449409,37.5448078],[127.0439475,37.5406551],[127.0436964,37.5383664],[127.0417495,37.5307525],[127.0391495,37.5230438],[127.0443343,37.5091668],[127.0450817,37.5082192],[127.0477189,37.5066632],[127.0483654,37.5059846],[127.0564722,37.4885571],[127.0580872,37.4873603],[127.0594678,37.486949],[127.0604768,37.4869003],[127.0624687,37.4875242],[127.0640311,37.4884717],[127.0660366,37.4891184],[127.0697703,37.4898273],[127.0731696,37.4915968],[127.0871496,37.4961245],[127.0888651,37.4963373],[127.0902055,37.4961978],[127.0950674,37.4944143],[127.0960688,37.4935939],[127.0983675,37.490256],[127.0995676,37.4889549],[127.1130265,37.4782005],[127.1145349,37.4777073],[127.1243838,37.4758816],[127.1251046,37.4755498],[127.1261154,37.4741975],[127.1268368,37.4717041],[127.1258672,37.4602443],[127.125935,37.4578208],[127.1264529,37.4556378],[127.1270434,37.4438781],[127.1289064,37.4336937],[127.1294947,37.4290491],[127.1288884,37.4244525],[127.1286833,37.405894],[127.1282615,37.402986],[127.1286687,37.3986072],[127.128266,37.3964515],[127.1281381,37.3889768],[127.1272516,37.3876724],[127.1088194,37.3745429],[127.1082918,37.373941],[127.1080825,37.3731029],[127.1081707,37.3593149],[127.1089114,37.3544134],[127.1089802,37.3386424],[127.1091857,37.3349382],[127.1089839,37.3337612],[127.1075752,37.3303409],[127.1072571,37.3177391],[127.1084907,37.3115216],[127.1085227,37.3102054],[127.1082627,37.3092396],[127.106523,37.3074636],[127.1060111,37.3065127],[127.1057898,37.2953101],[127.1062133,37.2919835],[127.1072319,37.2899491],[127.1083416,37.2887719],[127.1152882,37.2828272],[127.1158472,37.2819807],[127.1160873,37.2738456],[127.1159975,37.2645716],[127.1157234,37.263907],[127.1145949,37.262674],[127.1132944,37.2620144],[127.1122169,37.2618114],[127.0935725,37.2606934],[127.0904865,37.2609017],[127.0844631,37.2619831],[127.0828441,37.2619216],[127.0813955,37.261537],[127.080037,37.2604763],[127.0671819,37.2469483],[127.0654637,37.2459193],[127.0521776,37.2454502],[127.0506686,37.2456448],[127.0417245,37.2514087],[127.03939,37.254628],[127.036643,37.2567502],[127.0357288,37.2598319],[127.0346361,37.2609099],[127.0207227,37.2644812],[127.0133162,37.2659281],[127.0122303,37.2662478],[127.0088638,37.2678522],[127.0061589,37.2681789],[127.0053469,37.2680892],[127.0017247,37.2667856],[126.9961919,37.2644357],[126.9954495,37.2635107],[126.9926232,37.2555839],[126.9919292,37.254177],[126.9908995,37.2533421],[126.9679784,37.2453839],[126.9614774,37.2421337],[126.9557724,37.240904],[126.9524492,37.2408745],[126.938527,37.2443547],[126.9146286,37.2480274],[126.8915822,37.256433],[126.8897206,37.2574159],[126.8795894,37.2641257],[126.8766956,37.2658182],[126.8743801,37.2665954],[126.866025,37.2683774],[126.8634179,37.2693592],[126.8612781,37.2710174],[126.8563214,37.2769991],[126.8552672,37.2787555],[126.8546931,37.2809352],[126.8549374,37.283467],[126.8579024,37.2933246],[126.8587753,37.2968647],[126.8590428,37.3024645],[126.8588804,37.3035321],[126.8580758,37.3050027],[126.849271,37.3140345],[126.847752,37.3149758],[126.8452969,37.315632],[126.8153623,37.3172494],[126.8135765,37.3174818],[126.811615,37.3180786],[126.8012337,37.322782],[126.7946549,37.3243866],[126.7765982,37.33253],[126.7611518,37.3407789],[126.7598099,37.3420172],[126.7565939,37.3467908],[126.7556608,37.3476579],[126.7545086,37.3483312],[126.740041,37.3526218],[126.738685,37.3532643],[126.7375164,37.3542999],[126.7369274,37.3552274],[126.7366064,37.356395],[126.7367436,37.3578479],[126.7410305,37.3680021],[126.741237,37.3694324],[126.7410037,37.3727791],[126.7412612,37.3740793],[126.7418191,37.3751834],[126.7467946,37.3820422],[126.7472425,37.3832656],[126.7472666,37.3842929],[126.7466551,37.3869462],[126.7460403,37.3881393],[126.7360601,37.3987226],[126.7346193,37.4001446],[126.7335143,37.4008947],[126.7319961,37.4014742],[126.7301266,37.4017619],[126.728182,37.4016362],[126.7156237,37.3995017],[126.7136877,37.3995879],[126.7123851,37.3999208],[126.7049763,37.4034182],[126.69826,37.4060709],[126.6959925,37.4072739],[126.6742033,37.4206067],[126.6696596,37.4246582],[126.6665858,37.4263452],[126.6643408,37.4271333],[126.6598025,37.427636],[126.6494009,37.4324305],[126.6482207,37.4335188],[126.6475528,37.4351566],[126.6505194,37.4449786],[126.6501224,37.4473891],[126.6491917,37.4492992],[126.6461796,37.4522143],[126.6449189,37.4547055],[126.6407722,37.4594983],[126.6389617,37.4604659],[126.6295445,37.4643652],[126.6254635,37.4678266],[126.6190866,37.4717566],[126.6185716,37.4723803],[126.6173767,37.4754605],[126.6173267,37.4769719]]}},{"type":"Feature","properties":{"kind":"line","line":"신분당","name":"Seoul Metropolitan Subway Shinbundang Line: Sinsa→ Gwangyo","rel":"6060963","color":"#b81b30","rank":1,"usata":false},"geometry":{"type":"LineString","coordinates":[[127.0196599,37.5157525],[127.0204541,37.5129864],[127.0338585,37.4848181],[127.0376059,37.4808875],[127.038256,37.4795469],[127.0385585,37.4780338],[127.0380972,37.4730565],[127.0389213,37.4659637],[127.0574901,37.4452484],[127.0618787,37.4393599],[127.0743072,37.4266208],[127.0827514,37.420212],[127.0852727,37.4185657],[127.0948739,37.4133302],[127.109106,37.4064638],[127.1105223,37.4049839],[127.1111029,37.4027795],[127.1112209,37.3843696],[127.1110465,37.3834372],[127.108926,37.3784051],[127.1084362,37.375916],[127.1084329,37.3673677],[127.1089456,37.3452947],[127.108688,37.344484],[127.1076179,37.3434393],[127.1042077,37.3423652],[127.1030103,37.3412801],[127.1027254,37.3289383],[127.1026717,37.3282728],[127.1022104,37.3272405],[127.0956584,37.3230224],[127.0869111,37.3181711],[127.0823835,37.3165499],[127.0803106,37.3134135],[127.0770626,37.3113401],[127.0749134,37.3066326],[127.0749007,37.3048121],[127.0743096,37.3035402],[127.0736203,37.3028444],[127.0703383,37.3005107],[127.0679386,37.2931682],[127.0672551,37.2925997],[127.0630462,37.2907996],[127.0574947,37.2862614],[127.0568302,37.2859272],[127.0556855,37.2859366],[127.0534668,37.2870695],[127.0492808,37.2901673],[127.0484147,37.2910151],[127.0481438,37.2918281],[127.0482297,37.2927329],[127.0489807,37.2943204],[127.0497681,37.2968381],[127.0497499,37.2977452],[127.049106,37.2987639],[127.0478513,37.3000299],[127.0435221,37.3024813]]}},{"type":"Feature","properties":{"kind":"line","line":"인천1","name":"Incheon Subway Line 1: Geomdan Lake Park → Songdo Moonlight Festival Park","rel":"19425645","color":"#b4c7e7","rank":1,"usata":false},"geometry":{"type":"LineString","coordinates":[[126.6885383,37.6024184],[126.6909836,37.602595],[126.6998383,37.6025595],[126.7064023,37.6015096],[126.7075166,37.6012482],[126.7083062,37.6008131],[126.71196,37.5976954],[126.7125939,37.5967334],[126.7136948,37.5899662],[126.716836,37.5855601],[126.7172519,37.5839879],[126.7168523,37.5754863],[126.7168814,37.5740549],[126.7172929,37.572739],[126.718115,37.5717582],[126.7189184,37.5713468],[126.7203189,37.5709183],[126.7227714,37.5705715],[126.7295769,37.5714512],[126.7380727,37.5714832],[126.7397379,37.571073],[126.740446,37.5703532],[126.7424783,37.5667709],[126.7427924,37.5654695],[126.7426889,37.5634515],[126.7430105,37.5623855],[126.7453504,37.5599258],[126.7457925,37.5590184],[126.7458487,37.5578451],[126.7450242,37.5536398],[126.7372307,37.5432284],[126.7356214,37.5428983],[126.7261114,37.5434734],[126.7244049,37.5431456],[126.7237164,37.5427778],[126.7225813,37.5415035],[126.7224775,37.5283957],[126.7214222,37.5165699],[126.7205677,37.5097731],[126.720486,37.5074472],[126.7213179,37.5045181],[126.7227566,37.494226],[126.7238004,37.4890731],[126.7234087,37.4881572],[126.7224774,37.4873433],[126.7132246,37.48303],[126.7118127,37.4819743],[126.7100148,37.4773643],[126.7081015,37.4715898],[126.7076872,37.4668394],[126.706314,37.4654258],[126.7021557,37.4641342],[126.7011664,37.4627192],[126.7011618,37.46182],[126.702149,37.4592298],[126.7021995,37.4584048],[126.6994294,37.4399302],[126.6977086,37.4356053],[126.6978576,37.4341852],[126.6989621,37.4298286],[126.6989398,37.4277516],[126.6980828,37.4234732],[126.696898,37.4212303],[126.6938361,37.418023],[126.6861866,37.4107665],[126.6850833,37.4093464],[126.679028,37.4030327],[126.6684606,37.3936011],[126.6650678,37.3902314],[126.6634118,37.3896049],[126.6626109,37.3890449],[126.6507066,37.3766528],[126.6497379,37.3759008],[126.6478974,37.3758949],[126.6470852,37.3762265],[126.646571,37.3767653],[126.6369925,37.3899687],[126.626147,37.4068352]]}},{"type":"Feature","properties":{"kind":"station","id":"ahyeon","name":"Ahyeon","name_local":"아현","lines":"2","hub":false,"color":"#00a23f","rank":1},"geometry":{"type":"Point","coordinates":[126.9561,37.5574]}},{"type":"Feature","properties":{"kind":"station","id":"airport-market","name":"Airport Market","name_local":"공항시장","lines":"9","hub":false,"color":"#a49d87","rank":1},"geometry":{"type":"Point","coordinates":[126.8104,37.5634]}},{"type":"Feature","properties":{"kind":"station","id":"amsa","name":"Amsa","name_local":"암사","lines":"8","hub":false,"color":"#d11d70","rank":1},"geometry":{"type":"Point","coordinates":[127.1271,37.549]}},{"type":"Feature","properties":{"kind":"station","id":"amsa-history-park","name":"Amsa History Park","name_local":"암사역사공원","lines":"8","hub":false,"color":"#d11d70","rank":1},"geometry":{"type":"Point","coordinates":[127.1365,37.5569]}},{"type":"Feature","properties":{"kind":"station","id":"anguk","name":"Anguk","name_local":"안국","lines":"3","hub":false,"color":"#ed6c00","rank":1},"geometry":{"type":"Point","coordinates":[126.9862,37.5768]}},{"type":"Feature","properties":{"kind":"station","id":"ansan","name":"Ansan","name_local":"안산","lines":"4,수인·분당","hub":true,"color":null,"rank":1},"geometry":{"type":"Point","coordinates":[126.788,37.3274]}},{"type":"Feature","properties":{"kind":"station","id":"ansan-line","name":"Ansan Line","name_local":"정부과천청사","lines":"4","hub":false,"color":"#009bce","rank":1},"geometry":{"type":"Point","coordinates":[126.9897,37.4264]}},{"type":"Feature","properties":{"kind":"station","id":"apgujeong","name":"Apgujeong","name_local":"압구정","lines":"3","hub":false,"color":"#ed6c00","rank":1},"geometry":{"type":"Point","coordinates":[127.0285,37.5261]}},{"type":"Feature","properties":{"kind":"station","id":"apgujungrodeo","name":"Apgujungrodeo","name_local":"압구정로데오","lines":"수인·분당","hub":false,"color":"#eca300","rank":1},"geometry":{"type":"Point","coordinates":[127.0407,37.5278]}},{"type":"Feature","properties":{"kind":"station","id":"april-19th-national-cemetery","name":"April 19th National Cemetery","name_local":"4.19민주묘지","lines":"W","hub":false,"color":"#bacc50","rank":1},"geometry":{"type":"Point","coordinates":[127.0137,37.6494]}},{"type":"Feature","properties":{"kind":"station","id":"arts-center","name":"Arts Center","name_local":"예술회관","lines":"인천1","hub":false,"color":"#b4c7e7","rank":1},"geometry":{"type":"Point","coordinates":[126.701,37.4501]}},{"type":"Feature","properties":{"kind":"station","id":"asiad-stadium","name":"Asiad Stadium","name_local":"아시아드경기장","lines":"I2","hub":false,"color":"#f4a462","rank":1},"geometry":{"type":"Point","coordinates":[126.677,37.551]}},{"type":"Feature","properties":{"kind":"station","id":"asin","name":"Asin","name_local":"아신","lines":"경의·중앙","hub":false,"color":"#6ac2b3","rank":1},"geometry":{"type":"Point","coordinates":[127.4443,37.5137]}},{"type":"Feature","properties":{"kind":"station","id":"baegun","name":"Baegun","name_local":"백운","lines":"1","hub":false,"color":"#004a85","rank":1},"geometry":{"type":"Point","coordinates":[126.7064,37.4824]}},{"type":"Feature","properties":{"kind":"station","id":"baekseok","name":"Baekseok","name_local":"백석","lines":"3","hub":false,"color":"#ed6c00","rank":1},"geometry":{"type":"Point","coordinates":[126.788,37.6431]}},{"type":"Feature","properties":{"kind":"station","id":"baengma","name":"Baengma","name_local":"백마","lines":"경의·중앙,서해","hub":true,"color":null,"rank":1},"geometry":{"type":"Point","coordinates":[126.7949,37.6576]}},{"type":"Feature","properties":{"kind":"station","id":"bakchon","name":"Bakchon","name_local":"박촌","lines":"인천1","hub":false,"color":"#b4c7e7","rank":1},"geometry":{"type":"Point","coordinates":[126.745,37.5536]}},{"type":"Feature","properties":{"kind":"station","id":"balgok","name":"Balgok","name_local":"발곡","lines":"U","hub":false,"color":"#f0831e","rank":1},"geometry":{"type":"Point","coordinates":[127.0529,37.727]}},{"type":"Feature","properties":{"kind":"station","id":"balsan","name":"Balsan","name_local":"발산","lines":"5","hub":false,"color":"#794698","rank":1},"geometry":{"type":"Point","coordinates":[126.8375,37.5585]}},{"type":"Feature","properties":{"kind":"station","id":"bangbae","name":"Bangbae","name_local":"방배","lines":"2","hub":false,"color":"#00a23f","rank":1},"geometry":{"type":"Point","coordinates":[126.9977,37.4814]}},{"type":"Feature","properties":{"kind":"station","id":"banghak-dobong-gu-office","name":"Banghak (Dobong-gu Office)","name_local":"방학","lines":"1","hub":false,"color":"#004a85","rank":1},"geometry":{"type":"Point","coordinates":[127.0444,37.6665]}},{"type":"Feature","properties":{"kind":"station","id":"banwol","name":"Banwol","name_local":"반월","lines":"4","hub":false,"color":"#009bce","rank":1},"geometry":{"type":"Point","coordinates":[126.9032,37.3117]}},{"type":"Feature","properties":{"kind":"station","id":"beomgol","name":"Beomgol","name_local":"범골","lines":"U","hub":false,"color":"#f0831e","rank":1},"geometry":{"type":"Point","coordinates":[127.0437,37.7289]}},{"type":"Feature","properties":{"kind":"station","id":"beomgye","name":"Beomgye","name_local":"범계","lines":"4","hub":false,"color":"#009bce","rank":1},"geometry":{"type":"Point","coordinates":[126.9509,37.3899]}},{"type":"Feature","properties":{"kind":"station","id":"bit-zone","name":"BIT Zone","name_local":"지식정보단지","lines":"인천1","hub":false,"color":"#b4c7e7","rank":1},"geometry":{"type":"Point","coordinates":[126.6456,37.3781]}},{"type":"Feature","properties":{"kind":"station","id":"bojeong","name":"Bojeong","name_local":"보정","lines":"수인·분당","hub":false,"color":"#eca300","rank":1},"geometry":{"type":"Point","coordinates":[127.1084,37.3124]}},{"type":"Feature","properties":{"kind":"station","id":"bokjeong","name":"Bokjeong","name_local":"복정","lines":"8,수인·분당","hub":true,"color":null,"rank":1},"geometry":{"type":"Point","coordinates":[127.1266,37.4702]}},{"type":"Feature","properties":{"kind":"station","id":"bomun","name":"Bomun","name_local":"보문","lines":"6,W","hub":true,"color":null,"rank":1},"geometry":{"type":"Point","coordinates":[127.0193,37.5853]}},{"type":"Feature","properties":{"kind":"station","id":"bongcheon","name":"Bongcheon","name_local":"봉천","lines":"2","hub":false,"color":"#00a23f","rank":1},"geometry":{"type":"Point","coordinates":[126.942,37.4824]}},{"type":"Feature","properties":{"kind":"station","id":"bongeunsa","name":"Bongeunsa","name_local":"봉은사","lines":"9","hub":false,"color":"#a49d87","rank":1},"geometry":{"type":"Point","coordinates":[127.0602,37.5142]}},{"type":"Feature","properties":{"kind":"station","id":"bonghwasan","name":"Bonghwasan","name_local":"봉화산","lines":"6","hub":false,"color":"#7c4932","rank":1},"geometry":{"type":"Point","coordinates":[127.0911,37.6174]}},{"type":"Feature","properties":{"kind":"station","id":"boramae","name":"Boramae","name_local":"보라매","lines":"Silim","hub":false,"color":"#6789ca","rank":1},"geometry":{"type":"Point","coordinates":[126.9206,37.5004]}},{"type":"Feature","properties":{"kind":"station","id":"boramae-medical-center","name":"Boramae Medical Center","name_local":"보라매병원","lines":"Silim","hub":false,"color":"#6789ca","rank":1},"geometry":{"type":"Point","coordinates":[126.9243,37.493]}},{"type":"Feature","properties":{"kind":"station","id":"boramae-park","name":"Boramae Park","name_local":"보라매공원","lines":"Silim","hub":false,"color":"#6789ca","rank":1},"geometry":{"type":"Point","coordinates":[126.9183,37.4953]}},{"type":"Feature","properties":{"kind":"station","id":"bosan","name":"Bosan","name_local":"보산","lines":"1","hub":false,"color":"#004a85","rank":1},"geometry":{"type":"Point","coordinates":[127.0573,37.9133]}},{"type":"Feature","properties":{"kind":"station","id":"bubal","name":"Bubal","name_local":"부발","lines":"경강","hub":false,"color":"#0b318f","rank":2},"geometry":{"type":"Point","coordinates":[127.4903,37.2604]}},{"type":"Feature","properties":{"kind":"station","id":"bucheon","name":"Bucheon","name_local":"부천","lines":"1","hub":false,"color":"#004a85","rank":1},"geometry":{"type":"Point","coordinates":[126.7813,37.4842]}},{"type":"Feature","properties":{"kind":"station","id":"bugae","name":"Bugae","name_local":"부개","lines":"1","hub":false,"color":"#004a85","rank":1},"geometry":{"type":"Point","coordinates":[126.7398,37.4884]}},{"type":"Feature","properties":{"kind":"station","id":"bukhansan-bogungmun","name":"Bukhansan Bogungmun","name_local":"북한산보국문","lines":"W","hub":false,"color":"#bacc50","rank":1},"geometry":{"type":"Point","coordinates":[127.0083,37.612]}},{"type":"Feature","properties":{"kind":"station","id":"bukhansan-ui","name":"Bukhansan Ui","name_local":"북한산우이","lines":"W","hub":false,"color":"#bacc50","rank":1},"geometry":{"type":"Point","coordinates":[127.0123,37.6634]}},{"type":"Feature","properties":{"kind":"station","id":"bulgwang","name":"Bulgwang","name_local":"불광","lines":"3","hub":false,"color":"#ed6c00","rank":1},"geometry":{"type":"Point","coordinates":[126.9304,37.6099]}},{"type":"Feature","properties":{"kind":"station","id":"bupyeong","name":"Bupyeong","name_local":"부평","lines":"1,인천1","hub":true,"color":null,"rank":1},"geometry":{"type":"Point","coordinates":[126.7245,37.4893]}},{"type":"Feature","properties":{"kind":"station","id":"bupyeong-gu-office","name":"Bupyeong-gu Office","name_local":"부평구청","lines":"7,인천1","hub":true,"color":null,"rank":1},"geometry":{"type":"Point","coordinates":[126.7199,37.5076]}},{"type":"Feature","properties":{"kind":"station","id":"bupyeong-market","name":"Bupyeong Market","name_local":"부평시장","lines":"인천1","hub":false,"color":"#b4c7e7","rank":1},"geometry":{"type":"Point","coordinates":[126.7222,37.4984]}},{"type":"Feature","properties":{"kind":"station","id":"bupyeongsamgeori","name":"Bupyeongsamgeori","name_local":"부평삼거리","lines":"인천1","hub":false,"color":"#b4c7e7","rank":1},"geometry":{"type":"Point","coordinates":[126.7102,37.4779]}},{"type":"Feature","properties":{"kind":"station","id":"buramsan","name":"Buramsan","name_local":"불암산","lines":"4","hub":false,"color":"#009bce","rank":1},"geometry":{"type":"Point","coordinates":[127.0784,37.6696]}},{"type":"Feature","properties":{"kind":"station","id":"byeollae","name":"Byeollae","name_local":"별내","lines":"8","hub":false,"color":"#d11d70","rank":1},"geometry":{"type":"Point","coordinates":[127.128,37.6418]}},{"type":"Feature","properties":{"kind":"station","id":"campus-town","name":"Campus Town","name_local":"캠퍼스타운","lines":"인천1","hub":false,"color":"#b4c7e7","rank":1},"geometry":{"type":"Point","coordinates":[126.6615,37.3879]}},{"type":"Feature","properties":{"kind":"station","id":"central-park","name":"Central Park","name_local":"센트럴파크","lines":"인천1","hub":false,"color":"#b4c7e7","rank":1},"geometry":{"type":"Point","coordinates":[126.6347,37.3934]}},{"type":"Feature","properties":{"kind":"station","id":"chang-dong","name":"Chang-dong","name_local":"창동","lines":"1,4","hub":true,"color":null,"rank":1},"geometry":{"type":"Point","coordinates":[127.0467,37.653]}},{"type":"Feature","properties":{"kind":"station","id":"cheolsan","name":"Cheolsan","name_local":"철산","lines":"7","hub":false,"color":"#6e7e31","rank":1},"geometry":{"type":"Point","coordinates":[126.8678,37.4761]}},{"type":"Feature","properties":{"kind":"station","id":"cheonggyesan","name":"Cheonggyesan","name_local":"청계산입구","lines":"신분당","hub":false,"color":"#b81b30","rank":1},"geometry":{"type":"Point","coordinates":[127.0546,37.4484]}},{"type":"Feature","properties":{"kind":"station","id":"cheongnyangni-university-of-seoul","name":"Cheongnyangni (University of Seoul)","name_local":"청량리","lines":"1","hub":false,"color":"#004a85","rank":1},"geometry":{"type":"Point","coordinates":[127.0436,37.5796]}},{"type":"Feature","properties":{"kind":"station","id":"cheongsan","name":"Cheongsan","name_local":"청산","lines":"1","hub":false,"color":"#004a85","rank":1},"geometry":{"type":"Point","coordinates":[127.0737,37.9943]}},{"type":"Feature","properties":{"kind":"station","id":"cheonho","name":"Cheonho","name_local":"천호","lines":"5,8","hub":true,"color":null,"rank":1},"geometry":{"type":"Point","coordinates":[127.1234,37.5386]}},{"type":"Feature","properties":{"kind":"station","id":"choji","name":"Choji","name_local":"초지","lines":"4,서해,수인·분당","hub":true,"color":null,"rank":1},"geometry":{"type":"Point","coordinates":[126.808,37.3198]}},{"type":"Feature","properties":{"kind":"station","id":"chongsin-univ-isu","name":"Chongsin Univ. (Isu)","name_local":"총신대입구 (이수)","lines":"4","hub":false,"color":"#009bce","rank":1},"geometry":{"type":"Point","coordinates":[126.9822,37.487]}},{"type":"Feature","properties":{"kind":"station","id":"chowol","name":"Chowol","name_local":"초월","lines":"경강","hub":false,"color":"#0b318f","rank":2},"geometry":{"type":"Point","coordinates":[127.3005,37.3732]}},{"type":"Feature","properties":{"kind":"station","id":"chungjeongno","name":"Chungjeongno","name_local":"충정로","lines":"5","hub":false,"color":"#794698","rank":1},"geometry":{"type":"Point","coordinates":[126.9621,37.5595]}},{"type":"Feature","properties":{"kind":"station","id":"chungjeongno-kyonggi-university","name":"Chungjeongno(Kyonggi University)","name_local":"충정로","lines":"2","hub":false,"color":"#00a23f","rank":1},"geometry":{"type":"Point","coordinates":[126.9637,37.5594]}},{"type":"Feature","properties":{"kind":"station","id":"chungmuro","name":"Chungmuro","name_local":"충무로","lines":"3,4","hub":true,"color":null,"rank":1},"geometry":{"type":"Point","coordinates":[126.9948,37.5606]}},{"type":"Feature","properties":{"kind":"station","id":"citizens-park-culture-creation-zone","name":"Citizens Park (Culture Creation Zone)","name_local":"시민공원","lines":"I2","hub":false,"color":"#f4a462","rank":1},"geometry":{"type":"Point","coordinates":[126.6813,37.4584]}},{"type":"Feature","properties":{"kind":"station","id":"city-hall","name":"City Hall","name_local":"시청","lines":"1,2","hub":true,"color":null,"rank":1},"geometry":{"type":"Point","coordinates":[126.974,37.5631]}},{"type":"Feature","properties":{"kind":"station","id":"daebang","name":"Daebang","name_local":"대방","lines":"1,Silim","hub":true,"color":null,"rank":1},"geometry":{"type":"Point","coordinates":[126.9254,37.5134]}},{"type":"Feature","properties":{"kind":"station","id":"daecheong","name":"Daecheong","name_local":"대청","lines":"3","hub":false,"color":"#ed6c00","rank":1},"geometry":{"type":"Point","coordinates":[127.0795,37.4937]}},{"type":"Feature","properties":{"kind":"station","id":"daechi","name":"Daechi","name_local":"대치","lines":"3","hub":false,"color":"#ed6c00","rank":1},"geometry":{"type":"Point","coordinates":[127.0632,37.4945]}},{"type":"Feature","properties":{"kind":"station","id":"daegok","name":"Daegok","name_local":"대곡","lines":"3","hub":false,"color":"#ed6c00","rank":1},"geometry":{"type":"Point","coordinates":[126.8097,37.6318]}},{"type":"Feature","properties":{"kind":"station","id":"daehwa","name":"Daehwa","name_local":"대화","lines":"3","hub":false,"color":"#ed6c00","rank":1},"geometry":{"type":"Point","coordinates":[126.7475,37.6761]}},{"type":"Feature","properties":{"kind":"station","id":"daemosan","name":"Daemosan","name_local":"대모산입구","lines":"수인·분당","hub":false,"color":"#eca300","rank":1},"geometry":{"type":"Point","coordinates":[127.0727,37.4914]}},{"type":"Feature","properties":{"kind":"station","id":"daerim-guro-gu-office","name":"Daerim(Guro-gu Office)","name_local":"대림(구로구청)","lines":"2","hub":false,"color":"#00a23f","rank":1},"geometry":{"type":"Point","coordinates":[126.895,37.4933]}},{"type":"Feature","properties":{"kind":"station","id":"daeyami","name":"Daeyami","name_local":"대야미","lines":"4","hub":false,"color":"#009bce","rank":1},"geometry":{"type":"Point","coordinates":[126.9163,37.3272]}},{"type":"Feature","properties":{"kind":"station","id":"dandaeogeori","name":"Dandaeogeori","name_local":"단대오거리","lines":"8","hub":false,"color":"#d11d70","rank":1},"geometry":{"type":"Point","coordinates":[127.1568,37.4451]}},{"type":"Feature","properties":{"kind":"station","id":"danggok","name":"Danggok","name_local":"당곡","lines":"Silim","hub":false,"color":"#6789ca","rank":1},"geometry":{"type":"Point","coordinates":[126.9278,37.4897]}},{"type":"Feature","properties":{"kind":"station","id":"dangsan","name":"Dangsan","name_local":"당산","lines":"2,9","hub":true,"color":null,"rank":1},"geometry":{"type":"Point","coordinates":[126.9021,37.5341]}},{"type":"Feature","properties":{"kind":"station","id":"dasan","name":"Dasan","name_local":"다산","lines":"8","hub":false,"color":"#d11d70","rank":1},"geometry":{"type":"Point","coordinates":[127.1496,37.6237]}},{"type":"Feature","properties":{"kind":"station","id":"deokgye","name":"Deokgye","name_local":"덕계","lines":"1","hub":false,"color":"#004a85","rank":1},"geometry":{"type":"Point","coordinates":[127.0564,37.818]}},{"type":"Feature","properties":{"kind":"station","id":"deokjeong-seojeong-college","name":"Deokjeong (Seojeong College)","name_local":"덕정","lines":"1","hub":false,"color":"#004a85","rank":1},"geometry":{"type":"Point","coordinates":[127.0617,37.8424]}},{"type":"Feature","properties":{"kind":"station","id":"deungchon","name":"Deungchon","name_local":"등촌","lines":"9","hub":false,"color":"#a49d87","rank":1},"geometry":{"type":"Point","coordinates":[126.8646,37.5512]}},{"type":"Feature","properties":{"kind":"station","id":"digital-media-city","name":"Digital Media City","name_local":"디지털미디어시티","lines":"경의·중앙","hub":false,"color":"#6ac2b3","rank":1},"geometry":{"type":"Point","coordinates":[126.9009,37.5771]}},{"type":"Feature","properties":{"kind":"station","id":"dobong","name":"Dobong","name_local":"도봉","lines":"1","hub":false,"color":"#004a85","rank":1},"geometry":{"type":"Point","coordinates":[127.0454,37.6782]}},{"type":"Feature","properties":{"kind":"station","id":"dobongsan","name":"Dobongsan","name_local":"도봉산","lines":"1,7","hub":true,"color":null,"rank":1},"geometry":{"type":"Point","coordinates":[127.0467,37.6888]}},{"type":"Feature","properties":{"kind":"station","id":"dogok","name":"Dogok","name_local":"도곡","lines":"3,수인·분당","hub":true,"color":null,"rank":1},"geometry":{"type":"Point","coordinates":[127.0555,37.4909]}},{"type":"Feature","properties":{"kind":"station","id":"dohwa","name":"Dohwa","name_local":"도화","lines":"1","hub":false,"color":"#004a85","rank":1},"geometry":{"type":"Point","coordinates":[126.6674,37.4661]}},{"type":"Feature","properties":{"kind":"station","id":"dokjeong","name":"Dokjeong","name_local":"독정","lines":"I2","hub":false,"color":"#f4a462","rank":1},"geometry":{"type":"Point","coordinates":[126.6759,37.5848]}},{"type":"Feature","properties":{"kind":"station","id":"dong-o","name":"Dong-o","name_local":"동오","lines":"U","hub":false,"color":"#f0831e","rank":1},"geometry":{"type":"Point","coordinates":[127.0572,37.7453]}},{"type":"Feature","properties":{"kind":"station","id":"dongam","name":"Dongam","name_local":"동암","lines":"1","hub":false,"color":"#004a85","rank":1},"geometry":{"type":"Point","coordinates":[126.703,37.4699]}},{"type":"Feature","properties":{"kind":"station","id":"dongcheon","name":"Dongcheon","name_local":"동천","lines":"신분당","hub":false,"color":"#b81b30","rank":1},"geometry":{"type":"Point","coordinates":[127.1028,37.3379]}},{"type":"Feature","properties":{"kind":"station","id":"dongchun","name":"Dongchun","name_local":"동춘","lines":"인천1","hub":false,"color":"#b4c7e7","rank":1},"geometry":{"type":"Point","coordinates":[126.6806,37.4046]}},{"type":"Feature","properties":{"kind":"station","id":"dongdaemun","name":"Dongdaemun","name_local":"동대문","lines":"1,4","hub":true,"color":null,"rank":1},"geometry":{"type":"Point","coordinates":[127.0094,37.5708]}},{"type":"Feature","properties":{"kind":"station","id":"dongdaemun-history-culture-park-station-ddp","name":"Dongdaemun History & Culture Park Station (DDP)","name_local":"동대문역사문화공원","lines":"2,4,5","hub":true,"color":null,"rank":1},"geometry":{"type":"Point","coordinates":[127.008,37.5652]}},{"type":"Feature","properties":{"kind":"station","id":"dongducheon","name":"Dongducheon","name_local":"동두천","lines":"1","hub":false,"color":"#004a85","rank":1},"geometry":{"type":"Point","coordinates":[127.055,37.9267]}},{"type":"Feature","properties":{"kind":"station","id":"dongducheonjungang","name":"Dongducheonjungang","name_local":"동두천중앙","lines":"1","hub":false,"color":"#004a85","rank":1},"geometry":{"type":"Point","coordinates":[127.0565,37.9009]}},{"type":"Feature","properties":{"kind":"station","id":"dongguk-univ","name":"Dongguk Univ.","name_local":"동대입구","lines":"3","hub":false,"color":"#ed6c00","rank":1},"geometry":{"type":"Point","coordinates":[127.0058,37.559]}},{"type":"Feature","properties":{"kind":"station","id":"donggureung","name":"Donggureung","name_local":"동구릉","lines":"8","hub":false,"color":"#d11d70","rank":1},"geometry":{"type":"Point","coordinates":[127.1381,37.6102]}},{"type":"Feature","properties":{"kind":"station","id":"dongincheon","name":"Dongincheon","name_local":"동인천","lines":"1","hub":false,"color":"#004a85","rank":1},"geometry":{"type":"Point","coordinates":[126.6323,37.4756]}},{"type":"Feature","properties":{"kind":"station","id":"dongjak","name":"Dongjak","name_local":"동작","lines":"4,9","hub":true,"color":null,"rank":1},"geometry":{"type":"Point","coordinates":[126.9808,37.5021]}},{"type":"Feature","properties":{"kind":"station","id":"dongmak","name":"Dongmak","name_local":"동막","lines":"인천1","hub":false,"color":"#b4c7e7","rank":1},"geometry":{"type":"Point","coordinates":[126.6738,37.3984]}},{"type":"Feature","properties":{"kind":"station","id":"dongmyo","name":"Dongmyo","name_local":"동묘앞","lines":"1","hub":false,"color":"#004a85","rank":1},"geometry":{"type":"Point","coordinates":[127.0161,37.5731]}},{"type":"Feature","properties":{"kind":"station","id":"dongnimmun","name":"Dongnimmun","name_local":"독립문","lines":"3","hub":false,"color":"#ed6c00","rank":1},"geometry":{"type":"Point","coordinates":[126.9578,37.5745]}},{"type":"Feature","properties":{"kind":"station","id":"dongsu","name":"Dongsu","name_local":"동수","lines":"인천1","hub":false,"color":"#b4c7e7","rank":1},"geometry":{"type":"Point","coordinates":[126.7184,37.4855]}},{"type":"Feature","properties":{"kind":"station","id":"donong","name":"Donong","name_local":"도농","lines":"경의·중앙","hub":false,"color":"#6ac2b3","rank":1},"geometry":{"type":"Point","coordinates":[127.1612,37.6088]}},{"type":"Feature","properties":{"kind":"station","id":"dowon","name":"Dowon","name_local":"도원","lines":"1","hub":false,"color":"#004a85","rank":1},"geometry":{"type":"Point","coordinates":[126.6416,37.4691]}},{"type":"Feature","properties":{"kind":"station","id":"eocheon","name":"Eocheon","name_local":"어천","lines":"수인·분당","hub":false,"color":"#eca300","rank":1},"geometry":{"type":"Point","coordinates":[126.9082,37.2504]}},{"type":"Feature","properties":{"kind":"station","id":"eonju","name":"Eonju","name_local":"언주","lines":"9","hub":false,"color":"#a49d87","rank":1},"geometry":{"type":"Point","coordinates":[127.0341,37.5074]}},{"type":"Feature","properties":{"kind":"station","id":"eoryong","name":"Eoryong","name_local":"어룡","lines":"U","hub":false,"color":"#f0831e","rank":1},"geometry":{"type":"Point","coordinates":[127.0852,37.7425]}},{"type":"Feature","properties":{"kind":"station","id":"euljiro-1-il-ga-industrial-bank-of-korea","name":"Euljiro 1(il)-ga (Industrial Bank of Korea)","name_local":"을지로입구","lines":"2","hub":false,"color":"#00a23f","rank":1},"geometry":{"type":"Point","coordinates":[126.9826,37.566]}},{"type":"Feature","properties":{"kind":"station","id":"euljiro-3-sam-ga","name":"Euljiro 3(sam)-ga","name_local":"을지로3가","lines":"2,3","hub":true,"color":null,"rank":1},"geometry":{"type":"Point","coordinates":[126.9926,37.5664]}},{"type":"Feature","properties":{"kind":"station","id":"euljiro-4-sa-ga","name":"Euljiro 4(sa)-ga","name_local":"을지로4가","lines":"2","hub":false,"color":"#00a23f","rank":1},"geometry":{"type":"Point","coordinates":[126.998,37.5667]}},{"type":"Feature","properties":{"kind":"station","id":"ewha-womans-university","name":"Ewha Womans University","name_local":"이대","lines":"2","hub":false,"color":"#00a23f","rank":1},"geometry":{"type":"Point","coordinates":[126.9458,37.5568]}},{"type":"Feature","properties":{"kind":"station","id":"express-bus-terminal","name":"Express Bus Terminal","name_local":"고속터미널","lines":"3,7,9","hub":true,"color":null,"rank":1},"geometry":{"type":"Point","coordinates":[127.0049,37.505]}},{"type":"Feature","properties":{"kind":"station","id":"gachon-univ","name":"Gachon Univ.","name_local":"가천대","lines":"수인·분당","hub":false,"color":"#eca300","rank":1},"geometry":{"type":"Point","coordinates":[127.1267,37.4487]}},{"type":"Feature","properties":{"kind":"station","id":"gaebong","name":"Gaebong","name_local":"개봉","lines":"1","hub":false,"color":"#004a85","rank":1},"geometry":{"type":"Point","coordinates":[126.8582,37.4946]}},{"type":"Feature","properties":{"kind":"station","id":"gaehwa","name":"Gaehwa","name_local":"개화","lines":"9","hub":false,"color":"#a49d87","rank":1},"geometry":{"type":"Point","coordinates":[126.7968,37.5784]}},{"type":"Feature","properties":{"kind":"station","id":"gaehwasan","name":"Gaehwasan","name_local":"개화산","lines":"5","hub":false,"color":"#794698","rank":1},"geometry":{"type":"Point","coordinates":[126.8082,37.5728]}},{"type":"Feature","properties":{"kind":"station","id":"gaepo-dong","name":"Gaepo-dong","name_local":"개포동","lines":"수인·분당","hub":false,"color":"#eca300","rank":1},"geometry":{"type":"Point","coordinates":[127.066,37.4891]}},{"type":"Feature","properties":{"kind":"station","id":"gajaeul","name":"Gajaeul","name_local":"가재울","lines":"I2","hub":false,"color":"#f4a462","rank":1},"geometry":{"type":"Point","coordinates":[126.6845,37.4836]}},{"type":"Feature","properties":{"kind":"station","id":"gajeong","name":"Gajeong","name_local":"가정","lines":"I2","hub":false,"color":"#f4a462","rank":1},"geometry":{"type":"Point","coordinates":[126.6752,37.5241]}},{"type":"Feature","properties":{"kind":"station","id":"gajeong-jungang-market","name":"Gajeong Jungang Market","name_local":"가정중앙시장","lines":"I2","hub":false,"color":"#f4a462","rank":1},"geometry":{"type":"Point","coordinates":[126.6767,37.5171]}},{"type":"Feature","properties":{"kind":"station","id":"galsan","name":"Galsan","name_local":"갈산","lines":"인천1","hub":false,"color":"#b4c7e7","rank":1},"geometry":{"type":"Point","coordinates":[126.7214,37.5167]}},{"type":"Feature","properties":{"kind":"station","id":"ganeung","name":"Ganeung","name_local":"가능","lines":"1","hub":false,"color":"#004a85","rank":1},"geometry":{"type":"Point","coordinates":[127.0447,37.7477]}},{"type":"Feature","properties":{"kind":"station","id":"gangbyeon-dongseoul-bus-terminal","name":"Gangbyeon(Dongseoul Bus Terminal)","name_local":"강변","lines":"2","hub":false,"color":"#00a23f","rank":1},"geometry":{"type":"Point","coordinates":[127.0953,37.5343]}},{"type":"Feature","properties":{"kind":"station","id":"gangdong-gu-office","name":"Gangdong-gu Office","name_local":"강동구청","lines":"8","hub":false,"color":"#d11d70","rank":1},"geometry":{"type":"Point","coordinates":[127.1206,37.5307]}},{"type":"Feature","properties":{"kind":"station","id":"gangil","name":"Gangil","name_local":"강일","lines":"5","hub":false,"color":"#794698","rank":1},"geometry":{"type":"Point","coordinates":[127.1761,37.5576]}},{"type":"Feature","properties":{"kind":"station","id":"gangnam","name":"Gangnam","name_local":"강남","lines":"2,신분당","hub":true,"color":null,"rank":1},"geometry":{"type":"Point","coordinates":[127.028,37.4971]}},{"type":"Feature","properties":{"kind":"station","id":"gangnam-gu-office","name":"Gangnam-gu Office","name_local":"강남구청","lines":"7,수인·분당","hub":true,"color":null,"rank":1},"geometry":{"type":"Point","coordinates":[127.0413,37.5172]}},{"type":"Feature","properties":{"kind":"station","id":"ganseogogeori","name":"Ganseogogeori","name_local":"간석오거리","lines":"인천1","hub":false,"color":"#b4c7e7","rank":1},"geometry":{"type":"Point","coordinates":[126.7078,37.4673]}},{"type":"Feature","properties":{"kind":"station","id":"ganseok","name":"Ganseok","name_local":"간석","lines":"1","hub":false,"color":"#004a85","rank":1},"geometry":{"type":"Point","coordinates":[126.6925,37.4646]}},{"type":"Feature","properties":{"kind":"station","id":"gaori","name":"Gaori","name_local":"가오리","lines":"W","hub":false,"color":"#bacc50","rank":1},"geometry":{"type":"Point","coordinates":[127.0165,37.642]}},{"type":"Feature","properties":{"kind":"station","id":"garak-market","name":"Garak Market","name_local":"가락시장","lines":"3,8","hub":true,"color":null,"rank":1},"geometry":{"type":"Point","coordinates":[127.1177,37.4922]}},{"type":"Feature","properties":{"kind":"station","id":"gayang","name":"Gayang","name_local":"가양","lines":"9","hub":false,"color":"#a49d87","rank":1},"geometry":{"type":"Point","coordinates":[126.8551,37.5611]}},{"type":"Feature","properties":{"kind":"station","id":"geomam","name":"Geomam","name_local":"검암","lines":"I2","hub":false,"color":"#f4a462","rank":1},"geometry":{"type":"Point","coordinates":[126.6757,37.5685]}},{"type":"Feature","properties":{"kind":"station","id":"geombawi","name":"Geombawi","name_local":"검바위","lines":"I2","hub":false,"color":"#f4a462","rank":1},"geometry":{"type":"Point","coordinates":[126.6775,37.5609]}},{"type":"Feature","properties":{"kind":"station","id":"geomdan-oryu","name":"Geomdan Oryu","name_local":"검단오류","lines":"I2","hub":false,"color":"#f4a462","rank":1},"geometry":{"type":"Point","coordinates":[126.6283,37.5949]}},{"type":"Feature","properties":{"kind":"station","id":"geomdan-sageori","name":"Geomdan Sageori","name_local":"검단사거리","lines":"I2","hub":false,"color":"#f4a462","rank":1},"geometry":{"type":"Point","coordinates":[126.6571,37.6019]}},{"type":"Feature","properties":{"kind":"station","id":"geumho","name":"Geumho","name_local":"금호","lines":"3","hub":false,"color":"#ed6c00","rank":1},"geometry":{"type":"Point","coordinates":[127.0159,37.548]}},{"type":"Feature","properties":{"kind":"station","id":"geumjeong","name":"Geumjeong","name_local":"금정","lines":"4","hub":false,"color":"#009bce","rank":1},"geometry":{"type":"Point","coordinates":[126.9439,37.3716]}},{"type":"Feature","properties":{"kind":"station","id":"giheung","name":"Giheung","name_local":"기흥","lines":"수인·분당","hub":false,"color":"#eca300","rank":1},"geometry":{"type":"Point","coordinates":[127.116,37.2755]}},{"type":"Feature","properties":{"kind":"station","id":"gimpo-intl-airport","name":"Gimpo Int'l Airport","name_local":"김포공항","lines":"5,9,공항철도,서해","hub":true,"color":null,"rank":1},"geometry":{"type":"Point","coordinates":[126.8014,37.5621]}},{"type":"Feature","properties":{"kind":"station","id":"gireum","name":"Gireum","name_local":"길음","lines":"4","hub":false,"color":"#009bce","rank":1},"geometry":{"type":"Point","coordinates":[127.0244,37.6024]}},{"type":"Feature","properties":{"kind":"station","id":"godeok","name":"Godeok","name_local":"고덕","lines":"5","hub":false,"color":"#794698","rank":1},"geometry":{"type":"Point","coordinates":[127.1538,37.555]}},{"type":"Feature","properties":{"kind":"station","id":"gojan","name":"Gojan","name_local":"고잔","lines":"4,수인·분당","hub":true,"color":null,"rank":1},"geometry":{"type":"Point","coordinates":[126.8221,37.3169]}},{"type":"Feature","properties":{"kind":"station","id":"goksan","name":"Goksan","name_local":"곡산","lines":"경의·중앙,서해","hub":true,"color":null,"rank":1},"geometry":{"type":"Point","coordinates":[126.8022,37.6452]}},{"type":"Feature","properties":{"kind":"station","id":"gongdeok","name":"Gongdeok","name_local":"공덕","lines":"경의·중앙,공항철도","hub":true,"color":null,"rank":1},"geometry":{"type":"Point","coordinates":[126.9534,37.542]}},{"type":"Feature","properties":{"kind":"station","id":"gonje","name":"Gonje","name_local":"곤제","lines":"U","hub":false,"color":"#f0831e","rank":1},"geometry":{"type":"Point","coordinates":[127.0839,37.7503]}},{"type":"Feature","properties":{"kind":"station","id":"gosaek","name":"Gosaek","name_local":"고색","lines":"수인·분당","hub":false,"color":"#eca300","rank":1},"geometry":{"type":"Point","coordinates":[126.9797,37.2494]}},{"type":"Feature","properties":{"kind":"station","id":"gubanpo","name":"Gubanpo","name_local":"구반포","lines":"9","hub":false,"color":"#a49d87","rank":1},"geometry":{"type":"Point","coordinates":[126.9868,37.5013]}},{"type":"Feature","properties":{"kind":"station","id":"guil","name":"Guil","name_local":"구일","lines":"1","hub":false,"color":"#004a85","rank":1},"geometry":{"type":"Point","coordinates":[126.8689,37.4957]}},{"type":"Feature","properties":{"kind":"station","id":"gupabal","name":"Gupabal","name_local":"구파발","lines":"3","hub":false,"color":"#ed6c00","rank":1},"geometry":{"type":"Point","coordinates":[126.9188,37.6369]}},{"type":"Feature","properties":{"kind":"station","id":"guri","name":"Guri","name_local":"구리","lines":"8","hub":false,"color":"#d11d70","rank":1},"geometry":{"type":"Point","coordinates":[127.141,37.6016]}},{"type":"Feature","properties":{"kind":"station","id":"guro","name":"Guro","name_local":"구로","lines":"1","hub":false,"color":"#004a85","rank":1},"geometry":{"type":"Point","coordinates":[126.8815,37.5027]}},{"type":"Feature","properties":{"kind":"station","id":"guro-digital-complex","name":"Guro Digital Complex","name_local":"구로디지털단지","lines":"2","hub":false,"color":"#00a23f","rank":1},"geometry":{"type":"Point","coordinates":[126.9026,37.485]}},{"type":"Feature","properties":{"kind":"station","id":"guryong","name":"Guryong","name_local":"구룡","lines":"수인·분당","hub":false,"color":"#eca300","rank":1},"geometry":{"type":"Point","coordinates":[127.0595,37.4869]}},{"type":"Feature","properties":{"kind":"station","id":"guui-gwangjin-gu-office","name":"Guui(Gwangjin-gu Office)","name_local":"구의","lines":"2","hub":false,"color":"#00a23f","rank":1},"geometry":{"type":"Point","coordinates":[127.0851,37.5369]}},{"type":"Feature","properties":{"kind":"station","id":"gwacheon","name":"Gwacheon","name_local":"과천","lines":"4","hub":false,"color":"#009bce","rank":1},"geometry":{"type":"Point","coordinates":[126.9968,37.433]}},{"type":"Feature","properties":{"kind":"station","id":"gwanaksan","name":"Gwanaksan","name_local":"관악산","lines":"Silim","hub":false,"color":"#6789ca","rank":1},"geometry":{"type":"Point","coordinates":[126.9453,37.4688]}},{"type":"Feature","properties":{"kind":"station","id":"gwanggyo","name":"Gwanggyo","name_local":"광교","lines":"신분당","hub":false,"color":"#b81b30","rank":1},"geometry":{"type":"Point","coordinates":[127.0435,37.3025]}},{"type":"Feature","properties":{"kind":"station","id":"gwanggyo-jungang","name":"Gwanggyo Jungang","name_local":"광교중앙","lines":"신분당","hub":false,"color":"#b81b30","rank":1},"geometry":{"type":"Point","coordinates":[127.0515,37.2885]}},{"type":"Feature","properties":{"kind":"station","id":"gwanghwamun","name":"Gwanghwamun","name_local":"광화문","lines":"5","hub":false,"color":"#794698","rank":1},"geometry":{"type":"Point","coordinates":[126.9769,37.5716]}},{"type":"Feature","properties":{"kind":"station","id":"gyeongbokgung-government-complex-seoul","name":"Gyeongbokgung (Government Complex Seoul)","name_local":"경복궁","lines":"3","hub":false,"color":"#ed6c00","rank":1},"geometry":{"type":"Point","coordinates":[126.9736,37.5758]}},{"type":"Feature","properties":{"kind":"station","id":"gyeonggi-provincial-government-northern-office","name":"Gyeonggi Provincial Government Northern Office","name_local":"경기도청북부청사","lines":"U","hub":false,"color":"#f0831e","rank":1},"geometry":{"type":"Point","coordinates":[127.0718,37.7508]}},{"type":"Feature","properties":{"kind":"station","id":"gyeongin-natl-univ-of-education","name":"Gyeongin Nat'l Univ. of Education","name_local":"경인교대입구","lines":"인천1","hub":false,"color":"#b4c7e7","rank":1},"geometry":{"type":"Point","coordinates":[126.7225,37.5384]}},{"type":"Feature","properties":{"kind":"station","id":"gyesan","name":"Gyesan","name_local":"계산","lines":"인천1","hub":false,"color":"#b4c7e7","rank":1},"geometry":{"type":"Point","coordinates":[126.7279,37.5434]}},{"type":"Feature","properties":{"kind":"station","id":"gyeyang","name":"Gyeyang","name_local":"계양","lines":"공항철도,인천1","hub":true,"color":null,"rank":1},"geometry":{"type":"Point","coordinates":[126.7346,37.5715]}},{"type":"Feature","properties":{"kind":"station","id":"gyulhyeon","name":"Gyulhyeon","name_local":"귤현","lines":"인천1","hub":false,"color":"#b4c7e7","rank":1},"geometry":{"type":"Point","coordinates":[126.7427,37.5659]}},{"type":"Feature","properties":{"kind":"station","id":"hanam-city-hall-deokpung-sinjang","name":"Hanam City Hall (Deokpung·Sinjang)","name_local":"하남시청","lines":"5","hub":false,"color":"#794698","rank":1},"geometry":{"type":"Point","coordinates":[127.207,37.5417]}},{"type":"Feature","properties":{"kind":"station","id":"hanam-geomdansan","name":"Hanam Geomdansan","name_local":"하남검단산","lines":"5","hub":false,"color":"#794698","rank":1},"geometry":{"type":"Point","coordinates":[127.2237,37.5397]}},{"type":"Feature","properties":{"kind":"station","id":"hangnyeoul","name":"Hangnyeoul","name_local":"학여울","lines":"3","hub":false,"color":"#ed6c00","rank":1},"geometry":{"type":"Point","coordinates":[127.0699,37.4965]}},{"type":"Feature","properties":{"kind":"station","id":"hankuk-university-of-foreign-studies","name":"Hankuk University of Foreign Studies","name_local":"외대앞","lines":"1","hub":false,"color":"#004a85","rank":1},"geometry":{"type":"Point","coordinates":[127.0634,37.5956]}},{"type":"Feature","properties":{"kind":"station","id":"hansung-univ-samseongyo","name":"Hansung Univ. (Samseongyo)","name_local":"한성대입구(삼선교)","lines":"4","hub":false,"color":"#009bce","rank":1},"geometry":{"type":"Point","coordinates":[127.0053,37.5882]}},{"type":"Feature","properties":{"kind":"station","id":"hanti","name":"Hanti","name_local":"한티","lines":"수인·분당","hub":false,"color":"#eca300","rank":1},"geometry":{"type":"Point","coordinates":[127.0529,37.4963]}},{"type":"Feature","properties":{"kind":"station","id":"hanyang-university","name":"Hanyang University","name_local":"한양대","lines":"2","hub":false,"color":"#00a23f","rank":1},"geometry":{"type":"Point","coordinates":[127.0437,37.5557]}},{"type":"Feature","properties":{"kind":"station","id":"hanyang-university-at-ansan","name":"Hanyang University at Ansan","name_local":"한대앞","lines":"4,수인·분당","hub":true,"color":null,"rank":1},"geometry":{"type":"Point","coordinates":[126.8528,37.3104]}},{"type":"Feature","properties":{"kind":"station","id":"hapjeong","name":"Hapjeong","name_local":"합정","lines":"2","hub":false,"color":"#00a23f","rank":1},"geometry":{"type":"Point","coordinates":[126.9146,37.5501]}},{"type":"Feature","properties":{"kind":"station","id":"heukseok","name":"Heukseok","name_local":"흑석","lines":"9","hub":false,"color":"#a49d87","rank":1},"geometry":{"type":"Point","coordinates":[126.9639,37.5084]}},{"type":"Feature","properties":{"kind":"station","id":"heungseon","name":"Heungseon","name_local":"흥선","lines":"U","hub":false,"color":"#f0831e","rank":1},"geometry":{"type":"Point","coordinates":[127.0374,37.7433]}},{"type":"Feature","properties":{"kind":"station","id":"hoegi","name":"Hoegi","name_local":"회기","lines":"1","hub":false,"color":"#004a85","rank":1},"geometry":{"type":"Point","coordinates":[127.0568,37.5891]}},{"type":"Feature","properties":{"kind":"station","id":"hoehyeon-namdaemun-market","name":"Hoehyeon (Namdaemun Market)","name_local":"회현(남대문시장)","lines":"4","hub":false,"color":"#009bce","rank":1},"geometry":{"type":"Point","coordinates":[126.9784,37.5588]}},{"type":"Feature","properties":{"kind":"station","id":"hoeryong","name":"Hoeryong","name_local":"회룡","lines":"1,U","hub":true,"color":null,"rank":1},"geometry":{"type":"Point","coordinates":[127.0472,37.725]}},{"type":"Feature","properties":{"kind":"station","id":"hogupo","name":"Hogupo","name_local":"호구포","lines":"수인·분당","hub":false,"color":"#eca300","rank":1},"geometry":{"type":"Point","coordinates":[126.7078,37.4021]}},{"type":"Feature","properties":{"kind":"station","id":"hongik-univ","name":"Hongik Univ.","name_local":null,"lines":"공항철도","hub":false,"color":"#0079ac","rank":1},"geometry":{"type":"Point","coordinates":[126.9264,37.5576]}},{"type":"Feature","properties":{"kind":"station","id":"hongik-university","name":"Hongik University","name_local":"홍대입구","lines":"2","hub":false,"color":"#00a23f","rank":1},"geometry":{"type":"Point","coordinates":[126.9235,37.5567]}},{"type":"Feature","properties":{"kind":"station","id":"hongje-seoul-culture-arts-univ","name":"Hongje (Seoul Culture Arts Univ.)","name_local":"홍제","lines":"3","hub":false,"color":"#ed6c00","rank":1},"geometry":{"type":"Point","coordinates":[126.9442,37.5887]}},{"type":"Feature","properties":{"kind":"station","id":"hwagok","name":"Hwagok","name_local":"화곡","lines":"5","hub":false,"color":"#794698","rank":1},"geometry":{"type":"Point","coordinates":[126.8404,37.5417]}},{"type":"Feature","properties":{"kind":"station","id":"hwagye","name":"Hwagye","name_local":"화계","lines":"W","hub":false,"color":"#bacc50","rank":1},"geometry":{"type":"Point","coordinates":[127.0174,37.634]}},{"type":"Feature","properties":{"kind":"station","id":"hwajeong","name":"Hwajeong","name_local":"화정","lines":"3","hub":false,"color":"#ed6c00","rank":1},"geometry":{"type":"Point","coordinates":[126.8326,37.6346]}},{"type":"Feature","properties":{"kind":"station","id":"hyehwa","name":"Hyehwa","name_local":"혜화(서울대학교병원)","lines":"4","hub":false,"color":"#009bce","rank":1},"geometry":{"type":"Point","coordinates":[127.0019,37.5821]}},{"type":"Feature","properties":{"kind":"station","id":"hyochang-park","name":"Hyochang Park","name_local":"효창공원앞","lines":"경의·중앙","hub":false,"color":"#6ac2b3","rank":1},"geometry":{"type":"Point","coordinates":[126.9635,37.5384]}},{"type":"Feature","properties":{"kind":"station","id":"hyoja","name":"Hyoja","name_local":"효자","lines":"U","hub":false,"color":"#f0831e","rank":1},"geometry":{"type":"Point","coordinates":[127.0774,37.754]}},{"type":"Feature","properties":{"kind":"station","id":"ichon","name":"Ichon","name_local":"이촌","lines":"4","hub":false,"color":"#009bce","rank":1},"geometry":{"type":"Point","coordinates":[126.9736,37.5226]}},{"type":"Feature","properties":{"kind":"station","id":"ichon-national-museum-of-korea","name":"Ichon (National Museum of Korea)","name_local":"이촌(국립중앙박물관)","lines":"경의·중앙","hub":false,"color":"#6ac2b3","rank":1},"geometry":{"type":"Point","coordinates":[126.974,37.5223]}},{"type":"Feature","properties":{"kind":"station","id":"ilsan","name":"Ilsan","name_local":"일산","lines":"경의·중앙,서해","hub":true,"color":null,"rank":1},"geometry":{"type":"Point","coordinates":[126.7699,37.6821]}},{"type":"Feature","properties":{"kind":"station","id":"imae","name":"Imae","name_local":"이매","lines":"경강,수인·분당","hub":true,"color":null,"rank":1},"geometry":{"type":"Point","coordinates":[127.1276,37.3947]}},{"type":"Feature","properties":{"kind":"station","id":"imhak","name":"Imhak","name_local":"임학","lines":"인천1","hub":false,"color":"#b4c7e7","rank":1},"geometry":{"type":"Point","coordinates":[126.7387,37.5452]}},{"type":"Feature","properties":{"kind":"station","id":"incheon","name":"Incheon","name_local":"인천","lines":"1,수인·분당","hub":true,"color":null,"rank":1},"geometry":{"type":"Point","coordinates":[126.617,37.4764]}},{"type":"Feature","properties":{"kind":"station","id":"incheon-airport-terminal-2","name":"Incheon Airport Terminal 2","name_local":"인천공항2터미널","lines":"AREX","hub":false,"color":"#0079ac","rank":2},"geometry":{"type":"Point","coordinates":[126.4336,37.4688]}},{"type":"Feature","properties":{"kind":"station","id":"incheon-bus-terminal","name":"Incheon Bus Terminal","name_local":"인천터미널","lines":"인천1","hub":false,"color":"#b4c7e7","rank":1},"geometry":{"type":"Point","coordinates":[126.6997,37.4419]}},{"type":"Feature","properties":{"kind":"station","id":"incheon-city-hall","name":"Incheon City Hall","name_local":"인천시청","lines":"I2,인천1","hub":true,"color":null,"rank":1},"geometry":{"type":"Point","coordinates":[126.7021,37.4579]}},{"type":"Feature","properties":{"kind":"station","id":"incheon-gajwa","name":"Incheon Gajwa","name_local":"인천가좌","lines":"I2","hub":false,"color":"#f4a462","rank":1},"geometry":{"type":"Point","coordinates":[126.6751,37.4896]}},{"type":"Feature","properties":{"kind":"station","id":"incheon-grand-park","name":"Incheon Grand Park","name_local":"인천대공원","lines":"I2","hub":false,"color":"#f4a462","rank":1},"geometry":{"type":"Point","coordinates":[126.7533,37.4484]}},{"type":"Feature","properties":{"kind":"station","id":"incheon-intl-airport-terminal-1","name":"Incheon Int'l Airport Terminal 1","name_local":"인천공항1터미널","lines":"AREX,공항철도","hub":true,"color":null,"rank":1},"geometry":{"type":"Point","coordinates":[126.4527,37.4473]}},{"type":"Feature","properties":{"kind":"station","id":"incheon-national-university","name":"Incheon National University","name_local":"인천대입구","lines":"인천1","hub":false,"color":"#b4c7e7","rank":1},"geometry":{"type":"Point","coordinates":[126.6397,37.3861]}},{"type":"Feature","properties":{"kind":"station","id":"indeogwon","name":"Indeogwon","name_local":"인덕원","lines":"4","hub":false,"color":"#009bce","rank":1},"geometry":{"type":"Point","coordinates":[126.977,37.4014]}},{"type":"Feature","properties":{"kind":"station","id":"inha-university","name":"Inha University","name_local":"인하대","lines":"수인·분당","hub":false,"color":"#eca300","rank":1},"geometry":{"type":"Point","coordinates":[126.6494,37.449]}},{"type":"Feature","properties":{"kind":"station","id":"international-business-district","name":"International Business District","name_local":"국제업무지구","lines":"인천1","hub":false,"color":"#b4c7e7","rank":1},"geometry":{"type":"Point","coordinates":[126.6306,37.3999]}},{"type":"Feature","properties":{"kind":"station","id":"irwon","name":"Irwon","name_local":"일원","lines":"3","hub":false,"color":"#ed6c00","rank":1},"geometry":{"type":"Point","coordinates":[127.0842,37.4838]}},{"type":"Feature","properties":{"kind":"station","id":"isu","name":"Isu","name_local":"이수","lines":"7","hub":false,"color":"#6e7e31","rank":1},"geometry":{"type":"Point","coordinates":[126.982,37.4853]}},{"type":"Feature","properties":{"kind":"station","id":"jakjeon","name":"Jakjeon","name_local":"작전","lines":"인천1","hub":false,"color":"#b4c7e7","rank":1},"geometry":{"type":"Point","coordinates":[126.7225,37.5303]}},{"type":"Feature","properties":{"kind":"station","id":"jamsil-songpa-gu-office","name":"Jamsil(Songpa-gu Office)","name_local":"잠실","lines":"2","hub":false,"color":"#00a23f","rank":1},"geometry":{"type":"Point","coordinates":[127.1017,37.5137]}},{"type":"Feature","properties":{"kind":"station","id":"jamsillaru","name":"Jamsillaru","name_local":"잠실나루","lines":"2","hub":false,"color":"#00a23f","rank":1},"geometry":{"type":"Point","coordinates":[127.1043,37.5199]}},{"type":"Feature","properties":{"kind":"station","id":"jamsilsaenae","name":"Jamsilsaenae","name_local":"잠실새내","lines":"2","hub":false,"color":"#00a23f","rank":1},"geometry":{"type":"Point","coordinates":[127.0864,37.5115]}},{"type":"Feature","properties":{"kind":"station","id":"jamwon","name":"Jamwon","name_local":"잠원","lines":"3","hub":false,"color":"#ed6c00","rank":1},"geometry":{"type":"Point","coordinates":[127.0111,37.5127]}},{"type":"Feature","properties":{"kind":"station","id":"jangam","name":"Jangam","name_local":"장암","lines":"7","hub":false,"color":"#6e7e31","rank":1},"geometry":{"type":"Point","coordinates":[127.0531,37.7002]}},{"type":"Feature","properties":{"kind":"station","id":"jangja-lake-park","name":"Jangja Lake Park","name_local":"장자호수공원","lines":"8","hub":false,"color":"#d11d70","rank":1},"geometry":{"type":"Point","coordinates":[127.1378,37.5865]}},{"type":"Feature","properties":{"kind":"station","id":"jangji","name":"Jangji","name_local":"장지","lines":"8","hub":false,"color":"#d11d70","rank":1},"geometry":{"type":"Point","coordinates":[127.126,37.4789]}},{"type":"Feature","properties":{"kind":"station","id":"jayang","name":"Jayang","name_local":"자양","lines":"7","hub":false,"color":"#6e7e31","rank":1},"geometry":{"type":"Point","coordinates":[127.0664,37.5309]}},{"type":"Feature","properties":{"kind":"station","id":"jegidong","name":"Jegidong","name_local":"제기동","lines":"1","hub":false,"color":"#004a85","rank":1},"geometry":{"type":"Point","coordinates":[127.0335,37.5783]}},{"type":"Feature","properties":{"kind":"station","id":"jemulpo","name":"Jemulpo","name_local":"제물포","lines":"1","hub":false,"color":"#004a85","rank":1},"geometry":{"type":"Point","coordinates":[126.6566,37.4667]}},{"type":"Feature","properties":{"kind":"station","id":"jeongbalsan","name":"Jeongbalsan","name_local":"정발산","lines":"3","hub":false,"color":"#ed6c00","rank":1},"geometry":{"type":"Point","coordinates":[126.7732,37.6597]}},{"type":"Feature","properties":{"kind":"station","id":"jeongja","name":"Jeongja","name_local":"정자","lines":"수인·분당,신분당","hub":true,"color":null,"rank":1},"geometry":{"type":"Point","coordinates":[127.1084,37.3674]}},{"type":"Feature","properties":{"kind":"station","id":"jeongneung","name":"Jeongneung","name_local":"정릉","lines":"W","hub":false,"color":"#bacc50","rank":1},"geometry":{"type":"Point","coordinates":[127.0133,37.6028]}},{"type":"Feature","properties":{"kind":"station","id":"jeongok","name":"Jeongok","name_local":"전곡","lines":"1","hub":false,"color":"#004a85","rank":1},"geometry":{"type":"Point","coordinates":[127.0724,38.0238]}},{"type":"Feature","properties":{"kind":"station","id":"jeongwang","name":"Jeongwang","name_local":"정왕","lines":"4,수인·분당","hub":true,"color":null,"rank":1},"geometry":{"type":"Point","coordinates":[126.742,37.3521]}},{"type":"Feature","properties":{"kind":"station","id":"jeungmi","name":"Jeungmi","name_local":"증미","lines":"9","hub":false,"color":"#a49d87","rank":1},"geometry":{"type":"Point","coordinates":[126.8619,37.5574]}},{"type":"Feature","properties":{"kind":"station","id":"jichuk","name":"Jichuk","name_local":"지축","lines":"3","hub":false,"color":"#ed6c00","rank":1},"geometry":{"type":"Point","coordinates":[126.9149,37.6479]}},{"type":"Feature","properties":{"kind":"station","id":"jihaeng","name":"Jihaeng","name_local":"지행","lines":"1","hub":false,"color":"#004a85","rank":1},"geometry":{"type":"Point","coordinates":[127.0558,37.8915]}},{"type":"Feature","properties":{"kind":"station","id":"jonggak","name":"Jonggak","name_local":"종각","lines":"1","hub":false,"color":"#004a85","rank":1},"geometry":{"type":"Point","coordinates":[126.9821,37.5701]}},{"type":"Feature","properties":{"kind":"station","id":"jongno-3-sam-ga","name":"Jongno 3(sam)-ga","name_local":"종로3가","lines":"1,3,5","hub":true,"color":null,"rank":1},"geometry":{"type":"Point","coordinates":[126.9908,37.5703]}},{"type":"Feature","properties":{"kind":"station","id":"jongno-5-o-ga","name":"Jongno 5(o)-ga","name_local":"종로5가","lines":"1","hub":false,"color":"#004a85","rank":1},"geometry":{"type":"Point","coordinates":[127.0012,37.5709]}},{"type":"Feature","properties":{"kind":"station","id":"juan","name":"Juan","name_local":"주안","lines":"1,I2","hub":true,"color":null,"rank":1},"geometry":{"type":"Point","coordinates":[126.6784,37.4651]}},{"type":"Feature","properties":{"kind":"station","id":"juan-national-industrial-complex","name":"Juan National Industrial Complex","name_local":"주안국가산단","lines":"I2","hub":false,"color":"#f4a462","rank":1},"geometry":{"type":"Point","coordinates":[126.6809,37.4732]}},{"type":"Feature","properties":{"kind":"station","id":"jukjeon","name":"Jukjeon","name_local":"죽전","lines":"수인·분당","hub":false,"color":"#eca300","rank":1},"geometry":{"type":"Point","coordinates":[127.1074,37.3246]}},{"type":"Feature","properties":{"kind":"station","id":"jung-dong","name":"Jung-dong","name_local":"중동","lines":"1","hub":false,"color":"#004a85","rank":1},"geometry":{"type":"Point","coordinates":[126.7631,37.4867]}},{"type":"Feature","properties":{"kind":"station","id":"jungang","name":"Jungang","name_local":"중앙","lines":"4,수인·분당","hub":true,"color":null,"rank":1},"geometry":{"type":"Point","coordinates":[126.8375,37.3161]}},{"type":"Feature","properties":{"kind":"station","id":"juyeop","name":"Juyeop","name_local":"주엽","lines":"3","hub":false,"color":"#ed6c00","rank":1},"geometry":{"type":"Point","coordinates":[126.7612,37.6701]}},{"type":"Feature","properties":{"kind":"station","id":"kkachisan","name":"Kkachisan","name_local":"까치산","lines":"5","hub":false,"color":"#794698","rank":1},"geometry":{"type":"Point","coordinates":[126.8465,37.5321]}},{"type":"Feature","properties":{"kind":"station","id":"konkuk-univ","name":"Konkuk Univ.","name_local":"건대입구","lines":"7","hub":false,"color":"#6e7e31","rank":1},"geometry":{"type":"Point","coordinates":[127.0707,37.5401]}},{"type":"Feature","properties":{"kind":"station","id":"konkuk-university","name":"Konkuk University","name_local":"건대입구","lines":"2","hub":false,"color":"#00a23f","rank":1},"geometry":{"type":"Point","coordinates":[127.0682,37.5408]}},{"type":"Feature","properties":{"kind":"station","id":"korea-aerospace-university","name":"Korea Aerospace University","name_local":"한국항공대","lines":"경의·중앙","hub":false,"color":"#6ac2b3","rank":1},"geometry":{"type":"Point","coordinates":[126.8689,37.6023]}},{"type":"Feature","properties":{"kind":"station","id":"korea-univ","name":"Korea Univ.","name_local":"고려대","lines":"6","hub":false,"color":"#7c4932","rank":1},"geometry":{"type":"Point","coordinates":[127.0359,37.5898]}},{"type":"Feature","properties":{"kind":"station","id":"kwangwoon-university","name":"Kwangwoon University","name_local":"광운대","lines":"1","hub":false,"color":"#004a85","rank":1},"geometry":{"type":"Point","coordinates":[127.0621,37.6232]}},{"type":"Feature","properties":{"kind":"station","id":"lrt-uijeongbu","name":"LRT Uijeongbu","name_local":"경전철의정부","lines":"U","hub":false,"color":"#f0831e","rank":1},"geometry":{"type":"Point","coordinates":[127.0433,37.7374]}},{"type":"Feature","properties":{"kind":"station","id":"madu","name":"Madu","name_local":"마두","lines":"3","hub":false,"color":"#ed6c00","rank":1},"geometry":{"type":"Point","coordinates":[126.7777,37.652]}},{"type":"Feature","properties":{"kind":"station","id":"maebong","name":"Maebong","name_local":"매봉","lines":"3","hub":false,"color":"#ed6c00","rank":1},"geometry":{"type":"Point","coordinates":[127.047,37.487]}},{"type":"Feature","properties":{"kind":"station","id":"magok","name":"Magok","name_local":"마곡","lines":"5","hub":false,"color":"#794698","rank":1},"geometry":{"type":"Point","coordinates":[126.8247,37.5603]}},{"type":"Feature","properties":{"kind":"station","id":"majeon","name":"Majeon","name_local":"마전","lines":"I2","hub":false,"color":"#f4a462","rank":1},"geometry":{"type":"Point","coordinates":[126.6674,37.5974]}},{"type":"Feature","properties":{"kind":"station","id":"mangu","name":"Mangu","name_local":"망우","lines":"경의·중앙,경춘","hub":true,"color":null,"rank":1},"geometry":{"type":"Point","coordinates":[127.0921,37.6002]}},{"type":"Feature","properties":{"kind":"station","id":"mangwolsa-shinhan-university","name":"Mangwolsa (Shinhan University)","name_local":"망월사","lines":"1","hub":false,"color":"#004a85","rank":1},"geometry":{"type":"Point","coordinates":[127.0476,37.7094]}},{"type":"Feature","properties":{"kind":"station","id":"mansu","name":"Mansu","name_local":"만수","lines":"I2","hub":false,"color":"#f4a462","rank":1},"geometry":{"type":"Point","coordinates":[126.7323,37.4549]}},{"type":"Feature","properties":{"kind":"station","id":"mia","name":"Mia","name_local":"미아","lines":"4","hub":false,"color":"#009bce","rank":1},"geometry":{"type":"Point","coordinates":[127.0265,37.6254]}},{"type":"Feature","properties":{"kind":"station","id":"miasageori","name":"Miasageori","name_local":"미아사거리","lines":"4","hub":false,"color":"#009bce","rank":1},"geometry":{"type":"Point","coordinates":[127.0301,37.6132]}},{"type":"Feature","properties":{"kind":"station","id":"migeum","name":"Migeum","name_local":"미금","lines":"수인·분당,신분당","hub":true,"color":null,"rank":1},"geometry":{"type":"Point","coordinates":[127.1089,37.35]}},{"type":"Feature","properties":{"kind":"station","id":"misa","name":"Misa","name_local":"미사","lines":"5","hub":false,"color":"#794698","rank":1},"geometry":{"type":"Point","coordinates":[127.1928,37.5631]}},{"type":"Feature","properties":{"kind":"station","id":"mok-dong","name":"Mok-dong","name_local":"목동","lines":"5","hub":false,"color":"#794698","rank":1},"geometry":{"type":"Point","coordinates":[126.8645,37.5261]}},{"type":"Feature","properties":{"kind":"station","id":"mongchontoseong","name":"Mongchontoseong","name_local":"몽촌토성","lines":"8","hub":false,"color":"#d11d70","rank":1},"geometry":{"type":"Point","coordinates":[127.1127,37.5175]}},{"type":"Feature","properties":{"kind":"station","id":"moraenae-market","name":"Moraenae Market","name_local":"모래내시장","lines":"I2","hub":false,"color":"#f4a462","rank":1},"geometry":{"type":"Point","coordinates":[126.72,37.4558]}},{"type":"Feature","properties":{"kind":"station","id":"moran","name":"Moran","name_local":"모란","lines":"8,수인·분당","hub":true,"color":null,"rank":1},"geometry":{"type":"Point","coordinates":[127.1303,37.434]}},{"type":"Feature","properties":{"kind":"station","id":"muakjae","name":"Muakjae","name_local":"무악재","lines":"3","hub":false,"color":"#ed6c00","rank":1},"geometry":{"type":"Point","coordinates":[126.9503,37.5823]}},{"type":"Feature","properties":{"kind":"station","id":"mullae","name":"Mullae","name_local":"문래","lines":"2","hub":false,"color":"#00a23f","rank":1},"geometry":{"type":"Point","coordinates":[126.8948,37.5184]}},{"type":"Feature","properties":{"kind":"station","id":"munhak-sports-complex","name":"Munhak Sports Complex","name_local":"문학경기장","lines":"인천1","hub":false,"color":"#b4c7e7","rank":1},"geometry":{"type":"Point","coordinates":[126.6978,37.4349]}},{"type":"Feature","properties":{"kind":"station","id":"munjeong","name":"Munjeong","name_local":"문정","lines":"8","hub":false,"color":"#d11d70","rank":1},"geometry":{"type":"Point","coordinates":[127.1225,37.4858]}},{"type":"Feature","properties":{"kind":"station","id":"myeong-dong","name":"Myeong-dong","name_local":"명동","lines":"4","hub":false,"color":"#009bce","rank":1},"geometry":{"type":"Point","coordinates":[126.9863,37.5609]}},{"type":"Feature","properties":{"kind":"station","id":"naebang","name":"Naebang","name_local":"내방","lines":"7","hub":false,"color":"#6e7e31","rank":1},"geometry":{"type":"Point","coordinates":[126.9921,37.4872]}},{"type":"Feature","properties":{"kind":"station","id":"nakseongdae","name":"Nakseongdae","name_local":"낙성대","lines":"2","hub":false,"color":"#00a23f","rank":1},"geometry":{"type":"Point","coordinates":[126.9635,37.477]}},{"type":"Feature","properties":{"kind":"station","id":"nambu-bus-terminal-seoul-arts-center","name":"Nambu Bus Terminal (Seoul Arts Center)","name_local":"남부터미널(예술의전당)","lines":"3","hub":false,"color":"#ed6c00","rank":1},"geometry":{"type":"Point","coordinates":[127.0163,37.485]}},{"type":"Feature","properties":{"kind":"station","id":"namdong-gu-office","name":"Namdong-gu Office","name_local":"남동구청","lines":"I2","hub":false,"color":"#f4a462","rank":1},"geometry":{"type":"Point","coordinates":[126.7373,37.4481]}},{"type":"Feature","properties":{"kind":"station","id":"namdong-induspark","name":"Namdong Induspark","name_local":"남동인더스파크","lines":"수인·분당","hub":false,"color":"#eca300","rank":1},"geometry":{"type":"Point","coordinates":[126.6944,37.4082]}},{"type":"Feature","properties":{"kind":"station","id":"namhansanseong","name":"Namhansanseong","name_local":"남한산성입구","lines":"8","hub":false,"color":"#d11d70","rank":1},"geometry":{"type":"Point","coordinates":[127.1598,37.4516]}},{"type":"Feature","properties":{"kind":"station","id":"namtaeryeong","name":"Namtaeryeong","name_local":"남태령","lines":"4","hub":false,"color":"#009bce","rank":1},"geometry":{"type":"Point","coordinates":[126.9889,37.464]}},{"type":"Feature","properties":{"kind":"station","id":"namwirye","name":"Namwirye","name_local":"남위례","lines":"8","hub":false,"color":"#d11d70","rank":1},"geometry":{"type":"Point","coordinates":[127.1398,37.4625]}},{"type":"Feature","properties":{"kind":"station","id":"namyeong","name":"Namyeong","name_local":"남영","lines":"1","hub":false,"color":"#004a85","rank":1},"geometry":{"type":"Point","coordinates":[126.9714,37.5396]}},{"type":"Feature","properties":{"kind":"station","id":"national-assembly","name":"National Assembly","name_local":"국회의사당","lines":"9","hub":false,"color":"#a49d87","rank":1},"geometry":{"type":"Point","coordinates":[126.9184,37.5274]}},{"type":"Feature","properties":{"kind":"station","id":"natl-police-hospital","name":"Nat'l Police Hospital","name_local":"경찰병원","lines":"3","hub":false,"color":"#ed6c00","rank":1},"geometry":{"type":"Point","coordinates":[127.1238,37.4953]}},{"type":"Feature","properties":{"kind":"station","id":"nodeul","name":"Nodeul","name_local":"노들","lines":"9","hub":false,"color":"#a49d87","rank":1},"geometry":{"type":"Point","coordinates":[126.9536,37.5129]}},{"type":"Feature","properties":{"kind":"station","id":"nogyang","name":"Nogyang","name_local":"녹양","lines":"1","hub":false,"color":"#004a85","rank":1},"geometry":{"type":"Point","coordinates":[127.0423,37.7585]}},{"type":"Feature","properties":{"kind":"station","id":"nokbeon","name":"Nokbeon","name_local":"녹번","lines":"3","hub":false,"color":"#ed6c00","rank":1},"geometry":{"type":"Point","coordinates":[126.9357,37.6009]}},{"type":"Feature","properties":{"kind":"station","id":"nokcheon","name":"Nokcheon","name_local":"녹천","lines":"1","hub":false,"color":"#004a85","rank":1},"geometry":{"type":"Point","coordinates":[127.0517,37.644]}},{"type":"Feature","properties":{"kind":"station","id":"nonhyeon","name":"Nonhyeon","name_local":"논현","lines":"신분당","hub":false,"color":"#b81b30","rank":1},"geometry":{"type":"Point","coordinates":[127.0219,37.5099]}},{"type":"Feature","properties":{"kind":"station","id":"noryangjin","name":"Noryangjin","name_local":"노량진","lines":"1,9","hub":true,"color":null,"rank":1},"geometry":{"type":"Point","coordinates":[126.9419,37.5136]}},{"type":"Feature","properties":{"kind":"station","id":"nowon","name":"Nowon","name_local":"노원","lines":"4","hub":false,"color":"#009bce","rank":1},"geometry":{"type":"Point","coordinates":[127.0624,37.6561]}},{"type":"Feature","properties":{"kind":"station","id":"ogeum","name":"Ogeum","name_local":"오금","lines":"3","hub":false,"color":"#ed6c00","rank":1},"geometry":{"type":"Point","coordinates":[127.1284,37.5021]}},{"type":"Feature","properties":{"kind":"station","id":"oido","name":"Oido","name_local":"오이도","lines":"4,수인·분당","hub":true,"color":null,"rank":1},"geometry":{"type":"Point","coordinates":[126.7386,37.3623]}},{"type":"Feature","properties":{"kind":"station","id":"oksu","name":"Oksu","name_local":"옥수","lines":"3","hub":false,"color":"#ed6c00","rank":1},"geometry":{"type":"Point","coordinates":[127.0178,37.5409]}},{"type":"Feature","properties":{"kind":"station","id":"omokcheon","name":"Omokcheon","name_local":"오목천","lines":"수인·분당","hub":false,"color":"#eca300","rank":1},"geometry":{"type":"Point","coordinates":[126.9635,37.2431]}},{"type":"Feature","properties":{"kind":"station","id":"omokgyo","name":"Omokgyo","name_local":"오목교","lines":"5","hub":false,"color":"#794698","rank":1},"geometry":{"type":"Point","coordinates":[126.8752,37.5246]}},{"type":"Feature","properties":{"kind":"station","id":"onsu","name":"Onsu","name_local":"온수","lines":"1,7","hub":true,"color":null,"rank":1},"geometry":{"type":"Point","coordinates":[126.823,37.492]}},{"type":"Feature","properties":{"kind":"station","id":"ori","name":"Ori","name_local":"오리","lines":"수인·분당","hub":false,"color":"#eca300","rank":1},"geometry":{"type":"Point","coordinates":[127.109,37.3395]}},{"type":"Feature","properties":{"kind":"station","id":"oryu-dong","name":"Oryu-dong","name_local":"오류동","lines":"1","hub":false,"color":"#004a85","rank":1},"geometry":{"type":"Point","coordinates":[126.8434,37.494]}},{"type":"Feature","properties":{"kind":"station","id":"osm-11202094644","name":"아라","name_local":"아라","lines":"인천1","hub":false,"color":"#b4c7e7","rank":1},"geometry":{"type":"Point","coordinates":[126.7133,37.5922]}},{"type":"Feature","properties":{"kind":"station","id":"osm-11202094654","name":"신검단중앙","name_local":"신검단중앙","lines":"인천1","hub":false,"color":"#b4c7e7","rank":1},"geometry":{"type":"Point","coordinates":[126.6985,37.6026]}},{"type":"Feature","properties":{"kind":"station","id":"osm-13048340093","name":"검단호수공원","name_local":"검단호수공원","lines":"인천1","hub":false,"color":"#b4c7e7","rank":1},"geometry":{"type":"Point","coordinates":[126.6885,37.6024]}},{"type":"Feature","properties":{"kind":"station","id":"osm-1996406534","name":"마곡나루","name_local":"마곡나루","lines":"9,공항철도","hub":true,"color":null,"rank":1},"geometry":{"type":"Point","coordinates":[126.8277,37.5667]}},{"type":"Feature","properties":{"kind":"station","id":"osm-2111825348","name":"중계","name_local":"중계","lines":"7","hub":false,"color":"#6e7e31","rank":1},"geometry":{"type":"Point","coordinates":[127.0639,37.6455]}},{"type":"Feature","properties":{"kind":"station","id":"osm-2111924741","name":"청담","name_local":"청담","lines":"7","hub":false,"color":"#6e7e31","rank":1},"geometry":{"type":"Point","coordinates":[127.05,37.5189]}},{"type":"Feature","properties":{"kind":"station","id":"osm-2279487866","name":"반포","name_local":"반포","lines":"7","hub":false,"color":"#6e7e31","rank":1},"geometry":{"type":"Point","coordinates":[127.0116,37.5082]}},{"type":"Feature","properties":{"kind":"station","id":"osm-2360117049","name":"굴포천","name_local":"굴포천","lines":"7","hub":false,"color":"#6e7e31","rank":1},"geometry":{"type":"Point","coordinates":[126.7313,37.507]}},{"type":"Feature","properties":{"kind":"station","id":"osm-3278844059","name":"공덕","name_local":"공덕","lines":"5,6","hub":true,"color":null,"rank":1},"geometry":{"type":"Point","coordinates":[126.9508,37.5437]}},{"type":"Feature","properties":{"kind":"station","id":"osm-3278844465","name":"애오개","name_local":"애오개","lines":"5","hub":false,"color":"#794698","rank":1},"geometry":{"type":"Point","coordinates":[126.9567,37.5534]}},{"type":"Feature","properties":{"kind":"station","id":"osm-3279010892","name":"신당","name_local":"신당","lines":"6","hub":false,"color":"#7c4932","rank":1},"geometry":{"type":"Point","coordinates":[127.0162,37.5664]}},{"type":"Feature","properties":{"kind":"station","id":"osm-3279010922","name":"동묘앞","name_local":"동묘앞","lines":"6","hub":false,"color":"#7c4932","rank":1},"geometry":{"type":"Point","coordinates":[127.0158,37.5714]}},{"type":"Feature","properties":{"kind":"station","id":"osm-3426272937","name":"강동","name_local":"강동","lines":"5","hub":false,"color":"#794698","rank":1},"geometry":{"type":"Point","coordinates":[127.1326,37.5358]}},{"type":"Feature","properties":{"kind":"station","id":"osm-3429566621","name":"합정","name_local":"합정","lines":"6","hub":false,"color":"#7c4932","rank":1},"geometry":{"type":"Point","coordinates":[126.9135,37.5492]}},{"type":"Feature","properties":{"kind":"station","id":"osm-353186877","name":"마포","name_local":"마포","lines":"5","hub":false,"color":"#794698","rank":1},"geometry":{"type":"Point","coordinates":[126.946,37.5396]}},{"type":"Feature","properties":{"kind":"station","id":"osm-355172689","name":"가산디지털단지","name_local":"가산디지털단지","lines":"7","hub":false,"color":"#6e7e31","rank":1},"geometry":{"type":"Point","coordinates":[126.8816,37.4801]}},{"type":"Feature","properties":{"kind":"station","id":"osm-355172774","name":"석계","name_local":"석계","lines":"6","hub":false,"color":"#7c4932","rank":1},"geometry":{"type":"Point","coordinates":[127.0658,37.6149]}},{"type":"Feature","properties":{"kind":"station","id":"osm-355173312","name":"굽은다리","name_local":"굽은다리","lines":"5","hub":false,"color":"#794698","rank":1},"geometry":{"type":"Point","coordinates":[127.1429,37.5457]}},{"type":"Feature","properties":{"kind":"station","id":"osm-355173323","name":"길동","name_local":"길동","lines":"5","hub":false,"color":"#794698","rank":1},"geometry":{"type":"Point","coordinates":[127.1402,37.5384]}},{"type":"Feature","properties":{"kind":"station","id":"osm-355173360","name":"서대문","name_local":"서대문","lines":"5","hub":false,"color":"#794698","rank":1},"geometry":{"type":"Point","coordinates":[126.9666,37.5658]}},{"type":"Feature","properties":{"kind":"station","id":"osm-355173364","name":"신금호","name_local":"신금호","lines":"5","hub":false,"color":"#794698","rank":1},"geometry":{"type":"Point","coordinates":[127.0203,37.5545]}},{"type":"Feature","properties":{"kind":"station","id":"osm-355173365","name":"행당","name_local":"행당","lines":"5","hub":false,"color":"#794698","rank":1},"geometry":{"type":"Point","coordinates":[127.0299,37.5576]}},{"type":"Feature","properties":{"kind":"station","id":"osm-355173368","name":"마장","name_local":"마장","lines":"5","hub":false,"color":"#794698","rank":1},"geometry":{"type":"Point","coordinates":[127.0429,37.5661]}},{"type":"Feature","properties":{"kind":"station","id":"osm-355173370","name":"답십리","name_local":"답십리","lines":"5","hub":false,"color":"#794698","rank":1},"geometry":{"type":"Point","coordinates":[127.0527,37.5668]}},{"type":"Feature","properties":{"kind":"station","id":"osm-355173372","name":"장한평","name_local":"장한평","lines":"5","hub":false,"color":"#794698","rank":1},"geometry":{"type":"Point","coordinates":[127.0646,37.5615]}},{"type":"Feature","properties":{"kind":"station","id":"osm-355173375","name":"아차산","name_local":"아차산","lines":"5","hub":false,"color":"#794698","rank":1},"geometry":{"type":"Point","coordinates":[127.0898,37.5517]}},{"type":"Feature","properties":{"kind":"station","id":"osm-355173377","name":"광나루","name_local":"광나루","lines":"5","hub":false,"color":"#794698","rank":1},"geometry":{"type":"Point","coordinates":[127.1035,37.5453]}},{"type":"Feature","properties":{"kind":"station","id":"osm-355173381","name":"증산","name_local":"증산","lines":"6","hub":false,"color":"#7c4932","rank":1},"geometry":{"type":"Point","coordinates":[126.9099,37.5841]}},{"type":"Feature","properties":{"kind":"station","id":"osm-355173383","name":"역촌","name_local":"역촌","lines":"6","hub":false,"color":"#7c4932","rank":1},"geometry":{"type":"Point","coordinates":[126.9228,37.6061]}},{"type":"Feature","properties":{"kind":"station","id":"osm-355173384","name":"구산","name_local":"구산","lines":"6","hub":false,"color":"#7c4932","rank":1},"geometry":{"type":"Point","coordinates":[126.9171,37.611]}},{"type":"Feature","properties":{"kind":"station","id":"osm-355173386","name":"방화","name_local":"방화","lines":"5","hub":false,"color":"#794698","rank":1},"geometry":{"type":"Point","coordinates":[126.8128,37.5774]}},{"type":"Feature","properties":{"kind":"station","id":"osm-355173400","name":"안암","name_local":"안암","lines":"6","hub":false,"color":"#7c4932","rank":1},"geometry":{"type":"Point","coordinates":[127.0293,37.5863]}},{"type":"Feature","properties":{"kind":"station","id":"osm-355173402","name":"창신","name_local":"창신","lines":"6","hub":false,"color":"#7c4932","rank":1},"geometry":{"type":"Point","coordinates":[127.0153,37.5798]}},{"type":"Feature","properties":{"kind":"station","id":"osm-355173404","name":"돌곶이","name_local":"돌곶이","lines":"6","hub":false,"color":"#7c4932","rank":1},"geometry":{"type":"Point","coordinates":[127.0565,37.6105]}},{"type":"Feature","properties":{"kind":"station","id":"osm-355173405","name":"상월곡","name_local":"상월곡","lines":"6","hub":false,"color":"#7c4932","rank":1},"geometry":{"type":"Point","coordinates":[127.0483,37.6062]}},{"type":"Feature","properties":{"kind":"station","id":"osm-355173406","name":"월곡","name_local":"월곡","lines":"6","hub":false,"color":"#7c4932","rank":1},"geometry":{"type":"Point","coordinates":[127.0415,37.6019]}},{"type":"Feature","properties":{"kind":"station","id":"osm-355173413","name":"화랑대","name_local":"화랑대","lines":"6","hub":false,"color":"#7c4932","rank":1},"geometry":{"type":"Point","coordinates":[127.0837,37.6198]}},{"type":"Feature","properties":{"kind":"station","id":"osm-355173424","name":"마포구청","name_local":"마포구청","lines":"6","hub":false,"color":"#7c4932","rank":1},"geometry":{"type":"Point","coordinates":[126.9034,37.5635]}},{"type":"Feature","properties":{"kind":"station","id":"osm-355173426","name":"망원","name_local":"망원","lines":"6","hub":false,"color":"#7c4932","rank":1},"geometry":{"type":"Point","coordinates":[126.9101,37.556]}},{"type":"Feature","properties":{"kind":"station","id":"osm-355173429","name":"월드컵경기장","name_local":"월드컵경기장","lines":"6","hub":false,"color":"#7c4932","rank":1},"geometry":{"type":"Point","coordinates":[126.8993,37.5702]}},{"type":"Feature","properties":{"kind":"station","id":"osm-355173431","name":"광흥창","name_local":"광흥창","lines":"6","hub":false,"color":"#7c4932","rank":1},"geometry":{"type":"Point","coordinates":[126.932,37.5474]}},{"type":"Feature","properties":{"kind":"station","id":"osm-355173433","name":"대흥","name_local":"대흥","lines":"6","hub":false,"color":"#7c4932","rank":1},"geometry":{"type":"Point","coordinates":[126.9423,37.5477]}},{"type":"Feature","properties":{"kind":"station","id":"osm-355173436","name":"상수","name_local":"상수","lines":"6","hub":false,"color":"#7c4932","rank":1},"geometry":{"type":"Point","coordinates":[126.9229,37.5477]}},{"type":"Feature","properties":{"kind":"station","id":"osm-355173438","name":"녹사평","name_local":"녹사평","lines":"6","hub":false,"color":"#7c4932","rank":1},"geometry":{"type":"Point","coordinates":[126.9865,37.5347]}},{"type":"Feature","properties":{"kind":"station","id":"osm-355173440","name":"이태원","name_local":"이태원","lines":"6","hub":false,"color":"#7c4932","rank":1},"geometry":{"type":"Point","coordinates":[126.9944,37.5345]}},{"type":"Feature","properties":{"kind":"station","id":"osm-355173443","name":"효창공원앞","name_local":"효창공원앞","lines":"6","hub":false,"color":"#7c4932","rank":1},"geometry":{"type":"Point","coordinates":[126.9614,37.5393]}},{"type":"Feature","properties":{"kind":"station","id":"osm-355173445","name":"청구","name_local":"청구","lines":"5,6","hub":true,"color":null,"rank":1},"geometry":{"type":"Point","coordinates":[127.0137,37.5603]}},{"type":"Feature","properties":{"kind":"station","id":"osm-355173448","name":"한강진","name_local":"한강진","lines":"6","hub":false,"color":"#7c4932","rank":1},"geometry":{"type":"Point","coordinates":[127.0018,37.5398]}},{"type":"Feature","properties":{"kind":"station","id":"osm-355173451","name":"버티고개","name_local":"버티고개","lines":"6","hub":false,"color":"#7c4932","rank":1},"geometry":{"type":"Point","coordinates":[127.0067,37.5482]}},{"type":"Feature","properties":{"kind":"station","id":"osm-368637270","name":"상천","name_local":"상천","lines":"경춘","hub":false,"color":"#007a62","rank":2},"geometry":{"type":"Point","coordinates":[127.4544,37.7702]}},{"type":"Feature","properties":{"kind":"station","id":"osm-3823777524","name":"용마산","name_local":"용마산","lines":"7","hub":false,"color":"#6e7e31","rank":1},"geometry":{"type":"Point","coordinates":[127.0865,37.5739]}},{"type":"Feature","properties":{"kind":"station","id":"osm-3846532985","name":"약수","name_local":"약수","lines":"6","hub":false,"color":"#7c4932","rank":1},"geometry":{"type":"Point","coordinates":[127.0104,37.5542]}},{"type":"Feature","properties":{"kind":"station","id":"osm-4045715670","name":"금릉","name_local":"금릉","lines":"경의·중앙","hub":false,"color":"#6ac2b3","rank":1},"geometry":{"type":"Point","coordinates":[126.7658,37.7506]}},{"type":"Feature","properties":{"kind":"station","id":"osm-4076814733","name":"응봉","name_local":"응봉","lines":"경의·중앙","hub":false,"color":"#6ac2b3","rank":1},"geometry":{"type":"Point","coordinates":[127.0349,37.5506]}},{"type":"Feature","properties":{"kind":"station","id":"osm-4076837554","name":"한남","name_local":"한남","lines":"경의·중앙","hub":false,"color":"#6ac2b3","rank":1},"geometry":{"type":"Point","coordinates":[127.0099,37.5297]}},{"type":"Feature","properties":{"kind":"station","id":"osm-4079478419","name":null,"name_local":null,"lines":"경의·중앙","hub":false,"color":"#6ac2b3","rank":1},"geometry":{"type":"Point","coordinates":[126.9272,37.5573]}},{"type":"Feature","properties":{"kind":"station","id":"osm-414684925","name":"여의나루","name_local":"여의나루","lines":"5","hub":false,"color":"#794698","rank":1},"geometry":{"type":"Point","coordinates":[126.9325,37.5269]}},{"type":"Feature","properties":{"kind":"station","id":"osm-436832405","name":"학동","name_local":"학동","lines":"7","hub":false,"color":"#6e7e31","rank":1},"geometry":{"type":"Point","coordinates":[127.0307,37.514]}},{"type":"Feature","properties":{"kind":"station","id":"osm-4706526694","name":"중화","name_local":"중화","lines":"7","hub":false,"color":"#6e7e31","rank":1},"geometry":{"type":"Point","coordinates":[127.0794,37.6016]}},{"type":"Feature","properties":{"kind":"station","id":"osm-5528524289","name":"달미","name_local":"달미","lines":"서해","hub":false,"color":"#5eac41","rank":1},"geometry":{"type":"Point","coordinates":[126.8091,37.349]}},{"type":"Feature","properties":{"kind":"station","id":"osm-5801302008","name":"영등포구청","name_local":"영등포구청","lines":"5","hub":false,"color":"#794698","rank":1},"geometry":{"type":"Point","coordinates":[126.8964,37.524]}},{"type":"Feature","properties":{"kind":"station","id":"osm-5863378574","name":"잠실","name_local":"잠실","lines":"8","hub":false,"color":"#d11d70","rank":1},"geometry":{"type":"Point","coordinates":[127.1035,37.5143]}},{"type":"Feature","properties":{"kind":"station","id":"osm-5881583286","name":"가평","name_local":"가평","lines":"경춘","hub":false,"color":"#007a62","rank":2},"geometry":{"type":"Point","coordinates":[127.5107,37.8145]}},{"type":"Feature","properties":{"kind":"station","id":"osm-5881583315","name":"굴봉산","name_local":"굴봉산","lines":"경춘","hub":false,"color":"#007a62","rank":2},"geometry":{"type":"Point","coordinates":[127.5571,37.8319]}},{"type":"Feature","properties":{"kind":"station","id":"osm-5881583346","name":"백양리","name_local":"백양리","lines":"경춘","hub":false,"color":"#007a62","rank":2},"geometry":{"type":"Point","coordinates":[127.5892,37.8308]}},{"type":"Feature","properties":{"kind":"station","id":"osm-5881583349","name":"강촌","name_local":"강촌","lines":"경춘","hub":false,"color":"#007a62","rank":2},"geometry":{"type":"Point","coordinates":[127.6341,37.8057]}},{"type":"Feature","properties":{"kind":"station","id":"osm-5881583609","name":"김유정","name_local":"김유정","lines":"경춘","hub":false,"color":"#007a62","rank":2},"geometry":{"type":"Point","coordinates":[127.7143,37.8184]}},{"type":"Feature","properties":{"kind":"station","id":"osm-5881583621","name":"남춘천","name_local":"남춘천","lines":"경춘","hub":false,"color":"#007a62","rank":2},"geometry":{"type":"Point","coordinates":[127.7239,37.864]}},{"type":"Feature","properties":{"kind":"station","id":"osm-5881583635","name":"춘천","name_local":"춘천","lines":"경춘","hub":false,"color":"#007a62","rank":2},"geometry":{"type":"Point","coordinates":[127.7166,37.8845]}},{"type":"Feature","properties":{"kind":"station","id":"osm-5881815130","name":"금곡","name_local":"금곡","lines":"경춘","hub":false,"color":"#007a62","rank":2},"geometry":{"type":"Point","coordinates":[127.2074,37.6373]}},{"type":"Feature","properties":{"kind":"station","id":"osm-5881815133","name":"평내호평","name_local":"평내호평","lines":"경춘","hub":false,"color":"#007a62","rank":2},"geometry":{"type":"Point","coordinates":[127.2445,37.6532]}},{"type":"Feature","properties":{"kind":"station","id":"osm-5881815149","name":"천마산","name_local":"천마산","lines":"경춘","hub":false,"color":"#007a62","rank":2},"geometry":{"type":"Point","coordinates":[127.2851,37.6592]}},{"type":"Feature","properties":{"kind":"station","id":"osm-5881815288","name":"마석","name_local":"마석","lines":"경춘","hub":false,"color":"#007a62","rank":2},"geometry":{"type":"Point","coordinates":[127.3117,37.6528]}},{"type":"Feature","properties":{"kind":"station","id":"osm-5881815368","name":"대성리","name_local":"대성리","lines":"경춘","hub":false,"color":"#007a62","rank":2},"geometry":{"type":"Point","coordinates":[127.3796,37.6839]}},{"type":"Feature","properties":{"kind":"station","id":"osm-5881815505","name":"청평","name_local":"청평","lines":"경춘","hub":false,"color":"#007a62","rank":2},"geometry":{"type":"Point","coordinates":[127.4266,37.7355]}},{"type":"Feature","properties":{"kind":"station","id":"osm-5884250492","name":"신내","name_local":"신내","lines":"경춘","hub":false,"color":"#007a62","rank":2},"geometry":{"type":"Point","coordinates":[127.1032,37.6126]}},{"type":"Feature","properties":{"kind":"station","id":"osm-5884250498","name":"갈매","name_local":"갈매","lines":"경춘","hub":false,"color":"#007a62","rank":2},"geometry":{"type":"Point","coordinates":[127.1147,37.634]}},{"type":"Feature","properties":{"kind":"station","id":"osm-5884250513","name":"별내","name_local":"별내","lines":"경춘","hub":false,"color":"#007a62","rank":2},"geometry":{"type":"Point","coordinates":[127.1284,37.6427]}},{"type":"Feature","properties":{"kind":"station","id":"osm-5884250530","name":"퇴계원","name_local":"퇴계원","lines":"경춘","hub":false,"color":"#007a62","rank":2},"geometry":{"type":"Point","coordinates":[127.1435,37.6483]}},{"type":"Feature","properties":{"kind":"station","id":"osm-5884250545","name":"사릉","name_local":"사릉","lines":"경춘","hub":false,"color":"#007a62","rank":2},"geometry":{"type":"Point","coordinates":[127.1769,37.6511]}},{"type":"Feature","properties":{"kind":"station","id":"osm-5887905551","name":"회기","name_local":"회기","lines":"경의·중앙,경춘","hub":true,"color":null,"rank":1},"geometry":{"type":"Point","coordinates":[127.0584,37.5899]}},{"type":"Feature","properties":{"kind":"station","id":"osm-5887905554","name":"상봉","name_local":"상봉","lines":"7,경의·중앙,경춘","hub":true,"color":null,"rank":1},"geometry":{"type":"Point","coordinates":[127.0866,37.5975]}},{"type":"Feature","properties":{"kind":"station","id":"osm-5889529432","name":"신원","name_local":"신원","lines":"경의·중앙","hub":false,"color":"#6ac2b3","rank":1},"geometry":{"type":"Point","coordinates":[127.3736,37.5249]}},{"type":"Feature","properties":{"kind":"station","id":"osm-5889529443","name":"국수","name_local":"국수","lines":"경의·중앙","hub":false,"color":"#6ac2b3","rank":1},"geometry":{"type":"Point","coordinates":[127.4003,37.5164]}},{"type":"Feature","properties":{"kind":"station","id":"osm-5889529471","name":"오빈","name_local":"오빈","lines":"경의·중앙","hub":false,"color":"#6ac2b3","rank":1},"geometry":{"type":"Point","coordinates":[127.4747,37.506]}},{"type":"Feature","properties":{"kind":"station","id":"osm-5889529480","name":"양평","name_local":"양평","lines":"경의·중앙","hub":false,"color":"#6ac2b3","rank":1},"geometry":{"type":"Point","coordinates":[127.4927,37.4921]}},{"type":"Feature","properties":{"kind":"station","id":"osm-5889532073","name":"원덕","name_local":"원덕","lines":"경의·중앙","hub":false,"color":"#6ac2b3","rank":1},"geometry":{"type":"Point","coordinates":[127.5477,37.4687]}},{"type":"Feature","properties":{"kind":"station","id":"osm-5890164132","name":"팔당","name_local":"팔당","lines":"경의·중앙","hub":false,"color":"#6ac2b3","rank":1},"geometry":{"type":"Point","coordinates":[127.2446,37.547]}},{"type":"Feature","properties":{"kind":"station","id":"osm-5890164135","name":"운길산","name_local":"운길산","lines":"경의·중앙","hub":false,"color":"#6ac2b3","rank":1},"geometry":{"type":"Point","coordinates":[127.3108,37.5544]}},{"type":"Feature","properties":{"kind":"station","id":"osm-5890164148","name":"양수","name_local":"양수","lines":"경의·중앙","hub":false,"color":"#6ac2b3","rank":1},"geometry":{"type":"Point","coordinates":[127.3299,37.5456]}},{"type":"Feature","properties":{"kind":"station","id":"osm-5890636979","name":"왕십리","name_local":"왕십리","lines":"경의·중앙","hub":false,"color":"#6ac2b3","rank":1},"geometry":{"type":"Point","coordinates":[127.0384,37.5613]}},{"type":"Feature","properties":{"kind":"station","id":"osm-5890637410","name":"중랑","name_local":"중랑","lines":"경의·중앙,경춘","hub":true,"color":null,"rank":1},"geometry":{"type":"Point","coordinates":[127.0771,37.5952]}},{"type":"Feature","properties":{"kind":"station","id":"osm-5890637454","name":"양원","name_local":"양원","lines":"경의·중앙","hub":false,"color":"#6ac2b3","rank":1},"geometry":{"type":"Point","coordinates":[127.109,37.6069]}},{"type":"Feature","properties":{"kind":"station","id":"osm-5890637459","name":"구리","name_local":"구리","lines":"경의·중앙","hub":false,"color":"#6ac2b3","rank":1},"geometry":{"type":"Point","coordinates":[127.1444,37.6036]}},{"type":"Feature","properties":{"kind":"station","id":"osm-5890637473","name":"양정","name_local":"양정","lines":"경의·중앙","hub":false,"color":"#6ac2b3","rank":1},"geometry":{"type":"Point","coordinates":[127.195,37.6035]}},{"type":"Feature","properties":{"kind":"station","id":"osm-5890637493","name":"덕소","name_local":"덕소","lines":"경의·중앙","hub":false,"color":"#6ac2b3","rank":1},"geometry":{"type":"Point","coordinates":[127.2101,37.5862]}},{"type":"Feature","properties":{"kind":"station","id":"osm-5890637514","name":"도심","name_local":"도심","lines":"경의·중앙","hub":false,"color":"#6ac2b3","rank":1},"geometry":{"type":"Point","coordinates":[127.2236,37.5794]}},{"type":"Feature","properties":{"kind":"station","id":"osm-5890815211","name":"금촌","name_local":"금촌","lines":"경의·중앙","hub":false,"color":"#6ac2b3","rank":1},"geometry":{"type":"Point","coordinates":[126.7737,37.7658]}},{"type":"Feature","properties":{"kind":"station","id":"osm-5890815219","name":"월롱","name_local":"월롱","lines":"경의·중앙","hub":false,"color":"#6ac2b3","rank":1},"geometry":{"type":"Point","coordinates":[126.7923,37.7955]}},{"type":"Feature","properties":{"kind":"station","id":"osm-5890815485","name":"파주","name_local":"파주","lines":"경의·중앙","hub":false,"color":"#6ac2b3","rank":1},"geometry":{"type":"Point","coordinates":[126.7927,37.8142]}},{"type":"Feature","properties":{"kind":"station","id":"osm-5890815513","name":"문산","name_local":"문산","lines":"경의·중앙","hub":false,"color":"#6ac2b3","rank":1},"geometry":{"type":"Point","coordinates":[126.788,37.8536]}},{"type":"Feature","properties":{"kind":"station","id":"osm-5891336700","name":"능곡","name_local":"능곡","lines":"경의·중앙,서해","hub":true,"color":null,"rank":1},"geometry":{"type":"Point","coordinates":[126.8213,37.6185]}},{"type":"Feature","properties":{"kind":"station","id":"osm-5891336917","name":"대곡","name_local":"대곡","lines":"경의·중앙,서해","hub":true,"color":null,"rank":1},"geometry":{"type":"Point","coordinates":[126.8103,37.6313]}},{"type":"Feature","properties":{"kind":"station","id":"osm-5891337070","name":"탄현","name_local":"탄현","lines":"경의·중앙","hub":false,"color":"#6ac2b3","rank":1},"geometry":{"type":"Point","coordinates":[126.761,37.6931]}},{"type":"Feature","properties":{"kind":"station","id":"osm-5893030191","name":"옥수","name_local":"옥수","lines":"경의·중앙","hub":false,"color":"#6ac2b3","rank":1},"geometry":{"type":"Point","coordinates":[127.0196,37.5411]}},{"type":"Feature","properties":{"kind":"station","id":"osm-5893030218","name":"서빙고","name_local":"서빙고","lines":"경의·중앙","hub":false,"color":"#6ac2b3","rank":1},"geometry":{"type":"Point","coordinates":[126.9892,37.5196]}},{"type":"Feature","properties":{"kind":"station","id":"osm-5893030245","name":null,"name_local":null,"lines":"경의·중앙","hub":false,"color":"#6ac2b3","rank":1},"geometry":{"type":"Point","coordinates":[126.9156,37.5683]}},{"type":"Feature","properties":{"kind":"station","id":"osm-5893288217","name":"강매","name_local":"강매","lines":"경의·중앙","hub":false,"color":"#6ac2b3","rank":1},"geometry":{"type":"Point","coordinates":[126.8447,37.6124]}},{"type":"Feature","properties":{"kind":"station","id":"osm-5907965001","name":"인천논현","name_local":"인천논현","lines":"수인·분당","hub":false,"color":"#eca300","rank":1},"geometry":{"type":"Point","coordinates":[126.7215,37.4005]}},{"type":"Feature","properties":{"kind":"station","id":"osm-5907965096","name":"달월","name_local":"달월","lines":"수인·분당","hub":false,"color":"#eca300","rank":1},"geometry":{"type":"Point","coordinates":[126.7459,37.3807]}},{"type":"Feature","properties":{"kind":"station","id":"osm-5915757377","name":"명일","name_local":"명일","lines":"5","hub":false,"color":"#794698","rank":1},"geometry":{"type":"Point","coordinates":[127.1441,37.5519]}},{"type":"Feature","properties":{"kind":"station","id":"osm-5916874385","name":"응암","name_local":"응암","lines":"6","hub":false,"color":"#7c4932","rank":1},"geometry":{"type":"Point","coordinates":[126.9155,37.5984]}},{"type":"Feature","properties":{"kind":"station","id":"osm-5917210895","name":"여의도","name_local":"여의도","lines":"5,9","hub":true,"color":null,"rank":1},"geometry":{"type":"Point","coordinates":[126.9241,37.5217]}},{"type":"Feature","properties":{"kind":"station","id":"osm-5919544688","name":"디지털미디어시티","name_local":"디지털미디어시티","lines":"6","hub":false,"color":"#7c4932","rank":1},"geometry":{"type":"Point","coordinates":[126.9014,37.5762]}},{"type":"Feature","properties":{"kind":"station","id":"osm-5919544694","name":null,"name_local":null,"lines":"공항철도","hub":false,"color":"#0079ac","rank":1},"geometry":{"type":"Point","coordinates":[126.8981,37.5774]}},{"type":"Feature","properties":{"kind":"station","id":"osm-5919544723","name":"검암","name_local":"검암","lines":"공항철도","hub":false,"color":"#0079ac","rank":1},"geometry":{"type":"Point","coordinates":[126.6737,37.5692]}},{"type":"Feature","properties":{"kind":"station","id":"osm-5919544740","name":"청라국제도시","name_local":"청라국제도시","lines":"공항철도","hub":false,"color":"#0079ac","rank":1},"geometry":{"type":"Point","coordinates":[126.6247,37.5565]}},{"type":"Feature","properties":{"kind":"station","id":"osm-5919544751","name":"영종","name_local":"영종","lines":"공항철도","hub":false,"color":"#0079ac","rank":1},"geometry":{"type":"Point","coordinates":[126.5249,37.512]}},{"type":"Feature","properties":{"kind":"station","id":"osm-5919544811","name":"운서","name_local":"운서","lines":"공항철도","hub":false,"color":"#0079ac","rank":1},"geometry":{"type":"Point","coordinates":[126.4937,37.4928]}},{"type":"Feature","properties":{"kind":"station","id":"osm-5919544815","name":"공항화물청사","name_local":"공항화물청사","lines":"공항철도","hub":false,"color":"#0079ac","rank":1},"geometry":{"type":"Point","coordinates":[126.4776,37.4589]}},{"type":"Feature","properties":{"kind":"station","id":"osm-5919544837","name":"인천공항2터미널","name_local":"인천공항2터미널","lines":"공항철도","hub":false,"color":"#0079ac","rank":1},"geometry":{"type":"Point","coordinates":[126.4335,37.4689]}},{"type":"Feature","properties":{"kind":"station","id":"osm-5921531688","name":"시흥능곡","name_local":"시흥능곡","lines":"서해","hub":false,"color":"#5eac41","rank":1},"geometry":{"type":"Point","coordinates":[126.8088,37.3702]}},{"type":"Feature","properties":{"kind":"station","id":"osm-5927813976","name":"곤지암","name_local":"곤지암","lines":"경강","hub":false,"color":"#0b318f","rank":2},"geometry":{"type":"Point","coordinates":[127.3463,37.3505]}},{"type":"Feature","properties":{"kind":"station","id":"osm-5927814407","name":"경기광주","name_local":"경기광주","lines":"경강","hub":false,"color":"#0b318f","rank":2},"geometry":{"type":"Point","coordinates":[127.2533,37.3989]}},{"type":"Feature","properties":{"kind":"station","id":"osm-5930629962","name":"여주","name_local":"여주","lines":"경강","hub":false,"color":"#0b318f","rank":2},"geometry":{"type":"Point","coordinates":[127.629,37.2828]}},{"type":"Feature","properties":{"kind":"station","id":"osm-5930638346","name":"이천","name_local":"이천","lines":"경강","hub":false,"color":"#0b318f","rank":2},"geometry":{"type":"Point","coordinates":[127.4422,37.2643]}},{"type":"Feature","properties":{"kind":"station","id":"osm-5930638509","name":"신둔도예촌","name_local":"신둔도예촌","lines":"경강","hub":false,"color":"#0b318f","rank":2},"geometry":{"type":"Point","coordinates":[127.4053,37.3157]}},{"type":"Feature","properties":{"kind":"station","id":"osm-5930698993","name":"불광","name_local":"불광","lines":"6","hub":false,"color":"#7c4932","rank":1},"geometry":{"type":"Point","coordinates":[126.9292,37.6107]}},{"type":"Feature","properties":{"kind":"station","id":"osm-5935738065","name":"을지로4가","name_local":"을지로4가","lines":"5","hub":false,"color":"#794698","rank":1},"geometry":{"type":"Point","coordinates":[126.9981,37.5669]}},{"type":"Feature","properties":{"kind":"station","id":"osm-595746654","name":"논현","name_local":"논현","lines":"7","hub":false,"color":"#6e7e31","rank":1},"geometry":{"type":"Point","coordinates":[127.0215,37.5111]}},{"type":"Feature","properties":{"kind":"station","id":"osm-6039313614","name":"군자","name_local":"군자","lines":"5,7","hub":true,"color":null,"rank":1},"geometry":{"type":"Point","coordinates":[127.0796,37.5572]}},{"type":"Feature","properties":{"kind":"station","id":"osm-6039313681","name":"영등포시장","name_local":"영등포시장","lines":"5","hub":false,"color":"#794698","rank":1},"geometry":{"type":"Point","coordinates":[126.9051,37.5227]}},{"type":"Feature","properties":{"kind":"station","id":"osm-6041673025","name":"태릉입구","name_local":"태릉입구","lines":"6,7","hub":true,"color":null,"rank":1},"geometry":{"type":"Point","coordinates":[127.0745,37.6172]}},{"type":"Feature","properties":{"kind":"station","id":"osm-6041674928","name":"독바위","name_local":"독바위","lines":"6","hub":false,"color":"#7c4932","rank":1},"geometry":{"type":"Point","coordinates":[126.9331,37.6185]}},{"type":"Feature","properties":{"kind":"station","id":"osm-6046633859","name":"어린이대공원","name_local":"어린이대공원","lines":"7","hub":false,"color":"#6e7e31","rank":1},"geometry":{"type":"Point","coordinates":[127.0744,37.5476]}},{"type":"Feature","properties":{"kind":"station","id":"osm-6046633878","name":"노원","name_local":"노원","lines":"7","hub":false,"color":"#6e7e31","rank":1},"geometry":{"type":"Point","coordinates":[127.0607,37.6535]}},{"type":"Feature","properties":{"kind":"station","id":"osm-6046634697","name":"수락산","name_local":"수락산","lines":"7","hub":false,"color":"#6e7e31","rank":1},"geometry":{"type":"Point","coordinates":[127.0552,37.677]}},{"type":"Feature","properties":{"kind":"station","id":"osm-6046634703","name":"마들","name_local":"마들","lines":"7","hub":false,"color":"#6e7e31","rank":1},"geometry":{"type":"Point","coordinates":[127.0578,37.6647]}},{"type":"Feature","properties":{"kind":"station","id":"osm-6046634707","name":"하계","name_local":"하계","lines":"7","hub":false,"color":"#6e7e31","rank":1},"geometry":{"type":"Point","coordinates":[127.0682,37.636]}},{"type":"Feature","properties":{"kind":"station","id":"osm-6046634708","name":"공릉","name_local":"공릉","lines":"7","hub":false,"color":"#6e7e31","rank":1},"geometry":{"type":"Point","coordinates":[127.073,37.6256]}},{"type":"Feature","properties":{"kind":"station","id":"osm-6046634710","name":"먹골","name_local":"먹골","lines":"7","hub":false,"color":"#6e7e31","rank":1},"geometry":{"type":"Point","coordinates":[127.0776,37.6114]}},{"type":"Feature","properties":{"kind":"station","id":"osm-6046634712","name":"면목","name_local":"면목","lines":"7","hub":false,"color":"#6e7e31","rank":1},"geometry":{"type":"Point","coordinates":[127.0875,37.5884]}},{"type":"Feature","properties":{"kind":"station","id":"osm-6046634739","name":"사가정","name_local":"사가정","lines":"7","hub":false,"color":"#6e7e31","rank":1},"geometry":{"type":"Point","coordinates":[127.0884,37.5807]}},{"type":"Feature","properties":{"kind":"station","id":"osm-6046634750","name":"중곡","name_local":"중곡","lines":"7","hub":false,"color":"#6e7e31","rank":1},"geometry":{"type":"Point","coordinates":[127.0845,37.5663]}},{"type":"Feature","properties":{"kind":"station","id":"osm-6048953571","name":"남구로","name_local":"남구로","lines":"7","hub":false,"color":"#6e7e31","rank":1},"geometry":{"type":"Point","coordinates":[126.8867,37.4854]}},{"type":"Feature","properties":{"kind":"station","id":"osm-6048953574","name":"대림","name_local":"대림","lines":"7","hub":false,"color":"#6e7e31","rank":1},"geometry":{"type":"Point","coordinates":[126.8963,37.4925]}},{"type":"Feature","properties":{"kind":"station","id":"osm-6048955086","name":"광명사거리","name_local":"광명사거리","lines":"7","hub":false,"color":"#6e7e31","rank":1},"geometry":{"type":"Point","coordinates":[126.8538,37.4796]}},{"type":"Feature","properties":{"kind":"station","id":"osm-6048955110","name":"신풍","name_local":"신풍","lines":"7","hub":false,"color":"#6e7e31","rank":1},"geometry":{"type":"Point","coordinates":[126.9089,37.5002]}},{"type":"Feature","properties":{"kind":"station","id":"osm-6048955111","name":"보라매","name_local":"보라매","lines":"7","hub":false,"color":"#6e7e31","rank":1},"geometry":{"type":"Point","coordinates":[126.9198,37.5]}},{"type":"Feature","properties":{"kind":"station","id":"osm-6048955112","name":"신대방삼거리","name_local":"신대방삼거리","lines":"7","hub":false,"color":"#6e7e31","rank":1},"geometry":{"type":"Point","coordinates":[126.9282,37.4997]}},{"type":"Feature","properties":{"kind":"station","id":"osm-6048955124","name":"장승배기","name_local":"장승배기","lines":"7","hub":false,"color":"#6e7e31","rank":1},"geometry":{"type":"Point","coordinates":[126.9392,37.505]}},{"type":"Feature","properties":{"kind":"station","id":"osm-6048955147","name":"상도","name_local":"상도","lines":"7","hub":false,"color":"#6e7e31","rank":1},"geometry":{"type":"Point","coordinates":[126.9477,37.5032]}},{"type":"Feature","properties":{"kind":"station","id":"osm-6048955148","name":"숭실대입구","name_local":"숭실대입구","lines":"7","hub":false,"color":"#6e7e31","rank":1},"geometry":{"type":"Point","coordinates":[126.9541,37.4957]}},{"type":"Feature","properties":{"kind":"station","id":"osm-6048955158","name":"남성","name_local":"남성","lines":"7","hub":false,"color":"#6e7e31","rank":1},"geometry":{"type":"Point","coordinates":[126.9719,37.4844]}},{"type":"Feature","properties":{"kind":"station","id":"osm-6050654943","name":"상동","name_local":"상동","lines":"7","hub":false,"color":"#6e7e31","rank":1},"geometry":{"type":"Point","coordinates":[126.7532,37.5058]}},{"type":"Feature","properties":{"kind":"station","id":"osm-6050654945","name":"부천시청","name_local":"부천시청","lines":"7","hub":false,"color":"#6e7e31","rank":1},"geometry":{"type":"Point","coordinates":[126.7632,37.5048]}},{"type":"Feature","properties":{"kind":"station","id":"osm-6050654948","name":"삼산체육관","name_local":"삼산체육관","lines":"7","hub":false,"color":"#6e7e31","rank":1},"geometry":{"type":"Point","coordinates":[126.7423,37.5065]}},{"type":"Feature","properties":{"kind":"station","id":"osm-6050655845","name":"신중동","name_local":"신중동","lines":"7","hub":false,"color":"#6e7e31","rank":1},"geometry":{"type":"Point","coordinates":[126.7762,37.5031]}},{"type":"Feature","properties":{"kind":"station","id":"osm-6050655850","name":"춘의","name_local":"춘의","lines":"7","hub":false,"color":"#6e7e31","rank":1},"geometry":{"type":"Point","coordinates":[126.7872,37.5037]}},{"type":"Feature","properties":{"kind":"station","id":"osm-6050655851","name":"부천종합운동장","name_local":"부천종합운동장","lines":"7,서해","hub":true,"color":null,"rank":1},"geometry":{"type":"Point","coordinates":[126.7973,37.5055]}},{"type":"Feature","properties":{"kind":"station","id":"osm-6050655863","name":"까치울","name_local":"까치울","lines":"7","hub":false,"color":"#6e7e31","rank":1},"geometry":{"type":"Point","coordinates":[126.8114,37.5063]}},{"type":"Feature","properties":{"kind":"station","id":"osm-6050655875","name":"천왕","name_local":"천왕","lines":"7","hub":false,"color":"#6e7e31","rank":1},"geometry":{"type":"Point","coordinates":[126.839,37.4864]}},{"type":"Feature","properties":{"kind":"station","id":"osm-6102706369","name":"둔촌오륜","name_local":"둔촌오륜","lines":"9","hub":false,"color":"#a49d87","rank":1},"geometry":{"type":"Point","coordinates":[127.1383,37.5199]}},{"type":"Feature","properties":{"kind":"station","id":"osm-6102706374","name":"올림픽공원","name_local":"올림픽공원","lines":"9","hub":false,"color":"#a49d87","rank":1},"geometry":{"type":"Point","coordinates":[127.1303,37.5161]}},{"type":"Feature","properties":{"kind":"station","id":"osm-6102706816","name":"석촌고분","name_local":"석촌고분","lines":"9","hub":false,"color":"#a49d87","rank":1},"geometry":{"type":"Point","coordinates":[127.0966,37.5024]}},{"type":"Feature","properties":{"kind":"station","id":"osm-6102706837","name":"한성백제","name_local":"한성백제","lines":"9","hub":false,"color":"#a49d87","rank":1},"geometry":{"type":"Point","coordinates":[127.1163,37.5167]}},{"type":"Feature","properties":{"kind":"station","id":"osm-6117347089","name":"송파나루","name_local":"송파나루","lines":"9","hub":false,"color":"#a49d87","rank":1},"geometry":{"type":"Point","coordinates":[127.1129,37.5112]}},{"type":"Feature","properties":{"kind":"station","id":"osm-6117347092","name":"삼전","name_local":"삼전","lines":"9","hub":false,"color":"#a49d87","rank":1},"geometry":{"type":"Point","coordinates":[127.0872,37.5045]}},{"type":"Feature","properties":{"kind":"station","id":"osm-7271361461","name":"청량리","name_local":"청량리","lines":"경의·중앙,경춘,수인·분당","hub":true,"color":null,"rank":1},"geometry":{"type":"Point","coordinates":[127.0479,37.5809]}},{"type":"Feature","properties":{"kind":"station","id":"osm-7287965131","name":"구성","name_local":"구성","lines":"수인·분당","hub":false,"color":"#eca300","rank":1},"geometry":{"type":"Point","coordinates":[127.1058,37.299]}},{"type":"Feature","properties":{"kind":"station","id":"osm-7287965144","name":"신갈","name_local":"신갈","lines":"수인·분당","hub":false,"color":"#eca300","rank":1},"geometry":{"type":"Point","coordinates":[127.1114,37.2862]}},{"type":"Feature","properties":{"kind":"station","id":"osm-7287965173","name":"상갈","name_local":"상갈","lines":"수인·분당","hub":false,"color":"#eca300","rank":1},"geometry":{"type":"Point","coordinates":[127.1089,37.2616]}},{"type":"Feature","properties":{"kind":"station","id":"osm-7287966290","name":"청명","name_local":"청명","lines":"수인·분당","hub":false,"color":"#eca300","rank":1},"geometry":{"type":"Point","coordinates":[127.0796,37.26]}},{"type":"Feature","properties":{"kind":"station","id":"osm-7287966294","name":"영통","name_local":"영통","lines":"수인·분당","hub":false,"color":"#eca300","rank":1},"geometry":{"type":"Point","coordinates":[127.0713,37.2513]}},{"type":"Feature","properties":{"kind":"station","id":"osm-7287966303","name":"망포","name_local":"망포","lines":"수인·분당","hub":false,"color":"#eca300","rank":1},"geometry":{"type":"Point","coordinates":[127.057,37.2456]}},{"type":"Feature","properties":{"kind":"station","id":"osm-7287966314","name":"매탄권선","name_local":"매탄권선","lines":"수인·분당","hub":false,"color":"#eca300","rank":1},"geometry":{"type":"Point","coordinates":[127.0404,37.253]}},{"type":"Feature","properties":{"kind":"station","id":"osm-7287966324","name":"수원시청","name_local":"수원시청","lines":"수인·분당","hub":false,"color":"#eca300","rank":1},"geometry":{"type":"Point","coordinates":[127.0319,37.2617]}},{"type":"Feature","properties":{"kind":"station","id":"osm-7287966331","name":"매교","name_local":"매교","lines":"수인·분당","hub":false,"color":"#eca300","rank":1},"geometry":{"type":"Point","coordinates":[127.0157,37.2655]}},{"type":"Feature","properties":{"kind":"station","id":"osm-7798230510","name":"하남풍산","name_local":"하남풍산","lines":"5","hub":false,"color":"#794698","rank":1},"geometry":{"type":"Point","coordinates":[127.2043,37.5528]}},{"type":"Feature","properties":{"kind":"station","id":"osm-8334213086","name":"행신","name_local":"행신","lines":"경의·중앙","hub":false,"color":"#6ac2b3","rank":1},"geometry":{"type":"Point","coordinates":[126.8342,37.6123]}},{"type":"Feature","properties":{"kind":"station","id":"pangyo","name":"Pangyo","name_local":"판교","lines":"경강,신분당","hub":true,"color":null,"rank":1},"geometry":{"type":"Point","coordinates":[127.1112,37.3944]}},{"type":"Feature","properties":{"kind":"station","id":"pungsan","name":"Pungsan","name_local":"풍산","lines":"경의·중앙,서해","hub":true,"color":null,"rank":1},"geometry":{"type":"Point","coordinates":[126.7867,37.6716]}},{"type":"Feature","properties":{"kind":"station","id":"pyeongchon","name":"Pyeongchon","name_local":"평촌","lines":"4","hub":false,"color":"#009bce","rank":1},"geometry":{"type":"Point","coordinates":[126.9639,37.3943]}},{"type":"Feature","properties":{"kind":"station","id":"sadang","name":"Sadang","name_local":"사당","lines":"2,4","hub":true,"color":null,"rank":1},"geometry":{"type":"Point","coordinates":[126.9825,37.4765]}},{"type":"Feature","properties":{"kind":"station","id":"sae-mal","name":"Sae-mal","name_local":"새말","lines":"U","hub":false,"color":"#f0831e","rank":1},"geometry":{"type":"Point","coordinates":[127.064,37.7489]}},{"type":"Feature","properties":{"kind":"station","id":"saejeol","name":"Saejeol","name_local":"새절","lines":"6","hub":false,"color":"#7c4932","rank":1},"geometry":{"type":"Point","coordinates":[126.9135,37.5911]}},{"type":"Feature","properties":{"kind":"station","id":"saetgang","name":"Saetgang","name_local":"샛강","lines":"9,Silim","hub":true,"color":null,"rank":1},"geometry":{"type":"Point","coordinates":[126.9284,37.5173]}},{"type":"Feature","properties":{"kind":"station","id":"samdong","name":"Samdong","name_local":"삼동","lines":"경강","hub":false,"color":"#0b318f","rank":2},"geometry":{"type":"Point","coordinates":[127.2034,37.4087]}},{"type":"Feature","properties":{"kind":"station","id":"samgakji","name":"Samgakji","name_local":"삼각지","lines":"4,6","hub":true,"color":null,"rank":1},"geometry":{"type":"Point","coordinates":[126.9739,37.5356]}},{"type":"Feature","properties":{"kind":"station","id":"samseong-jungang","name":"Samseong Jungang","name_local":"삼성중앙","lines":"9","hub":false,"color":"#a49d87","rank":1},"geometry":{"type":"Point","coordinates":[127.0537,37.5131]}},{"type":"Feature","properties":{"kind":"station","id":"samseong-world-trade-center-seoul","name":"Samseong(World Trade Center Seoul)","name_local":"삼성","lines":"2","hub":false,"color":"#00a23f","rank":1},"geometry":{"type":"Point","coordinates":[127.0642,37.5091]}},{"type":"Feature","properties":{"kind":"station","id":"samsong","name":"Samsong","name_local":"삼송","lines":"3","hub":false,"color":"#ed6c00","rank":1},"geometry":{"type":"Point","coordinates":[126.8955,37.6531]}},{"type":"Feature","properties":{"kind":"station","id":"samyang","name":"Samyang","name_local":"삼양","lines":"W","hub":false,"color":"#bacc50","rank":1},"geometry":{"type":"Point","coordinates":[127.0181,37.627]}},{"type":"Feature","properties":{"kind":"station","id":"samyang-2","name":"Samyang","name_local":"삼양","lines":"W","hub":false,"color":"#bacc50","rank":1},"geometry":{"type":"Point","coordinates":[127.0205,37.6211]}},{"type":"Feature","properties":{"kind":"station","id":"sanbon","name":"Sanbon","name_local":"산본","lines":"4","hub":false,"color":"#009bce","rank":1},"geometry":{"type":"Point","coordinates":[126.9322,37.3575]}},{"type":"Feature","properties":{"kind":"station","id":"sanggye","name":"Sanggye","name_local":"상계","lines":"4","hub":false,"color":"#009bce","rank":1},"geometry":{"type":"Point","coordinates":[127.0727,37.66]}},{"type":"Feature","properties":{"kind":"station","id":"sanghyeon","name":"Sanghyeon","name_local":"상현","lines":"신분당","hub":false,"color":"#b81b30","rank":1},"geometry":{"type":"Point","coordinates":[127.0693,37.2974]}},{"type":"Feature","properties":{"kind":"station","id":"sangil-dong","name":"Sangil-dong","name_local":"상일동","lines":"5","hub":false,"color":"#794698","rank":1},"geometry":{"type":"Point","coordinates":[127.1651,37.5567]}},{"type":"Feature","properties":{"kind":"station","id":"sangnoksu","name":"Sangnoksu","name_local":"상록수","lines":"4","hub":false,"color":"#009bce","rank":1},"geometry":{"type":"Point","coordinates":[126.8657,37.3029]}},{"type":"Feature","properties":{"kind":"station","id":"sangok","name":"Sangok","name_local":"산곡","lines":"7","hub":false,"color":"#6e7e31","rank":1},"geometry":{"type":"Point","coordinates":[126.7037,37.5086]}},{"type":"Feature","properties":{"kind":"station","id":"sangwangsimni","name":"Sangwangsimni","name_local":"상왕십리","lines":"2","hub":false,"color":"#00a23f","rank":1},"geometry":{"type":"Point","coordinates":[127.0292,37.5644]}},{"type":"Feature","properties":{"kind":"station","id":"sanseong","name":"Sanseong","name_local":"산성","lines":"8","hub":false,"color":"#d11d70","rank":1},"geometry":{"type":"Point","coordinates":[127.1499,37.4568]}},{"type":"Feature","properties":{"kind":"station","id":"sapyeong","name":"Sapyeong","name_local":"사평","lines":"9","hub":false,"color":"#a49d87","rank":1},"geometry":{"type":"Point","coordinates":[127.0154,37.5041]}},{"type":"Feature","properties":{"kind":"station","id":"sari","name":"Sari","name_local":"사리","lines":"수인·분당","hub":false,"color":"#eca300","rank":1},"geometry":{"type":"Point","coordinates":[126.8574,37.2915]}},{"type":"Feature","properties":{"kind":"station","id":"sejongdaewangneung","name":"Sejongdaewangneung","name_local":"세종대왕릉","lines":"경강","hub":false,"color":"#0b318f","rank":2},"geometry":{"type":"Point","coordinates":[127.5706,37.2936]}},{"type":"Feature","properties":{"kind":"station","id":"seo-gu-office","name":"Seo-gu Office","name_local":"서구청","lines":"I2","hub":false,"color":"#f4a462","rank":1},"geometry":{"type":"Point","coordinates":[126.6767,37.5433]}},{"type":"Feature","properties":{"kind":"station","id":"seocho","name":"Seocho","name_local":"서초","lines":"2","hub":false,"color":"#00a23f","rank":1},"geometry":{"type":"Point","coordinates":[127.0076,37.4918]}},{"type":"Feature","properties":{"kind":"station","id":"seohyeon","name":"Seohyeon","name_local":"서현","lines":"수인·분당","hub":false,"color":"#eca300","rank":1},"geometry":{"type":"Point","coordinates":[127.1233,37.3849]}},{"type":"Feature","properties":{"kind":"station","id":"seokbawi-market","name":"Seokbawi Market","name_local":"석바위시장","lines":"I2","hub":false,"color":"#f4a462","rank":1},"geometry":{"type":"Point","coordinates":[126.6929,37.4576]}},{"type":"Feature","properties":{"kind":"station","id":"seokcheon-sageori","name":"Seokcheon Sageori","name_local":"석천사거리","lines":"I2","hub":false,"color":"#f4a462","rank":1},"geometry":{"type":"Point","coordinates":[126.7112,37.4567]}},{"type":"Feature","properties":{"kind":"station","id":"seokchon","name":"Seokchon","name_local":"석촌","lines":"8,9","hub":true,"color":null,"rank":1},"geometry":{"type":"Point","coordinates":[127.1071,37.5053]}},{"type":"Feature","properties":{"kind":"station","id":"seokgye","name":"Seokgye","name_local":"석계","lines":"1","hub":false,"color":"#004a85","rank":1},"geometry":{"type":"Point","coordinates":[127.0661,37.6142]}},{"type":"Feature","properties":{"kind":"station","id":"seolleung","name":"Seolleung","name_local":"선릉","lines":"2,수인·분당","hub":true,"color":null,"rank":1},"geometry":{"type":"Point","coordinates":[127.0489,37.5044]}},{"type":"Feature","properties":{"kind":"station","id":"seonbawi","name":"Seonbawi","name_local":"선바위","lines":"4","hub":false,"color":"#009bce","rank":1},"geometry":{"type":"Point","coordinates":[127.0031,37.4507]}},{"type":"Feature","properties":{"kind":"station","id":"seonbu","name":"Seonbu","name_local":"선부","lines":"서해","hub":false,"color":"#5eac41","rank":1},"geometry":{"type":"Point","coordinates":[126.81,37.3344]}},{"type":"Feature","properties":{"kind":"station","id":"seongbok","name":"Seongbok","name_local":"성복","lines":"신분당","hub":false,"color":"#b81b30","rank":1},"geometry":{"type":"Point","coordinates":[127.0803,37.3134]}},{"type":"Feature","properties":{"kind":"station","id":"seongnam","name":"Seongnam","name_local":"석남","lines":"7,I2","hub":true,"color":null,"rank":1},"geometry":{"type":"Point","coordinates":[126.6732,37.5064]}},{"type":"Feature","properties":{"kind":"station","id":"seongsu","name":"Seongsu","name_local":"성수","lines":"2","hub":false,"color":"#00a23f","rank":1},"geometry":{"type":"Point","coordinates":[127.0551,37.5449]}},{"type":"Feature","properties":{"kind":"station","id":"seonhak","name":"Seonhak","name_local":"선학","lines":"인천1","hub":false,"color":"#b4c7e7","rank":1},"geometry":{"type":"Point","coordinates":[126.6989,37.4271]}},{"type":"Feature","properties":{"kind":"station","id":"seonjeongneung","name":"Seonjeongneung","name_local":"선정릉","lines":"9,수인·분당","hub":true,"color":null,"rank":1},"geometry":{"type":"Point","coordinates":[127.0443,37.5104]}},{"type":"Feature","properties":{"kind":"station","id":"seonyudo","name":"Seonyudo","name_local":"선유도","lines":"9","hub":false,"color":"#a49d87","rank":1},"geometry":{"type":"Point","coordinates":[126.8939,37.5379]}},{"type":"Feature","properties":{"kind":"station","id":"seoul-forest","name":"Seoul-forest","name_local":"서울숲","lines":"수인·분당","hub":false,"color":"#eca300","rank":1},"geometry":{"type":"Point","coordinates":[127.0448,37.5436]}},{"type":"Feature","properties":{"kind":"station","id":"seoul-grand-park","name":"Seoul Grand park","name_local":"대공원 (서울랜드)","lines":"4","hub":false,"color":"#009bce","rank":1},"geometry":{"type":"Point","coordinates":[127.0062,37.4351]}},{"type":"Feature","properties":{"kind":"station","id":"seoul-natl-univ-of-education-court-public-prosecutors-office","name":"Seoul Nat'l Univ. of Education (Court & Public Prosecutors' Office)","name_local":"교대","lines":"2,3","hub":true,"color":null,"rank":1},"geometry":{"type":"Point","coordinates":[127.0146,37.4939]}},{"type":"Feature","properties":{"kind":"station","id":"seoul-natl-univ-venture-town","name":"Seoul Nat'l Univ. Venture Town","name_local":"서울대벤처타운","lines":"Silim","hub":false,"color":"#6789ca","rank":1},"geometry":{"type":"Point","coordinates":[126.9337,37.472]}},{"type":"Feature","properties":{"kind":"station","id":"seoul-natl-university-gwanak-gu-office","name":"Seoul Nat'l University (Gwanak-gu Office)","name_local":"서울대입구","lines":"2","hub":false,"color":"#00a23f","rank":1},"geometry":{"type":"Point","coordinates":[126.9527,37.4812]}},{"type":"Feature","properties":{"kind":"station","id":"seoul-racecourse-park","name":"Seoul Racecourse park","name_local":"경마공원","lines":"4","hub":false,"color":"#009bce","rank":1},"geometry":{"type":"Point","coordinates":[127.0079,37.4438]}},{"type":"Feature","properties":{"kind":"station","id":"seoul-regional-office-of-military-manpower","name":"Seoul Regional Office of Military Manpower","name_local":"서울지방병무청","lines":"Silim","hub":false,"color":"#6789ca","rank":1},"geometry":{"type":"Point","coordinates":[126.9228,37.5059]}},{"type":"Feature","properties":{"kind":"station","id":"seoul-station","name":"Seoul Station","name_local":"서울역","lines":"1,4,AREX,공항철도","hub":true,"color":null,"rank":1},"geometry":{"type":"Point","coordinates":[126.9698,37.5541]}},{"type":"Feature","properties":{"kind":"station","id":"seowon","name":"Seowon","name_local":"서원","lines":"Silim","hub":false,"color":"#6789ca","rank":1},"geometry":{"type":"Point","coordinates":[126.9331,37.4782]}},{"type":"Feature","properties":{"kind":"station","id":"siheung-city-hall","name":"Siheung City Hall","name_local":"시흥시청","lines":"서해","hub":false,"color":"#5eac41","rank":1},"geometry":{"type":"Point","coordinates":[126.8058,37.382]}},{"type":"Feature","properties":{"kind":"station","id":"siheung-daeya","name":"Siheung Daeya","name_local":"시흥대야","lines":"서해","hub":false,"color":"#5eac41","rank":1},"geometry":{"type":"Point","coordinates":[126.7931,37.4501]}},{"type":"Feature","properties":{"kind":"station","id":"sillim","name":"Sillim","name_local":"신림","lines":"2,Silim","hub":true,"color":null,"rank":1},"geometry":{"type":"Point","coordinates":[126.9297,37.4842]}},{"type":"Feature","properties":{"kind":"station","id":"sinbanghwa","name":"Sinbanghwa","name_local":"신방화","lines":"9","hub":false,"color":"#a49d87","rank":1},"geometry":{"type":"Point","coordinates":[126.8178,37.5674]}},{"type":"Feature","properties":{"kind":"station","id":"sinbanpo","name":"Sinbanpo","name_local":"신반포","lines":"9","hub":false,"color":"#a49d87","rank":1},"geometry":{"type":"Point","coordinates":[126.9964,37.5036]}},{"type":"Feature","properties":{"kind":"station","id":"sincheon","name":"Sincheon","name_local":"신천","lines":"서해","hub":false,"color":"#5eac41","rank":1},"geometry":{"type":"Point","coordinates":[126.7869,37.4393]}},{"type":"Feature","properties":{"kind":"station","id":"sinchon","name":"Sinchon","name_local":"신촌","lines":"2","hub":false,"color":"#00a23f","rank":1},"geometry":{"type":"Point","coordinates":[126.9369,37.5552]}},{"type":"Feature","properties":{"kind":"station","id":"sindaebang","name":"Sindaebang","name_local":"신대방","lines":"2","hub":false,"color":"#00a23f","rank":1},"geometry":{"type":"Point","coordinates":[126.9134,37.4876]}},{"type":"Feature","properties":{"kind":"station","id":"sindang","name":"Sindang","name_local":"신당","lines":"2","hub":false,"color":"#00a23f","rank":1},"geometry":{"type":"Point","coordinates":[127.0198,37.5657]}},{"type":"Feature","properties":{"kind":"station","id":"sindorim","name":"Sindorim","name_local":"신도림","lines":"1,2","hub":true,"color":null,"rank":1},"geometry":{"type":"Point","coordinates":[126.8912,37.509]}},{"type":"Feature","properties":{"kind":"station","id":"singil","name":"Singil","name_local":"신길","lines":"1,5","hub":true,"color":null,"rank":1},"geometry":{"type":"Point","coordinates":[126.9166,37.5176]}},{"type":"Feature","properties":{"kind":"station","id":"singiloncheon","name":"Singiloncheon","name_local":"신길온천","lines":"4,수인·분당","hub":true,"color":null,"rank":1},"geometry":{"type":"Point","coordinates":[126.7662,37.3381]}},{"type":"Feature","properties":{"kind":"station","id":"sinheung","name":"Sinheung","name_local":"신흥","lines":"8","hub":false,"color":"#d11d70","rank":1},"geometry":{"type":"Point","coordinates":[127.1476,37.441]}},{"type":"Feature","properties":{"kind":"station","id":"sinhyeon","name":"Sinhyeon","name_local":"신현","lines":"서해","hub":false,"color":"#5eac41","rank":1},"geometry":{"type":"Point","coordinates":[126.7879,37.4097]}},{"type":"Feature","properties":{"kind":"station","id":"sinimun-korea-national-university-of-arts","name":"Sinimun (Korea National University of Arts)","name_local":"신이문","lines":"1","hub":false,"color":"#004a85","rank":1},"geometry":{"type":"Point","coordinates":[127.067,37.6009]}},{"type":"Feature","properties":{"kind":"station","id":"sinjeong","name":"Sinjeong","name_local":"신정","lines":"5","hub":false,"color":"#794698","rank":1},"geometry":{"type":"Point","coordinates":[126.8559,37.5251]}},{"type":"Feature","properties":{"kind":"station","id":"sinmokdong","name":"Sinmokdong","name_local":"신목동","lines":"9","hub":false,"color":"#a49d87","rank":1},"geometry":{"type":"Point","coordinates":[126.8832,37.5442]}},{"type":"Feature","properties":{"kind":"station","id":"sinnae","name":"Sinnae","name_local":"신내","lines":"6","hub":false,"color":"#7c4932","rank":1},"geometry":{"type":"Point","coordinates":[127.1046,37.6124]}},{"type":"Feature","properties":{"kind":"station","id":"sinnonhyeon","name":"Sinnonhyeon","name_local":"신논현","lines":"9,신분당","hub":true,"color":null,"rank":1},"geometry":{"type":"Point","coordinates":[127.0249,37.5045]}},{"type":"Feature","properties":{"kind":"station","id":"sinpo","name":"Sinpo","name_local":"신포","lines":"수인·분당","hub":false,"color":"#eca300","rank":1},"geometry":{"type":"Point","coordinates":[126.6237,37.4689]}},{"type":"Feature","properties":{"kind":"station","id":"sinsa","name":"Sinsa","name_local":"신사","lines":"3,신분당","hub":true,"color":null,"rank":1},"geometry":{"type":"Point","coordinates":[127.0196,37.5162]}},{"type":"Feature","properties":{"kind":"station","id":"sinseol-dong","name":"Sinseol-dong","name_local":"신설동","lines":"1,W","hub":true,"color":null,"rank":1},"geometry":{"type":"Point","coordinates":[127.0235,37.5756]}},{"type":"Feature","properties":{"kind":"station","id":"sinyeonsu","name":"Sinyeonsu","name_local":"신연수","lines":"인천1","hub":false,"color":"#b4c7e7","rank":1},"geometry":{"type":"Point","coordinates":[126.6938,37.418]}},{"type":"Feature","properties":{"kind":"station","id":"sinyongsan","name":"Sinyongsan","name_local":"신용산","lines":"4","hub":false,"color":"#009bce","rank":1},"geometry":{"type":"Point","coordinates":[126.9678,37.5292]}},{"type":"Feature","properties":{"kind":"station","id":"siu","name":"Siu","name_local":"시우","lines":"서해","hub":false,"color":"#5eac41","rank":1},"geometry":{"type":"Point","coordinates":[126.7957,37.3131]}},{"type":"Feature","properties":{"kind":"station","id":"sogang-univ","name":"Sogang Univ.","name_local":"서강대","lines":"경의·중앙","hub":false,"color":"#6ac2b3","rank":1},"geometry":{"type":"Point","coordinates":[126.9358,37.552]}},{"type":"Feature","properties":{"kind":"station","id":"solbat-park","name":"Solbat Park","name_local":"솔밭공원","lines":"W","hub":false,"color":"#bacc50","rank":1},"geometry":{"type":"Point","coordinates":[127.0132,37.6559]}},{"type":"Feature","properties":{"kind":"station","id":"solsaem","name":"Solsaem","name_local":"솔샘","lines":"W","hub":false,"color":"#bacc50","rank":1},"geometry":{"type":"Point","coordinates":[127.0137,37.6202]}},{"type":"Feature","properties":{"kind":"station","id":"songdo","name":"Songdo","name_local":"송도","lines":"수인·분당","hub":false,"color":"#eca300","rank":1},"geometry":{"type":"Point","coordinates":[126.6539,37.4303]}},{"type":"Feature","properties":{"kind":"station","id":"songdo-moonlight-festival-park","name":"Songdo Moonlight Festival Park","name_local":"송도달빛축제공원","lines":"인천1","hub":false,"color":"#b4c7e7","rank":1},"geometry":{"type":"Point","coordinates":[126.6261,37.4068]}},{"type":"Feature","properties":{"kind":"station","id":"songjeong","name":"Songjeong","name_local":"송정","lines":"5","hub":false,"color":"#794698","rank":1},"geometry":{"type":"Point","coordinates":[126.812,37.5613]}},{"type":"Feature","properties":{"kind":"station","id":"songnae","name":"Songnae","name_local":"송내","lines":"1","hub":false,"color":"#004a85","rank":1},"geometry":{"type":"Point","coordinates":[126.7516,37.4876]}},{"type":"Feature","properties":{"kind":"station","id":"songpa","name":"Songpa","name_local":"송파","lines":"8","hub":false,"color":"#d11d70","rank":1},"geometry":{"type":"Point","coordinates":[127.1123,37.4996]}},{"type":"Feature","properties":{"kind":"station","id":"songsan","name":"Songsan","name_local":"송산","lines":"U","hub":false,"color":"#f0831e","rank":1},"geometry":{"type":"Point","coordinates":[127.0873,37.7371]}},{"type":"Feature","properties":{"kind":"station","id":"sookmyung-womens-univ","name":"Sookmyung Women's Univ.","name_local":"숙대입구","lines":"4","hub":false,"color":"#009bce","rank":1},"geometry":{"type":"Point","coordinates":[126.9719,37.5451]}},{"type":"Feature","properties":{"kind":"station","id":"soraepogu","name":"Soraepogu","name_local":"소래포구","lines":"수인·분당","hub":false,"color":"#eca300","rank":1},"geometry":{"type":"Point","coordinates":[126.7325,37.4013]}},{"type":"Feature","properties":{"kind":"station","id":"sosa","name":"Sosa","name_local":"소사","lines":"1,서해","hub":true,"color":null,"rank":1},"geometry":{"type":"Point","coordinates":[126.7946,37.4826]}},{"type":"Feature","properties":{"kind":"station","id":"sosaeul","name":"Sosaeul","name_local":"소새울","lines":"서해","hub":false,"color":"#5eac41","rank":1},"geometry":{"type":"Point","coordinates":[126.7972,37.4687]}},{"type":"Feature","properties":{"kind":"station","id":"soyosan","name":"Soyosan","name_local":"소요산","lines":"1","hub":false,"color":"#004a85","rank":1},"geometry":{"type":"Point","coordinates":[127.0607,37.9472]}},{"type":"Feature","properties":{"kind":"station","id":"sports-complex","name":"Sports Complex","name_local":"종합운동장","lines":"2,9","hub":true,"color":null,"rank":1},"geometry":{"type":"Point","coordinates":[127.0753,37.5113]}},{"type":"Feature","properties":{"kind":"station","id":"ssangmun","name":"Ssangmun","name_local":"쌍문","lines":"4","hub":false,"color":"#009bce","rank":1},"geometry":{"type":"Point","coordinates":[127.0345,37.6484]}},{"type":"Feature","properties":{"kind":"station","id":"suji-gu-office","name":"Suji-gu Office","name_local":"수지구청","lines":"신분당","hub":false,"color":"#b81b30","rank":1},"geometry":{"type":"Point","coordinates":[127.0948,37.3225]}},{"type":"Feature","properties":{"kind":"station","id":"sujin","name":"Sujin","name_local":"수진","lines":"8","hub":false,"color":"#d11d70","rank":1},"geometry":{"type":"Point","coordinates":[127.1407,37.4375]}},{"type":"Feature","properties":{"kind":"station","id":"sunae","name":"Sunae","name_local":"수내","lines":"수인·분당","hub":false,"color":"#eca300","rank":1},"geometry":{"type":"Point","coordinates":[127.1143,37.3784]}},{"type":"Feature","properties":{"kind":"station","id":"sungshin-womens-univ","name":"Sungshin Women's Univ.","name_local":"성신여대입구","lines":"4","hub":false,"color":"#009bce","rank":1},"geometry":{"type":"Point","coordinates":[127.0164,37.5927]}},{"type":"Feature","properties":{"kind":"station","id":"sungshin-womens-university","name":"Sungshin Women's University","name_local":"성신여대입구","lines":"W","hub":false,"color":"#bacc50","rank":1},"geometry":{"type":"Point","coordinates":[127.0165,37.5926]}},{"type":"Feature","properties":{"kind":"station","id":"sungui","name":"Sungui","name_local":"숭의","lines":"수인·분당","hub":false,"color":"#eca300","rank":1},"geometry":{"type":"Point","coordinates":[126.6371,37.4612]}},{"type":"Feature","properties":{"kind":"station","id":"surisan","name":"Surisan","name_local":"수리산","lines":"4","hub":false,"color":"#009bce","rank":1},"geometry":{"type":"Point","coordinates":[126.9254,37.3498]}},{"type":"Feature","properties":{"kind":"station","id":"susaek","name":"Susaek","name_local":"수색","lines":"경의·중앙","hub":false,"color":"#6ac2b3","rank":1},"geometry":{"type":"Point","coordinates":[126.8963,37.5801]}},{"type":"Feature","properties":{"kind":"station","id":"suseo","name":"Suseo","name_local":"수서","lines":"3,수인·분당","hub":true,"color":null,"rank":1},"geometry":{"type":"Point","coordinates":[127.102,37.4874]}},{"type":"Feature","properties":{"kind":"station","id":"suwon","name":"Suwon","name_local":"수원","lines":"수인·분당","hub":false,"color":"#eca300","rank":1},"geometry":{"type":"Point","coordinates":[126.9993,37.2658]}},{"type":"Feature","properties":{"kind":"station","id":"suyu-gangbuk-gu-office","name":"Suyu (Gangbuk-gu Office)","name_local":"수유(강북구청)","lines":"4","hub":false,"color":"#009bce","rank":1},"geometry":{"type":"Point","coordinates":[127.0257,37.638]}},{"type":"Feature","properties":{"kind":"station","id":"taepyeong","name":"Taepyeong","name_local":"태평","lines":"수인·분당","hub":false,"color":"#eca300","rank":1},"geometry":{"type":"Point","coordinates":[127.1278,37.4397]}},{"type":"Feature","properties":{"kind":"station","id":"tapseok","name":"Tapseok","name_local":"탑석","lines":"U","hub":false,"color":"#f0831e","rank":1},"geometry":{"type":"Point","coordinates":[127.0889,37.7335]}},{"type":"Feature","properties":{"kind":"station","id":"technopark","name":"Technopark","name_local":"테크노파크","lines":"인천1","hub":false,"color":"#b4c7e7","rank":1},"geometry":{"type":"Point","coordinates":[126.6558,37.3821]}},{"type":"Feature","properties":{"kind":"station","id":"ttukseom","name":"Ttukseom","name_local":"뚝섬","lines":"2","hub":false,"color":"#00a23f","rank":1},"geometry":{"type":"Point","coordinates":[127.0464,37.5476]}},{"type":"Feature","properties":{"kind":"station","id":"uijeongbu","name":"Uijeongbu","name_local":"의정부","lines":"1","hub":false,"color":"#004a85","rank":1},"geometry":{"type":"Point","coordinates":[127.0464,37.7366]}},{"type":"Feature","properties":{"kind":"station","id":"uijeongbu-city-hall","name":"Uijeongbu City Hall","name_local":"의정부시청","lines":"U","hub":false,"color":"#f0831e","rank":1},"geometry":{"type":"Point","coordinates":[127.0349,37.7394]}},{"type":"Feature","properties":{"kind":"station","id":"uijeongbu-jung-ang","name":"Uijeongbu Jung-ang","name_local":"의정부중앙","lines":"U","hub":false,"color":"#f0831e","rank":1},"geometry":{"type":"Point","coordinates":[127.0499,37.7437]}},{"type":"Feature","properties":{"kind":"station","id":"ujangsan","name":"Ujangsan","name_local":"우장산","lines":"5","hub":false,"color":"#794698","rank":1},"geometry":{"type":"Point","coordinates":[126.8363,37.5489]}},{"type":"Feature","properties":{"kind":"station","id":"unjeong","name":"Unjeong","name_local":"운정","lines":"경의·중앙","hub":false,"color":"#6ac2b3","rank":1},"geometry":{"type":"Point","coordinates":[126.7667,37.7246]}},{"type":"Feature","properties":{"kind":"station","id":"unyeon-seochang","name":"Unyeon(Seochang)","name_local":"운연","lines":"I2","hub":false,"color":"#f4a462","rank":1},"geometry":{"type":"Point","coordinates":[126.7595,37.4393]}},{"type":"Feature","properties":{"kind":"station","id":"vhs-medical-center","name":"VHS Medical Center","name_local":"중앙보훈병원","lines":"9","hub":false,"color":"#a49d87","rank":1},"geometry":{"type":"Point","coordinates":[127.1483,37.5283]}},{"type":"Feature","properties":{"kind":"station","id":"wanggil","name":"Wanggil","name_local":"왕길","lines":"I2","hub":false,"color":"#f4a462","rank":1},"geometry":{"type":"Point","coordinates":[126.6428,37.5953]}},{"type":"Feature","properties":{"kind":"station","id":"wangsimni","name":"Wangsimni","name_local":"왕십리","lines":"2,5,수인·분당","hub":true,"color":null,"rank":1},"geometry":{"type":"Point","coordinates":[127.0369,37.5618]}},{"type":"Feature","properties":{"kind":"station","id":"wanjeong","name":"Wanjeong","name_local":"완정","lines":"I2","hub":false,"color":"#f4a462","rank":1},"geometry":{"type":"Point","coordinates":[126.6729,37.5926]}},{"type":"Feature","properties":{"kind":"station","id":"west-womans-community-center","name":"West Woman's Community Center","name_local":"서부여성회관","lines":"I2","hub":false,"color":"#f4a462","rank":1},"geometry":{"type":"Point","coordinates":[126.6757,37.4995]}},{"type":"Feature","properties":{"kind":"station","id":"wolgot","name":"Wolgot","name_local":"월곶","lines":"수인·분당","hub":false,"color":"#eca300","rank":1},"geometry":{"type":"Point","coordinates":[126.7423,37.3922]}},{"type":"Feature","properties":{"kind":"station","id":"wolgye-induk-university","name":"Wolgye (Induk University)","name_local":"월계","lines":"1","hub":false,"color":"#004a85","rank":1},"geometry":{"type":"Point","coordinates":[127.0589,37.6323]}},{"type":"Feature","properties":{"kind":"station","id":"wondang","name":"Wondang","name_local":"원당","lines":"3","hub":false,"color":"#ed6c00","rank":1},"geometry":{"type":"Point","coordinates":[126.8434,37.6538]}},{"type":"Feature","properties":{"kind":"station","id":"wonheung","name":"Wonheung","name_local":"원흥","lines":"3","hub":false,"color":"#ed6c00","rank":1},"geometry":{"type":"Point","coordinates":[126.8737,37.6505]}},{"type":"Feature","properties":{"kind":"station","id":"woninjae","name":"Woninjae","name_local":"원인재","lines":"수인·분당,인천1","hub":true,"color":null,"rank":1},"geometry":{"type":"Point","coordinates":[126.6857,37.4137]}},{"type":"Feature","properties":{"kind":"station","id":"wonjong","name":"Wonjong","name_local":"원종","lines":"서해","hub":false,"color":"#5eac41","rank":1},"geometry":{"type":"Point","coordinates":[126.8049,37.5222]}},{"type":"Feature","properties":{"kind":"station","id":"wonsi","name":"Wonsi","name_local":"원시","lines":"서해","hub":false,"color":"#5eac41","rank":1},"geometry":{"type":"Point","coordinates":[126.7868,37.3025]}},{"type":"Feature","properties":{"kind":"station","id":"yadang","name":"Yadang","name_local":"야당","lines":"경의·중앙","hub":false,"color":"#6ac2b3","rank":1},"geometry":{"type":"Point","coordinates":[126.7613,37.7121]}},{"type":"Feature","properties":{"kind":"station","id":"yaksu","name":"Yaksu","name_local":"약수","lines":"3","hub":false,"color":"#ed6c00","rank":1},"geometry":{"type":"Point","coordinates":[127.0105,37.5548]}},{"type":"Feature","properties":{"kind":"station","id":"yamok","name":"Yamok","name_local":"야목","lines":"수인·분당","hub":false,"color":"#eca300","rank":1},"geometry":{"type":"Point","coordinates":[126.8834,37.2616]}},{"type":"Feature","properties":{"kind":"station","id":"yangcheon-hyanggyo","name":"Yangcheon Hyanggyo","name_local":"양천향교","lines":"9","hub":false,"color":"#a49d87","rank":1},"geometry":{"type":"Point","coordinates":[126.8412,37.5685]}},{"type":"Feature","properties":{"kind":"station","id":"yangjae","name":"Yangjae","name_local":"양재","lines":"3,신분당","hub":true,"color":null,"rank":1},"geometry":{"type":"Point","coordinates":[127.0347,37.4838]}},{"type":"Feature","properties":{"kind":"station","id":"yangjae-citizens-forest","name":"Yangjae Citizen's Forest","name_local":"양재시민의숲","lines":"신분당","hub":false,"color":"#b81b30","rank":1},"geometry":{"type":"Point","coordinates":[127.0384,37.4701]}},{"type":"Feature","properties":{"kind":"station","id":"yangju","name":"Yangju","name_local":"양주","lines":"1","hub":false,"color":"#004a85","rank":1},"geometry":{"type":"Point","coordinates":[127.0447,37.7733]}},{"type":"Feature","properties":{"kind":"station","id":"yangpyeong","name":"Yangpyeong","name_local":"양평","lines":"5","hub":false,"color":"#794698","rank":1},"geometry":{"type":"Point","coordinates":[126.8861,37.5257]}},{"type":"Feature","properties":{"kind":"station","id":"yatap","name":"Yatap","name_local":"야탑","lines":"수인·분당","hub":false,"color":"#eca300","rank":1},"geometry":{"type":"Point","coordinates":[127.1287,37.4113]}},{"type":"Feature","properties":{"kind":"station","id":"yeokgok","name":"Yeokgok","name_local":"역곡","lines":"1","hub":false,"color":"#004a85","rank":1},"geometry":{"type":"Point","coordinates":[126.8111,37.4849]}},{"type":"Feature","properties":{"kind":"station","id":"yeoksam","name":"Yeoksam","name_local":"역삼","lines":"2","hub":false,"color":"#00a23f","rank":1},"geometry":{"type":"Point","coordinates":[127.0369,37.5008]}},{"type":"Feature","properties":{"kind":"station","id":"yeomchang","name":"Yeomchang","name_local":"염창","lines":"9","hub":false,"color":"#a49d87","rank":1},"geometry":{"type":"Point","coordinates":[126.8754,37.547]}},{"type":"Feature","properties":{"kind":"station","id":"yeoncheon","name":"Yeoncheon","name_local":"연천","lines":"1","hub":false,"color":"#004a85","rank":1},"geometry":{"type":"Point","coordinates":[127.0739,38.1005]}},{"type":"Feature","properties":{"kind":"station","id":"yeongdeungpo","name":"Yeongdeungpo","name_local":"영등포","lines":"1","hub":false,"color":"#004a85","rank":1},"geometry":{"type":"Point","coordinates":[126.906,37.5152]}},{"type":"Feature","properties":{"kind":"station","id":"yeongdeungpo-gu-office","name":"Yeongdeungpo-gu Office","name_local":"영등포구청","lines":"2","hub":false,"color":"#00a23f","rank":1},"geometry":{"type":"Point","coordinates":[126.8965,37.5253]}},{"type":"Feature","properties":{"kind":"station","id":"yeonsinnae","name":"Yeonsinnae","name_local":"연신내","lines":"3,6","hub":true,"color":null,"rank":1},"geometry":{"type":"Point","coordinates":[126.9209,37.6194]}},{"type":"Feature","properties":{"kind":"station","id":"yeonsu","name":"Yeonsu","name_local":"연수","lines":"수인·분당","hub":false,"color":"#eca300","rank":1},"geometry":{"type":"Point","coordinates":[126.6779,37.4184]}},{"type":"Feature","properties":{"kind":"station","id":"yongmun","name":"Yongmun","name_local":"용문","lines":"경의·중앙","hub":false,"color":"#6ac2b3","rank":1},"geometry":{"type":"Point","coordinates":[127.5946,37.4823]}},{"type":"Feature","properties":{"kind":"station","id":"yongsan","name":"Yongsan","name_local":"용산","lines":"1,경의·중앙","hub":true,"color":null,"rank":1},"geometry":{"type":"Point","coordinates":[126.9636,37.5285]}}]}
