{"type":"FeatureCollection","source":"https://overpass-api.de/api/interpreter — relazioni subway|light_rail|monorail|train, snapshot in data/rail/osm-tokyo.json","verified":"2026-08-20","simplify_m":15.0,"deviazione_massima_m":15.0,"features":[{"type":"Feature","properties":{"kind":"line","line":"A","name":"Toei Asakusa Line (Nishi-magome --> Oshiage)","color":"#e85298","rank":1,"usata":true},"geometry":{"type":"LineString","coordinates":[[139.7045168,35.5849922],[139.7112721,35.5940443],[139.7144805,35.6093788],[139.7165304,35.6151039],[139.7200991,35.6218315],[139.7209856,35.6241426],[139.7215986,35.6251649],[139.7248507,35.6276026],[139.7269419,35.629535],[139.7311659,35.6323049],[139.7328951,35.6328693],[139.7362366,35.6328954],[139.7371392,35.6334112],[139.7382008,35.6346372],[139.7408208,35.6403653],[139.742634,35.643612],[139.74348,35.6446621],[139.746772,35.6467685],[139.7494344,35.6479975],[139.7519249,35.6486198],[139.7530207,35.6492808],[139.7538628,35.6511265],[139.755045,35.6595435],[139.755607,35.6608898],[139.7600698,35.6662189],[139.7610836,35.666627],[139.7630609,35.6667412],[139.7641099,35.6672051],[139.7668607,35.6695796],[139.7694594,35.6723012],[139.7711134,35.6742399],[139.7769982,35.6838297],[139.7775571,35.6842574],[139.7821612,35.6863228],[139.7848128,35.6880507],[139.7851538,35.6889018],[139.7847327,35.6908629],[139.7848622,35.6921262],[139.7852701,35.6946273],[139.7860104,35.6969701],[139.7891761,35.7016757],[139.7936856,35.7055251],[139.7958957,35.7085064],[139.7974813,35.7095208],[139.7983123,35.7097228],[139.8001497,35.7093645],[139.8023962,35.7085473],[139.8049977,35.70863],[139.8102334,35.7094107],[139.8126138,35.7105493]]}},{"type":"Feature","properties":{"kind":"line","line":"B","name":"Blue Line","color":"#005ba5","rank":1,"usata":false},"geometry":{"type":"LineString","coordinates":[[139.5535482,35.5680751],[139.5568402,35.5674645],[139.5619258,35.5658396],[139.5662921,35.5651216],[139.5735259,35.5605085],[139.5777356,35.5585439],[139.5785275,35.5577655],[139.5790945,35.556374],[139.5790459,35.5548641],[139.5726579,35.5420078],[139.5727428,35.5402709],[139.5732731,35.5393634],[139.5741281,35.5386076],[139.575799,35.5379547],[139.5814263,35.5372617],[139.5907067,35.5350823],[139.5987976,35.5338895],[139.6026834,35.5322322],[139.609876,35.5306353],[139.6105913,35.5303338],[139.6112304,35.5297481],[139.6122235,35.5269545],[139.6132526,35.5128508],[139.6190429,35.5073827],[139.6203682,35.5038291],[139.6204276,35.502376],[139.6197478,35.5012143],[139.6178732,35.4993819],[139.6168375,35.4960983],[139.6161251,35.4946872],[139.6145634,35.4938762],[139.6108178,35.4935625],[139.6096814,35.4932437],[139.6079514,35.4917304],[139.6054253,35.4886773],[139.6019751,35.4830626],[139.6010305,35.4796806],[139.6015566,35.4772909],[139.6019389,35.4768241],[139.6030054,35.4764368],[139.616476,35.476539],[139.6180978,35.4755324],[139.6185498,35.474628],[139.6188906,35.4682904],[139.6209023,35.4639624],[139.622054,35.4608362],[139.6312688,35.4491146],[139.6331592,35.4479706],[139.6342717,35.4468077],[139.6369766,35.4452334],[139.6373262,35.4446003],[139.637319,35.4439474],[139.6367296,35.4433277],[139.6335061,35.4413198],[139.624409,35.4372551],[139.621796,35.43626],[139.6157811,35.4345467],[139.6141198,35.4329427],[139.6099814,35.4298826],[139.6038947,35.426098],[139.6032244,35.4253615],[139.602077,35.4232579],[139.6016492,35.4219652],[139.5986222,35.4168153],[139.5973869,35.4141386],[139.5971577,35.4123173],[139.5960825,35.4107371],[139.5959836,35.4085381],[139.5952347,35.4055583],[139.5927113,35.4018984],[139.5890918,35.4003463],[139.577158,35.3992973],[139.5757039,35.3996191],[139.5720396,35.4017199],[139.5698362,35.4025977],[139.5688505,35.4026731],[139.566101,35.4021638],[139.5629294,35.401988],[139.5562398,35.4031174],[139.549639,35.4022497],[139.5479022,35.4014381],[139.5459306,35.3999253],[139.5445121,35.3995135],[139.5402421,35.4000577],[139.5355475,35.4010347],[139.531352,35.4003255],[139.5284443,35.4006218],[139.5264965,35.4011394],[139.5236075,35.4029606],[139.5195571,35.4048882],[139.5160594,35.4073983],[139.5132169,35.4102261],[139.5044044,35.4141736],[139.5023344,35.4145159],[139.4992376,35.4140463],[139.4978902,35.413475],[139.4966868,35.4123395],[139.4943947,35.4087297],[139.4927108,35.4071411],[139.4908161,35.4061361],[139.4809012,35.4025277],[139.4798697,35.4016525],[139.4782905,35.3994317],[139.4770866,35.3984906],[139.4756352,35.398015],[139.466625,35.3963286]]}},{"type":"Feature","properties":{"kind":"line","line":"C","name":"Tokyo Metro Chiyoda Line (Yoyogi-Uehara -> Ayase)","color":"#00bb85","rank":1,"usata":true},"geometry":{"type":"LineString","coordinates":[[139.6786404,35.6684625],[139.6812891,35.6697484],[139.683067,35.6701249],[139.6916913,35.6689357],[139.7007678,35.6698761],[139.702253,35.6698042],[139.7032518,35.6695301],[139.7121383,35.6654597],[139.7161605,35.6628431],[139.7170108,35.6626701],[139.7188581,35.6639583],[139.7251123,35.6658224],[139.7276354,35.6679107],[139.7303091,35.6687681],[139.7320375,35.6689766],[139.7349883,35.6709576],[139.7369648,35.6726632],[139.7388921,35.673372],[139.7440526,35.6738049],[139.7462574,35.6741887],[139.7473597,35.6741517],[139.7484809,35.6738641],[139.7546433,35.6712069],[139.7556645,35.6710735],[139.7564109,35.6713028],[139.7602474,35.6760634],[139.7627104,35.6833827],[139.7643236,35.68917],[139.7652053,35.6939336],[139.7650118,35.6957004],[139.7651686,35.696496],[139.7669111,35.6997724],[139.7690819,35.7018665],[139.7697307,35.7037912],[139.7699319,35.7074413],[139.7696891,35.709457],[139.7682622,35.7137823],[139.7664564,35.7166246],[139.7622315,35.7211829],[139.7622441,35.7218233],[139.7637143,35.727089],[139.7633347,35.729152],[139.763669,35.7303238],[139.7647769,35.7313271],[139.7675667,35.7327526],[139.7754787,35.7361468],[139.7768464,35.7373109],[139.7815445,35.7443146],[139.7830197,35.7453824],[139.7844417,35.7457632],[139.7870844,35.74585],[139.7900002,35.7463596],[139.7945071,35.7463501],[139.802058,35.746767],[139.8027661,35.7469585],[139.8038685,35.7478815],[139.8049387,35.7513579],[139.8066707,35.7545603],[139.8101751,35.7587522],[139.8117538,35.7600658],[139.8138401,35.7610154],[139.8248629,35.7621739]]}},{"type":"Feature","properties":{"kind":"line","line":"DT","name":"Tokyu-Denentoshi Line (Chuo-Rinkan -> Shibuya)","color":"#20a288","rank":1,"usata":true},"geometry":{"type":"LineString","coordinates":[[139.4443071,35.5076384],[139.4487172,35.508114],[139.4604965,35.5108967],[139.4716345,35.5116042],[139.4751284,35.5125325],[139.4798146,35.5151618],[139.4809813,35.5161096],[139.4820391,35.5173966],[139.4827394,35.5188536],[139.4856048,35.5295219],[139.4861447,35.5305057],[139.4868869,35.5311197],[139.4891462,35.5317504],[139.4949657,35.5319525],[139.4983267,35.531847],[139.5001204,35.5322426],[139.5010829,35.5328373],[139.5100223,35.5407965],[139.5111056,35.5415392],[139.5128524,35.5423258],[139.5153226,35.5428163],[139.5270888,35.5433717],[139.5304391,35.5441969],[139.5358032,35.5460415],[139.537409,35.547305],[139.5439835,35.5541071],[139.5450822,35.5548208],[139.5496101,35.556943],[139.550631,35.5576464],[139.5514137,35.5585244],[139.5526461,35.5614065],[139.5529506,35.566198],[139.55441,35.5735911],[139.5551461,35.5751184],[139.556622,35.576539],[139.5582926,35.5773705],[139.56,35.5777559],[139.569203,35.578022],[139.5712131,35.5784552],[139.572865,35.5794743],[139.5764677,35.5826815],[139.578982,35.584124],[139.5812518,35.5848288],[139.5876564,35.5857695],[139.594753,35.5888134],[139.5993718,35.5902604],[139.6044312,35.5929621],[139.6062546,35.5945625],[139.6077741,35.5972527],[139.6098524,35.5995328],[139.6109014,35.6002636],[139.6205717,35.6051512],[139.623665,35.6083041],[139.6266416,35.6118727],[139.6280114,35.6130448],[139.6316743,35.6229847],[139.6334149,35.6258531],[139.6346956,35.6270189],[139.6401417,35.6304088],[139.6435945,35.6314746],[139.6453614,35.6317434],[139.6485382,35.6317412],[139.6498224,35.6314948],[139.6521481,35.6306336],[139.6534586,35.6304601],[139.6584972,35.6317687],[139.6622238,35.6338987],[139.6648329,35.6357386],[139.6700777,35.6425758],[139.6712359,35.6435366],[139.686435,35.6516674],[139.6930898,35.6538532],[139.6947766,35.6555788],[139.6968448,35.6583669],[139.697629,35.6589502],[139.6995623,35.6595225],[139.7020805,35.6595562]]}},{"type":"Feature","properties":{"kind":"line","line":"E","name":"Oedo Line (Hikarigaoka → Tochōmae)","color":"#b6007a","rank":1,"usata":true},"geometry":{"type":"LineString","coordinates":[[139.6282919,35.7585818],[139.6306998,35.7585779],[139.6324533,35.7580488],[139.633685,35.7569327],[139.6344706,35.7546058],[139.6355545,35.7533649],[139.6419151,35.7508701],[139.6458381,35.7495729],[139.6469915,35.7488437],[139.6478681,35.7475054],[139.6481142,35.7447836],[139.6490917,35.7429486],[139.6492204,35.7387098],[139.6495825,35.7381808],[139.6506084,35.7374475],[139.6519577,35.7370831],[139.656009,35.7376213],[139.6597723,35.7368388],[139.6633543,35.7348367],[139.6665797,35.7340202],[139.673135,35.7316731],[139.6782795,35.7291909],[139.681257,35.7273609],[139.6838694,35.7229328],[139.6880963,35.7197732],[139.688496,35.7189304],[139.6883404,35.71819],[139.6828191,35.7061893],[139.6824331,35.7025295],[139.6830979,35.7001894],[139.6829866,35.6972814],[139.6818306,35.6910706],[139.6819016,35.6900725],[139.6823811,35.689617],[139.6830097,35.6894509],[139.6858619,35.6904708],[139.6891653,35.6901334],[139.6956588,35.6911659],[139.6978874,35.6912485],[139.6982844,35.6910579],[139.6987447,35.6904157],[139.6990477,35.6886039],[139.6998283,35.6866118],[139.7011203,35.6852951],[139.7021698,35.6814907],[139.702661,35.6806668],[139.7041019,35.6802186],[139.706448,35.6811304],[139.7094577,35.6812186],[139.7157637,35.6796354],[139.7185143,35.6794108],[139.7197191,35.6788339],[139.7206557,35.6778405],[139.7220397,35.6752215],[139.7234218,35.6741648],[139.7245626,35.6719244],[139.7261942,35.6712574],[139.7265865,35.6708863],[139.7276187,35.667014],[139.7322737,35.6633505],[139.7329402,35.6616897],[139.7323788,35.658789],[139.7328023,35.6577872],[139.7336094,35.6571479],[139.7417647,35.6552999],[139.7456915,35.6549132],[139.7478182,35.6541474],[139.7491628,35.6540148],[139.7498256,35.6545734],[139.7501625,35.6566038],[139.7508649,35.6571311],[139.7569326,35.6566337],[139.7577211,35.6569061],[139.7580644,35.6574684],[139.7591481,35.6620667],[139.761675,35.6648612],[139.7628268,35.6665773],[139.7639678,35.6670059],[139.7648118,35.6666994],[139.7706913,35.6620311],[139.7714199,35.661141],[139.7719646,35.6593877],[139.7723882,35.6586954],[139.7736135,35.6575511],[139.7746803,35.6574219],[139.7859396,35.6652701],[139.7881171,35.667552],[139.7906146,35.6689091],[139.7941494,35.6717489],[139.795813,35.6740009],[139.7962413,35.6760958],[139.7989881,35.6796497],[139.7969136,35.7030711],[139.7967314,35.703464],[139.7946811,35.7042949],[139.792919,35.7053044],[139.7906855,35.7060333],[139.7751045,35.7077626],[139.7688635,35.7082986],[139.7660409,35.7073375],[139.7611198,35.7075026],[139.7571078,35.7072476],[139.7559157,35.7074662],[139.7539295,35.7083944],[139.7510181,35.7084523],[139.7501452,35.7081685],[139.7482609,35.7066699],[139.7471422,35.7038966],[139.7464188,35.7033464],[139.7442567,35.7026254],[139.7424017,35.7029471],[139.74111,35.7034092],[139.7395595,35.7032566],[139.7372438,35.7014419],[139.7315897,35.6993482],[139.729933,35.6991061],[139.7210413,35.6999703],[139.7169942,35.6988056],[139.7145817,35.697774],[139.7094495,35.6976365],[139.703967,35.69824],[139.6986777,35.6979742],[139.6981305,35.6977085],[139.6978998,35.697116],[139.6992,35.6935131],[139.6992852,35.6923532],[139.6990438,35.6917723],[139.698189,35.6913031],[139.6928151,35.6905884]]}},{"type":"Feature","properties":{"kind":"line","line":"F","name":"Tokyo Metro Fukutoshin Line (Wakoshi --> Shibuya)","color":"#9c5e31","rank":1,"usata":true},"geometry":{"type":"LineString","coordinates":[[139.6128678,35.7883529],[139.6215984,35.7848505],[139.6239369,35.7836152],[139.6281361,35.7806997],[139.6285967,35.7798716],[139.6288335,35.7783572],[139.6292863,35.7777691],[139.6345701,35.7750182],[139.6373366,35.7724815],[139.6388379,35.7717826],[139.6421852,35.771026],[139.6461525,35.7689083],[139.6494397,35.7680227],[139.6498578,35.7675994],[139.6502687,35.7665718],[139.6512403,35.7604876],[139.6516245,35.7595067],[139.6529979,35.758413],[139.6580634,35.7553099],[139.6647104,35.7500477],[139.6769788,35.744664],[139.6875093,35.739682],[139.6949753,35.7342082],[139.6965082,35.7336599],[139.7008046,35.7328727],[139.7040111,35.732829],[139.7057344,35.7321455],[139.7081263,35.7315566],[139.7134465,35.7295658],[139.7169698,35.7272837],[139.7173377,35.7262666],[139.7174332,35.7242408],[139.7172725,35.723501],[139.7131161,35.7180707],[139.7104329,35.712793],[139.709157,35.7085575],[139.7080317,35.7005334],[139.7068226,35.6942488],[139.705221,35.6913113],[139.7029477,35.6879058],[139.7036021,35.6852218],[139.704565,35.6832349],[139.704575,35.6798596],[139.7062361,35.6772914],[139.7069173,35.6749339],[139.7078937,35.6732801],[139.7080412,35.6723649],[139.7077496,35.6714954],[139.7023675,35.6640884],[139.7021699,35.6631803],[139.7022939,35.6604185],[139.7027508,35.6586186]]}},{"type":"Feature","properties":{"kind":"line","line":"G","name":"Tokyo Metro Ginza Line (Asakusa --> Shibuya)","color":"#ff9500","rank":1,"usata":true},"geometry":{"type":"LineString","coordinates":[[139.798547,35.7117373],[139.7969042,35.7094112],[139.7957066,35.7088374],[139.7931102,35.7091696],[139.7907605,35.709866],[139.777854,35.7122342],[139.776011,35.7116464],[139.7747074,35.7115386],[139.774102,35.7111837],[139.773471,35.7099341],[139.7728059,35.7070613],[139.771961,35.7052928],[139.7711841,35.6980002],[139.7703449,35.6954429],[139.7744073,35.6852119],[139.7740699,35.6830843],[139.7697294,35.6760996],[139.7683614,35.6743413],[139.7607735,35.6670308],[139.7601207,35.666852],[139.7593197,35.6669921],[139.7492109,35.6703973],[139.7466342,35.6701501],[139.742698,35.6710141],[139.7390102,35.6734521],[139.7380874,35.6754198],[139.7369766,35.6768445],[139.736312,35.6771709],[139.7354406,35.6772081],[139.731148,35.6747748],[139.7293273,35.6744535],[139.7173271,35.6703277],[139.7106341,35.6631205],[139.7054154,35.659894],[139.7020315,35.6588006]]}},{"type":"Feature","properties":{"kind":"line","line":"H","name":"Tokyo Metro Hibiya Line (Naka-meguro --> Kita-Senju)","color":"#b5b5ac","rank":1,"usata":true},"geometry":{"type":"LineString","coordinates":[[139.6987513,35.6440969],[139.7018045,35.6466132],[139.7025511,35.6467141],[139.7072375,35.6462252],[139.7081106,35.6465457],[139.7098097,35.6481117],[139.7108576,35.6485283],[139.7119402,35.648634],[139.7149023,35.6483648],[139.7187018,35.6489634],[139.7214839,35.6498639],[139.7222087,35.6508713],[139.7221681,35.6529762],[139.7223383,35.6536753],[139.7237885,35.6565686],[139.7237013,35.6586877],[139.7240226,35.6594808],[139.7245604,35.6599014],[139.7280213,35.6611009],[139.7315615,35.6629547],[139.7322516,35.6631234],[139.7329514,35.6630094],[139.7410446,35.6599747],[139.7418141,35.6599384],[139.7426048,35.6602167],[139.7465679,35.6646627],[139.7483102,35.668604],[139.7510003,35.6738941],[139.7525659,35.6765179],[139.7533652,35.677165],[139.7545078,35.6771825],[139.7596864,35.6749061],[139.7639439,35.6721112],[139.7669892,35.6697512],[139.7697844,35.6671942],[139.7703409,35.6669436],[139.7716056,35.6671572],[139.7748068,35.6699006],[139.7757509,35.6719782],[139.7762257,35.6738968],[139.7801685,35.6799942],[139.7805561,35.6811717],[139.7816074,35.6822694],[139.7831002,35.6831979],[139.7836587,35.6839222],[139.783719,35.6843586],[139.7834872,35.684938],[139.7774895,35.6918359],[139.7769317,35.6928276],[139.7756277,35.6963533],[139.775501,35.7003745],[139.7765051,35.7106092],[139.7770835,35.711431],[139.7783821,35.7125891],[139.7805531,35.7156981],[139.7912727,35.729566],[139.7934347,35.7308218],[139.7960676,35.7307017],[139.7967918,35.7308431],[139.7981799,35.7316649],[139.7995109,35.7332686],[139.800902,35.7360987],[139.8036617,35.7454696],[139.8047964,35.7476889],[139.8052821,35.7495425]]}},{"type":"Feature","properties":{"kind":"line","line":"I","name":"Toei Mita Line (Meguro --> Nishi-takashimadaira)","color":"#0079c2","rank":1,"usata":true},"geometry":{"type":"LineString","coordinates":[[139.7156838,35.6324892],[139.7154834,35.6340545],[139.7162756,35.6349799],[139.7170065,35.6352055],[139.7210566,35.6355419],[139.7283217,35.6389913],[139.7300723,35.6400532],[139.7326934,35.6406585],[139.7331922,35.6412149],[139.7353556,35.6453942],[139.7361069,35.6460675],[139.7381479,35.6465541],[139.7398546,35.6474729],[139.7411994,35.6478485],[139.7422774,35.6478749],[139.7444543,35.6472162],[139.7471498,35.6472101],[139.7482631,35.6476725],[139.7490678,35.6493235],[139.7503343,35.6580895],[139.7508503,35.6598658],[139.7553001,35.6694851],[139.7575122,35.6730383],[139.7599871,35.6759091],[139.762402,35.6829045],[139.7641076,35.6893395],[139.7635088,35.6902409],[139.76172,35.6910725],[139.7588007,35.6929587],[139.7578338,35.6965714],[139.7557031,35.7004477],[139.755478,35.7023605],[139.7547802,35.7049067],[139.75242,35.712329],[139.7513454,35.7183222],[139.7513572,35.7190861],[139.7521258,35.7215191],[139.7521578,35.7223559],[139.7518737,35.7234321],[139.7511405,35.7244541],[139.75034,35.7250646],[139.7460858,35.7269541],[139.7435712,35.7287448],[139.7412803,35.7310897],[139.7370508,35.7348154],[139.7269989,35.7452298],[139.7222746,35.7482073],[139.7207426,35.7486615],[139.7127402,35.7496629],[139.7112253,35.7503632],[139.7092636,35.7519783],[139.7085364,35.7530151],[139.7074055,35.7565077],[139.7028442,35.7679274],[139.7010539,35.7702815],[139.6984193,35.7730864],[139.6930272,35.777818],[139.6917205,35.7784831],[139.690273,35.7786268],[139.6843533,35.777072],[139.6833538,35.7770548],[139.6825604,35.777314],[139.6817652,35.7779943],[139.679151,35.7818361],[139.6789121,35.7829119],[139.6790678,35.7854413],[139.6786673,35.7861095],[139.677874,35.7865487],[139.6679031,35.7875458],[139.644313,35.7921794]]}},{"type":"Feature","properties":{"kind":"line","line":"IK","name":"Tokyu Ikegami Line (Kamata -> Gotanda)","color":"#ee86a7","rank":1,"usata":false},"geometry":{"type":"LineString","coordinates":[[139.7149571,35.5618083],[139.711043,35.5617418],[139.7100967,35.5619863],[139.7094701,35.5624178],[139.7058827,35.5701365],[139.7051975,35.571004],[139.7041573,35.5716724],[139.7024529,35.5720657],[139.6962058,35.571774],[139.6930114,35.5721801],[139.691557,35.5729033],[139.6864009,35.5786409],[139.6847993,35.5807808],[139.680646,35.5888511],[139.680386,35.5898778],[139.6804356,35.590676],[139.6808002,35.591697],[139.6837161,35.5959377],[139.6879537,35.5986802],[139.6891059,35.5991899],[139.6958405,35.6011657],[139.7121134,35.6100467],[139.7152761,35.6165408],[139.7159597,35.6171148],[139.7205164,35.6195199],[139.7212412,35.621163],[139.7235094,35.6236478],[139.7243023,35.6254884]]}},{"type":"Feature","properties":{"kind":"line","line":"IN","name":"Keio Inokashira Line (westbound)","color":"#083476","rank":1,"usata":true},"geometry":{"type":"LineString","coordinates":[[139.6992839,35.6584902],[139.694381,35.657291],[139.6891109,35.6570799],[139.6847354,35.6585795],[139.6792776,35.6595716],[139.6762146,35.6599285],[139.6613181,35.6625451],[139.6561207,35.6625772],[139.6544849,35.6629286],[139.6530352,35.6638558],[139.6519362,35.6653686],[139.6506355,35.6678191],[139.6501295,35.6703564],[139.6496365,35.6716604],[139.6441534,35.6755303],[139.6421422,35.6764259],[139.6266178,35.681864],[139.6177812,35.6830517],[139.6107046,35.6836123],[139.6018234,35.6867302],[139.5965204,35.6896442],[139.5879642,35.6925562],[139.5868765,35.6932688],[139.5843411,35.6962027],[139.5826913,35.6976796],[139.581904,35.698821],[139.5813753,35.7006627],[139.5801792,35.7024847]]}},{"type":"Feature","properties":{"kind":"line","line":"JA","name":"JR Saikyo Line (Southbound)","color":"#00ac9a","rank":1,"usata":true},"geometry":{"type":"LineString","coordinates":[[139.623246,35.906154],[139.624252,35.9041547],[139.6281947,35.8984358],[139.6296671,35.8939742],[139.629617,35.8927774],[139.6291675,35.8914727],[139.6255539,35.8858356],[139.6252408,35.8843856],[139.6254405,35.8828445],[139.6298981,35.870733],[139.631681,35.8665206],[139.6343094,35.8588927],[139.6353693,35.856652],[139.636386,35.855145],[139.6393217,35.8520237],[139.6471776,35.8454239],[139.6480788,35.8440839],[139.6521808,35.835893],[139.6566689,35.8301742],[139.6579823,35.8290663],[139.6648163,35.824617],[139.6658203,35.8237153],[139.6668228,35.8224222],[139.6724969,35.8128798],[139.6788698,35.8074209],[139.6839278,35.8027608],[139.6851777,35.800595],[139.6868933,35.7947492],[139.6875788,35.7935804],[139.6883252,35.792794],[139.6895918,35.7919326],[139.691526,35.7912358],[139.6994624,35.7902455],[139.7010855,35.7898726],[139.7027521,35.7891199],[139.7057256,35.7870453],[139.7074315,35.7861853],[139.7151646,35.7841636],[139.7162347,35.7835949],[139.7180542,35.7819704],[139.7217129,35.7759688],[139.7219959,35.7746216],[139.7223247,35.7653647],[139.7223678,35.7525015],[139.7218848,35.7495906],[139.7211682,35.7479273],[139.7178573,35.7426557],[139.7141768,35.7356595],[139.7134369,35.7336895],[139.7068952,35.7218215],[139.7006094,35.7034303],[139.69985,35.6957829],[139.699953,35.6941648],[139.7012113,35.6900014],[139.7038105,35.6788219],[139.7041093,35.675938],[139.7040111,35.6750447],[139.7025589,35.6702091],[139.7015976,35.6632183],[139.701356,35.6598319],[139.7016729,35.6586277],[139.7026896,35.6568786],[139.7081138,35.650512],[139.7139526,35.6398256],[139.7162046,35.6318161],[139.7166553,35.6308642],[139.7178006,35.6297597],[139.7214203,35.6280452],[139.7229421,35.6268977],[139.7263661,35.6224389],[139.728715,35.6189119]]}},{"type":"Feature","properties":{"kind":"line","line":"JB","name":"JR Chuo-Sobu Line (Chiba → Mitaka)","color":"#ffd700","rank":1,"usata":true},"geometry":{"type":"LineString","coordinates":[[140.1123306,35.6133325],[140.1089525,35.6160438],[140.1008732,35.6252902],[140.0941941,35.6348214],[140.0921149,35.6374328],[140.0852885,35.647322],[140.0838586,35.6489429],[140.0819986,35.6501542],[140.0799924,35.6508623],[140.0722421,35.6518302],[140.0694726,35.652473],[140.0615132,35.6564652],[140.0574205,35.6596176],[140.0551915,35.6617305],[140.0246117,35.6876574],[140.0200267,35.6912249],[140.0172752,35.693779],[140.0117126,35.6982203],[140.0099099,35.6990202],[140.0082077,35.6994278],[139.9780708,35.7023046],[139.9735721,35.7019235],[139.9699621,35.7026372],[139.9592918,35.7072813],[139.9557018,35.7090791],[139.9134372,35.7266628],[139.9080638,35.7287233],[139.9031197,35.7310234],[139.8998094,35.7322001],[139.8929463,35.7351683],[139.8908701,35.735766],[139.8887042,35.735911],[139.8863599,35.735577],[139.8845822,35.7349068],[139.8829279,35.7338869],[139.8689292,35.7242825],[139.862228,35.7192995],[139.8533184,35.7138232],[139.8411018,35.7054143],[139.8394169,35.7037552],[139.8368036,35.6996548],[139.835551,35.6986251],[139.8340896,35.6979892],[139.8318043,35.6975343],[139.7952726,35.695594],[139.7916469,35.6959085],[139.787896,35.6971176],[139.7678682,35.6987994],[139.7633394,35.7000365],[139.7617116,35.7010915],[139.7606675,35.7013864],[139.7579542,35.7013447],[139.7546111,35.7019777],[139.7465464,35.7024262],[139.745648,35.7021718],[139.7445233,35.7013858],[139.7378271,35.6929058],[139.7360127,35.6915213],[139.7325272,35.6897074],[139.7316585,35.6889032],[139.7313062,35.6882687],[139.7302906,35.6844884],[139.7294333,35.6829957],[139.723805,35.6802302],[139.7224233,35.6798384],[139.7092419,35.6815129],[139.7052206,35.6813522],[139.7041334,35.6816229],[139.7032608,35.6821167],[139.7023739,35.6831482],[139.7014087,35.6861092],[139.7004165,35.6879719],[139.6998837,35.6902021],[139.6998982,35.6925627],[139.6992697,35.694929],[139.6992291,35.6966261],[139.6987351,35.6983193],[139.6972688,35.7007683],[139.6960383,35.7023012],[139.6935305,35.7043736],[139.691492,35.7053048],[139.6882752,35.7060776],[139.6831544,35.7062076],[139.5609235,35.7025409]]}},{"type":"Feature","properties":{"kind":"line","line":"JC","name":"JR Chuo JC Section Line (upside)","color":"#f15620","rank":1,"usata":true},"geometry":{"type":"LineString","coordinates":[[138.9424664,35.6133726],[138.9475183,35.6152696],[138.9493503,35.6154152],[138.9510266,35.6149807],[138.9541689,35.6131676],[138.9581425,35.6130302],[138.9618091,35.6116761],[138.9632682,35.6114788],[138.9649205,35.6117481],[138.9708656,35.6137934],[138.9727901,35.6139919],[138.978349,35.6130477],[138.9844537,35.6096165],[138.9865123,35.6088707],[139.0002814,35.6080933],[139.0083119,35.6083801],[139.0126879,35.607739],[139.0171176,35.6063836],[139.0192661,35.606593],[139.0237775,35.6079974],[139.0299466,35.6091422],[139.0315533,35.6092382],[139.0337929,35.6086428],[139.0360674,35.60745],[139.0409772,35.6034167],[139.0422083,35.6030372],[139.0435387,35.6029653],[139.0447618,35.6031964],[139.0462598,35.6039543],[139.0563637,35.6106098],[139.0654498,35.6138379],[139.0676719,35.6141336],[139.0750426,35.6142688],[139.0769027,35.6139406],[139.0819345,35.61246],[139.0839227,35.6123904],[139.0861715,35.6130853],[139.0944468,35.6179929],[139.0952818,35.618368],[139.0970721,35.6187305],[139.1132225,35.6178873],[139.1142243,35.6180966],[139.1190563,35.6200698],[139.1229495,35.6203675],[139.1265759,35.6210673],[139.1364357,35.6206204],[139.1384701,35.6200835],[139.1408077,35.6182721],[139.1424143,35.6175766],[139.1487014,35.6163948],[139.1590869,35.6153459],[139.1609554,35.6155879],[139.1627374,35.6162356],[139.1705921,35.6216076],[139.1728794,35.6224184],[139.1750807,35.6226912],[139.17692,35.6225559],[139.1790544,35.6219931],[139.1806557,35.6212007],[139.1835319,35.6190424],[139.1850346,35.6184008],[139.1898627,35.6171361],[139.1913217,35.6171786],[139.193092,35.6178753],[139.1986147,35.6218697],[139.1999638,35.6235791],[139.2045879,35.6304858],[139.2057252,35.6315628],[139.2071306,35.632183],[139.2288944,35.6394296],[139.2301567,35.6397597],[139.2321995,35.6398985],[139.2398375,35.6391708],[139.2409828,35.6393364],[139.2437133,35.6403043],[139.2449391,35.640422],[139.2473343,35.6403043],[139.2492834,35.6404581],[139.2572831,35.6399185],[139.266555,35.6420219],[139.2770578,35.6411644],[139.2796375,35.6414367],[139.2926301,35.6460163],[139.3163836,35.6586571],[139.3178376,35.6592119],[139.3198638,35.6592593],[139.3285985,35.6571426],[139.3344733,35.6563557],[139.3470609,35.654099],[139.3486331,35.6535752],[139.3548574,35.6505106],[139.3561206,35.6501532],[139.3574573,35.6501212],[139.3587239,35.6503804],[139.361685,35.6517415],[139.3632957,35.6521835],[139.3673158,35.6519619],[139.3701915,35.6525332],[139.3852438,35.6619567],[139.3877942,35.6640564],[139.389039,35.66571],[139.3899449,35.6676035],[139.3927148,35.6773431],[139.401624,35.6939514],[139.4028852,35.695584],[139.4044361,35.6967462],[139.4063175,35.6976162],[139.4085534,35.6981065],[139.4145295,35.6980465],[139.4460563,35.6993391],[139.4803562,35.7001185],[139.5067844,35.7012393],[139.5111896,35.7011786],[139.553311,35.7024425],[139.5614166,35.7029065],[139.5779945,35.7031899],[139.6196267,35.7045945],[139.6592763,35.7056252],[139.6650152,35.7060687],[139.67263,35.7060103],[139.6866303,35.706365],[139.6900268,35.7058463],[139.6928841,35.70488],[139.6947699,35.7037355],[139.6971817,35.7013016],[139.6990446,35.6979479],[139.7004491,35.6916544],[139.7010737,35.6878341],[139.7024908,35.683325],[139.7033513,35.6822006],[139.7042995,35.681682],[139.7052301,35.6814645],[139.7098241,35.6815951],[139.7216981,35.6799785],[139.7231247,35.6801096],[139.7259839,35.6813591],[139.7295472,35.6839953],[139.7301266,35.6848286],[139.7309606,35.6876778],[139.7318003,35.6889025],[139.7325618,35.6895311],[139.73606,35.6914999],[139.7381786,35.6931863],[139.7444896,35.7012553],[139.7453726,35.7019722],[139.7463645,35.7023384],[139.7475537,35.7024245],[139.7553232,35.7018002],[139.757233,35.7014163],[139.7603274,35.7014927],[139.7614306,35.7012894],[139.7633871,35.7001396],[139.7668775,35.699187],[139.768588,35.6983433],[139.7708822,35.6966277],[139.7716486,35.6952262],[139.7714144,35.693072],[139.7660302,35.6801421]]}},{"type":"Feature","properties":{"kind":"line","line":"JC","name":"JR Ome Line (westbound)","color":"#fe642e","rank":1,"usata":true},"geometry":{"type":"LineString","coordinates":[[139.4150148,35.6981127],[139.4116359,35.6981155],[139.4104123,35.6983004],[139.3472687,35.7177438],[139.3459809,35.7183],[139.3448872,35.7192943],[139.3035274,35.7749151],[139.3017906,35.7763902],[139.2999117,35.7775394],[139.2704228,35.7908778],[139.2684475,35.7910123],[139.2631778,35.7897774],[139.2604855,35.7903583],[139.2524801,35.7908746],[139.2476966,35.7916401],[139.2457029,35.7916482],[139.243178,35.7909063],[139.2348896,35.7864835],[139.2338065,35.7862157],[139.2327041,35.7862684],[139.2313047,35.7868568],[139.229603,35.7884177],[139.229031,35.7895052],[139.2284961,35.7921153],[139.2246652,35.7973223],[139.2166985,35.8034959],[139.2154915,35.8045453],[139.2133528,35.8070234],[139.211469,35.808151],[139.2103708,35.8083392],[139.2083655,35.8079935],[139.2057587,35.8063043],[139.201714,35.8053658],[139.1965795,35.8052388],[139.1901813,35.8067446],[139.1884838,35.8066759],[139.186601,35.8059346],[139.1855873,35.8051504],[139.1846916,35.8026169],[139.1838684,35.8017877],[139.1829259,35.8014978],[139.1787817,35.8012381],[139.1776282,35.8017024],[139.1769636,35.8026856],[139.1776875,35.8066578],[139.1773969,35.8074189],[139.1766788,35.8080272],[139.1750981,35.8083329],[139.1725676,35.8072802],[139.1717458,35.8072004],[139.1708304,35.8074078],[139.1699103,35.8081269],[139.1683339,35.8109984],[139.1654787,35.8132138],[139.1642936,35.8136818],[139.1633187,35.8136313],[139.1626224,35.8133418],[139.1620297,35.812792],[139.1613003,35.8115586],[139.1602929,35.8108639],[139.159093,35.8105969],[139.1582516,35.810706],[139.1568561,35.8113751],[139.1560866,35.8120274],[139.1557119,35.8127678],[139.1556537,35.8140899],[139.1550388,35.8152931],[139.1542922,35.8159802],[139.1533126,35.8162776],[139.149134,35.8161183],[139.1472995,35.8151797],[139.1463707,35.8149792],[139.1454701,35.8151144],[139.1438653,35.8159331],[139.1429454,35.8161289],[139.1387001,35.8159786],[139.1368486,35.8152434],[139.1358594,35.8150795],[139.130549,35.8158411],[139.1229762,35.812607],[139.1218478,35.8125794],[139.1196973,35.8130232],[139.1164665,35.812698],[139.1150932,35.8121571],[139.1136997,35.8107313],[139.1127298,35.8102358],[139.0996763,35.8084179],[139.0984703,35.8085774],[139.0971398,35.8091704],[139.0962872,35.8103254]]}},{"type":"Feature","properties":{"kind":"line","line":"JE","name":"JR Keiyo Line Local (Tokyo → Soga)","color":"#dc143c","rank":1,"usata":true},"geometry":{"type":"LineString","coordinates":[[139.7641451,35.6778945],[139.7675737,35.6771544],[139.7733395,35.6747667],[139.7802385,35.6746388],[139.782914,35.6739896],[139.7896076,35.67044],[139.7983949,35.6630832],[139.8022773,35.6615862],[139.8041922,35.6611736],[139.8056792,35.6611478],[139.8128355,35.661427],[139.8150548,35.6608441],[139.8176686,35.6585151],[139.8187212,35.6570921],[139.819145,35.6555402],[139.8201078,35.648488],[139.821026,35.6471568],[139.8225902,35.6462482],[139.8249843,35.6459602],[139.8375549,35.6471145],[139.8570004,35.6459142],[139.8591962,35.6453376],[139.8642982,35.6435187],[139.8876566,35.6348373],[139.889579,35.6344271],[139.8912713,35.6344034],[139.8939417,35.6350226],[139.8967936,35.6365658],[139.9163122,35.6528655],[139.9174381,35.654386],[139.9244181,35.6682261],[139.925426,35.6698529],[139.936374,35.6794313],[139.9401487,35.6818267],[139.951457,35.6879139],[139.9544778,35.6900209],[139.9561073,35.6906864],[139.9610311,35.6917069],[139.9627128,35.6917286],[139.9705921,35.6897754],[139.9895891,35.6846996],[139.991891,35.6838619],[139.9982479,35.6808369],[140.0002694,35.6794649],[140.0012421,35.6784741],[140.0019004,35.677404],[140.0031304,35.6744366],[140.0042791,35.6729445],[140.0054387,35.6719631],[140.0183419,35.664294],[140.0355656,35.6524146],[140.052011,35.6422884],[140.0669788,35.6315607],[140.068628,35.6306438],[140.0705723,35.6299382],[140.0774622,35.6290555],[140.0796904,35.6283033],[140.0813345,35.6273699],[140.0839514,35.6252007],[140.1023823,35.6073655],[140.1080038,35.6014813],[140.1091482,35.6007171],[140.1104283,35.6001942],[140.1148323,35.5992525],[140.1169369,35.5979498],[140.1177542,35.5969998],[140.1205955,35.5925203],[140.1214734,35.5915318],[140.1228286,35.5906072],[140.1264085,35.5891133],[140.1275271,35.5881786],[140.1307755,35.5822974]]}},{"type":"Feature","properties":{"kind":"line","line":"JH","name":"JR Yokohama Line Local (Sakuragicho => Hachioji)","color":"#9acd32","rank":1,"usata":true},"geometry":{"type":"LineString","coordinates":[[139.6309807,35.451025],[139.6287277,35.4534041],[139.6218954,35.4619812],[139.6214585,35.4630448],[139.6214588,35.4641864],[139.6218098,35.4650337],[139.6261338,35.4701556],[139.6368071,35.481806],[139.638599,35.4828591],[139.644806,35.484753],[139.6461485,35.4856362],[139.6467997,35.4864588],[139.6470823,35.4874493],[139.6470589,35.4886224],[139.645427,35.4962004],[139.6416277,35.5044239],[139.6404835,35.5057136],[139.6332582,35.5091002],[139.6317669,35.5094603],[139.6294474,35.5096644],[139.6268081,35.5093769],[139.6220425,35.5075376],[139.6207516,35.5072266],[139.6092837,35.5058651],[139.6066306,35.5058948],[139.604137,35.5065224],[139.595422,35.5104634],[139.5810172,35.5130397],[139.5598893,35.5097382],[139.5574264,35.5095968],[139.555011,35.5098273],[139.5429936,35.5128683],[139.5185361,35.5255157],[139.5006761,35.531346],[139.4980599,35.5317269],[139.4800253,35.5312243],[139.4773243,35.5321193],[139.4740899,35.5345449],[139.4720717,35.535785],[139.4695881,35.5367666],[139.4667783,35.5371581],[139.456059,35.5370888],[139.4539657,35.5376845],[139.4485828,35.5403559],[139.4397372,35.5451787],[139.3500093,35.5923025],[139.344901,35.5948086],[139.3348775,35.6002198],[139.3331288,35.6014278],[139.3324647,35.6022934],[139.3320237,35.6033785],[139.3309745,35.6122517],[139.3311142,35.6132969],[139.3330668,35.6195524],[139.3330798,35.6205811],[139.3324193,35.6219046],[139.3293897,35.6248538],[139.3289976,35.6259578],[139.3291041,35.6273312],[139.3321484,35.6339498],[139.3328619,35.6349745],[139.3338146,35.6357557],[139.3460624,35.6423822],[139.3476047,35.6441635],[139.3486565,35.6471682],[139.3485756,35.6490635],[139.3479064,35.6508822],[139.3471182,35.6520168],[139.3453199,35.6537446],[139.3444446,35.6542553],[139.3430906,35.6546345],[139.3394146,35.6551017]]}},{"type":"Feature","properties":{"kind":"line","line":"JJ","name":"JR Joban Line (inbound)","color":"#3cb371","rank":1,"usata":true},"geometry":{"type":"LineString","coordinates":[[140.0641221,35.8970865],[140.0613274,35.8931573],[140.0496427,35.8752117],[140.0478579,35.8735901],[140.0459002,35.8727768],[140.043599,35.8725151],[140.0220764,35.8732904],[140.0040088,35.872311],[140.0014815,35.8726778],[139.9883989,35.8757352],[139.9857317,35.8756298],[139.9840914,35.8750819],[139.9830994,35.8745029],[139.9786485,35.8713767],[139.9770944,35.8699196],[139.9617853,35.8505994],[139.9583197,35.8473693],[139.9543853,35.8448251],[139.9259217,35.8309503],[139.9242698,35.8297965],[139.9230207,35.8285744],[139.9217549,35.8269001],[139.9209449,35.8252218],[139.9160857,35.8076022],[139.9154267,35.8058507],[139.9129445,35.8021364],[139.9053599,35.7938187],[139.9040095,35.7919285],[139.901742,35.7876753],[139.8970493,35.7747014],[139.8961374,35.7732266],[139.8948682,35.7719755],[139.8933733,35.7710057],[139.8915651,35.7702918],[139.8855012,35.7687552],[139.8831864,35.7686889],[139.8763297,35.7694294],[139.8727787,35.7694984],[139.8682822,35.769099],[139.8633279,35.7683452],[139.8507537,35.7673392],[139.848341,35.7667463],[139.8434311,35.7643759],[139.8411185,35.763772],[139.8149752,35.7609986],[139.8124699,35.7603293],[139.8104169,35.7587633],[139.8062703,35.7535772],[139.8004368,35.7358921],[139.7990731,35.7332795],[139.797463,35.7315845],[139.7962793,35.7310906],[139.7948888,35.7310112],[139.773806,35.7337598],[139.7714557,35.7333208],[139.7697536,35.7320332],[139.7692682,35.7307089],[139.7697272,35.7293699],[139.7783924,35.7218219],[139.7796821,35.7204461],[139.7801307,35.7196472],[139.7802538,35.7187313],[139.7800416,35.7178886],[139.7767896,35.7129764]]}},{"type":"Feature","properties":{"kind":"line","line":"JK","name":"JR Keihin-Tōhoku Line (Southbound)","color":"#00b2e5","rank":1,"usata":true},"geometry":{"type":"LineString","coordinates":[[139.6239115,35.9082465],[139.6245413,35.9071064],[139.6254308,35.9042649],[139.6261985,35.9027829],[139.627676,35.9008282],[139.6298649,35.8988209],[139.6316223,35.896844],[139.6359481,35.891095],[139.6393259,35.8842001],[139.6415464,35.8788334],[139.6435207,35.8747637],[139.6444256,35.8736638],[139.6523031,35.8663796],[139.6571529,35.859453],[139.6590666,35.8563494],[139.6604391,35.8550679],[139.6659409,35.8509481],[139.6711214,35.8459149],[139.6758925,35.8423759],[139.6927442,35.8257862],[139.699719,35.8203416],[139.7172133,35.8025938],[139.7181631,35.8006509],[139.7184612,35.7988113],[139.7171515,35.7868601],[139.7173077,35.7850614],[139.7195151,35.7803577],[139.72207,35.7764437],[139.7223371,35.7753072],[139.7225214,35.7718553],[139.722802,35.7709672],[139.7258126,35.7657029],[139.7279043,35.7626669],[139.733382,35.7584899],[139.7365715,35.7542167],[139.7390573,35.7516548],[139.7404199,35.7506652],[139.7416878,35.7493803],[139.7539352,35.7429342],[139.7592738,35.7395867],[139.7612864,35.7379104],[139.765417,35.7340181],[139.7693499,35.7290779],[139.7717226,35.7270074],[139.7736254,35.7256698],[139.7785629,35.721252],[139.7795709,35.7199662],[139.7798233,35.7188642],[139.7793463,35.7173262],[139.7772661,35.7149666],[139.7749189,35.7114095],[139.7747575,35.7104708],[139.7749753,35.7081261],[139.7741531,35.7036009],[139.7735355,35.7015466],[139.7727244,35.6958688],[139.7652304,35.6770762],[139.7638863,35.6754304],[139.7607679,35.6729628],[139.7582525,35.6686024],[139.758107,35.6673524],[139.7586393,35.6630834],[139.7585978,35.6613039],[139.7571637,35.6549779],[139.7560308,35.6515353],[139.7551529,35.6500819],[139.7537179,35.6487206],[139.7450085,35.6442674],[139.7439714,35.6433702],[139.7432895,35.6422279],[139.7424869,35.6393353],[139.7387569,35.6304688],[139.7387909,35.6250492],[139.7359129,35.6140057],[139.7337614,35.5979751],[139.7330565,35.5965522],[139.7250689,35.5840957],[139.7160034,35.5621626],[139.7075977,35.5425757],[139.7064067,35.5409027],[139.7012132,35.5348915],[139.6790406,35.5161349],[139.678247,35.5149275],[139.6769245,35.5112237],[139.6751519,35.5039697],[139.6744743,35.5026499],[139.6732702,35.5012542],[139.6675399,35.4963835],[139.6649594,35.4945333],[139.6629551,35.4920478],[139.6599296,35.4898826],[139.6523272,35.4860119],[139.6502292,35.4855026],[139.6470499,35.4852913],[139.6446437,35.484865],[139.6386757,35.4827877],[139.6374191,35.4821578],[139.6364104,35.4812996],[139.6333338,35.4777402],[139.6314236,35.475933],[139.6265456,35.4705795],[139.6225325,35.4656482]]}},{"type":"Feature","properties":{"kind":"line","line":"JL","name":"JR Joban Local Line (peak northbound route)","color":"#939598","rank":2,"usata":false},"geometry":{"type":"LineString","coordinates":[[139.8248629,35.7621739],[139.841634,35.7639822],[139.8439275,35.7647051],[139.8477884,35.7667462],[139.8507375,35.7674491],[139.8637227,35.7686416],[139.8686881,35.7694524],[139.8724165,35.7697825],[139.8849088,35.7688942],[139.890705,35.7698866],[139.8934353,35.7709341],[139.8956636,35.7726061],[139.8970941,35.774696],[139.9017969,35.7876584],[139.9040458,35.7919128],[139.9054001,35.7937964],[139.9129832,35.8021093],[139.9154768,35.8058384],[139.9161333,35.8075886],[139.9210722,35.8253939],[139.9218079,35.8268734],[139.9227633,35.828177],[139.9243161,35.8297746],[139.9259389,35.8309143],[139.9540421,35.8446016],[139.9583442,35.8473445],[139.9618207,35.8505793],[139.9765289,35.8691687],[139.9777427,35.8705248],[139.9793276,35.871848],[139.9841385,35.8750137],[139.9857537,35.875562],[139.9874851,35.8757491],[139.9892351,35.8755554],[140.0014575,35.8726348],[140.0037646,35.8722758],[140.0217812,35.8732482],[140.043595,35.8724749],[140.0459116,35.8727306],[140.0482275,35.8737803],[140.0496883,35.8752014],[140.062923,35.8953081]]}},{"type":"Feature","properties":{"kind":"line","line":"JM","name":"JR Musashino Line (Tokyo → Fuchu-Honmachi)","color":"#ff4500","rank":2,"usata":false},"geometry":{"type":"LineString","coordinates":[[139.764641,35.6777904],[139.7675737,35.6771544],[139.7733395,35.6747667],[139.7802385,35.6746388],[139.782914,35.6739896],[139.7896076,35.67044],[139.7983949,35.6630832],[139.8022773,35.6615862],[139.8041922,35.6611736],[139.8056792,35.6611478],[139.8128355,35.661427],[139.8150548,35.6608441],[139.8176686,35.6585151],[139.8187212,35.6570921],[139.819145,35.6555402],[139.8201078,35.648488],[139.821026,35.6471568],[139.8225902,35.6462482],[139.8249843,35.6459602],[139.8375549,35.6471145],[139.857337,35.6458554],[139.86406,35.6436045],[139.8871789,35.6350063],[139.8889833,35.6345134],[139.8908616,35.634381],[139.8927206,35.6346247],[139.894334,35.6351942],[139.8967936,35.6365658],[139.9152676,35.6519192],[139.9167512,35.6533408],[139.9174381,35.654386],[139.9244181,35.6682261],[139.9261881,35.6706868],[139.936374,35.6794313],[139.9401487,35.6818267],[139.950508,35.6874722],[139.9540538,35.6900108],[139.9551473,35.6910724],[139.9557188,35.6919909],[139.9561209,35.6932997],[139.9561117,35.6947668],[139.9555406,35.696765],[139.9554597,35.6978123],[139.9564002,35.7021866],[139.9599184,35.7078962],[139.9621372,35.7127161],[139.9672386,35.7201355],[139.9679034,35.7216167],[139.9681524,35.7229438],[139.9682361,35.7266495],[139.967505,35.7290791],[139.9548819,35.7506738],[139.947974,35.7595857],[139.9470347,35.7612041],[139.942919,35.7734862],[139.9369409,35.798043],[139.9285245,35.8196378],[139.9271082,35.8218411],[139.9248878,35.823494],[139.9105262,35.8310263],[139.9012132,35.84103],[139.8987558,35.8427769],[139.8970384,35.84352],[139.8950455,35.8440208],[139.885154,35.845096],[139.8833706,35.845641],[139.8820089,35.8463829],[139.880754,35.8474554],[139.8790185,35.849867],[139.8756984,35.8531835],[139.8679089,35.8599542],[139.856192,35.8695247],[139.8525236,35.8721883],[139.8476163,35.8752388],[139.8445684,35.8762947],[139.8429186,35.8765939],[139.8215227,35.8762495],[139.8129307,35.8758233],[139.790415,35.8760378],[139.7473777,35.8758095],[139.7241354,35.8714249],[139.7202901,35.8703624],[139.6783508,35.8535235],[139.6682319,35.8471387],[139.6649785,35.8458785],[139.6628503,35.8455322],[139.6607621,35.8454704],[139.6498337,35.8458458],[139.6473432,35.8461769],[139.6386793,35.8481828],[139.6362576,35.8482144],[139.633949,35.8477254],[139.6322079,35.846931],[139.6205087,35.8392781],[139.6112973,35.828821],[139.6089642,35.8268554],[139.5938646,35.8197483],[139.5755717,35.8078299],[139.5730675,35.806461],[139.5704181,35.8054666],[139.5675267,35.8047977],[139.5566653,35.8037668],[139.5301032,35.7985198],[139.5223442,35.7977217],[139.5201536,35.7972656],[139.5077234,35.7917984],[139.5005,35.7863784],[139.4990771,35.7850816],[139.4869656,35.7696185],[139.4860256,35.768656],[139.4852494,35.7675735],[139.4827217,35.7626093],[139.4748972,35.7464335],[139.4709821,35.7320206],[139.4684711,35.7249124],[139.4676684,35.7219547],[139.4659532,35.7025697],[139.4664329,35.6960852],[139.4697902,35.6859526],[139.4717438,35.6810432],[139.4731138,35.6763799],[139.4771681,35.6661167]]}},{"type":"Feature","properties":{"kind":"line","line":"JN","name":"JR Nambu Line Local (Kawasaki => Tachikawa)","color":"#ffff00","rank":1,"usata":false},"geometry":{"type":"LineString","coordinates":[[139.6968145,35.5314642],[139.6921737,35.527448],[139.6908581,35.5268344],[139.6896902,35.5267456],[139.6885687,35.5269814],[139.6865646,35.5278506],[139.685667,35.5286428],[139.6844994,35.5304192],[139.6719057,35.5583894],[139.6692861,35.5653182],[139.6667404,35.5741932],[139.6660155,35.5752581],[139.6651286,35.5759369],[139.6629243,35.5765853],[139.6523058,35.576761],[139.6492645,35.5771674],[139.6473349,35.5778393],[139.6320811,35.5861712],[139.6221782,35.5905639],[139.6100311,35.5999035],[139.6087381,35.6004633],[139.6049352,35.6013194],[139.6000457,35.6040725],[139.5973174,35.6058901],[139.5958583,35.6081855],[139.5949554,35.6090564],[139.5873155,35.6134564],[139.5860397,35.6138632],[139.5832612,35.614098],[139.5819251,35.6144567],[139.5747655,35.6173336],[139.5714396,35.6200281],[139.5703769,35.6206477],[139.5692304,35.6210855],[139.5645926,35.6220099],[139.5631903,35.6225457],[139.5608975,35.6242722],[139.5580159,35.627625],[139.5560504,35.6288491],[139.5340546,35.6338969],[139.5217024,35.6409529],[139.5185431,35.642495],[139.5169849,35.6427156],[139.5054656,35.6431826],[139.4981113,35.646172],[139.4927997,35.6490377],[139.4914952,35.6492871],[139.4881858,35.6492198],[139.4853328,35.6500436],[139.4843342,35.650806],[139.4838258,35.6516677],[139.4826739,35.6571372],[139.4786838,35.6614625],[139.4766838,35.6668511],[139.4763411,35.6674439],[139.4754255,35.6682],[139.4735788,35.6686561],[139.4695723,35.6684965],[139.4642142,35.6676622],[139.4618554,35.6681139],[139.4534254,35.6736596],[139.4526466,35.6750159],[139.4522354,35.6781016],[139.451712,35.6789532],[139.4506986,35.6798323],[139.4395575,35.6839149],[139.4307383,35.6851514],[139.428491,35.685676],[139.4272639,35.686487],[139.4264396,35.6875669],[139.4245306,35.6919074],[139.423304,35.6958074],[139.4223999,35.6970172],[139.4213749,35.697625],[139.4200283,35.6979543],[139.4135515,35.697665]]}},{"type":"Feature","properties":{"kind":"line","line":"JO","name":"Yokosuka Sōbu line (Ofuna => Chiba)","color":"#000080","rank":2,"usata":false},"geometry":{"type":"LineString","coordinates":[[139.5313518,35.3543252],[139.5318159,35.3558145],[139.5317664,35.3570135],[139.5312933,35.3580724],[139.5297613,35.3601075],[139.5294415,35.3610833],[139.5294716,35.3620762],[139.5304414,35.3656622],[139.5295498,35.3703273],[139.5303527,35.3725864],[139.5337106,35.3791305],[139.5344474,35.3817451],[139.5357645,35.3948885],[139.5354689,35.3965484],[139.5340282,35.4008097],[139.5336399,35.4033668],[139.5341185,35.4071234],[139.5346467,35.4095152],[139.535737,35.4117111],[139.5378861,35.4136881],[139.5515946,35.4211003],[139.5531312,35.4221237],[139.55416,35.42314],[139.5550566,35.4245192],[139.5565922,35.4282285],[139.5567231,35.4292485],[139.5564635,35.4344078],[139.5566084,35.4357003],[139.5573533,35.4371085],[139.5586601,35.4382229],[139.5676771,35.4421754],[139.5764742,35.4465595],[139.5778543,35.4470402],[139.5797274,35.447065],[139.5951997,35.4449342],[139.5969853,35.4451033],[139.5984372,35.4456973],[139.6042852,35.4508191],[139.6116051,35.4549213],[139.6130464,35.4560208],[139.6199302,35.4634468],[139.6219512,35.4659946],[139.6242494,35.468151],[139.6324335,35.4774298],[139.6369977,35.4822434],[139.6385042,35.4830498],[139.6445834,35.4850603],[139.6470192,35.4854835],[139.6501846,35.4856861],[139.6522194,35.4861999],[139.6597976,35.4900487],[139.662483,35.4921224],[139.6649433,35.4947522],[139.6671327,35.4962177],[139.6737087,35.5018738],[139.6749994,35.5040098],[139.6761959,35.5091866],[139.6779418,35.5146345],[139.6785904,35.515843],[139.680778,35.5182989],[139.681214,35.5193194],[139.6813035,35.5206091],[139.679573,35.5274257],[139.6768425,35.5356985],[139.6764543,35.5377275],[139.6743336,35.544867],[139.6731305,35.5483349],[139.6701075,35.5548763],[139.6634138,35.5741697],[139.6632358,35.575901],[139.6637374,35.5772803],[139.6647223,35.578497],[139.6660126,35.5793405],[139.6778829,35.5835911],[139.7153468,35.5943321],[139.7170261,35.5950243],[139.7186908,35.5963025],[139.7198885,35.5979947],[139.7238363,35.606495],[139.7263727,35.609927],[139.7294994,35.615169],[139.7302557,35.6158452],[139.7313184,35.6163813],[139.7336956,35.6167736],[139.7353541,35.6173463],[139.7364148,35.6181361],[139.7374059,35.6194256],[139.7393162,35.6266949],[139.739779,35.6302212],[139.7418991,35.6352654],[139.7423615,35.6369059],[139.742636,35.6393433],[139.7434755,35.640687],[139.7453511,35.6426383],[139.7523072,35.6457855],[139.7534607,35.6464978],[139.7546943,35.6477725],[139.7567938,35.6508789],[139.7576899,35.6528993],[139.7591444,35.6578887],[139.7592607,35.6614968],[139.7585891,35.6673317],[139.7587351,35.6685526],[139.7607037,35.6721994],[139.7619323,35.6737749],[139.7641135,35.6800718],[139.7671972,35.683642],[139.7685879,35.6868877],[139.7696208,35.6875772],[139.7772416,35.6900889],[139.780735,35.6920761],[139.784835,35.6952467],[139.7875855,35.6961582],[139.7905032,35.6965339],[139.7973675,35.6959373],[139.8102239,35.6965652],[139.8129274,35.6968798],[139.819105,35.6969665],[139.8318057,35.6976799],[139.8344151,35.698226],[139.8354615,35.698723],[139.8366846,35.6997206],[139.839056,35.7034931],[139.8412395,35.7057418],[139.8578694,35.7170544],[139.8621435,35.7193905],[139.8688035,35.724438],[139.8818899,35.7334504],[139.8842189,35.7348459],[139.886012,35.7356044],[139.8889718,35.7360259],[139.891561,35.735739],[139.9031723,35.7311239],[139.9570302,35.7086544],[139.9704145,35.7026352],[139.9738569,35.7020297],[139.9782114,35.702407],[140.0074893,35.6996087],[140.0099563,35.6991318],[140.0117903,35.6983059],[140.0203671,35.691534],[140.0258832,35.6867051],[140.0375666,35.6771107],[140.0414656,35.6750129],[140.0427915,35.674049],[140.0518764,35.6654135],[140.0545188,35.6626225],[140.0613664,35.6567777],[140.0691154,35.6527219],[140.0710818,35.6521789],[140.0802793,35.6509094],[140.0824994,35.6500258],[140.0839647,35.6490151],[140.0850107,35.6479419],[140.1009866,35.6253441],[140.1091678,35.6161682],[140.1104912,35.6150564],[140.1128979,35.6138757]]}},{"type":"Feature","properties":{"kind":"line","line":"JT","name":"JR East Tōkaidō Line (Atami => Tokyo)","color":"#ffa500","rank":2,"usata":false},"geometry":{"type":"LineString","coordinates":[[139.0780587,35.1039035],[139.0829386,35.1073966],[139.0837931,35.1086861],[139.0839538,35.1111541],[139.0844739,35.1124567],[139.0855374,35.1135082],[139.0888905,35.1154059],[139.0898336,35.1166617],[139.0957662,35.1414679],[139.0961241,35.1423881],[139.0968645,35.1433724],[139.0984924,35.1445332],[139.1063382,35.1483758],[139.1074109,35.1493812],[139.1097245,35.1530488],[139.1109974,35.154008],[139.1124476,35.1544742],[139.1139031,35.1545189],[139.1177015,35.1533488],[139.1204804,35.1532144],[139.1297036,35.1556219],[139.1321289,35.1568839],[139.1347525,35.1594584],[139.136492,35.1615488],[139.1368997,35.1641753],[139.1378267,35.1665572],[139.1377344,35.1687291],[139.1368715,35.1707147],[139.1332023,35.1761192],[139.1326907,35.17795],[139.1326779,35.1791687],[139.1332023,35.1811588],[139.1357391,35.185415],[139.1360242,35.1862772],[139.1363534,35.1941617],[139.1357148,35.1968346],[139.1357574,35.1980079],[139.1362105,35.1990366],[139.1400276,35.2047925],[139.1406451,35.2064333],[139.1408608,35.2083228],[139.1407071,35.2093913],[139.1403063,35.2101927],[139.1387892,35.2119905],[139.138439,35.2136872],[139.1390917,35.215396],[139.1412166,35.2173599],[139.1418334,35.2186682],[139.1418232,35.2199903],[139.140601,35.2240326],[139.1405688,35.224771],[139.1407739,35.225818],[139.1418564,35.2284084],[139.1421809,35.2309127],[139.1422215,35.2336721],[139.1439727,35.2364811],[139.1467436,35.2423626],[139.1528461,35.2522477],[139.1567219,35.2575967],[139.1604109,35.2618629],[139.1720891,35.2727923],[139.1734754,35.273884],[139.1751947,35.2747317],[139.1773083,35.2752791],[139.2066886,35.2800124],[139.2178957,35.2821195],[139.2245456,35.2848954],[139.2308641,35.2892392],[139.2340204,35.2908887],[139.2436722,35.2946051],[139.2545393,35.2975955],[139.2716845,35.3044358],[139.2745092,35.3050764],[139.305653,35.3088782],[139.309925,35.3095906],[139.3122334,35.3106269],[139.3271353,35.3202452],[139.339858,35.3255499],[139.3422255,35.3262301],[139.3639048,35.3304289],[139.3718832,35.3318811],[139.3739326,35.33194],[139.3844989,35.3288183],[139.394719,35.3274085],[139.3968556,35.3272868],[139.3997832,35.3278141],[139.4200329,35.3350912],[139.4227013,35.3356144],[139.4881125,35.3388874],[139.4894148,35.3387589],[139.5001713,35.3359054],[139.5019185,35.3358346],[139.5038579,35.336315],[139.5274274,35.3489556],[139.5289529,35.3500781],[139.5300322,35.3518459],[139.531573,35.3557613],[139.5316694,35.3566703],[139.5313386,35.357805],[139.529809,35.3598607],[139.529348,35.3610762],[139.5293678,35.3620686],[139.5302614,35.3650105],[139.5303541,35.3659833],[139.5295097,35.3694732],[139.5294532,35.3705774],[139.5297756,35.3715654],[139.5335439,35.3786441],[139.5344941,35.381761],[139.535805,35.3948877],[139.5356025,35.396233],[139.5338588,35.4019095],[139.533742,35.4041832],[139.5349072,35.4099073],[139.5356283,35.4113409],[139.5363811,35.4122742],[139.5411119,35.4154167],[139.5516372,35.4210438],[139.5538689,35.4226656],[139.5550135,35.4241676],[139.5568231,35.42822],[139.5569437,35.4321147],[139.5573835,35.4335188],[139.5581873,35.43471],[139.5612354,35.4381826],[139.5625869,35.4393499],[139.5761107,35.4462291],[139.5780004,35.4469236],[139.5796984,35.4469508],[139.5952006,35.4448627],[139.5966305,35.4449494],[139.5982149,35.4454662],[139.5995661,35.4463694],[139.6040803,35.450571],[139.6127696,35.4556549],[139.6236359,35.4673305]]}},{"type":"Feature","properties":{"kind":"line","line":"JT","name":"JR East Tōkaidō Line (Atami => Tokyo)","color":"#ffa500","rank":2,"usata":false},"geometry":{"type":"LineString","coordinates":[[139.6236359,35.4673305],[139.6328555,35.4777637],[139.6372541,35.4823155],[139.6385486,35.4829697],[139.6446137,35.484978],[139.6517421,35.4859536],[139.6568745,35.488418],[139.6610985,35.4907913],[139.6729296,35.5008963],[139.6743348,35.5023776],[139.6750779,35.5036655],[139.6771198,35.5116574],[139.6779884,35.5138468],[139.6796671,35.5166041],[139.7022001,35.5356863],[139.7071215,35.5415783],[139.708198,35.5435341],[139.7251141,35.5840793],[139.7330924,35.5965394],[139.7337968,35.5979619],[139.7360127,35.6142629],[139.7388331,35.6250421],[139.7389261,35.630635],[139.7426081,35.6395207],[139.7435141,35.6425696],[139.7441981,35.6435576],[139.7450489,35.6442404],[139.7530854,35.6482205],[139.7546771,35.6494671],[139.7556229,35.6506936],[139.7562505,35.651915],[139.7575157,35.6559706],[139.7585841,35.6608416],[139.7586971,35.6630962],[139.75818,35.6675675],[139.758408,35.6687716],[139.7608127,35.6729302],[139.7641773,35.6756355],[139.765088,35.6766923],[139.7661419,35.6790051],[139.7676676,35.6833203]]}},{"type":"Feature","properties":{"kind":"line","line":"JU","name":"JR Utsunomiya Line","color":"#f68b1e","rank":2,"usata":false},"geometry":{"type":"LineString","coordinates":[[139.7669506,35.6811664],[139.77277,35.6958706],[139.7735698,35.7014636],[139.7742014,35.7035981],[139.7750087,35.7081225],[139.7748579,35.7110763],[139.7768727,35.7143406],[139.779583,35.7176501],[139.779868,35.7189683],[139.7795049,35.7201723],[139.778207,35.7216828],[139.7696549,35.7290304],[139.7679606,35.7309132],[139.766846,35.7328135],[139.7643606,35.7391482],[139.76328,35.7407867],[139.7622001,35.7418509],[139.75575,35.7459785],[139.75027,35.7482398],[139.7473928,35.7491267],[139.7426682,35.7495657],[139.7406348,35.7503168],[139.7389249,35.7515354],[139.7376398,35.7527574],[139.7332615,35.7584188],[139.7285937,35.7618345],[139.727071,35.7632944],[139.7225957,35.7710517],[139.722315,35.7720577],[139.7221534,35.775262],[139.7219226,35.7761367],[139.7192774,35.7803706],[139.7169696,35.7855968],[139.716879,35.7868805],[139.7183071,35.7987707],[139.7179731,35.8005534],[139.7169471,35.802499],[139.715576,35.8041721],[139.6996196,35.8202696],[139.6926412,35.8257103],[139.6834859,35.8347144],[139.6797899,35.83737],[139.6740784,35.8430209],[139.671171,35.8453697],[139.6653588,35.851242],[139.6604795,35.8548693],[139.6589554,35.8562863],[139.6519044,35.8666467],[139.6445912,35.8733281],[139.6433974,35.8747144],[139.6362333,35.890137],[139.6314762,35.896828],[139.6271397,35.9009069],[139.6245172,35.9051863],[139.6225834,35.910904],[139.6223263,35.9120934],[139.6224182,35.9131786],[139.639092,35.9453439],[139.640907,35.9510643],[139.6420857,35.9616884],[139.6426284,35.9634052],[139.6550086,35.9848963],[139.6559015,35.9859286],[139.6585881,35.988043],[139.659608,35.9893907],[139.6639882,36.0014753],[139.665306,36.0090137],[139.6666427,36.0150587],[139.667345,36.0250535],[139.6688713,36.0300582],[139.6717613,36.0367208],[139.6755533,36.0621285],[139.6795334,36.0701002],[139.6800444,36.0717186],[139.6796246,36.0874539],[139.6784592,36.1017837],[139.6791888,36.109711],[139.6795129,36.1112306],[139.6804598,36.1127819],[139.6858326,36.1187149],[139.6928508,36.1313193],[139.6935979,36.1335051],[139.6953152,36.1429012],[139.6963172,36.1449125],[139.698108,36.1464264],[139.7067793,36.1509388],[139.7084999,36.1520542],[139.7119036,36.1551934],[139.7176355,36.1599967],[139.7185729,36.1615667],[139.7186293,36.1628357],[139.7175175,36.1679503],[139.708371,36.1981897],[139.7083128,36.1995563],[139.7087266,36.2010121],[139.7095044,36.2022166],[139.714436,36.2077775],[139.737913,36.2335061],[139.7492346,36.2441931],[139.8011327,36.3044734],[139.8068968,36.3138835],[139.8445952,36.3788257],[139.8588901,36.4030772],[139.8606287,36.4070056],[139.8625843,36.4142946],[139.8795833,36.508721],[139.8801595,36.5124601],[139.8818122,36.5340957],[139.8822414,36.5366867],[139.8833585,36.5396806],[139.8850074,36.5422494],[139.8877649,36.5452436],[139.8958893,36.5524412],[139.8969632,36.5538344],[139.897663,36.5557113],[139.899954,36.5655192],[139.9009538,36.5678947],[139.9018945,36.5690111],[139.9032048,36.5700667],[139.9596447,36.6087873],[139.9614912,36.6096349],[139.9645041,36.6104727],[139.9753168,36.6115961],[139.9775392,36.6128223],[139.9787452,36.6144652],[139.9807245,36.6204928],[139.9809597,36.6231837],[139.9775898,36.6411869],[139.9763346,36.6442483],[139.9714221,36.6519868],[139.9705517,36.6539332],[139.9670166,36.6678101],[139.9603453,36.6866226],[139.957419,36.6936351],[139.9497324,36.723097],[139.9494186,36.7257693],[139.9523208,36.7414376],[139.952125,36.7441264],[139.9516636,36.745387],[139.9503171,36.7475803],[139.935682,36.769394],[139.9340777,36.7716128],[139.9303756,36.7759908],[139.9294585,36.7775446],[139.9287237,36.779442],[139.9283991,36.7810987],[139.9284068,36.7834882],[139.9310893,36.8014391],[139.9350479,36.812357],[139.9358297,36.8138508],[139.9375231,36.8157632],[139.9412,36.8187984],[139.9454081,36.8217991],[139.9467817,36.8233282],[139.9472782,36.8250927],[139.9474472,36.8306276],[139.9482411,36.832388],[139.957881,36.8437545],[139.9951717,36.8963472],[140.017077,36.926819],[140.0205758,36.9312328],[140.0228412,36.9335443],[140.0484291,36.9571636],[140.0600487,36.9702668]]}},{"type":"Feature","properties":{"kind":"line","line":"JY","name":"JR Yamanote Line (Outer)","color":"#b1cb39","rank":1,"usata":true},"geometry":{"type":"LineString","coordinates":[[139.7385065,35.6286608],[139.7386988,35.6250619],[139.7372628,35.6196402],[139.736703,35.6185404],[139.7354029,35.6174398],[139.7335822,35.6168811],[139.7317266,35.6169676],[139.7302469,35.6176674],[139.7276146,35.6207857],[139.7229694,35.6269253],[139.7214444,35.628075],[139.717838,35.6297917],[139.7168517,35.6306785],[139.7162758,35.631829],[139.7146548,35.6382489],[139.7081547,35.6501769],[139.7072238,35.6515148],[139.702597,35.6566075],[139.7015858,35.6580215],[139.7012633,35.6587727],[139.7011694,35.6598394],[139.7023701,35.6702225],[139.7027223,35.6718289],[139.7038708,35.675048],[139.7039675,35.6760822],[139.7037487,35.6784432],[139.7029167,35.6815223],[139.7001593,35.6894574],[139.6999653,35.6924986],[139.6993445,35.6951843],[139.6993596,35.696201],[139.6999762,35.6985818],[139.7004411,35.7032294],[139.7064126,35.7212053],[139.7118478,35.7319514],[139.713276,35.7336765],[139.7152666,35.7344997],[139.7173154,35.7346144],[139.7307955,35.7311205],[139.7320247,35.7309454],[139.7334949,35.7310456],[139.7495136,35.7376008],[139.7548269,35.7402672],[139.756848,35.7404786],[139.7580478,35.7401348],[139.7593075,35.7394327],[139.7642862,35.7351385],[139.7695485,35.7287912],[139.7714754,35.7270874],[139.7738918,35.7253959],[139.7790465,35.7206069],[139.7796906,35.719533],[139.7797166,35.718347],[139.7793046,35.7173457],[139.7766183,35.7142496],[139.7748025,35.7114236],[139.7746942,35.7104057],[139.7749061,35.7084343],[139.7740964,35.7036088],[139.773463,35.7014571],[139.7726853,35.6958782],[139.7668857,35.6819783],[139.7653286,35.6774036],[139.7644224,35.6760235],[139.7607303,35.6729796],[139.7581968,35.6685628],[139.7580014,35.6672393],[139.7585762,35.6633347],[139.7585601,35.6613015],[139.7576251,35.6571388],[139.7559883,35.6515541],[139.7549102,35.6498479],[139.7532829,35.6484599],[139.7462367,35.6450057],[139.7445578,35.6439979],[139.7438508,35.6432775],[139.7432119,35.6421816],[139.7425599,35.639896],[139.7386712,35.6306636],[139.7385065,35.6286608]]}},{"type":"Feature","properties":{"kind":"line","line":"KK","name":"Keikyū Main Line (Uraga => Sengakuji)","color":"#3366ff","rank":1,"usata":false},"geometry":{"type":"LineString","coordinates":[[139.7149565,35.2511773],[139.7150629,35.2520784],[139.7148746,35.2531169],[139.7128128,35.2572935],[139.7117962,35.2583767],[139.7106048,35.2591097],[139.709099,35.2595107],[139.7059721,35.2596233],[139.7018757,35.2591248],[139.6999973,35.2592538],[139.6933927,35.2617709],[139.6888249,35.2622992],[139.6850441,35.2641706],[139.6823843,35.2666855],[139.6774179,35.2694252],[139.675498,35.2709743],[139.6746163,35.2723091],[139.6743599,35.274496],[139.6739069,35.2754084],[139.6724039,35.2771351],[139.6700043,35.2787099],[139.6661338,35.2799901],[139.6644316,35.2803144],[139.6557184,35.2800861],[139.6532823,35.2803681],[139.6514626,35.2811841],[139.6450862,35.2857629],[139.6437638,35.2864413],[139.641873,35.2867114],[139.6384997,35.2861679],[139.6351919,35.2866845],[139.6341838,35.2870284],[139.6296903,35.290303],[139.6283575,35.2916198],[139.6276174,35.2928905],[139.6270958,35.2944315],[139.626577,35.298312],[139.6262607,35.2993591],[139.6241661,35.3022857],[139.6234627,35.3041954],[139.6234529,35.3050104],[139.6239862,35.3069448],[139.6239691,35.3102736],[139.6249985,35.3139927],[139.6249373,35.3154645],[139.6240259,35.3169291],[139.6217339,35.3185722],[139.6207995,35.3195299],[139.6191461,35.3224961],[139.6188359,35.3239554],[139.6189678,35.324954],[139.6201285,35.3285253],[139.6201694,35.3374504],[139.6220486,35.344634],[139.6225692,35.3458401],[139.6248201,35.3493957],[139.6270397,35.3515714],[139.6280056,35.353888],[139.6279101,35.3575144],[139.6294431,35.3610014],[139.6299071,35.3654959],[139.6291098,35.3706287],[139.628684,35.3716321],[139.6272853,35.3731225],[139.6264339,35.3736316],[139.6240142,35.3742784],[139.6226436,35.3749416],[139.6201962,35.3765037],[139.6191395,35.3774972],[139.6138917,35.3874002],[139.6128041,35.3911175],[139.6121523,35.3922556],[139.6109619,35.3936513],[139.6082187,35.3960086],[139.6070815,35.3964459],[139.6041272,35.3970287],[139.6029804,35.3976124],[139.6013228,35.3997758],[139.5990563,35.4016396],[139.598241,35.4027449],[139.5968879,35.4056475],[139.5966761,35.4067642],[139.5965257,35.4138042],[139.5978375,35.4201975],[139.5961591,35.4265531],[139.5958821,35.4306405],[139.5961021,35.4315256],[139.5966969,35.4323987],[139.5972152,35.4328784],[139.5984088,35.4334593],[139.6057178,35.4351159],[139.6092488,35.4362294],[139.6155909,35.4372641],[139.6235973,35.4401487],[139.6251382,35.4412369],[139.6268682,35.4439411],[139.6270117,35.4444721],[139.626853,35.445247],[139.6263786,35.4459878],[139.6235865,35.4486818],[139.6221194,35.4504711],[139.6215387,35.451455],[139.6203592,35.4549898],[139.6185772,35.4585904],[139.6188234,35.4595584],[139.621707,35.4627342],[139.6219025,35.4631987],[139.6217817,35.4642556],[139.6219352,35.4648605],[139.623837,35.4672512],[139.6260667,35.4699522],[139.6292614,35.4733217],[139.6428332,35.4835731],[139.6441072,35.4842694],[139.6459682,35.4848897],[139.6520779,35.4858493],[139.6575341,35.4879872],[139.6612486,35.490476],[139.6732713,35.500701],[139.6742471,35.5018436],[139.6775482,35.5067949],[139.6826863,35.5117227],[139.6870233,35.5183868],[139.7029357,35.5351108],[139.7135757,35.5476012],[139.7167728,35.5524616],[139.7230564,35.560015],[139.7262013,35.5643838],[139.7290504,35.5679109],[139.7320537,35.572507],[139.735078,35.5790962],[139.7355476,35.5815337],[139.7351815,35.5860072],[139.7357901,35.5911069],[139.7361929,35.592676],[139.7412715,35.6036295],[139.7431009,35.6061379],[139.7433645,35.6068285],[139.741031,35.6187926],[139.7393159,35.6221805],[139.7391438,35.6242546],[139.7383209,35.6254861],[139.737936,35.6272974],[139.7381759,35.6290148],[139.7380533,35.6310786],[139.7382688,35.6337692],[139.7388706,35.6364492],[139.7405522,35.6398712]]}},{"type":"Feature","properties":{"kind":"line","line":"KO","name":"Keio Railway Keio Line (Westbound)","color":"#e50b84","rank":1,"usata":true},"geometry":{"type":"LineString","coordinates":[[139.6991365,35.690548],[139.6994092,35.6888094],[139.6990994,35.6882208],[139.6970528,35.6871869],[139.695408,35.686737],[139.6942728,35.6861586],[139.6922176,35.6840323],[139.6889613,35.6823696],[139.686217,35.6802611],[139.6838415,35.6795397],[139.6784913,35.6771969],[139.6759088,35.6765355],[139.6560112,35.6699248],[139.6435653,35.6662789],[139.6417068,35.6661036],[139.6111831,35.6706064],[139.6083564,35.6705588],[139.5824391,35.6613932],[139.5581054,35.649962],[139.5560871,35.6495543],[139.5507938,35.649943],[139.5357538,35.6544883],[139.5164322,35.6632225],[139.5042068,35.6656658],[139.4926105,35.6697689],[139.4775917,35.6726746],[139.4756335,35.6728944],[139.4712044,35.6721873],[139.4696552,35.6713009],[139.4691107,35.6704093],[139.4668621,35.6630735],[139.4660497,35.6619434],[139.4649569,35.6611097],[139.4628905,35.6603652],[139.4534757,35.6589112],[139.4521045,35.6582904],[139.4515553,35.6575476],[139.449695,35.6522462],[139.4491731,35.6515279],[139.4483908,35.651088],[139.4465792,35.6507071],[139.4454339,35.6506899],[139.4380211,35.6523563],[139.4368914,35.6530355],[139.4336432,35.6563972],[139.4323048,35.6571447],[139.4164154,35.6609836],[139.4106046,35.6633403],[139.405257,35.6638726],[139.3988208,35.6607256],[139.3905317,35.6533912],[139.3818027,35.6489762],[139.3763959,35.6441287],[139.3746457,35.6428985],[139.373675,35.6426176],[139.3581847,35.6430101],[139.356921,35.643363],[139.3511862,35.6458391],[139.350199,35.6465027],[139.3492905,35.6476818],[139.3463139,35.655654],[139.3454487,35.6564755],[139.3425096,35.6583474]]}},{"type":"Feature","properties":{"kind":"line","line":"KS","name":"Keisei Main Line/Chiba/Chihara Line Local (Chiharadai => Keisei Ueno)","color":"#0000cd","rank":1,"usata":false},"geometry":{"type":"LineString","coordinates":[[140.1702207,35.5338316],[140.1707299,35.5361664],[140.1717716,35.5444524],[140.1715895,35.5458223],[140.1710763,35.547043],[140.1700794,35.5482421],[140.1687194,35.5491873],[140.1617141,35.551559],[140.1603035,35.5522392],[140.1586326,35.5537914],[140.1577958,35.555658],[140.1577612,35.5573593],[140.159599,35.5665519],[140.1603509,35.5732244],[140.1601483,35.5750132],[140.1593961,35.5764633],[140.1581173,35.577708],[140.154319,35.5802045],[140.1435706,35.5887886],[140.1419929,35.5894174],[140.1408948,35.5896086],[140.1347778,35.5899439],[140.1322066,35.5903626],[140.125897,35.5927527],[140.1244082,35.5936609],[140.1235675,35.5948215],[140.1226388,35.5977857],[140.121191,35.600307],[140.1166704,35.6097494],[140.1159016,35.6108418],[140.1143039,35.6116499],[140.1118217,35.6117868],[140.1077233,35.6125979],[140.1059583,35.6134869],[140.0938074,35.6299353],[140.0924524,35.6310651],[140.0874038,35.6335972],[140.0864517,35.634531],[140.0859367,35.6356507],[140.0839414,35.6470586],[140.0831694,35.648247],[140.0822408,35.6488347],[140.0814152,35.6490663],[140.0756859,35.6495593],[140.0642043,35.6533326],[140.0628487,35.6539504],[140.0583606,35.6567511],[140.0571031,35.6578789],[140.0559669,35.6605498],[140.055377,35.6614164],[140.0322029,35.6810443],[140.0304211,35.6822878],[140.0287337,35.6828767],[140.0207599,35.6843484],[140.0104708,35.6844245],[140.0088323,35.6846621],[140.0018603,35.688296],[139.9977437,35.6897477],[139.9927992,35.692482],[139.9916215,35.6935183],[139.9910466,35.6948561],[139.9910052,35.6957495],[139.9917538,35.6993404],[139.991386,35.7001726],[139.9904896,35.7008038],[139.9882524,35.7009667],[139.985063,35.7000298],[139.9839228,35.6998995],[139.9809284,35.7007323],[139.9799823,35.7013592],[139.9787589,35.703045],[139.9779404,35.7037585],[139.9770078,35.7041338],[139.9736658,35.7047858],[139.9645987,35.7104493],[139.963684,35.7107163],[139.9601556,35.7110133],[139.9553206,35.7136695],[139.946302,35.7162012],[139.9402862,35.7185948],[139.9346088,35.7214493],[139.9309759,35.7221871],[139.9264093,35.7249042],[139.9187795,35.7285585],[139.9121431,35.7309297],[139.9112668,35.7314891],[139.9081672,35.7346883],[139.9069918,35.7355346],[139.8967956,35.7375304],[139.8872476,35.7398594],[139.8839315,35.7418956],[139.8713875,35.7506658],[139.8699972,35.7510394],[139.8654158,35.7507299],[139.860003,35.7488942],[139.857928,35.747883],[139.8553242,35.7447781],[139.8541865,35.7443489],[139.8529512,35.7444643],[139.8492933,35.7458727],[139.8472589,35.7463795],[139.8391504,35.7477381],[139.8370569,35.7478669],[139.8238357,35.7475321],[139.8139739,35.7442495],[139.8035021,35.7428843],[139.799855,35.7417543],[139.7964351,35.7424259],[139.7929584,35.7444275],[139.7916798,35.7447457],[139.7906572,35.7446802],[139.7880773,35.7438978],[139.7859222,35.7437808],[139.782835,35.7431224],[139.7781368,35.7397557],[139.7695363,35.7344134],[139.7686623,35.7332531],[139.768655,35.7319782],[139.7698618,35.7294533],[139.7724862,35.7270731],[139.7743577,35.7257113],[139.7748924,35.7248884],[139.7748416,35.7242135],[139.7741053,35.7229913],[139.7736859,35.7217129],[139.7743604,35.7201515],[139.7743439,35.7197257],[139.7725558,35.7178256],[139.7722976,35.7168773],[139.7732551,35.7144788],[139.772999,35.7134945],[139.7736847,35.7109738]]}},{"type":"Feature","properties":{"kind":"line","line":"KS","name":"Keisei Main Line (Narita Airport → Keisei-Ueno)","color":"#005aaa","rank":1,"usata":false},"geometry":{"type":"LineString","coordinates":[[140.3857872,35.7653577],[140.3886317,35.7692914],[140.388865,35.770755],[140.3884259,35.77176],[140.3849341,35.7764166],[140.3843125,35.7771904],[140.3835953,35.7776616],[140.382162,35.7775124],[140.3799464,35.7761477],[140.3784345,35.7758965],[140.3716661,35.777871],[140.368224,35.7780524],[140.3659335,35.777668],[140.3591889,35.7757997],[140.3566045,35.7753066],[140.3470276,35.7744308],[140.338879,35.7740896],[140.3347987,35.774528],[140.330429,35.7756337],[140.327393,35.7766691],[140.322479,35.7789457],[140.3212035,35.7791067],[140.3198431,35.7789412],[140.3182986,35.7782625],[140.3133809,35.7748429],[140.3123616,35.7740366],[140.3099511,35.7714721],[140.3074486,35.7704014],[140.3033556,35.7659911],[140.3006404,35.7648201],[140.2980496,35.7620453],[140.2968838,35.7611644],[140.2956076,35.7605663],[140.2864523,35.7577281],[140.2844735,35.7566168],[140.2812356,35.7528544],[140.2750737,35.7466809],[140.2728067,35.7424357],[140.2716189,35.7386412],[140.2708659,35.7376006],[140.268529,35.7354005],[140.266923,35.7347038],[140.2534611,35.7312127],[140.2494587,35.7292297],[140.2447117,35.7262916],[140.2430399,35.7259336],[140.2352352,35.7257085],[140.2323129,35.7252904],[140.2276788,35.7250763],[140.2262197,35.7251776],[140.2211717,35.7273973],[140.2146891,35.7299137],[140.2139588,35.7304602],[140.2116105,35.7332999],[140.2099,35.7347397],[140.2022028,35.7389965],[140.2012905,35.7392462],[140.200466,35.739172],[140.1859601,35.7351814],[140.178604,35.7277789],[140.1775542,35.7270336],[140.1759383,35.7263609],[140.1513224,35.7205327],[140.1498998,35.7199497],[140.147061,35.7181071],[140.1454363,35.717534],[140.1136482,35.7141431],[140.1047064,35.7107751],[140.0988666,35.7078805],[140.0867779,35.6981484],[140.0857234,35.6972331],[140.078845,35.6895534],[140.0775529,35.6886836],[140.0630742,35.6859099],[140.0445245,35.6858351],[140.0373647,35.6824621],[140.0315194,35.6807855],[140.0302252,35.6810951],[140.0268053,35.6830427],[140.0211849,35.6842843],[140.0100909,35.6844391],[140.0083621,35.6848296],[140.0023999,35.6880447],[139.9967712,35.6903062],[139.9921217,35.6929439],[139.991482,35.693724],[139.9909984,35.69529],[139.9917301,35.6994828],[139.991386,35.7001726],[139.9906831,35.7007154],[139.9896221,35.7009928],[139.9882524,35.7009667],[139.985063,35.7000298],[139.9839228,35.6998995],[139.9809284,35.7007323],[139.9799823,35.7013592],[139.9787589,35.703045],[139.9779404,35.7037585],[139.9770078,35.7041338],[139.9736658,35.7047858],[139.9645987,35.7104493],[139.963684,35.7107163],[139.9601556,35.7110133],[139.9553206,35.7136695],[139.9466702,35.7160589],[139.9402862,35.7185948],[139.9346088,35.7214493],[139.9309759,35.7221871],[139.9264093,35.7249042],[139.9187795,35.7285585],[139.9124317,35.730876],[139.9112266,35.7316342],[139.9079705,35.7348742],[139.9069918,35.7355346],[139.8967956,35.7375304],[139.8874917,35.7397527],[139.8860085,35.7405755],[139.8713875,35.7506658],[139.8702634,35.7510259],[139.8657104,35.7507921],[139.860003,35.7488942],[139.857928,35.747883],[139.8553242,35.7447781],[139.8541865,35.7443489],[139.8529512,35.7444643],[139.8492933,35.7458727],[139.8472589,35.7463795],[139.8391504,35.7477381],[139.8370569,35.7478669],[139.8238357,35.7475321],[139.8139739,35.7442495],[139.8035021,35.7428843],[139.799855,35.7417543],[139.7961798,35.7426016],[139.7929584,35.7444275],[139.7916798,35.7447457],[139.7906572,35.7446802],[139.7880773,35.7438978],[139.7859222,35.7437808],[139.782835,35.7431224],[139.7781368,35.7397557],[139.7695363,35.7344134],[139.7686623,35.7332531],[139.768655,35.7319782],[139.7698618,35.7294533],[139.7724862,35.7270731],[139.7743577,35.7257113],[139.7748924,35.7248884],[139.7748416,35.7242135],[139.7741053,35.7229913],[139.7736859,35.7217129],[139.7743604,35.7201515],[139.7743439,35.7197257],[139.7725558,35.7178256],[139.7722976,35.7168773],[139.7732551,35.7144788],[139.772999,35.7134945],[139.7737456,35.7107712]]}},{"type":"Feature","properties":{"kind":"line","line":"M","name":"Marunouchi Line (Ogikubo --> Ikebukuro)","color":"#f62e36","rank":1,"usata":true},"geometry":{"type":"LineString","coordinates":[[139.6199943,35.7043191],[139.6232909,35.7043804],[139.627419,35.7033189],[139.6301727,35.7017349],[139.6341853,35.700025],[139.6378076,35.6986081],[139.6404328,35.6979128],[139.6432485,35.6977575],[139.6570578,35.6980646],[139.6626408,35.6974427],[139.6663785,35.6974003],[139.676367,35.697727],[139.6819279,35.6971813],[139.6864432,35.6963948],[139.6970597,35.6931524],[139.6984809,35.6922529],[139.7017952,35.6922688],[139.7094349,35.6888797],[139.7158559,35.6875924],[139.7226796,35.6880766],[139.7289517,35.686054],[139.7298771,35.6852081],[139.7300735,35.6826984],[139.7308296,35.6813072],[139.7319236,35.6804702],[139.7330444,35.6791368],[139.7340295,35.678763],[139.7355515,35.6786311],[139.7364516,35.6782339],[139.7387096,35.6745205],[139.7406469,35.6736223],[139.7417191,35.6735656],[139.7446835,35.6740723],[139.7455408,35.674555],[139.746551,35.6755717],[139.7479355,35.6759725],[139.754245,35.6737007],[139.757174,35.6732387],[139.7599567,35.6722909],[139.7634469,35.6729601],[139.7644079,35.6734131],[139.7650436,35.674838],[139.7646098,35.6766172],[139.7655991,35.6792387],[139.7655026,35.6798344],[139.7648588,35.6809133],[139.764889,35.6820503],[139.7664061,35.6876095],[139.7665,35.6890909],[139.766964,35.6900647],[139.7673866,35.6919892],[139.7676292,35.6974515],[139.7669711,35.6988532],[139.7661407,35.6997024],[139.7632061,35.7009886],[139.7622353,35.7017923],[139.7616174,35.7042098],[139.7605116,35.7061143],[139.7594906,35.7069793],[139.7583782,35.7073833],[139.7490125,35.7071883],[139.7474858,35.7076406],[139.7438791,35.7100025],[139.7409651,35.7122645],[139.7395043,35.7137552],[139.7378433,35.7162506],[139.7349623,35.7189638],[139.7339625,35.7216402],[139.732583,35.723766],[139.730531,35.7253564],[139.7241023,35.7295284],[139.7195393,35.7307546],[139.7180348,35.7306341],[139.7141647,35.7295371],[139.7117323,35.7300791]]}},{"type":"Feature","properties":{"kind":"line","line":"MG","name":"Tokyu-Meguro Line (Hiyoshi -> Meguro)","color":"#009cd2","rank":1,"usata":false},"geometry":{"type":"LineString","coordinates":[[139.6469044,35.5534676],[139.648032,35.5564291],[139.6508003,35.5589821],[139.6525575,35.5613352],[139.6635434,35.583757],[139.6644198,35.5847687],[139.6681926,35.5875652],[139.6687412,35.5882072],[139.6688662,35.5892685],[139.667719,35.5935383],[139.6673423,35.5968906],[139.6673012,35.5989578],[139.6676108,35.6012162],[139.6682212,35.6023188],[139.6689931,35.6029352],[139.669966,35.6033165],[139.6926693,35.6092542],[139.6935687,35.6096403],[139.7013445,35.6185778],[139.7022318,35.6192614],[139.7144328,35.6262737],[139.7165346,35.6294498],[139.7164804,35.6304998],[139.7156838,35.6324892]]}},{"type":"Feature","properties":{"kind":"line","line":"MM","name":"Yokohama Minatomirai Line (Yokohama->Motomachi-chukagai)","color":"#c61094","rank":1,"usata":false},"geometry":{"type":"LineString","coordinates":[[139.6221488,35.4662537],[139.6216037,35.4655667],[139.6215158,35.4649505],[139.6216353,35.4642109],[139.6224123,35.4633687],[139.6248738,35.4620869],[139.6281436,35.4619038],[139.6292197,35.4614456],[139.6334239,35.4567454],[139.6337567,35.4558423],[139.6338704,35.4523408],[139.6344773,35.4511981],[139.6451016,35.4454711],[139.6475096,35.4444677],[139.6509328,35.4421296]]}},{"type":"Feature","properties":{"kind":"line","line":"MO","name":"Tokyo Monorail Local (Monorail Hamamatsucho => Haneda Airport Terminal 2)","color":"#003685","rank":1,"usata":false},"geometry":{"type":"LineString","coordinates":[[139.7569159,35.6560794],[139.7567148,35.655006],[139.7572451,35.653433],[139.7564459,35.6511883],[139.7543911,35.648878],[139.753126,35.6479912],[139.7509575,35.6468971],[139.7504225,35.6462211],[139.7504499,35.6457298],[139.751152,35.6442206],[139.7511247,35.6417347],[139.7509135,35.6409937],[139.7498719,35.6393881],[139.7498053,35.6370252],[139.7510488,35.6339609],[139.7501415,35.6242045],[139.7503922,35.6233836],[139.7519111,35.6209696],[139.7521077,35.6195812],[139.7507134,35.6059601],[139.750195,35.6047536],[139.7479369,35.6018232],[139.7474737,35.600409],[139.7466155,35.5884538],[139.7469231,35.586712],[139.7511813,35.576791],[139.7511614,35.575528],[139.7495007,35.5686964],[139.7496103,35.5673067],[139.7502369,35.5662723],[139.7536169,35.5626252],[139.754667,35.5610005],[139.7546004,35.5595902],[139.7534481,35.5563741],[139.7533183,35.5532739],[139.7534919,35.5512709],[139.7550137,35.5473898],[139.7558629,35.5466537],[139.7575983,35.5461045],[139.7677107,35.5446726],[139.7685794,35.5440102],[139.7694169,35.5422761],[139.7701683,35.5414921],[139.7771872,35.538288],[139.7785327,35.5379725],[139.7802531,35.5384997],[139.7857595,35.5416373],[139.7864231,35.54218],[139.7871155,35.5434927],[139.7873022,35.5444112],[139.7869894,35.5456119],[139.7833067,35.5510098],[139.7831549,35.5515086],[139.7834664,35.552153],[139.7849792,35.5529805],[139.7859471,35.5529295],[139.7873025,35.5521637],[139.7882856,35.5508377]]}},{"type":"Feature","properties":{"kind":"line","line":"N","name":"Tokyo Metro Namboku Line (Meguro --> Akabane-iwabuchi)","color":"#00ac9b","rank":1,"usata":false},"geometry":{"type":"LineString","coordinates":[[139.7156838,35.6324892],[139.7154834,35.6340545],[139.7162756,35.6349799],[139.7170065,35.6352055],[139.7210566,35.6355419],[139.7283217,35.6389913],[139.7300723,35.6400532],[139.7320482,35.6403854],[139.7328127,35.6407478],[139.7357724,35.6458209],[139.7367416,35.648918],[139.7368795,35.6501611],[139.7366249,35.6524109],[139.7371036,35.6557751],[139.7369581,35.6565749],[139.7363549,35.6577797],[139.7362947,35.6585615],[139.7366075,35.6597398],[139.7377686,35.6613481],[139.738939,35.6649588],[139.7391901,35.6667095],[139.7409834,35.6690167],[139.7412779,35.6696922],[139.7415211,35.6760484],[139.7410641,35.6771587],[139.7397597,35.6782043],[139.7378339,35.6789065],[139.7351986,35.6787752],[139.7340413,35.6789979],[139.7301153,35.6823161],[139.7295016,35.683292],[139.7292512,35.6844693],[139.7303371,35.6884396],[139.7313939,35.6897151],[139.7338441,35.6911081],[139.7374015,35.6939238],[139.7394416,35.6964521],[139.7421577,35.699071],[139.7432855,35.7009921],[139.7445463,35.7024464],[139.7462823,35.7031536],[139.7499213,35.7032127],[139.7512221,35.7037747],[139.7518121,35.7048855],[139.751724,35.7098056],[139.7518932,35.7103989],[139.7526021,35.7110679],[139.7546189,35.7114693],[139.7556045,35.7120372],[139.7569811,35.7136603],[139.7584225,35.7162715],[139.7578912,35.7180701],[139.7573695,35.718923],[139.7541274,35.7230425],[139.7533829,35.7263079],[139.7523481,35.7276982],[139.7512697,35.7299695],[139.7481135,35.7337589],[139.7466942,35.7359676],[139.7461418,35.7383472],[139.7473505,35.7412625],[139.7474119,35.7419604],[139.7471184,35.7428084],[139.7458969,35.7438313],[139.7432101,35.7450391],[139.7410577,35.7471471],[139.738981,35.7487837],[139.7381991,35.7497845],[139.737799,35.7513297],[139.7378472,35.7529124],[139.737079,35.7549957],[139.7373725,35.7570413],[139.7375176,35.7609844],[139.7359952,35.7640965],[139.7331282,35.7726384],[139.7332722,35.7763008],[139.7330073,35.7771322],[139.7314811,35.7793191],[139.7286817,35.7817454],[139.7266221,35.7824524],[139.7219088,35.7833904]]}},{"type":"Feature","properties":{"kind":"line","line":"NT","name":"Nippori-Toneri Liner (Nippori -> Minumadai-shinsuikoen)","color":"#ff69b4","rank":1,"usata":false},"geometry":{"type":"LineString","coordinates":[[139.7712873,35.7289168],[139.7718636,35.729355],[139.7718932,35.7296944],[139.7684194,35.7325238],[139.7680084,35.7331921],[139.7689755,35.7428641],[139.7697893,35.7478444],[139.7701118,35.7527395],[139.7711689,35.7605831],[139.7708151,35.7628869],[139.77074,35.7671572],[139.7702845,35.7732674],[139.7699781,35.7848788],[139.7701691,35.7998727],[139.7700572,35.8109729],[139.7706798,35.8144994]]}},{"type":"Feature","properties":{"kind":"line","line":"OH","name":"Odakyu Odawara Line (North->South)","color":"#0d82c7","rank":1,"usata":false},"geometry":{"type":"LineString","coordinates":[[139.6996442,35.6901052],[139.7008414,35.6864276],[139.700677,35.6853726],[139.7000355,35.684617],[139.6947487,35.6802907],[139.6928935,35.6775055],[139.6911567,35.6741528],[139.6900731,35.6705649],[139.6891759,35.6697094],[139.6878004,35.6694297],[139.6834059,35.6700434],[139.6814736,35.6697004],[139.6738204,35.6659631],[139.6650991,35.6598635],[139.6632324,35.6588258],[139.6504634,35.6550444],[139.6469634,35.6535172],[139.6387389,35.6517432],[139.6332709,35.6502025],[139.5816613,35.6348904],[139.5789703,35.6334925],[139.5764202,35.6313086],[139.5679597,35.6189457],[139.5668474,35.6181763],[139.5615527,35.6159182],[139.5596981,35.6155819],[139.5466776,35.6154174],[139.5384915,35.6146455],[139.5301867,35.6145099],[139.5261459,35.6148978],[139.5240062,35.614435],[139.522674,35.6136015],[139.5206998,35.6114623],[139.5193225,35.6104065],[139.5118579,35.6072541],[139.5023277,35.5994962],[139.5013359,35.5982692],[139.5007517,35.5971003],[139.5000557,35.5941256],[139.4994472,35.5927024],[139.4971685,35.5889331],[139.4952078,35.5869207],[139.4911394,35.5850887],[139.4797486,35.5826987],[139.4781534,35.5821314],[139.4770838,35.5814812],[139.475824,35.5801999],[139.4723056,35.5745924],[139.4700348,35.5718911],[139.4673547,35.5673924],[139.4645187,35.5650731],[139.4625581,35.5620999],[139.4616199,35.559172],[139.4612546,35.5547115],[139.4598726,35.5524141],[139.4587384,35.551389],[139.4573681,35.5507137],[139.4517355,35.549616],[139.4483156,35.5473157],[139.4467321,35.545943],[139.4434103,35.5417351],[139.4421482,35.5374589],[139.4413313,35.5360735],[139.406942,35.4975199],[139.400348,35.489386],[139.3999562,35.488391],[139.3998198,35.4872986],[139.400032,35.4769919],[139.3988325,35.4629429],[139.3983199,35.4614294],[139.3948539,35.4560987],[139.3797228,35.4437062],[139.3784568,35.4431861],[139.3670784,35.4407032],[139.3644315,35.4394232],[139.3548541,35.4298392],[139.3505355,35.4229969],[139.3498328,35.4222434],[139.34119,35.415446],[139.3374071,35.412943],[139.3342532,35.4092016],[139.318281,35.398347],[139.2985418,35.3886843],[139.2841032,35.3834977],[139.2772504,35.3806286],[139.2762826,35.3798387],[139.272045,35.374053],[139.2706456,35.3726491],[139.2624129,35.368137],[139.2522046,35.3647218],[139.245498,35.3628447],[139.2432576,35.3630436],[139.2390963,35.3648142],[139.2351558,35.3647341],[139.2307911,35.3655583],[139.2291506,35.3666166],[139.226835,35.3695133],[139.223593,35.371658],[139.221871,35.372225],[139.2129772,35.3720681],[139.199004,35.369992],[139.196857,35.370316],[139.1847113,35.3741085],[139.175669,35.3743691],[139.1709733,35.3754597],[139.1691965,35.3751458],[139.165993,35.373015],[139.163829,35.3709215],[139.1632319,35.3700907],[139.1627561,35.3669274],[139.1623831,35.366098],[139.1615393,35.3653192],[139.1595949,35.3641458],[139.1589176,35.3631199],[139.1589138,35.3616259],[139.1602078,35.3588956],[139.1602174,35.3581496],[139.1599365,35.3573851],[139.1583551,35.3555864],[139.1555811,35.3538174],[139.1527102,35.3498007],[139.1499487,35.3473781],[139.1489887,35.3468209],[139.1480857,35.346587],[139.1451556,35.3465337],[139.1434128,35.3462307],[139.1364973,35.3433116],[139.1317701,35.340016],[139.1309921,35.3390768],[139.1306978,35.3380619],[139.1310351,35.3366095],[139.1419829,35.3133231],[139.1448188,35.2976628],[139.1483053,35.2891582],[139.149555,35.287333],[139.1545328,35.2827549],[139.1551602,35.2816811],[139.1552592,35.2807481],[139.1543454,35.2730737],[139.1555246,35.2630105],[139.1569223,35.2588228],[139.1566885,35.2577963],[139.1555899,35.2564024]]}},{"type":"Feature","properties":{"kind":"line","line":"OM","name":"Tokyu Oimachi Line (Oimachi -> Mizonokuchi)","color":"#f18c43","rank":1,"usata":false},"geometry":{"type":"LineString","coordinates":[[139.734381,35.6075572],[139.7278329,35.6082852],[139.72452,35.6092526],[139.7192719,35.6090842],[139.7177027,35.6087705],[139.7161916,35.6081626],[139.7110169,35.6046954],[139.7095499,35.604132],[139.7080128,35.6038448],[139.7067102,35.603943],[139.7012045,35.6051396],[139.6960015,35.6054537],[139.6891155,35.6077141],[139.6880778,35.6078404],[139.6858386,35.6074796],[139.681493,35.6061744],[139.6805533,35.6060928],[139.6732415,35.6080386],[139.671418,35.60814],[139.6632963,35.6054706],[139.6618104,35.6052777],[139.6444104,35.6092619],[139.6372931,35.6126372],[139.6358557,35.6126935],[139.6326181,35.6118733],[139.6287554,35.6126748],[139.6277639,35.6124592],[139.6270414,35.6119915],[139.6206241,35.6051023],[139.6110373,35.6001766],[139.6096008,35.599158],[139.6080908,35.5975094]]}},{"type":"Feature","properties":{"kind":"line","line":"R","name":"Rinkai Line (Shin-kiba --> Osaki)","color":"#2d3087","rank":1,"usata":false},"geometry":{"type":"LineString","coordinates":[[139.8299154,35.6463506],[139.8170451,35.6450736],[139.8036324,35.6407163],[139.8008798,35.6394851],[139.7917707,35.6344187],[139.7753246,35.6257385],[139.7717932,35.6252126],[139.760586,35.6249479],[139.7574226,35.624341],[139.7530154,35.6239579],[139.7517897,35.6231538],[139.7509426,35.6215554],[139.7498198,35.6090402],[139.749256,35.6078568],[139.7483908,35.6072519],[139.7453662,35.606708],[139.7395902,35.6067778],[139.7324896,35.6076495],[139.7315465,35.6079586],[139.7308054,35.6087371],[139.7305108,35.6099676],[139.7320296,35.6133998],[139.7319727,35.6148262],[139.730356,35.6169911],[139.7282629,35.6192833]]}},{"type":"Feature","properties":{"kind":"line","line":"S","name":"Shinjuku Line (Motoyawata --> Shinjuku)","color":"#6cbb5a","rank":1,"usata":true},"geometry":{"type":"LineString","coordinates":[[139.9271332,35.7237395],[139.9248139,35.7202594],[139.9221879,35.7170747],[139.921089,35.7160914],[139.9136031,35.7122818],[139.9036353,35.7058177],[139.9026643,35.704378],[139.9015895,35.7000305],[139.900342,35.6972128],[139.8958656,35.6905851],[139.8946586,35.6893719],[139.8927234,35.6880725],[139.890861,35.6872821],[139.8890501,35.6868154],[139.869529,35.6840911],[139.8628571,35.6837545],[139.8604484,35.6842618],[139.8477148,35.6897853],[139.8452779,35.6903553],[139.8395527,35.6899334],[139.83806,35.6900266],[139.8297999,35.689256],[139.8160454,35.6890094],[139.7999028,35.6880287],[139.7955979,35.6879178],[139.7892781,35.6882266],[139.7876361,35.688584],[139.785946,35.6893066],[139.7803615,35.6942209],[139.7784841,35.6952165],[139.7689542,35.6956903],[139.7679313,35.6955192],[139.7650114,35.6944454],[139.7638768,35.6942875],[139.762592,35.6945859],[139.7608942,35.695772],[139.7597368,35.6959779],[139.7532676,35.6957842],[139.7496756,35.6952476],[139.7358618,35.6910575],[139.7332649,35.6914142],[139.7293989,35.6910886],[139.7282309,35.6912072],[139.7253203,35.6921563],[139.7219619,35.6923673],[139.7172895,35.6912944],[139.7139072,35.6911779],[139.7091275,35.6914872],[139.7077659,35.6912956],[139.704555,35.6897316],[139.6992018,35.6885497]]}},{"type":"Feature","properties":{"kind":"line","line":"SG","name":"Tokyu Setagaya Line (Sangen-Jaya → Shimo-Takaido)","color":"#fcc70d","rank":1,"usata":true},"geometry":{"type":"LineString","coordinates":[[139.6690322,35.6440902],[139.6672492,35.6442197],[139.6627805,35.6459533],[139.661407,35.6461558],[139.6591546,35.6457669],[139.6551437,35.6439172],[139.6473419,35.6431741],[139.6464517,35.6434388],[139.6449246,35.6459017],[139.6447083,35.6466445],[139.6464543,35.6532161],[139.6464589,35.6541147],[139.6458772,35.655259],[139.6427568,35.6580983],[139.6421286,35.6589822],[139.6419406,35.6599052],[139.6421908,35.6652677],[139.6419284,35.6657864],[139.6412157,35.6661118]]}},{"type":"Feature","properties":{"kind":"line","line":"SI","name":"Seibu Ikebukuro Line (E->W)","color":"#ed772d","rank":1,"usata":false},"geometry":{"type":"LineString","coordinates":[[139.7110818,35.7280407],[139.709614,35.7249965],[139.7087516,35.7244159],[139.7077204,35.7242374],[139.7009233,35.726577],[139.6995464,35.7266412],[139.6972027,35.7262234],[139.6959949,35.7262308],[139.6865173,35.7281589],[139.6845912,35.7289836],[139.6741856,35.7370373],[139.6716311,35.7378734],[139.6663983,35.7389223],[139.6643885,35.7389205],[139.6525447,35.7377051],[139.6449518,35.7375706],[139.6297456,35.7358735],[139.6266689,35.7359732],[139.6233046,35.7370498],[139.6142533,35.7418278],[139.5944546,35.7463739],[139.5867669,35.7493956],[139.5851056,35.7498013],[139.5832121,35.7498398],[139.557746,35.7472012],[139.5557908,35.7473511],[139.5414457,35.7533004],[139.5404853,35.7538628],[139.5245918,35.7697381],[139.5227501,35.7711787],[139.4915865,35.7799139],[139.4897708,35.7811421],[139.48637,35.7853199],[139.4822481,35.7885356],[139.4800039,35.78979],[139.4772592,35.7904832],[139.4752837,35.7902996],[139.4746603,35.7899511],[139.473912,35.7891439],[139.4732348,35.7855072],[139.4732495,35.7831806],[139.4723065,35.7817058],[139.4715442,35.7810962],[139.4705717,35.7807176],[139.4693656,35.7806106],[139.4683034,35.7808183],[139.4569629,35.7882895],[139.4547582,35.7903183],[139.4523373,35.7935002],[139.4510156,35.7944945],[139.4161644,35.8108127],[139.4150426,35.8118601],[139.4144938,35.8130557],[139.409593,35.8337702],[139.4087117,35.8351654],[139.4028547,35.8426001],[139.4019374,35.8434825],[139.4007627,35.844171],[139.3980757,35.844983],[139.3928434,35.8447956],[139.3912093,35.8440812],[139.3892832,35.8417146],[139.3882196,35.8411615],[139.3866414,35.8411396],[139.3837616,35.8425153],[139.3825217,35.8426298],[139.3789776,35.8413182],[139.3752099,35.8406643],[139.367082,35.8382725],[139.3649657,35.837851],[139.3591214,35.8376334],[139.352929,35.8379769],[139.3506267,35.8384782],[139.3405227,35.8421129],[139.3300497,35.8437035],[139.328178,35.8447127],[139.3230718,35.849268],[139.3188758,35.8511285]]}},{"type":"Feature","properties":{"kind":"line","line":"SO","name":"Sotetsu: Yokohama => Ebina","color":"#0c1e56","rank":1,"usata":false},"geometry":{"type":"LineString","coordinates":[[139.6209925,35.46518],[139.6198495,35.463457],[139.6125176,35.4556015],[139.60838,35.4531963],[139.6065904,35.4528004],[139.6004835,35.4546897],[139.5975394,35.4558716],[139.5921116,35.4613568],[139.5855873,35.4641178],[139.5815586,35.4664708],[139.5728948,35.4734103],[139.5722322,35.4742241],[139.5711291,35.4763621],[139.570514,35.4769908],[139.569287,35.4775743],[139.5669127,35.4779825],[139.5585443,35.4780541],[139.554174,35.4774074],[139.5516463,35.4755963],[139.5475071,35.4742058],[139.5418176,35.46961],[139.5373868,35.4670622],[139.529325,35.4611842],[139.5276779,35.4608146],[139.5225873,35.4611388],[139.5167264,35.4600272],[139.5152105,35.4601436],[139.5101432,35.4616662],[139.5080134,35.4631156],[139.5057142,35.4660168],[139.5044281,35.4670266],[139.4969285,35.4700388],[139.4953251,35.4704589],[139.4849058,35.470569],[139.4719575,35.4695783],[139.4547875,35.4701591],[139.4500107,35.4692717],[139.4359401,35.4713769],[139.4258391,35.4715803],[139.4244595,35.4712616],[139.4197265,35.4684763],[139.4125713,35.4654754],[139.4115031,35.4646395],[139.410116,35.4629286],[139.408418,35.4612813],[139.403822,35.4585768],[139.4019514,35.4580142],[139.3982356,35.4577555],[139.396194,35.4571719],[139.3917357,35.4529777]]}},{"type":"Feature","properties":{"kind":"line","line":"SS","name":"Seibu Shinjuku Line (South->North)","color":"#00a6bf","rank":1,"usata":false},"geometry":{"type":"LineString","coordinates":[[139.6999469,35.6960878],[139.7008485,35.7041747],[139.7039491,35.7129823],[139.7048918,35.7144657],[139.7046378,35.7153717],[139.7037286,35.7159906],[139.6985498,35.7163307],[139.6956305,35.7157686],[139.6917385,35.7159076],[139.6880396,35.7152357],[139.6830517,35.7147923],[139.6814885,35.7148995],[139.6776435,35.7157571],[139.673208,35.7156128],[139.6717748,35.7160046],[139.6673825,35.7185472],[139.6660935,35.7190251],[139.661273,35.7196448],[139.6564529,35.7189759],[139.6553194,35.7190066],[139.643938,35.7225258],[139.634581,35.7227228],[139.6200589,35.7244078],[139.5976458,35.7255262],[139.5890531,35.7265312],[139.5597172,35.7291024],[139.5475013,35.728168],[139.5189843,35.725046],[139.5160626,35.7252085],[139.5131866,35.7261056],[139.5057845,35.7294285],[139.5039408,35.7300632],[139.5020911,35.7312619],[139.4997269,35.7320544],[139.4868759,35.7376831],[139.4834861,35.7403173],[139.4664396,35.7549927],[139.4657751,35.7559457],[139.4655363,35.7568836],[139.4657117,35.7611501],[139.4659656,35.7626217],[139.4725801,35.7737984],[139.4730494,35.7751718],[139.4727222,35.7832084],[139.4735147,35.7894178],[139.4730563,35.7912981],[139.4721786,35.7924836],[139.4252665,35.8341335],[139.4138786,35.8519784],[139.4131112,35.8537823],[139.4129581,35.8557323],[139.4132942,35.8572828],[139.413848,35.8584353],[139.415664,35.8604387],[139.4772628,35.907278],[139.4788235,35.9090043],[139.4811138,35.9139993]]}},{"type":"Feature","properties":{"kind":"line","line":"SW","name":"Seibu Tamagawa Line","color":"#ef810f","rank":1,"usata":false},"geometry":{"type":"LineString","coordinates":[[139.5440463,35.7019995],[139.5370492,35.7018031],[139.5353573,35.7014668],[139.5273307,35.696447],[139.5263399,35.6955937],[139.5253826,35.6941773],[139.5137409,35.6696917],[139.5124976,35.6683348],[139.5044574,35.6626115],[139.5038737,35.661634],[139.502997,35.6582136],[139.5022271,35.6571886],[139.5009761,35.6565426],[139.4980001,35.6559134],[139.4893878,35.6562642]]}},{"type":"Feature","properties":{"kind":"line","line":"T","name":"Tokyo Metro Tōzai Line Local: Nakano => Nishi-Funabashi","color":"#009bbf","rank":1,"usata":true},"geometry":{"type":"LineString","coordinates":[[139.6655367,35.7058135],[139.6695158,35.7058881],[139.6750819,35.7063184],[139.6767331,35.7068663],[139.6793005,35.7085432],[139.6824697,35.7099578],[139.6883,35.7111939],[139.6925782,35.7111819],[139.6971391,35.7117129],[139.699743,35.7123977],[139.7022903,35.7136185],[139.7038569,35.7137938],[139.7050201,35.713397],[139.707716,35.711958],[139.7107767,35.7113463],[139.7134324,35.710039],[139.7162231,35.7094304],[139.7168355,35.7090133],[139.7178886,35.7075634],[139.718964,35.7065282],[139.7199629,35.7059951],[139.7247474,35.7054523],[139.7273714,35.7047183],[139.7301678,35.7047526],[139.7379419,35.7032357],[139.7411522,35.7034244],[139.7447151,35.7025702],[139.7477326,35.7005958],[139.7505934,35.697618],[139.7516468,35.694905],[139.7521441,35.6942345],[139.7546426,35.6930516],[139.7566583,35.6908862],[139.7595761,35.6898377],[139.7603397,35.689369],[139.7608161,35.6886567],[139.7613447,35.6863421],[139.7620112,35.6856242],[139.7627371,35.6853145],[139.7709772,35.6836098],[139.7794292,35.6802993],[139.7810711,35.6795595],[139.7861849,35.676464],[139.7891991,35.6756108],[139.7930425,35.6732089],[139.8009414,35.6699187],[139.8030793,35.6695745],[139.8112,35.6693375],[139.8274174,35.6701163],[139.8283169,35.6698972],[139.8303707,35.6688604],[139.8332732,35.6679162],[139.8373059,35.6667067],[139.8394744,35.666343],[139.8673743,35.6639275],[139.8804428,35.6632685],[139.8891432,35.6641467],[139.8954934,35.6671804],[139.9280054,35.6941688],[139.9385286,35.7003805],[139.9483243,35.7092591],[139.9506419,35.7100869],[139.9530712,35.7100086],[139.9561074,35.7088192],[139.9588877,35.707313]]}},{"type":"Feature","properties":{"kind":"line","line":"TJ","name":"Tōbu Tōjō Line (eastbound)","color":"#004da3","rank":1,"usata":false},"geometry":{"type":"LineString","coordinates":[[139.1897473,36.1167768],[139.1963319,36.1179071],[139.1976549,36.117937],[139.1999963,36.1172505],[139.2042709,36.1143187],[139.2057943,36.1137477],[139.2072815,36.1136667],[139.2155292,36.1146296],[139.2179614,36.1145158],[139.2240089,36.1129372],[139.2295704,36.1127779],[139.2308894,36.1122926],[139.2323437,36.111247],[139.2333151,36.1099076],[139.235929,36.1025],[139.2358012,36.1011429],[139.2345472,36.0988175],[139.2343429,36.0975508],[139.2346429,36.0963951],[139.2361307,36.094251],[139.2365315,36.0930932],[139.2364071,36.0903876],[139.2357248,36.0878333],[139.2357476,36.0859737],[139.2360275,36.0848421],[139.2373504,36.0827786],[139.2377032,36.0817877],[139.237529,36.0736342],[139.2377451,36.0725833],[139.2384352,36.0715156],[139.2402453,36.0700155],[139.2498166,36.0633766],[139.2525286,36.0617536],[139.2650519,36.0572712],[139.2751801,36.0567789],[139.276898,36.0564758],[139.2787279,36.0556629],[139.2826627,36.0528971],[139.2881274,36.0513613],[139.2896984,36.0514915],[139.2909661,36.052155],[139.2925493,36.054022],[139.2934668,36.0558139],[139.29447,36.0566939],[139.2961759,36.0572942],[139.297962,36.0572078],[139.2994811,36.0565248],[139.3041957,36.0526657],[139.3054584,36.051942],[139.3080972,36.0513205],[139.3120396,36.0518518],[139.3140743,36.0515348],[139.3180531,36.0490471],[139.3238572,36.0461954],[139.3332722,36.04201],[139.3354953,36.0413624],[139.3374622,36.0412466],[139.3394495,36.0415439],[139.3565223,36.0472191],[139.3583112,36.0475847],[139.3600507,36.0476509],[139.3681594,36.0467083],[139.3909628,36.0418402],[139.3937276,36.0409187],[139.3978218,36.0391892],[139.3992505,36.0383667],[139.4004499,36.037219],[139.4011476,36.0360672],[139.401967,36.0338406],[139.4024206,36.0309684],[139.4025625,36.0282202],[139.4020551,36.0159113],[139.4014176,36.0138471],[139.3974786,36.0082376],[139.3970686,36.007168],[139.3969452,36.0060357],[139.3971358,36.0047681],[139.4004521,35.9935416],[139.4006354,35.9830615],[139.3979768,35.9734708],[139.3899335,35.9633775],[139.389298,35.9622921],[139.3889861,35.9611969],[139.3889537,35.9600735],[139.3892275,35.9589307],[139.389797,35.9581017],[139.3905911,35.95753],[139.3916474,35.9571807],[139.3950463,35.9572197],[139.3974719,35.9567425],[139.4007637,35.9553553],[139.4078454,35.9498535],[139.4222812,35.9378724],[139.441211,35.9263284],[139.4428459,35.9257458],[139.4505886,35.92392],[139.4695121,35.9199526],[139.4713527,35.9190924],[139.4767341,35.9147173],[139.5262056,35.8571905],[139.5318495,35.851152],[139.5354981,35.8482926],[139.5934015,35.8103818],[139.5957594,35.8080618],[139.5975526,35.8053591],[139.5984157,35.8032902],[139.6008968,35.7949671],[139.6014417,35.7939769],[139.6023151,35.7930497],[139.6038548,35.7921394],[139.6228055,35.7843754],[139.6398097,35.7729754],[139.6443223,35.7707052],[139.6482967,35.7696476],[139.6620457,35.7687244],[139.6646998,35.7682903],[139.6670253,35.7676086],[139.6833962,35.7605927],[139.6900211,35.7584747],[139.6975304,35.7547352],[139.699609,35.7531305],[139.7018944,35.7492338],[139.7035031,35.7479669],[139.7062217,35.7472841],[139.7124384,35.7463485],[139.715311,35.7453756],[139.7162942,35.7446042],[139.7169395,35.7436409],[139.7172036,35.7425651],[139.7170818,35.7414807],[139.7130845,35.7338932],[139.7116339,35.7319174],[139.7107697,35.7303213]]}},{"type":"Feature","properties":{"kind":"line","line":"TM","name":"Tōkyū Tamagawa Line (Kamata -> Tamagawa)","color":"#ae0378","rank":1,"usata":false},"geometry":{"type":"LineString","coordinates":[[139.7149761,35.5616098],[139.7110304,35.5616309],[139.704736,35.561155],[139.7034818,35.5613332],[139.6995371,35.5628682],[139.6919343,35.5682176],[139.6839897,35.5722029],[139.6705948,35.5852132],[139.6693262,35.5875416],[139.6677129,35.5933461],[139.6675081,35.5949352]]}},{"type":"Feature","properties":{"kind":"line","line":"TS","name":"TOBU SKYTREE Line (Southwest->North)","color":"#0f6cc3","rank":1,"usata":true},"geometry":{"type":"LineString","coordinates":[[139.7983811,35.7121581],[139.7989751,35.7126595],[139.7999219,35.7127016],[139.8021855,35.7114829],[139.8064128,35.710275],[139.8073137,35.7101926],[139.8126803,35.7109295],[139.8143546,35.7117617],[139.8151064,35.7123703],[139.8158077,35.7132509],[139.8164178,35.714498],[139.8165111,35.7178424],[139.816783,35.7194702],[139.8172869,35.720404],[139.8186151,35.7219325],[139.8190739,35.7230633],[139.8197483,35.7273821],[139.8189287,35.7303103],[139.8189798,35.7317011],[139.8194903,35.7327456],[139.8210604,35.7344511],[139.8214116,35.7357822],[139.8211252,35.736931],[139.8178857,35.7428585],[139.8165709,35.7441341],[139.8153891,35.7446475],[139.8138871,35.7448588],[139.8089694,35.7440544],[139.8075716,35.7440649],[139.8058503,35.7447951],[139.8047263,35.746165],[139.8046678,35.7476802],[139.806134,35.7519532],[139.8115251,35.7574585],[139.8132137,35.7596348],[139.8135328,35.7606413],[139.813568,35.7616189],[139.8133077,35.7626727],[139.8127836,35.7635992],[139.8111981,35.7649732],[139.7921464,35.7756297],[139.7873447,35.7802394],[139.7865007,35.7819046],[139.7867186,35.7837303],[139.7908673,35.7947182],[139.7922746,35.7990041],[139.7951013,35.8061775],[139.7963602,35.8082508],[139.8004402,35.8131343],[139.8020423,35.8163603],[139.8025278,35.8188512],[139.8038713,35.8333674],[139.8038453,35.834976],[139.8034419,35.837288],[139.802853,35.8390522],[139.8011366,35.8421864],[139.7940748,35.8570477],[139.7919063,35.865542],[139.787988,35.8836377],[139.7800685,35.9008848],[139.7793986,35.9048339],[139.780179,35.9112227],[139.7803948,35.915028],[139.7801984,35.91646],[139.7631629,35.9739598],[139.7622557,35.9753959],[139.7608447,35.976546],[139.7530097,35.9800667],[139.7490564,35.981588],[139.7479564,35.9822722],[139.7469315,35.9832781],[139.7458517,35.9854343],[139.7327435,36.0201856],[139.7319208,36.0214617],[139.7305624,36.022771],[139.7267148,36.0246822]]}},{"type":"Feature","properties":{"kind":"line","line":"TT","name":"Tama Monorail Line (Kamikitadai -> Tama-Center)","color":"#22625e","rank":1,"usata":false},"geometry":{"type":"LineString","coordinates":[[139.4158678,35.7464045],[139.4159594,35.7430553],[139.4181213,35.7307771],[139.418183,35.721733],[139.4199854,35.7176946],[139.4128052,35.7095087],[139.4125106,35.6989839],[139.4129679,35.69798],[139.4130011,35.6969418],[139.4098838,35.6910252],[139.4057559,35.6808091],[139.4062479,35.6801303],[139.419419,35.6719729],[139.4205551,35.6704637],[139.4207559,35.6690208],[139.4205451,35.6682952],[139.4190353,35.6656946],[139.4157815,35.662601],[139.4149497,35.660728],[139.4129842,35.657696],[139.4113378,35.6561195],[139.4103133,35.6544637],[139.4089891,35.653378],[139.4080986,35.6514434],[139.4073153,35.6508377],[139.4052913,35.6502107],[139.404023,35.649444],[139.4034559,35.6470067],[139.4040937,35.6454834],[139.4040463,35.6438727],[139.4045069,35.6432258],[139.4076698,35.6423706],[139.412854,35.6401288],[139.4150495,35.6378646],[139.4205973,35.6341924],[139.4213474,35.6334959],[139.4238471,35.627626],[139.4237708,35.6266072],[139.4226451,35.6231455]]}},{"type":"Feature","properties":{"kind":"line","line":"TX","name":"Tsukuba Express Line (Tsukaba -> Akihabara)","color":"#000084","rank":1,"usata":true},"geometry":{"type":"LineString","coordinates":[[140.1112144,36.0826287],[140.1050958,36.0799483],[140.1029399,36.0794404],[140.1009341,36.0793337],[140.098473,36.0795508],[140.0892663,36.0816584],[140.079329,36.0822975],[140.0764646,36.0822128],[140.0737141,36.0816357],[140.07142,36.0807232],[140.0694803,36.0795443],[140.0676139,36.0778536],[140.0662035,36.0758594],[140.0609166,36.0663294],[140.0596056,36.0626832],[140.0593575,36.0591094],[140.0604244,36.0499099],[140.0603853,36.0471615],[140.0584873,36.0389441],[140.0546989,36.0242662],[140.0524938,36.0197065],[140.0342267,35.9875275],[140.0313805,35.9844592],[140.0077169,35.9661955],[140.0064654,35.9646127],[140.0018384,35.9560072],[139.9998146,35.9538008],[139.9975124,35.9524597],[139.9860235,35.9475706],[139.9844268,35.9471122],[139.9794163,35.9463447],[139.9776065,35.9457931],[139.9755457,35.9447035],[139.9738835,35.9432391],[139.9620583,35.9246348],[139.9610319,35.9226418],[139.9521826,35.8921409],[139.9511456,35.8898018],[139.9495973,35.887996],[139.947905,35.8867382],[139.9369719,35.8815794],[139.9344092,35.8801151],[139.9321095,35.8782734],[139.919419,35.8665374],[139.9177501,35.8643001],[139.9165988,35.8618218],[139.9149128,35.8526206],[139.9143163,35.8509269],[139.9127799,35.8487474],[139.9097733,35.8463357],[139.9086426,35.8451372],[139.9077726,35.8436675],[139.9072768,35.8420196],[139.9063287,35.840379],[139.8999124,35.8364882],[139.8975372,35.8342472],[139.8948352,35.8326231],[139.8916422,35.8316004],[139.8858959,35.8310024],[139.8840711,35.8304743],[139.8828985,35.8298854],[139.8806795,35.8280601],[139.8773998,35.8231425],[139.8762478,35.8221127],[139.8748495,35.8212705],[139.8726716,35.8204864],[139.8621391,35.8181629],[139.859603,35.8171993],[139.8511383,35.8122895],[139.8471696,35.8093147],[139.8390069,35.803728],[139.8321416,35.8002422],[139.8268549,35.7989174],[139.82576,35.7982915],[139.8249081,35.7974026],[139.8222405,35.7940867],[139.8222072,35.7876771],[139.8213143,35.7780439],[139.8205299,35.7739127],[139.8202292,35.7698526],[139.8181242,35.7643229],[139.8169135,35.7625145],[139.8159134,35.7614971],[139.812705,35.760297],[139.811092,35.7592186],[139.8064439,35.7536655],[139.8048237,35.7484087],[139.8036365,35.7456042],[139.8006999,35.7361588],[139.7991633,35.7332619],[139.7982569,35.732142],[139.7972865,35.731359],[139.7937674,35.730378],[139.7925121,35.7297806],[139.7916602,35.7290124],[139.7911367,35.728124],[139.7909328,35.7268925],[139.7912032,35.7217082],[139.7914263,35.720947],[139.7926323,35.7188251],[139.7927224,35.7172118],[139.7925379,35.7142397],[139.7920078,35.7113083],[139.7907385,35.7074602],[139.7897906,35.7065564],[139.7886194,35.7063223],[139.776793,35.7074893],[139.7759782,35.707326],[139.7755103,35.7070162],[139.7752004,35.7064775],[139.7744715,35.7025157],[139.7745673,35.7009172],[139.7743275,35.6988291]]}},{"type":"Feature","properties":{"kind":"line","line":"TY","name":"Train Tokyu-Toyoko Line: Yokohama => Shibuya","color":"#da0442","rank":1,"usata":true},"geometry":{"type":"LineString","coordinates":[[139.622118,35.4662723],[139.6230624,35.4672121],[139.6256083,35.470837],[139.6252866,35.4740632],[139.6256916,35.4757593],[139.6264543,35.4766786],[139.6292293,35.4791478],[139.6298429,35.4801667],[139.6300229,35.4810162],[139.6299224,35.4819359],[139.6277223,35.487948],[139.6276876,35.4890986],[139.6279364,35.4897799],[139.6285271,35.4905],[139.6314891,35.492876],[139.6329605,35.4951717],[139.6332738,35.4963682],[139.6333073,35.499437],[139.6346327,35.5030403],[139.6346427,35.5058836],[139.6344395,35.5067115],[139.6338379,35.5075386],[139.6318869,35.5089506],[139.6313676,35.509977],[139.6297902,35.5224287],[139.6300185,35.5235796],[139.6320809,35.5289714],[139.6336777,35.5318487],[139.6339568,35.5356737],[139.6344269,35.5364665],[139.6448482,35.5485496],[139.6477262,35.5560445],[139.6510136,35.5592769],[139.6523681,35.561089],[139.6635081,35.5837698],[139.6641914,35.5846201],[139.668163,35.5875881],[139.6686819,35.5882771],[139.668774,35.5891618],[139.6675985,35.5936375],[139.6672103,35.5979394],[139.6676926,35.6030595],[139.6679261,35.6049448],[139.6684852,35.6068697],[139.6714413,35.6122258],[139.6828821,35.6249148],[139.6888272,35.6348284],[139.6924731,35.6393557],[139.6934604,35.6403362],[139.6968223,35.6424607],[139.7003638,35.6454376],[139.7022386,35.647475],[139.7041978,35.6488407],[139.7068957,35.6529264],[139.7070929,35.653618],[139.7068933,35.6542855],[139.7057054,35.65544],[139.7050108,35.6564925],[139.7032627,35.6578612],[139.7027222,35.6586094]]}},{"type":"Feature","properties":{"kind":"line","line":"U","name":"Yurikamome (Shimbashi → Toyosu)","color":"#1662b8","rank":1,"usata":false},"geometry":{"type":"LineString","coordinates":[[139.7598894,35.6654201],[139.7610978,35.6646855],[139.7612299,35.6643271],[139.7592375,35.6619832],[139.7583889,35.6580389],[139.7586473,35.6577287],[139.7600018,35.6574026],[139.7616895,35.6564599],[139.762383,35.655772],[139.7625335,35.654986],[139.7622711,35.6543671],[139.7603732,35.6520935],[139.7579486,35.6462371],[139.7577391,35.6448561],[139.7577734,35.6369947],[139.7572386,35.6363396],[139.7563895,35.6360575],[139.7554584,35.6362429],[139.754818,35.6369186],[139.7547616,35.6374852],[139.7550966,35.6380859],[139.7556654,35.638432],[139.7564516,35.638539],[139.768939,35.6348585],[139.7705489,35.6349753],[139.77446,35.636196],[139.7757443,35.6361136],[139.7769364,35.6355084],[139.7799209,35.6318921],[139.7800925,35.6312671],[139.7798932,35.6306562],[139.7792501,35.630101],[139.7707112,35.6254416],[139.7703681,35.6247776],[139.771547,35.623073],[139.7727834,35.6218465],[139.7763673,35.617454],[139.7769915,35.6170385],[139.7776892,35.6169285],[139.7784264,35.6170921],[139.7802899,35.6181299],[139.7805818,35.618583],[139.7805154,35.6190693],[139.7798966,35.6198705],[139.778792,35.6223586],[139.7788206,35.623088],[139.779242,35.623612],[139.7945935,35.632147],[139.7944962,35.6329547],[139.7851194,35.6445636],[139.7849225,35.6450358],[139.7851101,35.6453575],[139.7911447,35.6494788],[139.793306,35.6521049],[139.79536,35.6537949]]}},{"type":"Feature","properties":{"kind":"line","line":"Y","name":"Tokyo Metro Yūrakuchō Line (Wakoshi --> Shin-kiba)","color":"#c1a470","rank":1,"usata":true},"geometry":{"type":"LineString","coordinates":[[139.6128678,35.7883529],[139.6215984,35.7848505],[139.6239369,35.7836152],[139.6281361,35.7806997],[139.6285967,35.7798716],[139.6288335,35.7783572],[139.6292863,35.7777691],[139.6345701,35.7750182],[139.6373366,35.7724815],[139.6388379,35.7717826],[139.6421852,35.771026],[139.6461525,35.7689083],[139.6494397,35.7680227],[139.6498578,35.7675994],[139.6502687,35.7665718],[139.6512403,35.7604876],[139.6516245,35.7595067],[139.6529979,35.758413],[139.6580634,35.7553099],[139.6647104,35.7500477],[139.6798102,35.743396],[139.6876788,35.73964],[139.6949851,35.7342187],[139.6965104,35.7336838],[139.7008035,35.7328769],[139.70422,35.7327629],[139.7062561,35.7318848],[139.7087084,35.7301952],[139.7120954,35.7289122],[139.7141124,35.7277636],[139.7164178,35.7276023],[139.7172478,35.7271627],[139.7235364,35.7232138],[139.7269401,35.7201499],[139.7317844,35.7102417],[139.7348618,35.7091297],[139.7414881,35.7080904],[139.742745,35.7074446],[139.7433834,35.7065593],[139.7442926,35.7040044],[139.7443784,35.7026422],[139.7400591,35.6964617],[139.7367792,35.6923634],[139.7359459,35.6911168],[139.7355797,35.6899475],[139.7356291,35.6887968],[139.7381276,35.6829691],[139.7386015,35.6806138],[139.7392437,35.6796587],[139.7401741,35.6788558],[139.7416145,35.6779889],[139.7430266,35.6775485],[139.7467536,35.6778405],[139.7500433,35.6773121],[139.7540063,35.677579],[139.7584373,35.6769188],[139.7656227,35.6751883],[139.7714265,35.6714669],[139.7746975,35.6701694],[139.7789906,35.669127],[139.780159,35.6683801],[139.7818843,35.6664894],[139.7843636,35.6649149],[139.7878763,35.661759],[139.7921784,35.6591558],[139.7990739,35.6523055],[139.8013266,35.6506092],[139.8025522,35.6499309],[139.8053311,35.6490422],[139.8125857,35.6445138],[139.8144149,35.6442751],[139.817749,35.6451142],[139.8278007,35.6460734]]}},{"type":"Feature","properties":{"kind":"line","line":"Z","name":"Tokyo Metro Hanzōmon Line (Shibuya --> Oshiage)","color":"#8f76d6","rank":1,"usata":true},"geometry":{"type":"LineString","coordinates":[[139.7020805,35.6595562],[139.7061018,35.6603632],[139.7105202,35.663215],[139.7162032,35.6696435],[139.7171998,35.6703312],[139.7242599,35.6730004],[139.7313157,35.6751345],[139.7363305,35.6780714],[139.7397257,35.6785477],[139.7408176,35.6789858],[139.7415326,35.6796724],[139.7418371,35.6803967],[139.7418042,35.6825291],[139.741434,35.6843237],[139.7417983,35.6872125],[139.7438476,35.6924511],[139.7447067,35.6934496],[139.745627,35.693988],[139.7495585,35.6950887],[139.7551656,35.6959271],[139.7573349,35.6959855],[139.7591615,35.6956762],[139.7603465,35.6949294],[139.7610129,35.6938545],[139.7608393,35.6887568],[139.7610178,35.6881135],[139.7617428,35.6874264],[139.7662726,35.6865538],[139.7684956,35.6863362],[139.7708398,35.6853809],[139.7748249,35.6846176],[139.7789025,35.6850258],[139.7810376,35.685553],[139.782553,35.68537],[139.7838539,35.6846358],[139.7872469,35.6805759],[139.7886913,35.6796161],[139.7913346,35.6784636],[139.7924423,35.6784331],[139.7931209,35.678664],[139.7957812,35.6813383],[139.7971259,35.6819367],[139.8138108,35.6829285],[139.8147655,35.683149],[139.8156234,35.683982],[139.8159517,35.6855566],[139.8142064,35.7066843],[139.8133278,35.7099434],[139.8133424,35.7112112]]}},{"type":"Feature","properties":{"kind":"line","line":"小江戸","name":"Koedo","color":"#d13169","rank":2,"usata":false},"geometry":{"type":"LineString","coordinates":[[139.4811138,35.9139993],[139.4788235,35.9090043],[139.4772628,35.907278],[139.415664,35.8604387],[139.413848,35.8584353],[139.4132942,35.8572828],[139.4129581,35.8557323],[139.4131112,35.8537823],[139.4138786,35.8519784],[139.4252665,35.8341335],[139.4721786,35.7924836],[139.4730563,35.7912981],[139.4735147,35.7894178],[139.4727222,35.7832084],[139.4730494,35.7751718],[139.4725801,35.7737984],[139.4660037,35.7626919],[139.4655363,35.7568836],[139.4657751,35.7559457],[139.4664396,35.7549927],[139.4834861,35.7403173],[139.4868759,35.7376831],[139.4997269,35.7320544],[139.5020911,35.7312619],[139.5039408,35.7300632],[139.5057845,35.7294285],[139.5131866,35.7261056],[139.5160626,35.7252085],[139.5189843,35.725046],[139.5475013,35.728168],[139.5597172,35.7291024],[139.5890531,35.7265312],[139.5976458,35.7255262],[139.6200589,35.7244078],[139.634581,35.7227228],[139.643938,35.7225258],[139.6553194,35.7190066],[139.6564529,35.7189759],[139.661273,35.7196448],[139.6660935,35.7190251],[139.6673825,35.7185472],[139.6717748,35.7160046],[139.673208,35.7156128],[139.6776435,35.7157571],[139.6814885,35.7148995],[139.6830517,35.7147923],[139.6880396,35.7152357],[139.6917385,35.7159076],[139.6956305,35.7157686],[139.6985498,35.7163307],[139.7037286,35.7159906],[139.7046378,35.7153717],[139.7048918,35.7144657],[139.7039491,35.7129823],[139.7007663,35.7038658],[139.7000419,35.6960915]]}},{"type":"Feature","properties":{"kind":"station","id":"abiko","name":"Abiko","name_local":"我孫子","lines":"JJ,JL","hub":true,"color":null,"rank":1},"geometry":{"type":"Point","coordinates":[140.0108,35.8727]}},{"type":"Feature","properties":{"kind":"station","id":"adachi-odai","name":"Adachi-odai","name_local":"足立小台","lines":"NT","hub":false,"color":"#ff69b4","rank":1},"geometry":{"type":"Point","coordinates":[139.7703,35.7547]}},{"type":"Feature","properties":{"kind":"station","id":"aihara","name":"Aihara","name_local":"相原","lines":"JH","hub":false,"color":"#9acd32","rank":1},"geometry":{"type":"Point","coordinates":[139.3317,35.6068]}},{"type":"Feature","properties":{"kind":"station","id":"aiko-ishida","name":"Aiko-Ishida","name_local":"愛甲石田","lines":"OH","hub":false,"color":"#0d82c7","rank":1},"geometry":{"type":"Point","coordinates":[139.3439,35.4176]}},{"type":"Feature","properties":{"kind":"station","id":"akabane","name":"Akabane","name_local":"赤羽","lines":"JA,JK,JU","hub":true,"color":null,"rank":1},"geometry":{"type":"Point","coordinates":[139.7205,35.778]}},{"type":"Feature","properties":{"kind":"station","id":"akabane-iwabuchi","name":"Akabane-iwabuchi","name_local":"赤羽岩淵","lines":"N","hub":false,"color":"#00ac9b","rank":1},"geometry":{"type":"Point","coordinates":[139.7219,35.7834]}},{"type":"Feature","properties":{"kind":"station","id":"akabanebashi","name":"Akabanebashi","name_local":"赤羽橋","lines":"E","hub":false,"color":"#b6007a","rank":1},"geometry":{"type":"Point","coordinates":[139.7439,35.6551]}},{"type":"Feature","properties":{"kind":"station","id":"akado-shogakkomae","name":"Akado-shogakkomae","name_local":"赤土小学校前","lines":"NT","hub":false,"color":"#ff69b4","rank":1},"geometry":{"type":"Point","coordinates":[139.769,35.7429]}},{"type":"Feature","properties":{"kind":"station","id":"akasaka","name":"Akasaka","name_local":"赤坂","lines":"C","hub":false,"color":"#00bb85","rank":1},"geometry":{"type":"Point","coordinates":[139.7363,35.6722]}},{"type":"Feature","properties":{"kind":"station","id":"akasaka-mitsuke","name":"Akasaka-mitsuke","name_local":"赤坂見附","lines":"G,M","hub":true,"color":null,"rank":1},"geometry":{"type":"Point","coordinates":[139.7374,35.6763]}},{"type":"Feature","properties":{"kind":"station","id":"akebonobashi","name":"Akebonobashi","name_local":"曙橋","lines":"S","hub":false,"color":"#6cbb5a","rank":1},"geometry":{"type":"Point","coordinates":[139.7229,35.6924]}},{"type":"Feature","properties":{"kind":"station","id":"akihabara","name":"Akihabara","name_local":"秋葉原","lines":"H,JB,JK,JY,TX","hub":true,"color":null,"rank":1},"geometry":{"type":"Point","coordinates":[139.7731,35.6984]}},{"type":"Feature","properties":{"kind":"station","id":"akishima","name":"Akishima","name_local":"昭島","lines":"JC","hub":false,"color":"#fe642e","rank":1},"geometry":{"type":"Point","coordinates":[139.3609,35.7135]}},{"type":"Feature","properties":{"kind":"station","id":"akitsu","name":"Akitsu","name_local":"秋津","lines":"SI","hub":false,"color":"#ed772d","rank":1},"geometry":{"type":"Point","coordinates":[139.4957,35.7788]}},{"type":"Feature","properties":{"kind":"station","id":"anjinzuka","name":"Anjinzuka","name_local":"安針塚","lines":"KK","hub":false,"color":"#3366ff","rank":1},"geometry":{"type":"Point","coordinates":[139.6431,35.2866]}},{"type":"Feature","properties":{"kind":"station","id":"aobadai","name":"Aobadai","name_local":"青葉台","lines":"DT","hub":false,"color":"#20a288","rank":1},"geometry":{"type":"Point","coordinates":[139.5172,35.5429]}},{"type":"Feature","properties":{"kind":"station","id":"aoi","name":"Aoi","name_local":"青井","lines":"TX","hub":false,"color":"#000084","rank":1},"geometry":{"type":"Point","coordinates":[139.8203,35.7717]}},{"type":"Feature","properties":{"kind":"station","id":"aomono-yokocho","name":"Aomono-yokocho","name_local":"青物横丁","lines":"KK","hub":false,"color":"#3366ff","rank":1},"geometry":{"type":"Point","coordinates":[139.7431,35.6089]}},{"type":"Feature","properties":{"kind":"station","id":"aoto","name":"Aoto","name_local":"青砥","lines":"KS","hub":false,"color":"#0000cd","rank":1},"geometry":{"type":"Point","coordinates":[139.856,35.7456]}},{"type":"Feature","properties":{"kind":"station","id":"aoyama-itchome","name":"Aoyama-itchome","name_local":"青山一丁目","lines":"E,G,Z","hub":true,"color":null,"rank":1},"geometry":{"type":"Point","coordinates":[139.7239,35.6729]}},{"type":"Feature","properties":{"kind":"station","id":"araiyakushi-mae","name":"Araiyakushi-mae","name_local":"新井薬師前","lines":"SS","hub":false,"color":"#00a6bf","rank":1},"geometry":{"type":"Point","coordinates":[139.6727,35.7157]}},{"type":"Feature","properties":{"kind":"station","id":"ariake","name":"Ariake","name_local":"有明","lines":"U","hub":false,"color":"#1662b8","rank":1},"geometry":{"type":"Point","coordinates":[139.7932,35.6345]}},{"type":"Feature","properties":{"kind":"station","id":"asagaya","name":"Asagaya","name_local":"阿佐ケ谷","lines":"JB,JC","hub":true,"color":null,"rank":1},"geometry":{"type":"Point","coordinates":[139.636,35.7047]}},{"type":"Feature","properties":{"kind":"station","id":"asaka","name":"Asaka","name_local":"朝霞","lines":"TJ","hub":false,"color":"#004da3","rank":1},"geometry":{"type":"Point","coordinates":[139.6003,35.797]}},{"type":"Feature","properties":{"kind":"station","id":"asakadai","name":"Asakadai","name_local":"朝霞台","lines":"TJ","hub":false,"color":"#004da3","rank":1},"geometry":{"type":"Point","coordinates":[139.5869,35.8147]}},{"type":"Feature","properties":{"kind":"station","id":"asakusa","name":"Asakusa","name_local":"浅草","lines":"A,G,TS,TX","hub":true,"color":null,"rank":1},"geometry":{"type":"Point","coordinates":[139.7967,35.7119]}},{"type":"Feature","properties":{"kind":"station","id":"asakusabashi","name":"Asakusabashi","name_local":"浅草橋","lines":"A,JB","hub":true,"color":null,"rank":1},"geometry":{"type":"Point","coordinates":[139.7876,35.6996]}},{"type":"Feature","properties":{"kind":"station","id":"ashigara","name":"Ashigara","name_local":"足柄","lines":"OH","hub":false,"color":"#0d82c7","rank":1},"geometry":{"type":"Point","coordinates":[139.1545,35.2719]}},{"type":"Feature","properties":{"kind":"station","id":"atami","name":"Atami","name_local":"熱海","lines":"JT","hub":false,"color":"#ffa500","rank":2},"geometry":{"type":"Point","coordinates":[139.0781,35.1039]}},{"type":"Feature","properties":{"kind":"station","id":"awajicho","name":"Awajicho","name_local":"淡路町","lines":"M","hub":false,"color":"#f62e36","rank":1},"geometry":{"type":"Point","coordinates":[139.7675,35.6951]}},{"type":"Feature","properties":{"kind":"station","id":"ayase","name":"Ayase","name_local":"綾瀬","lines":"C,JL","hub":true,"color":null,"rank":1},"geometry":{"type":"Point","coordinates":[139.8249,35.7622]}},{"type":"Feature","properties":{"kind":"station","id":"azabu-juban","name":"Azabu-juban","name_local":"麻布十番","lines":"E,N","hub":true,"color":null,"rank":1},"geometry":{"type":"Point","coordinates":[139.7371,35.6552]}},{"type":"Feature","properties":{"kind":"station","id":"azamino","name":"Azamino","name_local":"あざみ野","lines":"B,DT","hub":true,"color":null,"rank":1},"geometry":{"type":"Point","coordinates":[139.5534,35.5686]}},{"type":"Feature","properties":{"kind":"station","id":"bakuroch","name":"Bakurochō","name_local":"馬喰町","lines":"JO","hub":false,"color":"#000080","rank":2},"geometry":{"type":"Point","coordinates":[139.7824,35.6934]}},{"type":"Feature","properties":{"kind":"station","id":"bakuroyokoyama","name":"Bakuroyokoyama","name_local":"馬喰横山","lines":"S","hub":false,"color":"#6cbb5a","rank":1},"geometry":{"type":"Point","coordinates":[139.7828,35.6921]}},{"type":"Feature","properties":{"kind":"station","id":"bampaku-kinenkoen","name":"Bampaku-kinenkoen","name_local":"万博記念公園","lines":"TX","hub":false,"color":"#000084","rank":1},"geometry":{"type":"Point","coordinates":[140.0594,36.0583]}},{"type":"Feature","properties":{"kind":"station","id":"bandobashi","name":"Bandobashi","name_local":"阪東橋","lines":"B","hub":false,"color":"#005ba5","rank":1},"geometry":{"type":"Point","coordinates":[139.6251,35.4376]}},{"type":"Feature","properties":{"kind":"station","id":"baraki-nakayama","name":"Baraki-nakayama","name_local":"原木中山","lines":"T","hub":false,"color":"#009bbf","rank":1},"geometry":{"type":"Point","coordinates":[139.9416,35.7032]}},{"type":"Feature","properties":{"kind":"station","id":"bashamichi","name":"Bashamichi","name_local":"馬車道","lines":"MM","hub":false,"color":"#c61094","rank":1},"geometry":{"type":"Point","coordinates":[139.6363,35.4502]}},{"type":"Feature","properties":{"kind":"station","id":"bubaigawara-2","name":"Bubaigawara","name_local":"分倍河原","lines":"JN,KO","hub":true,"color":null,"rank":1},"geometry":{"type":"Point","coordinates":[139.469,35.6684]}},{"type":"Feature","properties":{"kind":"station","id":"bushi","name":"Bushi","name_local":"仏子","lines":"SI","hub":false,"color":"#ed772d","rank":1},"geometry":{"type":"Point","coordinates":[139.3601,35.8377]}},{"type":"Feature","properties":{"kind":"station","id":"byobugaura","name":"Byobugaura","name_local":"屏風浦","lines":"KK","hub":false,"color":"#3366ff","rank":1},"geometry":{"type":"Point","coordinates":[139.6104,35.3942]}},{"type":"Feature","properties":{"kind":"station","id":"center-kita","name":"Center Kita","name_local":"センター北","lines":"B","hub":false,"color":"#005ba5","rank":1},"geometry":{"type":"Point","coordinates":[139.5783,35.5534]}},{"type":"Feature","properties":{"kind":"station","id":"center-minami","name":"Center Minami","name_local":"センター南","lines":"B","hub":false,"color":"#005ba5","rank":1},"geometry":{"type":"Point","coordinates":[139.5743,35.5454]}},{"type":"Feature","properties":{"kind":"station","id":"chiba","name":"Chiba","name_local":"千葉","lines":"JB,JO","hub":true,"color":null,"rank":1},"geometry":{"type":"Point","coordinates":[140.1123,35.6133]}},{"type":"Feature","properties":{"kind":"station","id":"chiba-chuo","name":"Chiba-Chuo","name_local":"千葉中央","lines":"KS","hub":false,"color":"#0000cd","rank":1},"geometry":{"type":"Point","coordinates":[140.1178,35.6073]}},{"type":"Feature","properties":{"kind":"station","id":"chiba-minato","name":"Chiba-Minato","name_local":"千葉みなと","lines":"JE","hub":false,"color":"#dc143c","rank":1},"geometry":{"type":"Point","coordinates":[140.1029,35.6068]}},{"type":"Feature","properties":{"kind":"station","id":"chibadera","name":"Chibadera","name_local":"千葉寺","lines":"KS","hub":false,"color":"#0000cd","rank":1},"geometry":{"type":"Point","coordinates":[140.1322,35.5904]}},{"type":"Feature","properties":{"kind":"station","id":"chidoricho","name":"Chidoricho","name_local":"千鳥町","lines":"IK","hub":false,"color":"#ee86a7","rank":1},"geometry":{"type":"Point","coordinates":[139.6916,35.5729]}},{"type":"Feature","properties":{"kind":"station","id":"chigasaki","name":"Chigasaki","name_local":"茅ヶ崎","lines":"JT","hub":false,"color":"#ffa500","rank":2},"geometry":{"type":"Point","coordinates":[139.4075,35.3305]}},{"type":"Feature","properties":{"kind":"station","id":"chiharadai","name":"Chiharadai","name_local":"ちはら台","lines":"KS","hub":false,"color":"#0000cd","rank":1},"geometry":{"type":"Point","coordinates":[140.1702,35.5338]}},{"type":"Feature","properties":{"kind":"station","id":"chikatetsu-akatsuka","name":"Chikatetsu-akatsuka","name_local":"地下鉄赤塚","lines":"F,Y","hub":true,"color":null,"rank":1},"geometry":{"type":"Point","coordinates":[139.6442,35.77]}},{"type":"Feature","properties":{"kind":"station","id":"chikatetsu-narimasu","name":"Chikatetsu-narimasu","name_local":"地下鉄成増","lines":"F,Y","hub":true,"color":null,"rank":1},"geometry":{"type":"Point","coordinates":[139.6313,35.7767]}},{"type":"Feature","properties":{"kind":"station","id":"chitose-karasuyama","name":"Chitose-karasuyama","name_local":"千歳烏山","lines":"KO","hub":false,"color":"#e50b84","rank":1},"geometry":{"type":"Point","coordinates":[139.6009,35.668]}},{"type":"Feature","properties":{"kind":"station","id":"chuo-daigaku-meisei-daigaku","name":"Chuo-Daigaku･Meisei-Daigaku","name_local":"中央大学・明星大学","lines":"TT","hub":false,"color":"#22625e","rank":1},"geometry":{"type":"Point","coordinates":[139.4088,35.6419]}},{"type":"Feature","properties":{"kind":"station","id":"chuo-rinkan","name":"Chuo-rinkan","name_local":"中央林間","lines":"DT","hub":false,"color":"#20a288","rank":1},"geometry":{"type":"Point","coordinates":[139.4446,35.5077]}},{"type":"Feature","properties":{"kind":"station","id":"daijingu-shita","name":"Daijingu-Shita","name_local":"大神宮下","lines":"KS","hub":false,"color":"#0000cd","rank":1},"geometry":{"type":"Point","coordinates":[139.9912,35.6943]}},{"type":"Feature","properties":{"kind":"station","id":"daikan-yama","name":"Daikan-yama","name_local":"代官山","lines":"TY","hub":false,"color":"#da0442","rank":1},"geometry":{"type":"Point","coordinates":[139.7032,35.6482]}},{"type":"Feature","properties":{"kind":"station","id":"daimon","name":"Daimon","name_local":"大門","lines":"A,E","hub":true,"color":null,"rank":1},"geometry":{"type":"Point","coordinates":[139.7547,35.6569]}},{"type":"Feature","properties":{"kind":"station","id":"daitabashi","name":"Daitabashi","name_local":"代田橋","lines":"KO","hub":false,"color":"#e50b84","rank":1},"geometry":{"type":"Point","coordinates":[139.6594,35.6711]}},{"type":"Feature","properties":{"kind":"station","id":"den-en-chofu","name":"Den-en-chofu","name_local":"田園調布","lines":"MG,TY","hub":true,"color":null,"rank":1},"geometry":{"type":"Point","coordinates":[139.6673,35.5969]}},{"type":"Feature","properties":{"kind":"station","id":"dokkyodaigakumae-soka-matsubara","name":"Dokkyodaigakumae〈Soka-Matsubara〉","name_local":"獨協大学前〈草加松原〉","lines":"TS","hub":false,"color":"#0f6cc3","rank":1},"geometry":{"type":"Point","coordinates":[139.8006,35.8434]}},{"type":"Feature","properties":{"kind":"station","id":"ebara-machi","name":"Ebara-machi","name_local":"荏原町","lines":"OM","hub":false,"color":"#f18c43","rank":1},"geometry":{"type":"Point","coordinates":[139.7076,35.6038]}},{"type":"Feature","properties":{"kind":"station","id":"ebara-nakanobu","name":"Ebara-nakanobu","name_local":"荏原中延","lines":"IK","hub":false,"color":"#ee86a7","rank":1},"geometry":{"type":"Point","coordinates":[139.7121,35.6101]}},{"type":"Feature","properties":{"kind":"station","id":"ebina","name":"Ebina","name_local":"海老名","lines":"SO","hub":false,"color":"#0c1e56","rank":1},"geometry":{"type":"Point","coordinates":[139.3918,35.453]}},{"type":"Feature","properties":{"kind":"station","id":"ebisu","name":"Ebisu","name_local":"恵比寿","lines":"H,JA,JY","hub":true,"color":null,"rank":1},"geometry":{"type":"Point","coordinates":[139.71,35.6467]}},{"type":"Feature","properties":{"kind":"station","id":"eda","name":"Eda","name_local":"江田","lines":"DT","hub":false,"color":"#20a288","rank":1},"geometry":{"type":"Point","coordinates":[139.5514,35.5585]}},{"type":"Feature","properties":{"kind":"station","id":"edogawa","name":"Edogawa","name_local":"江戸川","lines":"KS","hub":false,"color":"#0000cd","rank":1},"geometry":{"type":"Point","coordinates":[139.8959,35.7377]}},{"type":"Feature","properties":{"kind":"station","id":"edogawabashi","name":"Edogawabashi","name_local":"江戸川橋","lines":"Y","hub":false,"color":"#c1a470","rank":1},"geometry":{"type":"Point","coordinates":[139.7302,35.7095]}},{"type":"Feature","properties":{"kind":"station","id":"eifukucho","name":"Eifukucho","name_local":"永福町","lines":"IN","hub":false,"color":"#083476","rank":1},"geometry":{"type":"Point","coordinates":[139.6426,35.6762]}},{"type":"Feature","properties":{"kind":"station","id":"ekoda","name":"Ekoda","name_local":"江古田","lines":"SI","hub":false,"color":"#ed772d","rank":1},"geometry":{"type":"Point","coordinates":[139.672,35.7375]}},{"type":"Feature","properties":{"kind":"station","id":"etch-jima","name":"Etchūjima","name_local":"越中島","lines":"JE,JM","hub":true,"color":null,"rank":1},"geometry":{"type":"Point","coordinates":[139.7926,35.6679]}},{"type":"Feature","properties":{"kind":"station","id":"fuchinobe","name":"Fuchinobe","name_local":"淵野辺","lines":"JH","hub":false,"color":"#9acd32","rank":1},"geometry":{"type":"Point","coordinates":[139.395,35.5686]}},{"type":"Feature","properties":{"kind":"station","id":"fuchu","name":"Fuchu","name_local":"府中","lines":"KO","hub":false,"color":"#e50b84","rank":1},"geometry":{"type":"Point","coordinates":[139.48,35.672]}},{"type":"Feature","properties":{"kind":"station","id":"fuchu-hommachi","name":"Fuchu-Hommachi","name_local":"府中本町","lines":"JM,JN","hub":true,"color":null,"rank":1},"geometry":{"type":"Point","coordinates":[139.4769,35.6661]}},{"type":"Feature","properties":{"kind":"station","id":"fuda","name":"Fuda","name_local":"布田","lines":"KO","hub":false,"color":"#e50b84","rank":1},"geometry":{"type":"Point","coordinates":[139.5518,35.6498]}},{"type":"Feature","properties":{"kind":"station","id":"fudo-mae","name":"Fudo-mae","name_local":"不動前","lines":"MG","hub":false,"color":"#009cd2","rank":1},"geometry":{"type":"Point","coordinates":[139.713,35.6254]}},{"type":"Feature","properties":{"kind":"station","id":"fujigaoka","name":"Fujigaoka","name_local":"藤が丘","lines":"DT","hub":false,"color":"#20a288","rank":1},"geometry":{"type":"Point","coordinates":[139.528,35.5435]}},{"type":"Feature","properties":{"kind":"station","id":"fujimidai","name":"Fujimidai","name_local":"富士見台","lines":"SI","hub":false,"color":"#ed772d","rank":1},"geometry":{"type":"Point","coordinates":[139.6297,35.7359]}},{"type":"Feature","properties":{"kind":"station","id":"fujimigaoka","name":"Fujimigaoka","name_local":"富士見ヶ丘","lines":"IN","hub":false,"color":"#083476","rank":1},"geometry":{"type":"Point","coordinates":[139.6074,35.6847]}},{"type":"Feature","properties":{"kind":"station","id":"fujimino","name":"Fujimino","name_local":"ふじみ野","lines":"TJ","hub":false,"color":"#004da3","rank":1},"geometry":{"type":"Point","coordinates":[139.5231,35.8609]}},{"type":"Feature","properties":{"kind":"station","id":"fujino","name":"Fujino","name_local":"藤野","lines":"JC","hub":false,"color":"#f15620","rank":1},"geometry":{"type":"Point","coordinates":[139.1524,35.616]}},{"type":"Feature","properties":{"kind":"station","id":"fujisawa","name":"Fujisawa","name_local":"藤沢","lines":"JT","hub":false,"color":"#ffa500","rank":2},"geometry":{"type":"Point","coordinates":[139.4863,35.3388]}},{"type":"Feature","properties":{"kind":"station","id":"funabashi","name":"Funabashi","name_local":"船橋","lines":"JB,JO","hub":true,"color":null,"rank":1},"geometry":{"type":"Point","coordinates":[139.9852,35.7015]}},{"type":"Feature","properties":{"kind":"station","id":"funabashi-hoten","name":"Funabashi-Hoten","name_local":"船橋法典","lines":"JM","hub":false,"color":"#ff4500","rank":2},"geometry":{"type":"Point","coordinates":[139.9665,35.7308]}},{"type":"Feature","properties":{"kind":"station","id":"funabashi-keibajo","name":"Funabashi-Keibajo","name_local":"船橋競馬場","lines":"KS","hub":false,"color":"#0000cd","rank":1},"geometry":{"type":"Point","coordinates":[139.9979,35.6897]}},{"type":"Feature","properties":{"kind":"station","id":"funabori-2","name":"Funabori","name_local":"船堀","lines":"S","hub":false,"color":"#6cbb5a","rank":1},"geometry":{"type":"Point","coordinates":[139.8643,35.6838]}},{"type":"Feature","properties":{"kind":"station","id":"fussa","name":"Fussa","name_local":"福生","lines":"JC","hub":false,"color":"#fe642e","rank":1},"geometry":{"type":"Point","coordinates":[139.3278,35.7423]}},{"type":"Feature","properties":{"kind":"station","id":"futako-shinchi","name":"Futako-shinchi","name_local":"二子新地","lines":"DT,OM","hub":true,"color":null,"rank":1},"geometry":{"type":"Point","coordinates":[139.6226,35.6071]}},{"type":"Feature","properties":{"kind":"station","id":"futako-tamagawa","name":"Futako-tamagawa","name_local":"二子玉川","lines":"DT,OM","hub":true,"color":null,"rank":1},"geometry":{"type":"Point","coordinates":[139.6266,35.6119]}},{"type":"Feature","properties":{"kind":"station","id":"futamata-shinmachi","name":"Futamata-Shinmachi","name_local":"二俣新町","lines":"JE","hub":false,"color":"#dc143c","rank":1},"geometry":{"type":"Point","coordinates":[139.9595,35.6914]}},{"type":"Feature","properties":{"kind":"station","id":"futamatagawa","name":"Futamatagawa","name_local":"二俣川","lines":"SO","hub":false,"color":"#0c1e56","rank":1},"geometry":{"type":"Point","coordinates":[139.5324,35.4633]}},{"type":"Feature","properties":{"kind":"station","id":"futamatao","name":"Futamatao","name_local":"二俣尾","lines":"JC","hub":false,"color":"#fe642e","rank":1},"geometry":{"type":"Point","coordinates":[139.2159,35.8043]}},{"type":"Feature","properties":{"kind":"station","id":"gaiemmae","name":"Gaiemmae","name_local":"外苑前","lines":"G","hub":false,"color":"#ff9500","rank":1},"geometry":{"type":"Point","coordinates":[139.7178,35.6705]}},{"type":"Feature","properties":{"kind":"station","id":"gakuemmae","name":"Gakuemmae","name_local":"学園前","lines":"KS","hub":false,"color":"#0000cd","rank":1},"geometry":{"type":"Point","coordinates":[140.1584,35.5606]}},{"type":"Feature","properties":{"kind":"station","id":"gakugeidaigaku","name":"Gakugei-daigaku","name_local":"学芸大学","lines":"TY","hub":false,"color":"#da0442","rank":1},"geometry":{"type":"Point","coordinates":[139.6858,35.6274]}},{"type":"Feature","properties":{"kind":"station","id":"gamo","name":"Gamo","name_local":"蒲生","lines":"TS","hub":false,"color":"#0f6cc3","rank":1},"geometry":{"type":"Point","coordinates":[139.7916,35.8671]}},{"type":"Feature","properties":{"kind":"station","id":"ginza","name":"Ginza","name_local":"銀座","lines":"G,H,M","hub":true,"color":null,"rank":1},"geometry":{"type":"Point","coordinates":[139.765,35.6717]}},{"type":"Feature","properties":{"kind":"station","id":"ginza-itchome","name":"Ginza-itchome","name_local":"銀座一丁目","lines":"Y","hub":false,"color":"#c1a470","rank":1},"geometry":{"type":"Point","coordinates":[139.7671,35.6744]}},{"type":"Feature","properties":{"kind":"station","id":"gokokuji","name":"Gokokuji","name_local":"護国寺","lines":"Y","hub":false,"color":"#c1a470","rank":1},"geometry":{"type":"Point","coordinates":[139.7248,35.7191]}},{"type":"Feature","properties":{"kind":"station","id":"gotanda","name":"Gotanda","name_local":"五反田","lines":"A,IK,JY","hub":true,"color":null,"rank":1},"geometry":{"type":"Point","coordinates":[139.724,35.625]}},{"type":"Feature","properties":{"kind":"station","id":"gotanno","name":"Gotanno","name_local":"五反野","lines":"TS","hub":false,"color":"#0f6cc3","rank":1},"geometry":{"type":"Point","coordinates":[139.8094,35.7659]}},{"type":"Feature","properties":{"kind":"station","id":"gotokuji","name":"Gotokuji","name_local":"豪徳寺","lines":"OH","hub":false,"color":"#0d82c7","rank":1},"geometry":{"type":"Point","coordinates":[139.6469,35.6535]}},{"type":"Feature","properties":{"kind":"station","id":"gumyoji","name":"Gumyoji","name_local":"弘明寺","lines":"B,KK","hub":true,"color":null,"rank":1},"geometry":{"type":"Point","coordinates":[139.6021,35.4233]}},{"type":"Feature","properties":{"kind":"station","id":"gyoenmae","name":"Shinjuku-gyoemmae","name_local":"新宿御苑前","lines":"M","hub":false,"color":"#f62e36","rank":1},"geometry":{"type":"Point","coordinates":[139.7106,35.6906]}},{"type":"Feature","properties":{"kind":"station","id":"gyotoku","name":"Gyotoku","name_local":"行徳","lines":"T","hub":false,"color":"#009bbf","rank":1},"geometry":{"type":"Point","coordinates":[139.9145,35.6829]}},{"type":"Feature","properties":{"kind":"station","id":"hachigata","name":"Hachigata","name_local":"鉢形","lines":"TJ","hub":false,"color":"#004da3","rank":1},"geometry":{"type":"Point","coordinates":[139.209,36.1139]}},{"type":"Feature","properties":{"kind":"station","id":"hachioji","name":"Hachioji","name_local":"八王子","lines":"JC,JH","hub":true,"color":null,"rank":1},"geometry":{"type":"Point","coordinates":[139.3389,35.6558]}},{"type":"Feature","properties":{"kind":"station","id":"hachioji-minamino","name":"Hachioji-Minamino","name_local":"八王子みなみ野","lines":"JH","hub":false,"color":"#9acd32","rank":1},"geometry":{"type":"Point","coordinates":[139.3309,35.6313]}},{"type":"Feature","properties":{"kind":"station","id":"hadano","name":"Hadano","name_local":"秦野","lines":"OH","hub":false,"color":"#0d82c7","rank":1},"geometry":{"type":"Point","coordinates":[139.2257,35.3703]}},{"type":"Feature","properties":{"kind":"station","id":"haijima","name":"Haijima","name_local":"拝島","lines":"JC","hub":false,"color":"#fe642e","rank":1},"geometry":{"type":"Point","coordinates":[139.3435,35.7212]}},{"type":"Feature","properties":{"kind":"station","id":"hakuraku","name":"Hakuraku","name_local":"白楽","lines":"TY","hub":false,"color":"#da0442","rank":1},"geometry":{"type":"Point","coordinates":[139.6278,35.4896]}},{"type":"Feature","properties":{"kind":"station","id":"hakusan","name":"Hakusan","name_local":"白山","lines":"I","hub":false,"color":"#0079c2","rank":1},"geometry":{"type":"Point","coordinates":[139.7521,35.7215]}},{"type":"Feature","properties":{"kind":"station","id":"hamacho","name":"Hamacho","name_local":"浜町","lines":"S","hub":false,"color":"#6cbb5a","rank":1},"geometry":{"type":"Point","coordinates":[139.7881,35.6884]}},{"type":"Feature","properties":{"kind":"station","id":"hamadayama","name":"Hamadayama","name_local":"浜田山","lines":"IN","hub":false,"color":"#083476","rank":1},"geometry":{"type":"Point","coordinates":[139.632,35.681]}},{"type":"Feature","properties":{"kind":"station","id":"hamamatsucho","name":"Hamamatsucho","name_local":"浜松町","lines":"JK,JY","hub":true,"color":null,"rank":1},"geometry":{"type":"Point","coordinates":[139.7572,35.6551]}},{"type":"Feature","properties":{"kind":"station","id":"hamura","name":"Hamura","name_local":"羽村","lines":"JC","hub":false,"color":"#fe642e","rank":1},"geometry":{"type":"Point","coordinates":[139.316,35.7583]}},{"type":"Feature","properties":{"kind":"station","id":"hana-koganei","name":"Hana-Koganei","name_local":"花小金井","lines":"SS","hub":false,"color":"#00a6bf","rank":1},"geometry":{"type":"Point","coordinates":[139.5132,35.7261]}},{"type":"Feature","properties":{"kind":"station","id":"haneda-airport-terminal-1","name":"Haneda Airport Terminal 1","name_local":"羽田空港第1ターミナル","lines":"MO","hub":false,"color":"#003685","rank":1},"geometry":{"type":"Point","coordinates":[139.7845,35.5491]}},{"type":"Feature","properties":{"kind":"station","id":"haneda-airport-terminal-2","name":"Haneda Airport Terminal 2","name_local":"羽田空港第2ターミナル","lines":"MO","hub":false,"color":"#003685","rank":1},"geometry":{"type":"Point","coordinates":[139.7883,35.5508]}},{"type":"Feature","properties":{"kind":"station","id":"haneda-airport-terminal-3","name":"Haneda Airport Terminal 3","name_local":"羽田空港第3ターミナル","lines":"MO","hub":false,"color":"#003685","rank":1},"geometry":{"type":"Point","coordinates":[139.7687,35.5439]}},{"type":"Feature","properties":{"kind":"station","id":"hanno","name":"Hanno","name_local":"飯能","lines":"SI","hub":false,"color":"#ed772d","rank":1},"geometry":{"type":"Point","coordinates":[139.3189,35.8511]}},{"type":"Feature","properties":{"kind":"station","id":"hanzomon","name":"Hanzomon","name_local":"半蔵門","lines":"Z","hub":false,"color":"#8f76d6","rank":1},"geometry":{"type":"Point","coordinates":[139.7415,35.6852]}},{"type":"Feature","properties":{"kind":"station","id":"harajuku","name":"Harajuku","name_local":"原宿","lines":"JY","hub":false,"color":"#b1cb39","rank":1},"geometry":{"type":"Point","coordinates":[139.7024,35.6702]}},{"type":"Feature","properties":{"kind":"station","id":"hashimoto","name":"Hashimoto","name_local":"橋本","lines":"JH","hub":false,"color":"#9acd32","rank":1},"geometry":{"type":"Point","coordinates":[139.3449,35.5948]}},{"type":"Feature","properties":{"kind":"station","id":"hasuda","name":"Hasuda","name_local":"蓮田","lines":"JU","hub":false,"color":"#f68b1e","rank":2},"geometry":{"type":"Point","coordinates":[139.653,35.9814]}},{"type":"Feature","properties":{"kind":"station","id":"hasune","name":"Hasune","name_local":"蓮根","lines":"I","hub":false,"color":"#0079c2","rank":1},"geometry":{"type":"Point","coordinates":[139.679,35.7842]}},{"type":"Feature","properties":{"kind":"station","id":"hasunuma","name":"Hasunuma","name_local":"蓮沼","lines":"IK","hub":false,"color":"#ee86a7","rank":1},"geometry":{"type":"Point","coordinates":[139.7085,35.5642]}},{"type":"Feature","properties":{"kind":"station","id":"hatanodai","name":"Hatanodai","name_local":"旗の台","lines":"IK,OM","hub":true,"color":null,"rank":1},"geometry":{"type":"Point","coordinates":[139.7034,35.6052]}},{"type":"Feature","properties":{"kind":"station","id":"hatchobori","name":"Hatchōbori","name_local":"八丁堀","lines":"H,JE,JM","hub":true,"color":null,"rank":1},"geometry":{"type":"Point","coordinates":[139.7772,35.6759]}},{"type":"Feature","properties":{"kind":"station","id":"hatchonawate","name":"Hatchonawate","name_local":"八丁畷","lines":"KK","hub":false,"color":"#3366ff","rank":1},"geometry":{"type":"Point","coordinates":[139.6914,35.523]}},{"type":"Feature","properties":{"kind":"station","id":"hatonosu","name":"Hatonosu","name_local":"鳩ノ巣","lines":"JC","hub":false,"color":"#fe642e","rank":1},"geometry":{"type":"Point","coordinates":[139.1287,35.8151]}},{"type":"Feature","properties":{"kind":"station","id":"hayakawa","name":"Hayakawa","name_local":"早川","lines":"JT","hub":false,"color":"#ffa500","rank":2},"geometry":{"type":"Point","coordinates":[139.1452,35.2392]}},{"type":"Feature","properties":{"kind":"station","id":"heiwadai","name":"Heiwadai","name_local":"平和台","lines":"F,Y","hub":true,"color":null,"rank":1},"geometry":{"type":"Point","coordinates":[139.6542,35.7577]}},{"type":"Feature","properties":{"kind":"station","id":"heiwajima","name":"Heiwajima","name_local":"平和島","lines":"KK","hub":false,"color":"#3366ff","rank":1},"geometry":{"type":"Point","coordinates":[139.7349,35.5787]}},{"type":"Feature","properties":{"kind":"station","id":"hemi","name":"Hemi","name_local":"逸見","lines":"KK","hub":false,"color":"#3366ff","rank":1},"geometry":{"type":"Point","coordinates":[139.6528,35.2805]}},{"type":"Feature","properties":{"kind":"station","id":"hibarigaoka","name":"Hibarigaoka","name_local":"ひばりヶ丘","lines":"SI","hub":false,"color":"#ed772d","rank":1},"geometry":{"type":"Point","coordinates":[139.5457,35.7515]}},{"type":"Feature","properties":{"kind":"station","id":"hibiya","name":"Hibiya","name_local":"日比谷","lines":"C,H,I","hub":true,"color":null,"rank":1},"geometry":{"type":"Point","coordinates":[139.7601,35.6763]}},{"type":"Feature","properties":{"kind":"station","id":"higashi-fuchu","name":"Higashi-fuchu","name_local":"東府中","lines":"KO","hub":false,"color":"#e50b84","rank":1},"geometry":{"type":"Point","coordinates":[139.4956,35.6687]}},{"type":"Feature","properties":{"kind":"station","id":"higashi-funabashi","name":"Higashi-Funabashi","name_local":"東船橋","lines":"JB","hub":false,"color":"#ffd700","rank":1},"geometry":{"type":"Point","coordinates":[140.0043,35.6997]}},{"type":"Feature","properties":{"kind":"station","id":"higashi-fushimi","name":"Higashi-Fushimi","name_local":"東伏見","lines":"SS","hub":false,"color":"#00a6bf","rank":1},"geometry":{"type":"Point","coordinates":[139.5643,35.7287]}},{"type":"Feature","properties":{"kind":"station","id":"higashi-hakuraku","name":"Higashi-hakuraku","name_local":"東白楽","lines":"TY","hub":false,"color":"#da0442","rank":1},"geometry":{"type":"Point","coordinates":[139.6295,35.4832]}},{"type":"Feature","properties":{"kind":"station","id":"higashi-ikebukuro","name":"Higashi-ikebukuro","name_local":"東池袋","lines":"Y","hub":false,"color":"#c1a470","rank":1},"geometry":{"type":"Point","coordinates":[139.7196,35.7257]}},{"type":"Feature","properties":{"kind":"station","id":"higashi-jujo","name":"Higashi-Jujo","name_local":"東十条","lines":"JK","hub":false,"color":"#00b2e5","rank":1},"geometry":{"type":"Point","coordinates":[139.727,35.7639]}},{"type":"Feature","properties":{"kind":"station","id":"higashi-kanagawa","name":"Higashi-Kanagawa","name_local":"東神奈川","lines":"JH,JK","hub":true,"color":null,"rank":1},"geometry":{"type":"Point","coordinates":[139.6334,35.4779]}},{"type":"Feature","properties":{"kind":"station","id":"higashi-kawaguchi","name":"Higashi-Kawaguchi","name_local":"東川口","lines":"JM","hub":false,"color":"#ff4500","rank":2},"geometry":{"type":"Point","coordinates":[139.7443,35.8752]}},{"type":"Feature","properties":{"kind":"station","id":"higashi-kitazawa","name":"Higashi-Kitazawa","name_local":"東北沢","lines":"OH","hub":false,"color":"#0d82c7","rank":1},"geometry":{"type":"Point","coordinates":[139.6726,35.6651]}},{"type":"Feature","properties":{"kind":"station","id":"higashi-koenji","name":"Higashi-koenji","name_local":"東高円寺","lines":"M","hub":false,"color":"#f62e36","rank":1},"geometry":{"type":"Point","coordinates":[139.6582,35.698]}},{"type":"Feature","properties":{"kind":"station","id":"higashi-koganei","name":"Higashi-Koganei","name_local":"東小金井","lines":"JC","hub":false,"color":"#f15620","rank":1},"geometry":{"type":"Point","coordinates":[139.524,35.7017]}},{"type":"Feature","properties":{"kind":"station","id":"higashi-kurume","name":"Higashi-Kurume","name_local":"東久留米","lines":"SI","hub":false,"color":"#ed772d","rank":1},"geometry":{"type":"Point","coordinates":[139.534,35.7603]}},{"type":"Feature","properties":{"kind":"station","id":"higashi-matsubara","name":"Higashi-matsubara","name_local":"東松原","lines":"IN","hub":false,"color":"#083476","rank":1},"geometry":{"type":"Point","coordinates":[139.6559,35.6626]}},{"type":"Feature","properties":{"kind":"station","id":"higashi-matsudo","name":"Higashi-Matsudo","name_local":"東松戸","lines":"JM","hub":false,"color":"#ff4500","rank":2},"geometry":{"type":"Point","coordinates":[139.944,35.7703]}},{"type":"Feature","properties":{"kind":"station","id":"higashi-matsuyama","name":"Higashi-matsuyama","name_local":"東松山","lines":"TJ","hub":false,"color":"#004da3","rank":1},"geometry":{"type":"Point","coordinates":[139.4016,36.0348]}},{"type":"Feature","properties":{"kind":"station","id":"higashi-mukojima","name":"Higashi-mukojima","name_local":"東向島","lines":"TS","hub":false,"color":"#0f6cc3","rank":1},"geometry":{"type":"Point","coordinates":[139.8193,35.7243]}},{"type":"Feature","properties":{"kind":"station","id":"higashi-murayama","name":"Higashi-Murayama","name_local":"東村山","lines":"SS,小江戸","hub":true,"color":null,"rank":1},"geometry":{"type":"Point","coordinates":[139.4657,35.7602]}},{"type":"Feature","properties":{"kind":"station","id":"higashi-nagasaki","name":"Higashi-Nagasaki","name_local":"東長崎","lines":"SI","hub":false,"color":"#ed772d","rank":1},"geometry":{"type":"Point","coordinates":[139.6829,35.7303]}},{"type":"Feature","properties":{"kind":"station","id":"higashi-nakagami","name":"Higashi-Nakagami","name_local":"東中神","lines":"JC","hub":false,"color":"#fe642e","rank":1},"geometry":{"type":"Point","coordinates":[139.3841,35.7064]}},{"type":"Feature","properties":{"kind":"station","id":"higashi-nakayama","name":"Higashi-Nakayama","name_local":"東中山","lines":"KS","hub":false,"color":"#0000cd","rank":1},"geometry":{"type":"Point","coordinates":[139.9526,35.7144]}},{"type":"Feature","properties":{"kind":"station","id":"higashi-nihombashi","name":"Higashi-nihombashi","name_local":"東日本橋","lines":"A","hub":false,"color":"#e85298","rank":1},"geometry":{"type":"Point","coordinates":[139.7849,35.6921]}},{"type":"Feature","properties":{"kind":"station","id":"higashi-ojima","name":"Higashi-ojima","name_local":"東大島","lines":"S","hub":false,"color":"#6cbb5a","rank":1},"geometry":{"type":"Point","coordinates":[139.846,35.6903]}},{"type":"Feature","properties":{"kind":"station","id":"higashi-ome","name":"Higashi-Ome","name_local":"東青梅","lines":"JC","hub":false,"color":"#fe642e","rank":1},"geometry":{"type":"Point","coordinates":[139.2725,35.7899]}},{"type":"Feature","properties":{"kind":"station","id":"higashi-omiya","name":"Higashi-Omiya","name_local":"東大宮","lines":"JU","hub":false,"color":"#f68b1e","rank":2},"geometry":{"type":"Point","coordinates":[139.6402,35.9486]}},{"type":"Feature","properties":{"kind":"station","id":"higashi-shinjuku","name":"Higashi-shinjuku","name_local":"東新宿","lines":"E,F","hub":true,"color":null,"rank":1},"geometry":{"type":"Point","coordinates":[139.7077,35.6989]}},{"type":"Feature","properties":{"kind":"station","id":"higashi-tokorozawa","name":"Higashi-Tokorozawa","name_local":"東所沢","lines":"JM","hub":false,"color":"#ff4500","rank":2},"geometry":{"type":"Point","coordinates":[139.5146,35.7948]}},{"type":"Feature","properties":{"kind":"station","id":"higashi-totsuka","name":"Higashi-Totsuka","name_local":"東戸塚","lines":"JO","hub":false,"color":"#000080","rank":2},"geometry":{"type":"Point","coordinates":[139.5567,35.4304]}},{"type":"Feature","properties":{"kind":"station","id":"higashi-urawa","name":"Higashi-Urawa","name_local":"東浦和","lines":"JM","hub":false,"color":"#ff4500","rank":2},"geometry":{"type":"Point","coordinates":[139.7042,35.8639]}},{"type":"Feature","properties":{"kind":"station","id":"higashi-washinomiya","name":"Higashi-Washinomiya","name_local":"東鷲宮","lines":"JU","hub":false,"color":"#f68b1e","rank":2},"geometry":{"type":"Point","coordinates":[139.6795,36.0895]}},{"type":"Feature","properties":{"kind":"station","id":"higashiginza","name":"Higashi-Ginza","name_local":"東銀座","lines":"A,H","hub":true,"color":null,"rank":1},"geometry":{"type":"Point","coordinates":[139.7674,35.6695]}},{"type":"Feature","properties":{"kind":"station","id":"higashinakano","name":"Higashi-Nakano","name_local":"東中野","lines":"E,JB","hub":true,"color":null,"rank":1},"geometry":{"type":"Point","coordinates":[139.6836,35.7069]}},{"type":"Feature","properties":{"kind":"station","id":"higashiogu","name":"Machiya","name_local":"町屋","lines":"C,KS","hub":true,"color":null,"rank":1},"geometry":{"type":"Point","coordinates":[139.781,35.744]}},{"type":"Feature","properties":{"kind":"station","id":"hikarigaoka","name":"Hikarigaoka","name_local":"光が丘","lines":"E","hub":false,"color":"#b6007a","rank":1},"geometry":{"type":"Point","coordinates":[139.6294,35.7586]}},{"type":"Feature","properties":{"kind":"station","id":"hikawadai","name":"Hikawadai","name_local":"氷川台","lines":"F,Y","hub":true,"color":null,"rank":1},"geometry":{"type":"Point","coordinates":[139.6651,35.7499]}},{"type":"Feature","properties":{"kind":"station","id":"hikifune-2","name":"Hikifune","name_local":"曳舟","lines":"TS","hub":false,"color":"#0f6cc3","rank":1},"geometry":{"type":"Point","coordinates":[139.8165,35.7183]}},{"type":"Feature","properties":{"kind":"station","id":"himemiya","name":"Himemiya","name_local":"姫宮","lines":"TS","hub":false,"color":"#0f6cc3","rank":1},"geometry":{"type":"Point","coordinates":[139.7388,36.0041]}},{"type":"Feature","properties":{"kind":"station","id":"hinatawada-2","name":"Hinatawada","name_local":"日向和田","lines":"JC","hub":false,"color":"#fe642e","rank":1},"geometry":{"type":"Point","coordinates":[139.2298,35.7882]}},{"type":"Feature","properties":{"kind":"station","id":"hino","name":"Hino","name_local":"日野","lines":"JC","hub":false,"color":"#f15620","rank":1},"geometry":{"type":"Point","coordinates":[139.3935,35.6789]}},{"type":"Feature","properties":{"kind":"station","id":"hinodecho","name":"Hinodecho","name_local":"日ノ出町","lines":"KK","hub":false,"color":"#3366ff","rank":1},"geometry":{"type":"Point","coordinates":[139.6267,35.4455]}},{"type":"Feature","properties":{"kind":"station","id":"hirai","name":"Hirai","name_local":"平井","lines":"JB","hub":false,"color":"#ffd700","rank":1},"geometry":{"type":"Point","coordinates":[139.8426,35.7064]}},{"type":"Feature","properties":{"kind":"station","id":"hirama","name":"Hirama","name_local":"平間","lines":"JN","hub":false,"color":"#ffff00","rank":1},"geometry":{"type":"Point","coordinates":[139.6709,35.561]}},{"type":"Feature","properties":{"kind":"station","id":"hiranuma-bashi","name":"Hiranuma-bashi","name_local":"平沼橋","lines":"SO","hub":false,"color":"#0c1e56","rank":1},"geometry":{"type":"Point","coordinates":[139.6166,35.4599]}},{"type":"Feature","properties":{"kind":"station","id":"hiratsuka","name":"Hiratsuka","name_local":"平塚","lines":"JT","hub":false,"color":"#ffa500","rank":2},"geometry":{"type":"Point","coordinates":[139.3491,35.3275]}},{"type":"Feature","properties":{"kind":"station","id":"hirayamajoshi-koen","name":"Hirayamajoshi-koen","name_local":"平山城址公園","lines":"KO","hub":false,"color":"#e50b84","rank":1},"geometry":{"type":"Point","coordinates":[139.3802,35.6475]}},{"type":"Feature","properties":{"kind":"station","id":"hiro-o","name":"Hiro-o","name_local":"広尾","lines":"H","hub":false,"color":"#b5b5ac","rank":1},"geometry":{"type":"Point","coordinates":[139.7222,35.6521]}},{"type":"Feature","properties":{"kind":"station","id":"hiyoshi","name":"Hiyoshi","name_local":"日吉","lines":"MG,TY","hub":true,"color":null,"rank":1},"geometry":{"type":"Point","coordinates":[139.6468,35.5535]}},{"type":"Feature","properties":{"kind":"station","id":"hodogaya","name":"Hodogaya","name_local":"保土ヶ谷","lines":"JO","hub":false,"color":"#000080","rank":2},"geometry":{"type":"Point","coordinates":[139.5997,35.4467]}},{"type":"Feature","properties":{"kind":"station","id":"hodokubo","name":"Hodokubo","name_local":"程久保","lines":"TT","hub":false,"color":"#22625e","rank":1},"geometry":{"type":"Point","coordinates":[139.4108,35.6553]}},{"type":"Feature","properties":{"kind":"station","id":"hon-kawagoe","name":"Hon-Kawagoe","name_local":"本川越","lines":"SS,小江戸","hub":true,"color":null,"rank":1},"geometry":{"type":"Point","coordinates":[139.4811,35.914]}},{"type":"Feature","properties":{"kind":"station","id":"hon-komagome","name":"Hon-komagome","name_local":"本駒込","lines":"N","hub":false,"color":"#00ac9b","rank":1},"geometry":{"type":"Point","coordinates":[139.7536,35.7248]}},{"type":"Feature","properties":{"kind":"station","id":"hongo3","name":"Hongo-sanchome","name_local":"本郷三丁目","lines":"E,M","hub":true,"color":null,"rank":1},"geometry":{"type":"Point","coordinates":[139.7594,35.7073]}},{"type":"Feature","properties":{"kind":"station","id":"honjo-azumabashi","name":"Honjo-azumabashi","name_local":"本所吾妻橋","lines":"A","hub":false,"color":"#e85298","rank":1},"geometry":{"type":"Point","coordinates":[139.8044,35.7086]}},{"type":"Feature","properties":{"kind":"station","id":"horikiri","name":"Horikiri","name_local":"堀切","lines":"TS","hub":false,"color":"#0f6cc3","rank":1},"geometry":{"type":"Point","coordinates":[139.8176,35.7433]}},{"type":"Feature","properties":{"kind":"station","id":"horikirishobuen","name":"Horikirishobuen","name_local":"堀切菖蒲園","lines":"KS","hub":false,"color":"#0000cd","rank":1},"geometry":{"type":"Point","coordinates":[139.8275,35.7477]}},{"type":"Feature","properties":{"kind":"station","id":"horinouchi","name":"Horinouchi","name_local":"堀ノ内","lines":"KK","hub":false,"color":"#3366ff","rank":1},"geometry":{"type":"Point","coordinates":[139.6868,35.2632]}},{"type":"Feature","properties":{"kind":"station","id":"hoshakuji","name":"Hoshakuji","name_local":"宝積寺","lines":"JU","hub":false,"color":"#f68b1e","rank":2},"geometry":{"type":"Point","coordinates":[139.9795,36.6315]}},{"type":"Feature","properties":{"kind":"station","id":"hoshikawa","name":"Hoshikawa","name_local":"星川","lines":"SO","hub":false,"color":"#0c1e56","rank":1},"geometry":{"type":"Point","coordinates":[139.5947,35.4588]}},{"type":"Feature","properties":{"kind":"station","id":"hotaruda","name":"Hotaruda","name_local":"螢田","lines":"OH","hub":false,"color":"#0d82c7","rank":1},"geometry":{"type":"Point","coordinates":[139.1521,35.285]}},{"type":"Feature","properties":{"kind":"station","id":"hoya","name":"Hoya","name_local":"保谷","lines":"SI","hub":false,"color":"#ed772d","rank":1},"geometry":{"type":"Point","coordinates":[139.5678,35.7482]}},{"type":"Feature","properties":{"kind":"station","id":"ichigao","name":"Ichigao","name_local":"市が尾","lines":"DT","hub":false,"color":"#20a288","rank":1},"geometry":{"type":"Point","coordinates":[139.5411,35.5512]}},{"type":"Feature","properties":{"kind":"station","id":"ichigaya","name":"Ichigaya","name_local":"市ケ谷","lines":"JB,N,S,Y","hub":true,"color":null,"rank":1},"geometry":{"type":"Point","coordinates":[139.7368,35.6924]}},{"type":"Feature","properties":{"kind":"station","id":"ichikawa","name":"Ichikawa","name_local":"市川","lines":"JB,JO","hub":true,"color":null,"rank":1},"geometry":{"type":"Point","coordinates":[139.9081,35.7287]}},{"type":"Feature","properties":{"kind":"station","id":"ichikawa-ono","name":"Ichikawa-Ono","name_local":"市川大野","lines":"JM","hub":false,"color":"#ff4500","rank":2},"geometry":{"type":"Point","coordinates":[139.9512,35.7554]}},{"type":"Feature","properties":{"kind":"station","id":"ichikawa-shiohama","name":"Ichikawa-Shiohama","name_local":"市川塩浜","lines":"JE,JM","hub":true,"color":null,"rank":1},"geometry":{"type":"Point","coordinates":[139.9236,35.6666]}},{"type":"Feature","properties":{"kind":"station","id":"ichikawamama","name":"Ichikawamama","name_local":"市川真間","lines":"KS","hub":false,"color":"#0000cd","rank":1},"geometry":{"type":"Point","coordinates":[139.9115,35.7314]}},{"type":"Feature","properties":{"kind":"station","id":"ichinoe","name":"Ichinoe","name_local":"一之江","lines":"S","hub":false,"color":"#6cbb5a","rank":1},"geometry":{"type":"Point","coordinates":[139.8831,35.686]}},{"type":"Feature","properties":{"kind":"station","id":"ichinowari","name":"Ichinowari","name_local":"一ノ割","lines":"TS","hub":false,"color":"#0f6cc3","rank":1},"geometry":{"type":"Point","coordinates":[139.7661,35.9642]}},{"type":"Feature","properties":{"kind":"station","id":"idogaya","name":"Idogaya","name_local":"井土ヶ谷","lines":"KK","hub":false,"color":"#3366ff","rank":1},"geometry":{"type":"Point","coordinates":[139.6005,35.4339]}},{"type":"Feature","properties":{"kind":"station","id":"iidabashi","name":"Iidabashi","name_local":"飯田橋","lines":"E,JB,N,T,Y","hub":true,"color":null,"rank":1},"geometry":{"type":"Point","coordinates":[139.7448,35.702]}},{"type":"Feature","properties":{"kind":"station","id":"ikebukuro","name":"Ikebukuro","name_local":"池袋","lines":"F,JA,JY,M,SI,TJ,Y","hub":true,"color":null,"rank":1},"geometry":{"type":"Point","coordinates":[139.7109,35.7295]}},{"type":"Feature","properties":{"kind":"station","id":"ikegami","name":"Ikegami","name_local":"池上","lines":"IK","hub":false,"color":"#ee86a7","rank":1},"geometry":{"type":"Point","coordinates":[139.7031,35.572]}},{"type":"Feature","properties":{"kind":"station","id":"ikejiri-ohashi","name":"Ikejiri-ohashi","name_local":"池尻大橋","lines":"DT","hub":false,"color":"#20a288","rank":1},"geometry":{"type":"Point","coordinates":[139.6847,35.6508]}},{"type":"Feature","properties":{"kind":"station","id":"ikenoue","name":"Ikenoue","name_local":"池ノ上","lines":"IN","hub":false,"color":"#083476","rank":1},"geometry":{"type":"Point","coordinates":[139.6733,35.6604]}},{"type":"Feature","properties":{"kind":"station","id":"ikusabata","name":"Ikusabata","name_local":"軍畑","lines":"JC","hub":false,"color":"#fe642e","rank":1},"geometry":{"type":"Point","coordinates":[139.2077,35.8077]}},{"type":"Feature","properties":{"kind":"station","id":"ikuta","name":"Ikuta","name_local":"生田","lines":"OH","hub":false,"color":"#0d82c7","rank":1},"geometry":{"type":"Point","coordinates":[139.5419,35.615]}},{"type":"Feature","properties":{"kind":"station","id":"inadazutsumi","name":"Inadazutsumi","name_local":"稲田堤","lines":"JN","hub":false,"color":"#ffff00","rank":1},"geometry":{"type":"Point","coordinates":[139.5355,35.6335]}},{"type":"Feature","properties":{"kind":"station","id":"inage","name":"Inage","name_local":"稲毛","lines":"JB,JO","hub":true,"color":null,"rank":1},"geometry":{"type":"Point","coordinates":[140.0924,35.637]}},{"type":"Feature","properties":{"kind":"station","id":"inage-kaigan","name":"Inage-Kaigan","name_local":"稲毛海岸","lines":"JE","hub":false,"color":"#dc143c","rank":1},"geometry":{"type":"Point","coordinates":[140.0736,35.6295]}},{"type":"Feature","properties":{"kind":"station","id":"inagi-naganuma","name":"Inagi-Naganuma","name_local":"稲城長沼","lines":"JN","hub":false,"color":"#ffff00","rank":1},"geometry":{"type":"Point","coordinates":[139.5022,35.6444]}},{"type":"Feature","properties":{"kind":"station","id":"inaricho","name":"Inaricho","name_local":"稲荷町","lines":"G","hub":false,"color":"#ff9500","rank":1},"geometry":{"type":"Point","coordinates":[139.7827,35.7114]}},{"type":"Feature","properties":{"kind":"station","id":"inariyama-koen","name":"Inariyama-koen","name_local":"稲荷山公園","lines":"SI","hub":false,"color":"#ed772d","rank":1},"geometry":{"type":"Point","coordinates":[139.3988,35.8449]}},{"type":"Feature","properties":{"kind":"station","id":"inokashira-koen","name":"Inokashira-koen","name_local":"井の頭公園","lines":"IN","hub":false,"color":"#083476","rank":1},"geometry":{"type":"Point","coordinates":[139.5831,35.6973]}},{"type":"Feature","properties":{"kind":"station","id":"iogi","name":"Iogi","name_local":"井荻","lines":"SS","hub":false,"color":"#00a6bf","rank":1},"geometry":{"type":"Point","coordinates":[139.6153,35.7246]}},{"type":"Feature","properties":{"kind":"station","id":"iriso","name":"Iriso","name_local":"入曽","lines":"SS","hub":false,"color":"#00a6bf","rank":1},"geometry":{"type":"Point","coordinates":[139.4271,35.8325]}},{"type":"Feature","properties":{"kind":"station","id":"iriya","name":"Iriya","name_local":"入谷","lines":"H","hub":false,"color":"#b5b5ac","rank":1},"geometry":{"type":"Point","coordinates":[139.7845,35.7215]}},{"type":"Feature","properties":{"kind":"station","id":"irumashi","name":"Irumashi","name_local":"入間市","lines":"SI","hub":false,"color":"#ed772d","rank":1},"geometry":{"type":"Point","coordinates":[139.3902,35.8428]}},{"type":"Feature","properties":{"kind":"station","id":"isehara","name":"Isehara","name_local":"伊勢原","lines":"OH","hub":false,"color":"#0d82c7","rank":1},"geometry":{"type":"Point","coordinates":[139.3135,35.396]}},{"type":"Feature","properties":{"kind":"station","id":"isezaki-chojamachi","name":"Isezaki-chojamachi","name_local":"伊勢佐木長者町","lines":"B","hub":false,"color":"#005ba5","rank":1},"geometry":{"type":"Point","coordinates":[139.6328,35.441]}},{"type":"Feature","properties":{"kind":"station","id":"ishibashi","name":"Ishibashi","name_local":"石橋","lines":"JU","hub":false,"color":"#f68b1e","rank":2},"geometry":{"type":"Point","coordinates":[139.8666,36.4363]}},{"type":"Feature","properties":{"kind":"station","id":"ishigamimae","name":"Ishigamimae","name_local":"石神前","lines":"JC","hub":false,"color":"#fe642e","rank":1},"geometry":{"type":"Point","coordinates":[139.2252,35.7967]}},{"type":"Feature","properties":{"kind":"station","id":"ishikawa-dai","name":"Ishikawa-dai","name_local":"石川台","lines":"IK","hub":false,"color":"#ee86a7","rank":1},"geometry":{"type":"Point","coordinates":[139.6852,35.597]}},{"type":"Feature","properties":{"kind":"station","id":"iso","name":"Ōiso","name_local":"大磯","lines":"JT","hub":false,"color":"#ffa500","rank":2},"geometry":{"type":"Point","coordinates":[139.3133,35.3113]}},{"type":"Feature","properties":{"kind":"station","id":"itabashi","name":"Itabashi-kuyakushomae","name_local":"板橋区役所前","lines":"I","hub":false,"color":"#0079c2","rank":1},"geometry":{"type":"Point","coordinates":[139.709,35.751]}},{"type":"Feature","properties":{"kind":"station","id":"itabashi-2","name":"Itabashi","name_local":"板橋","lines":"JA","hub":false,"color":"#00ac9a","rank":1},"geometry":{"type":"Point","coordinates":[139.7195,35.7453]}},{"type":"Feature","properties":{"kind":"station","id":"itabashihoncho","name":"Itabashihoncho","name_local":"板橋本町","lines":"I","hub":false,"color":"#0079c2","rank":1},"geometry":{"type":"Point","coordinates":[139.7055,35.7614]}},{"type":"Feature","properties":{"kind":"station","id":"iwamotocho","name":"Iwamotocho","name_local":"岩本町","lines":"S","hub":false,"color":"#6cbb5a","rank":1},"geometry":{"type":"Point","coordinates":[139.7754,35.6955]}},{"type":"Feature","properties":{"kind":"station","id":"izumi-taiikukan","name":"Izumi-Taiikukan","name_local":"泉体育館","lines":"TT","hub":false,"color":"#22625e","rank":1},"geometry":{"type":"Point","coordinates":[139.4196,35.7188]}},{"type":"Feature","properties":{"kind":"station","id":"j-j","name":"Jūjō","name_local":"十条","lines":"JA","hub":false,"color":"#00ac9a","rank":1},"geometry":{"type":"Point","coordinates":[139.7223,35.76]}},{"type":"Feature","properties":{"kind":"station","id":"jichi-medical-university","name":"Jichi Medical University","name_local":"自治医大","lines":"JU","hub":false,"color":"#f68b1e","rank":2},"geometry":{"type":"Point","coordinates":[139.8545,36.3953]}},{"type":"Feature","properties":{"kind":"station","id":"jinbocho","name":"Jimbocho","name_local":"神保町","lines":"I,S,Z","hub":true,"color":null,"rank":1},"geometry":{"type":"Point","coordinates":[139.7578,35.6957]}},{"type":"Feature","properties":{"kind":"station","id":"jiyugaoka","name":"Jiyugaoka","name_local":"自由が丘","lines":"OM,TY","hub":true,"color":null,"rank":1},"geometry":{"type":"Point","coordinates":[139.6688,35.6076]}},{"type":"Feature","properties":{"kind":"station","id":"k-zu","name":"Kōzu","name_local":"国府津","lines":"JT","hub":false,"color":"#ffa500","rank":2},"geometry":{"type":"Point","coordinates":[139.2142,35.2814]}},{"type":"Feature","properties":{"kind":"station","id":"kabe","name":"Kabe","name_local":"河辺","lines":"JC","hub":false,"color":"#fe642e","rank":1},"geometry":{"type":"Point","coordinates":[139.2846,35.7845]}},{"type":"Feature","properties":{"kind":"station","id":"kachidoki","name":"Kachidoki","name_local":"勝どき","lines":"E","hub":false,"color":"#b6007a","rank":1},"geometry":{"type":"Point","coordinates":[139.7771,35.659]}},{"type":"Feature","properties":{"kind":"station","id":"kagetsu-sojiji","name":"Kagetsu-Sojiji","name_local":"花月総持寺","lines":"KK","hub":false,"color":"#3366ff","rank":1},"geometry":{"type":"Point","coordinates":[139.673,35.5004]}},{"type":"Feature","properties":{"kind":"station","id":"kagurazaka","name":"Kagurazaka","name_local":"神楽坂","lines":"T","hub":false,"color":"#009bbf","rank":1},"geometry":{"type":"Point","coordinates":[139.7346,35.7048]}},{"type":"Feature","properties":{"kind":"station","id":"kaihim-makuhari","name":"Kaihim-Makuhari","name_local":"海浜幕張","lines":"JE","hub":false,"color":"#dc143c","rank":1},"geometry":{"type":"Point","coordinates":[140.042,35.6485]}},{"type":"Feature","properties":{"kind":"station","id":"kaijin","name":"Kaijin","name_local":"海神","lines":"KS","hub":false,"color":"#0000cd","rank":1},"geometry":{"type":"Point","coordinates":[139.9721,35.7057]}},{"type":"Feature","properties":{"kind":"station","id":"kaisei","name":"Kaisei","name_local":"開成","lines":"OH","hub":false,"color":"#0d82c7","rank":1},"geometry":{"type":"Point","coordinates":[139.1359,35.3263]}},{"type":"Feature","properties":{"kind":"station","id":"kajigaya","name":"Kajigaya","name_local":"梶が谷","lines":"DT","hub":false,"color":"#20a288","rank":1},"geometry":{"type":"Point","coordinates":[139.6055,35.5937]}},{"type":"Feature","properties":{"kind":"station","id":"kakio","name":"Kakio","name_local":"柿生","lines":"OH","hub":false,"color":"#0d82c7","rank":1},"geometry":{"type":"Point","coordinates":[139.4976,35.5896]}},{"type":"Feature","properties":{"kind":"station","id":"kamata","name":"Kamata","name_local":"蒲田","lines":"IK,JK,TM","hub":true,"color":null,"rank":1},"geometry":{"type":"Point","coordinates":[139.7161,35.5617]}},{"type":"Feature","properties":{"kind":"station","id":"kameari-2","name":"Kameari","name_local":"亀有","lines":"JL","hub":false,"color":"#939598","rank":2},"geometry":{"type":"Point","coordinates":[139.848,35.7668]}},{"type":"Feature","properties":{"kind":"station","id":"kameido","name":"Kameido","name_local":"亀戸","lines":"JB","hub":false,"color":"#ffd700","rank":1},"geometry":{"type":"Point","coordinates":[139.8266,35.6971]}},{"type":"Feature","properties":{"kind":"station","id":"kami-fukuoka","name":"Kami-fukuoka","name_local":"上福岡","lines":"TJ","hub":false,"color":"#004da3","rank":1},"geometry":{"type":"Point","coordinates":[139.5119,35.8739]}},{"type":"Feature","properties":{"kind":"station","id":"kami-hoshikawa","name":"Kami-Hoshikawa","name_local":"上星川","lines":"SO","hub":false,"color":"#0c1e56","rank":1},"geometry":{"type":"Point","coordinates":[139.5803,35.4674]}},{"type":"Feature","properties":{"kind":"station","id":"kami-igusa","name":"Kami-Igusa","name_local":"上井草","lines":"SS","hub":false,"color":"#00a6bf","rank":1},"geometry":{"type":"Point","coordinates":[139.6031,35.7252]}},{"type":"Feature","properties":{"kind":"station","id":"kami-itabashi","name":"Kami-itabashi","name_local":"上板橋","lines":"TJ","hub":false,"color":"#004da3","rank":1},"geometry":{"type":"Point","coordinates":[139.6766,35.7636]}},{"type":"Feature","properties":{"kind":"station","id":"kami-kitazawa","name":"Kami-kitazawa","name_local":"上北沢","lines":"KO","hub":false,"color":"#e50b84","rank":1},"geometry":{"type":"Point","coordinates":[139.6233,35.6688]}},{"type":"Feature","properties":{"kind":"station","id":"kami-nakazato","name":"Kami-Nakazato","name_local":"上中里","lines":"JK","hub":false,"color":"#00b2e5","rank":1},"geometry":{"type":"Point","coordinates":[139.747,35.7466]}},{"type":"Feature","properties":{"kind":"station","id":"kami-shakujii","name":"Kami-Shakujii","name_local":"上石神井","lines":"SS","hub":false,"color":"#00a6bf","rank":1},"geometry":{"type":"Point","coordinates":[139.5925,35.7261]}},{"type":"Feature","properties":{"kind":"station","id":"kamikitadai","name":"Kamikitadai","name_local":"上北台","lines":"TT","hub":false,"color":"#22625e","rank":1},"geometry":{"type":"Point","coordinates":[139.4159,35.7458]}},{"type":"Feature","properties":{"kind":"station","id":"kamimachi","name":"Kamimachi","name_local":"上町","lines":"SG","hub":false,"color":"#fcc70d","rank":1},"geometry":{"type":"Point","coordinates":[139.647,35.6432]}},{"type":"Feature","properties":{"kind":"station","id":"kaminagaya","name":"Kaminagaya","name_local":"上永谷","lines":"B","hub":false,"color":"#005ba5","rank":1},"geometry":{"type":"Point","coordinates":[139.5725,35.4015]}},{"type":"Feature","properties":{"kind":"station","id":"kaminoge","name":"Kaminoge","name_local":"上野毛","lines":"OM","hub":false,"color":"#f18c43","rank":1},"geometry":{"type":"Point","coordinates":[139.6388,35.6119]}},{"type":"Feature","properties":{"kind":"station","id":"kamiooka","name":"Kamiooka","name_local":"上大岡","lines":"KK","hub":false,"color":"#3366ff","rank":1},"geometry":{"type":"Point","coordinates":[139.5966,35.4091]}},{"type":"Feature","properties":{"kind":"station","id":"kamiyacho","name":"Kamiyacho","name_local":"神谷町","lines":"H","hub":false,"color":"#b5b5ac","rank":1},"geometry":{"type":"Point","coordinates":[139.745,35.663]}},{"type":"Feature","properties":{"kind":"station","id":"kamoi","name":"Kamoi","name_local":"鴨居","lines":"JH","hub":false,"color":"#9acd32","rank":1},"geometry":{"type":"Point","coordinates":[139.5671,35.5109]}},{"type":"Feature","properties":{"kind":"station","id":"kamonomiya","name":"Kamonomiya","name_local":"鴨宮","lines":"JT","hub":false,"color":"#ffa500","rank":2},"geometry":{"type":"Point","coordinates":[139.1802,35.2758]}},{"type":"Feature","properties":{"kind":"station","id":"kanagawa","name":"Kanagawa","name_local":"神奈川","lines":"KK","hub":false,"color":"#3366ff","rank":1},"geometry":{"type":"Point","coordinates":[139.6275,35.4715]}},{"type":"Feature","properties":{"kind":"station","id":"kanagawa-shimmachi","name":"Kanagawa-shimmachi","name_local":"神奈川新町","lines":"KK","hub":false,"color":"#3366ff","rank":1},"geometry":{"type":"Point","coordinates":[139.64,35.4814]}},{"type":"Feature","properties":{"kind":"station","id":"kanamachi","name":"Kanamachi","name_local":"金町","lines":"JL","hub":false,"color":"#939598","rank":2},"geometry":{"type":"Point","coordinates":[139.8707,35.7696]}},{"type":"Feature","properties":{"kind":"station","id":"kanamecho","name":"Kanamecho","name_local":"要町","lines":"F,Y","hub":true,"color":null,"rank":1},"geometry":{"type":"Point","coordinates":[139.6987,35.7333]}},{"type":"Feature","properties":{"kind":"station","id":"kanazawa-bunko","name":"Kanazawa-bunko","name_local":"金沢文庫","lines":"KK","hub":false,"color":"#3366ff","rank":1},"geometry":{"type":"Point","coordinates":[139.6216,35.343]}},{"type":"Feature","properties":{"kind":"station","id":"kanazawa-hakkei","name":"Kanazawa-Hakkei","name_local":"金沢八景","lines":"KK","hub":false,"color":"#3366ff","rank":1},"geometry":{"type":"Point","coordinates":[139.6201,35.3312]}},{"type":"Feature","properties":{"kind":"station","id":"kanda","name":"Kanda","name_local":"神田","lines":"G,JC,JK,JY","hub":true,"color":null,"rank":1},"geometry":{"type":"Point","coordinates":[139.7709,35.6918]}},{"type":"Feature","properties":{"kind":"station","id":"kanegafuchi","name":"Kanegafuchi","name_local":"鐘ヶ淵","lines":"TS","hub":false,"color":"#0f6cc3","rank":1},"geometry":{"type":"Point","coordinates":[139.8206,35.734]}},{"type":"Feature","properties":{"kind":"station","id":"kannai","name":"Kannai","name_local":"関内","lines":"B","hub":false,"color":"#005ba5","rank":1},"geometry":{"type":"Point","coordinates":[139.6367,35.4454]}},{"type":"Feature","properties":{"kind":"station","id":"kasai","name":"Kasai","name_local":"葛西","lines":"T","hub":false,"color":"#009bbf","rank":1},"geometry":{"type":"Point","coordinates":[139.8727,35.6637]}},{"type":"Feature","properties":{"kind":"station","id":"kasai-rinkai-park","name":"Kasai-Rinkai Park","name_local":"葛西臨海公園","lines":"JE,JM","hub":true,"color":null,"rank":1},"geometry":{"type":"Point","coordinates":[139.8616,35.6445]}},{"type":"Feature","properties":{"kind":"station","id":"kashimada","name":"Kashimada","name_local":"鹿島田","lines":"JN","hub":false,"color":"#ffff00","rank":1},"geometry":{"type":"Point","coordinates":[139.675,35.5515]}},{"type":"Feature","properties":{"kind":"station","id":"kashiwa","name":"Kashiwa","name_local":"柏","lines":"JJ,JL","hub":true,"color":null,"rank":1},"geometry":{"type":"Point","coordinates":[139.9711,35.8623]}},{"type":"Feature","properties":{"kind":"station","id":"kashiwa-tanaka","name":"Kashiwa-Tanaka","name_local":"柏たなか","lines":"TX","hub":false,"color":"#000084","rank":1},"geometry":{"type":"Point","coordinates":[139.9576,35.911]}},{"type":"Feature","properties":{"kind":"station","id":"kashiwadai","name":"Kashiwadai","name_local":"かしわ台","lines":"SO","hub":false,"color":"#0c1e56","rank":1},"geometry":{"type":"Point","coordinates":[139.4157,35.4668]}},{"type":"Feature","properties":{"kind":"station","id":"kashiwanoha-campus","name":"Kashiwanoha-campus","name_local":"柏の葉キャンパス","lines":"TX","hub":false,"color":"#000084","rank":1},"geometry":{"type":"Point","coordinates":[139.9525,35.8934]}},{"type":"Feature","properties":{"kind":"station","id":"kasuga","name":"Kasuga","name_local":"春日","lines":"E,I","hub":true,"color":null,"rank":1},"geometry":{"type":"Point","coordinates":[139.7531,35.7099]}},{"type":"Feature","properties":{"kind":"station","id":"kasukabe","name":"Kasukabe","name_local":"春日部","lines":"TS","hub":false,"color":"#0f6cc3","rank":1},"geometry":{"type":"Point","coordinates":[139.7523,35.9804]}},{"type":"Feature","properties":{"kind":"station","id":"kasumigaseki","name":"Kasumigaseki","name_local":"霞ヶ関","lines":"TJ","hub":false,"color":"#004da3","rank":1},"geometry":{"type":"Point","coordinates":[139.4434,35.9256]}},{"type":"Feature","properties":{"kind":"station","id":"kasumigaseki-2","name":"Kasumigaseki","name_local":"霞ケ関","lines":"C,H,M","hub":true,"color":null,"rank":1},"geometry":{"type":"Point","coordinates":[139.751,35.6739]}},{"type":"Feature","properties":{"kind":"station","id":"katakura","name":"Katakura","name_local":"片倉","lines":"JH","hub":false,"color":"#9acd32","rank":1},"geometry":{"type":"Point","coordinates":[139.3414,35.6398]}},{"type":"Feature","properties":{"kind":"station","id":"katakuracho","name":"Katakuracho","name_local":"片倉町","lines":"B","hub":false,"color":"#005ba5","rank":1},"geometry":{"type":"Point","coordinates":[139.6065,35.4901]}},{"type":"Feature","properties":{"kind":"station","id":"kataoka","name":"Kataoka","name_local":"片岡","lines":"JU","hub":false,"color":"#f68b1e","rank":2},"geometry":{"type":"Point","coordinates":[139.9458,36.7542]}},{"type":"Feature","properties":{"kind":"station","id":"katsutadai","name":"Katsutadai","name_local":"勝田台","lines":"KS","hub":false,"color":"#005aaa","rank":1},"geometry":{"type":"Point","coordinates":[140.126,35.7154]}},{"type":"Feature","properties":{"kind":"station","id":"kawagoe","name":"Kawagoe","name_local":"川越","lines":"TJ","hub":false,"color":"#004da3","rank":1},"geometry":{"type":"Point","coordinates":[139.4833,35.9071]}},{"type":"Feature","properties":{"kind":"station","id":"kawagoeshi","name":"Kawagoeshi","name_local":"川越市","lines":"TJ","hub":false,"color":"#004da3","rank":1},"geometry":{"type":"Point","coordinates":[139.4774,35.9139]}},{"type":"Feature","properties":{"kind":"station","id":"kawaguchi","name":"Kawaguchi","name_local":"川口","lines":"JK","hub":false,"color":"#00b2e5","rank":1},"geometry":{"type":"Point","coordinates":[139.7176,35.8019]}},{"type":"Feature","properties":{"kind":"station","id":"kawai","name":"Kawai","name_local":"川井","lines":"JC","hub":false,"color":"#fe642e","rank":1},"geometry":{"type":"Point","coordinates":[139.164,35.8137]}},{"type":"Feature","properties":{"kind":"station","id":"kawasaki","name":"Kawasaki","name_local":"川崎","lines":"JK,JN,JT","hub":true,"color":null,"rank":1},"geometry":{"type":"Point","coordinates":[139.6968,35.5315]}},{"type":"Feature","properties":{"kind":"station","id":"kayabacho","name":"Kayabacho","name_local":"茅場町","lines":"H","hub":false,"color":"#b5b5ac","rank":1},"geometry":{"type":"Point","coordinates":[139.7797,35.6793]}},{"type":"Feature","properties":{"kind":"station","id":"kayama","name":"Kayama","name_local":"栢山","lines":"OH","hub":false,"color":"#0d82c7","rank":1},"geometry":{"type":"Point","coordinates":[139.1425,35.3109]}},{"type":"Feature","properties":{"kind":"station","id":"keikyu-higashi-kanagawa","name":"Keikyu Higashi-Kanagawa","name_local":"京急東神奈川","lines":"KK","hub":false,"color":"#3366ff","rank":1},"geometry":{"type":"Point","coordinates":[139.6345,35.4773]}},{"type":"Feature","properties":{"kind":"station","id":"keikyu-kamata","name":"Keikyu Kamata","name_local":"京急蒲田","lines":"KK","hub":false,"color":"#3366ff","rank":1},"geometry":{"type":"Point","coordinates":[139.7241,35.5614]}},{"type":"Feature","properties":{"kind":"station","id":"keikyu-kawasaki","name":"Keikyu Kawasaki","name_local":"京急川崎","lines":"KK","hub":false,"color":"#3366ff","rank":1},"geometry":{"type":"Point","coordinates":[139.7008,35.5329]}},{"type":"Feature","properties":{"kind":"station","id":"keikyu-otsu","name":"Keikyu Otsu","name_local":"京急大津","lines":"KK","hub":false,"color":"#3366ff","rank":1},"geometry":{"type":"Point","coordinates":[139.6958,35.2608]}},{"type":"Feature","properties":{"kind":"station","id":"keikyu-shinkoyasu","name":"Keikyu Shinkoyasu","name_local":"京急新子安","lines":"KK","hub":false,"color":"#3366ff","rank":1},"geometry":{"type":"Point","coordinates":[139.6555,35.4871]}},{"type":"Feature","properties":{"kind":"station","id":"keikyu-taura","name":"Keikyu-Taura","name_local":"京急田浦","lines":"KK","hub":false,"color":"#3366ff","rank":1},"geometry":{"type":"Point","coordinates":[139.6253,35.3008]}},{"type":"Feature","properties":{"kind":"station","id":"keikyu-tomioka","name":"Keikyu Tomioka","name_local":"京急富岡","lines":"KK","hub":false,"color":"#3366ff","rank":1},"geometry":{"type":"Point","coordinates":[139.6297,35.3672]}},{"type":"Feature","properties":{"kind":"station","id":"keikyu-tsurumi","name":"Keikyu Tsurumi","name_local":"京急鶴見","lines":"KK","hub":false,"color":"#3366ff","rank":1},"geometry":{"type":"Point","coordinates":[139.678,35.5073]}},{"type":"Feature","properties":{"kind":"station","id":"keio-hachioji","name":"Keio-Hachioji","name_local":"京王八王子","lines":"KO","hub":false,"color":"#e50b84","rank":1},"geometry":{"type":"Point","coordinates":[139.3432,35.6579]}},{"type":"Feature","properties":{"kind":"station","id":"keisei-chiba","name":"Keisei Chiba","name_local":"京成千葉","lines":"KS","hub":false,"color":"#0000cd","rank":1},"geometry":{"type":"Point","coordinates":[140.1143,35.6116]}},{"type":"Feature","properties":{"kind":"station","id":"keisei-funabashi","name":"Keisei Funabashi","name_local":"京成船橋","lines":"KS","hub":false,"color":"#0000cd","rank":1},"geometry":{"type":"Point","coordinates":[139.9856,35.7002]}},{"type":"Feature","properties":{"kind":"station","id":"keisei-inage","name":"Keisei Inage","name_local":"京成稲毛","lines":"KS","hub":false,"color":"#0000cd","rank":1},"geometry":{"type":"Point","coordinates":[140.0856,35.6376]}},{"type":"Feature","properties":{"kind":"station","id":"keisei-koiwa","name":"Keisei Koiwa","name_local":"京成小岩","lines":"KS","hub":false,"color":"#0000cd","rank":1},"geometry":{"type":"Point","coordinates":[139.8833,35.7423]}},{"type":"Feature","properties":{"kind":"station","id":"keisei-makuhari","name":"Keisei Makuhari","name_local":"京成幕張","lines":"KS","hub":false,"color":"#0000cd","rank":1},"geometry":{"type":"Point","coordinates":[140.0558,35.6609]}},{"type":"Feature","properties":{"kind":"station","id":"keisei-makuhari-hongo","name":"Keisei Makuhari-Hongo","name_local":"京成幕張本郷","lines":"KS","hub":false,"color":"#0000cd","rank":1},"geometry":{"type":"Point","coordinates":[140.0421,35.6726]}},{"type":"Feature","properties":{"kind":"station","id":"keisei-nakayama","name":"Keisei-Nakayama","name_local":"京成中山","lines":"KS","hub":false,"color":"#0000cd","rank":1},"geometry":{"type":"Point","coordinates":[139.9447,35.7169]}},{"type":"Feature","properties":{"kind":"station","id":"keisei-narita","name":"Keisei-Narita","name_local":"京成成田","lines":"KS","hub":false,"color":"#005aaa","rank":1},"geometry":{"type":"Point","coordinates":[140.3156,35.7763]}},{"type":"Feature","properties":{"kind":"station","id":"keisei-nishifuna","name":"Keisei Nishifuna","name_local":"京成西船","lines":"KS","hub":false,"color":"#0000cd","rank":1},"geometry":{"type":"Point","coordinates":[139.959,35.7116]}},{"type":"Feature","properties":{"kind":"station","id":"keisei-okubo","name":"Keisei-Okubo","name_local":"京成大久保","lines":"KS","hub":false,"color":"#005aaa","rank":1},"geometry":{"type":"Point","coordinates":[140.0482,35.6859]}},{"type":"Feature","properties":{"kind":"station","id":"keisei-owada","name":"Keisei-Owada","name_local":"京成大和田","lines":"KS","hub":false,"color":"#005aaa","rank":1},"geometry":{"type":"Point","coordinates":[140.1087,35.7124]}},{"type":"Feature","properties":{"kind":"station","id":"keisei-sakura","name":"Keisei-Sakura","name_local":"京成佐倉","lines":"KS","hub":false,"color":"#005aaa","rank":1},"geometry":{"type":"Point","coordinates":[140.2297,35.7252]}},{"type":"Feature","properties":{"kind":"station","id":"keisei-sekiya","name":"Keisei Sekiya","name_local":"京成関屋","lines":"KS","hub":false,"color":"#0000cd","rank":1},"geometry":{"type":"Point","coordinates":[139.8118,35.744]}},{"type":"Feature","properties":{"kind":"station","id":"keisei-shisui","name":"Keisei-Shisui","name_local":"京成酒々井","lines":"KS","hub":false,"color":"#005aaa","rank":1},"geometry":{"type":"Point","coordinates":[140.2701,35.7368]}},{"type":"Feature","properties":{"kind":"station","id":"keisei-takasago","name":"Keisei Takasago","name_local":"京成高砂","lines":"KS","hub":false,"color":"#0000cd","rank":1},"geometry":{"type":"Point","coordinates":[139.8671,35.7509]}},{"type":"Feature","properties":{"kind":"station","id":"keisei-tsudanuma","name":"Keisei Tsudanuma","name_local":"京成津田沼","lines":"KS","hub":false,"color":"#0000cd","rank":1},"geometry":{"type":"Point","coordinates":[140.0248,35.6835]}},{"type":"Feature","properties":{"kind":"station","id":"keisei-ueno","name":"Keisei-Ueno","name_local":"京成上野","lines":"KS","hub":false,"color":"#0000cd","rank":1},"geometry":{"type":"Point","coordinates":[139.7737,35.711]}},{"type":"Feature","properties":{"kind":"station","id":"keisei-usui","name":"Keisei-Usui","name_local":"京成臼井","lines":"KS","hub":false,"color":"#005aaa","rank":1},"geometry":{"type":"Point","coordinates":[140.1808,35.7299]}},{"type":"Feature","properties":{"kind":"station","id":"keisei-yawata","name":"Keisei Yawata","name_local":"京成八幡","lines":"KS","hub":false,"color":"#0000cd","rank":1},"geometry":{"type":"Point","coordinates":[139.928,35.7239]}},{"type":"Feature","properties":{"kind":"station","id":"keiseikoiwa","name":"Koiwa","name_local":"小岩","lines":"JB","hub":false,"color":"#ffd700","rank":1},"geometry":{"type":"Point","coordinates":[139.8828,35.7345]}},{"type":"Feature","properties":{"kind":"station","id":"kemigawa","name":"Kemigawa","name_local":"検見川","lines":"KS","hub":false,"color":"#0000cd","rank":1},"geometry":{"type":"Point","coordinates":[140.0665,35.6526]}},{"type":"Feature","properties":{"kind":"station","id":"kemigawahama","name":"Kemigawahama","name_local":"検見川浜","lines":"JE","hub":false,"color":"#dc143c","rank":1},"geometry":{"type":"Point","coordinates":[140.0591,35.6372]}},{"type":"Feature","properties":{"kind":"station","id":"kenky-gakuen","name":"Kenkyū-gakuen","name_local":"研究学園","lines":"TX","hub":false,"color":"#000084","rank":1},"geometry":{"type":"Point","coordinates":[140.0824,36.0821]}},{"type":"Feature","properties":{"kind":"station","id":"kenritsudaigaku","name":"Kenritsudaigaku","name_local":"県立大学","lines":"KK","hub":false,"color":"#3366ff","rank":1},"geometry":{"type":"Point","coordinates":[139.6767,35.27]}},{"type":"Feature","properties":{"kind":"station","id":"kiba","name":"木場","name_local":"木場","lines":"T","hub":false,"color":"#009bbf","rank":1},"geometry":{"type":"Point","coordinates":[139.8069,35.6697]}},{"type":"Feature","properties":{"kind":"station","id":"kibogaoka","name":"Kibogaoka","name_local":"希望ヶ丘","lines":"SO","hub":false,"color":"#0c1e56","rank":1},"geometry":{"type":"Point","coordinates":[139.5134,35.4606]}},{"type":"Feature","properties":{"kind":"station","id":"kichijoji","name":"Kichijoji","name_local":"吉祥寺","lines":"IN,JB,JC","hub":true,"color":null,"rank":1},"geometry":{"type":"Point","coordinates":[139.58,35.7031]}},{"type":"Feature","properties":{"kind":"station","id":"kikukawa","name":"Kikukawa","name_local":"菊川","lines":"S","hub":false,"color":"#6cbb5a","rank":1},"geometry":{"type":"Point","coordinates":[139.8061,35.6884]}},{"type":"Feature","properties":{"kind":"station","id":"kikuna","name":"Kikuna","name_local":"菊名","lines":"JH,TY","hub":true,"color":null,"rank":1},"geometry":{"type":"Point","coordinates":[139.6313,35.5104]}},{"type":"Feature","properties":{"kind":"station","id":"kinshicho","name":"Kinshicho","name_local":"錦糸町","lines":"JB,JO,Z","hub":true,"color":null,"rank":1},"geometry":{"type":"Point","coordinates":[139.8145,35.6966]}},{"type":"Feature","properties":{"kind":"station","id":"kishine-koen","name":"Kishine-koen","name_local":"岸根公園","lines":"B","hub":false,"color":"#005ba5","rank":1},"geometry":{"type":"Point","coordinates":[139.6168,35.4961]}},{"type":"Feature","properties":{"kind":"station","id":"kita-akabane","name":"Kita-Akabane","name_local":"北赤羽","lines":"JA","hub":false,"color":"#00ac9a","rank":1},"geometry":{"type":"Point","coordinates":[139.7061,35.7868]}},{"type":"Feature","properties":{"kind":"station","id":"kita-asaka","name":"Kita-Asaka","name_local":"北朝霞","lines":"JM","hub":false,"color":"#ff4500","rank":2},"geometry":{"type":"Point","coordinates":[139.587,35.8153]}},{"type":"Feature","properties":{"kind":"station","id":"kita-fuchu","name":"Kita-Fuchu","name_local":"北府中","lines":"JM","hub":false,"color":"#ff4500","rank":2},"geometry":{"type":"Point","coordinates":[139.4718,35.6808]}},{"type":"Feature","properties":{"kind":"station","id":"kita-ikebukuro","name":"Kita-ikebukuro","name_local":"北池袋","lines":"TJ","hub":false,"color":"#004da3","rank":1},"geometry":{"type":"Point","coordinates":[139.7169,35.741]}},{"type":"Feature","properties":{"kind":"station","id":"kita-kashiwa","name":"Kita-Kashiwa","name_local":"北柏","lines":"JL","hub":false,"color":"#939598","rank":2},"geometry":{"type":"Point","coordinates":[139.9881,35.8757]}},{"type":"Feature","properties":{"kind":"station","id":"kita-kogane","name":"Kita-Kogane","name_local":"北小金","lines":"JL","hub":false,"color":"#939598","rank":2},"geometry":{"type":"Point","coordinates":[139.9312,35.8335]}},{"type":"Feature","properties":{"kind":"station","id":"kita-koshigaya","name":"Kita-koshigaya","name_local":"北越谷","lines":"TS","hub":false,"color":"#0f6cc3","rank":1},"geometry":{"type":"Point","coordinates":[139.7798,35.902]}},{"type":"Feature","properties":{"kind":"station","id":"kita-matsudo","name":"Kita-Matsudo","name_local":"北松戸","lines":"JL","hub":false,"color":"#939598","rank":2},"geometry":{"type":"Point","coordinates":[139.9117,35.8007]}},{"type":"Feature","properties":{"kind":"station","id":"kita-sakado","name":"Kita-sakado","name_local":"北坂戸","lines":"TJ","hub":false,"color":"#004da3","rank":1},"geometry":{"type":"Point","coordinates":[139.397,35.9721]}},{"type":"Feature","properties":{"kind":"station","id":"kita-sando","name":"Kita-sando","name_local":"北参道","lines":"F","hub":false,"color":"#9c5e31","rank":1},"geometry":{"type":"Point","coordinates":[139.7055,35.6785]}},{"type":"Feature","properties":{"kind":"station","id":"kita-senju","name":"Kita-Senju","name_local":"北千住","lines":"C,H,JJ,TX","hub":true,"color":null,"rank":1},"geometry":{"type":"Point","coordinates":[139.8048,35.7489]}},{"type":"Feature","properties":{"kind":"station","id":"kita-senzoku","name":"Kita-senzoku","name_local":"北千束","lines":"OM","hub":false,"color":"#f18c43","rank":1},"geometry":{"type":"Point","coordinates":[139.693,35.6064]}},{"type":"Feature","properties":{"kind":"station","id":"kita-shin-yokohama","name":"Kita-shin-yokohama","name_local":"北新横浜","lines":"B","hub":false,"color":"#005ba5","rank":1},"geometry":{"type":"Point","coordinates":[139.6129,35.5193]}},{"type":"Feature","properties":{"kind":"station","id":"kita-toda","name":"Kita-Toda","name_local":"北戸田","lines":"JA","hub":false,"color":"#00ac9a","rank":1},"geometry":{"type":"Point","coordinates":[139.6601,35.8277]}},{"type":"Feature","properties":{"kind":"station","id":"kita-urawa","name":"Kita-Urawa","name_local":"北浦和","lines":"JK","hub":false,"color":"#00b2e5","rank":1},"geometry":{"type":"Point","coordinates":[139.6462,35.8722]}},{"type":"Feature","properties":{"kind":"station","id":"kita-yono","name":"Kita-Yono","name_local":null,"lines":"JA","hub":false,"color":"#00ac9a","rank":1},"geometry":{"type":"Point","coordinates":[139.6287,35.8907]}},{"type":"Feature","properties":{"kind":"station","id":"kitano","name":"Kitano","name_local":"北野","lines":"KO","hub":false,"color":"#e50b84","rank":1},"geometry":{"type":"Point","coordinates":[139.3543,35.6445]}},{"type":"Feature","properties":{"kind":"station","id":"kitashinagawa","name":"Kitashinagawa","name_local":"北品川","lines":"KK","hub":false,"color":"#3366ff","rank":1},"geometry":{"type":"Point","coordinates":[139.7397,35.6222]}},{"type":"Feature","properties":{"kind":"station","id":"kiyose","name":"Kiyose","name_local":"清瀬","lines":"SI","hub":false,"color":"#ed772d","rank":1},"geometry":{"type":"Point","coordinates":[139.52,35.772]}},{"type":"Feature","properties":{"kind":"station","id":"kiyosumishirakawa","name":"Kiyosumi-shirakawa","name_local":"清澄白河","lines":"E,Z","hub":true,"color":null,"rank":1},"geometry":{"type":"Point","coordinates":[139.7997,35.6817]}},{"type":"Feature","properties":{"kind":"station","id":"kobuchi","name":"Kobuchi","name_local":"古淵","lines":"JH","hub":false,"color":"#9acd32","rank":1},"geometry":{"type":"Point","coordinates":[139.419,35.5561]}},{"type":"Feature","properties":{"kind":"station","id":"kodaira","name":"Kodaira","name_local":"小平","lines":"SS,小江戸","hub":true,"color":null,"rank":1},"geometry":{"type":"Point","coordinates":[139.4882,35.737]}},{"type":"Feature","properties":{"kind":"station","id":"kodemmacho","name":"Kodemmacho","name_local":"小伝馬町","lines":"H","hub":false,"color":"#b5b5ac","rank":1},"geometry":{"type":"Point","coordinates":[139.7784,35.6907]}},{"type":"Feature","properties":{"kind":"station","id":"koenji","name":"Kōenji","name_local":"高円寺","lines":"JB,JC","hub":true,"color":null,"rank":1},"geometry":{"type":"Point","coordinates":[139.6497,35.7053]}},{"type":"Feature","properties":{"kind":"station","id":"koga","name":"Koga","name_local":"古河","lines":"JU","hub":false,"color":"#f68b1e","rank":2},"geometry":{"type":"Point","coordinates":[139.7096,36.1946]}},{"type":"Feature","properties":{"kind":"station","id":"koganecho","name":"Koganecho","name_local":"黄金町","lines":"KK","hub":false,"color":"#3366ff","rank":1},"geometry":{"type":"Point","coordinates":[139.6231,35.44]}},{"type":"Feature","properties":{"kind":"station","id":"koganei","name":"Koganei","name_local":"小金井","lines":"JU","hub":false,"color":"#f68b1e","rank":2},"geometry":{"type":"Point","coordinates":[139.8422,36.3746]}},{"type":"Feature","properties":{"kind":"station","id":"kohoku","name":"Kohoku","name_local":"江北","lines":"NT","hub":false,"color":"#ff69b4","rank":1},"geometry":{"type":"Point","coordinates":[139.7703,35.774]}},{"type":"Feature","properties":{"kind":"station","id":"kojimachi","name":"Kojimachi","name_local":"麹町","lines":"Y","hub":false,"color":"#c1a470","rank":1},"geometry":{"type":"Point","coordinates":[139.7377,35.684]}},{"type":"Feature","properties":{"kind":"station","id":"kokkai-gijidomae","name":"Kokkai-gijidomae","name_local":"国会議事堂前","lines":"C,M","hub":true,"color":null,"rank":1},"geometry":{"type":"Point","coordinates":[139.7455,35.6746]}},{"type":"Feature","properties":{"kind":"station","id":"koku-koen","name":"Koku-koen","name_local":"航空公園","lines":"SS","hub":false,"color":"#00a6bf","rank":1},"geometry":{"type":"Point","coordinates":[139.4656,35.7983]}},{"type":"Feature","properties":{"kind":"station","id":"kokubunji","name":"Kokubunji","name_local":"国分寺","lines":"JC","hub":false,"color":"#f15620","rank":1},"geometry":{"type":"Point","coordinates":[139.4804,35.7001]}},{"type":"Feature","properties":{"kind":"station","id":"kokuritsu-kyogijo","name":"Kokuritsu-kyogijo","name_local":"国立競技場","lines":"E","hub":false,"color":"#b6007a","rank":1},"geometry":{"type":"Point","coordinates":[139.714,35.6801]}},{"type":"Feature","properties":{"kind":"station","id":"kokuryo-2","name":"Kokuryo","name_local":"国領","lines":"KO","hub":false,"color":"#e50b84","rank":1},"geometry":{"type":"Point","coordinates":[139.5587,35.6502]}},{"type":"Feature","properties":{"kind":"station","id":"kokusai-tenjijo","name":"Kokusai-tenjijo","name_local":"国際展示場","lines":"R","hub":false,"color":"#2d3087","rank":1},"geometry":{"type":"Point","coordinates":[139.7918,35.6344]}},{"type":"Feature","properties":{"kind":"station","id":"komaba-todaimae","name":"Komaba-todaimae","name_local":"駒場東大前","lines":"IN","hub":false,"color":"#083476","rank":1},"geometry":{"type":"Point","coordinates":[139.6841,35.6587]}},{"type":"Feature","properties":{"kind":"station","id":"komagome","name":"Komagome","name_local":"駒込","lines":"JY,N","hub":true,"color":null,"rank":1},"geometry":{"type":"Point","coordinates":[139.7472,35.7366]}},{"type":"Feature","properties":{"kind":"station","id":"komazawa-daigaku","name":"Komazawa-daigaku","name_local":"駒沢大学","lines":"DT","hub":false,"color":"#20a288","rank":1},"geometry":{"type":"Point","coordinates":[139.6611,35.6332]}},{"type":"Feature","properties":{"kind":"station","id":"konan-chuo","name":"Konan-chuo","name_local":"港南中央","lines":"B","hub":false,"color":"#005ba5","rank":1},"geometry":{"type":"Point","coordinates":[139.591,35.4011]}},{"type":"Feature","properties":{"kind":"station","id":"konodai","name":"Konodai","name_local":"国府台","lines":"KS","hub":false,"color":"#0000cd","rank":1},"geometry":{"type":"Point","coordinates":[139.9025,35.7364]}},{"type":"Feature","properties":{"kind":"station","id":"korakuen","name":"Korakuen","name_local":"後楽園","lines":"M,N","hub":true,"color":null,"rank":1},"geometry":{"type":"Point","coordinates":[139.7518,35.7082]}},{"type":"Feature","properties":{"kind":"station","id":"koremasa","name":"Koremasa","name_local":"是政","lines":"SW","hub":false,"color":"#ef810f","rank":1},"geometry":{"type":"Point","coordinates":[139.4894,35.6563]}},{"type":"Feature","properties":{"kind":"station","id":"kori","name":"Kori","name_local":"古里","lines":"JC","hub":false,"color":"#fe642e","rank":1},"geometry":{"type":"Point","coordinates":[139.1516,35.8163]}},{"type":"Feature","properties":{"kind":"station","id":"koshigaya","name":"Koshigaya","name_local":"越谷","lines":"TS","hub":false,"color":"#0f6cc3","rank":1},"geometry":{"type":"Point","coordinates":[139.7859,35.8884]}},{"type":"Feature","properties":{"kind":"station","id":"koshigaya-laketown","name":"Koshigaya-Laketown","name_local":"越谷レイクタウン","lines":"JM","hub":false,"color":"#ff4500","rank":2},"geometry":{"type":"Point","coordinates":[139.8223,35.8763]}},{"type":"Feature","properties":{"kind":"station","id":"koshukaido","name":"Koshukaido","name_local":"甲州街道","lines":"TT","hub":false,"color":"#22625e","rank":1},"geometry":{"type":"Point","coordinates":[139.4093,35.6783]}},{"type":"Feature","properties":{"kind":"station","id":"kosuge","name":"Kosuge","name_local":"小菅","lines":"TS","hub":false,"color":"#0f6cc3","rank":1},"geometry":{"type":"Point","coordinates":[139.8127,35.7588]}},{"type":"Feature","properties":{"kind":"station","id":"kotake-mukaihara","name":"Kotake-mukaihara","name_local":"小竹向原","lines":"F,Y","hub":true,"color":null,"rank":1},"geometry":{"type":"Point","coordinates":[139.6806,35.7429]}},{"type":"Feature","properties":{"kind":"station","id":"kotesashi","name":"Kotesashi","name_local":"小手指","lines":"SI","hub":false,"color":"#ed772d","rank":1},"geometry":{"type":"Point","coordinates":[139.4378,35.8006]}},{"type":"Feature","properties":{"kind":"station","id":"koya","name":"Koya","name_local":"高野","lines":"NT","hub":false,"color":"#ff69b4","rank":1},"geometry":{"type":"Point","coordinates":[139.7706,35.7685]}},{"type":"Feature","properties":{"kind":"station","id":"koyasu","name":"Koyasu","name_local":"子安","lines":"KK","hub":false,"color":"#3366ff","rank":1},"geometry":{"type":"Point","coordinates":[139.6451,35.4847]}},{"type":"Feature","properties":{"kind":"station","id":"kozukue","name":"Kozukue","name_local":"小机","lines":"JH","hub":false,"color":"#9acd32","rank":1},"geometry":{"type":"Point","coordinates":[139.5996,35.5086]}},{"type":"Feature","properties":{"kind":"station","id":"kozunomori","name":"Kozunomori","name_local":"公津の杜","lines":"KS","hub":false,"color":"#005aaa","rank":1},"geometry":{"type":"Point","coordinates":[140.2953,35.7605]}},{"type":"Feature","properties":{"kind":"station","id":"kudanshita","name":"Kudanshita","name_local":"九段下","lines":"S,T,Z","hub":true,"color":null,"rank":1},"geometry":{"type":"Point","coordinates":[139.7513,35.6957]}},{"type":"Feature","properties":{"kind":"station","id":"kugahara","name":"Kugahara","name_local":"久が原","lines":"IK","hub":false,"color":"#ee86a7","rank":1},"geometry":{"type":"Point","coordinates":[139.6856,35.5796]}},{"type":"Feature","properties":{"kind":"station","id":"kugayama","name":"Kugayama","name_local":"久我山","lines":"IN","hub":false,"color":"#083476","rank":1},"geometry":{"type":"Point","coordinates":[139.5996,35.6879]}},{"type":"Feature","properties":{"kind":"station","id":"kuhombutsu","name":"Kuhombutsu","name_local":"九品仏","lines":"OM","hub":false,"color":"#f18c43","rank":1},"geometry":{"type":"Point","coordinates":[139.6612,35.6054]}},{"type":"Feature","properties":{"kind":"station","id":"kuji","name":"Kuji","name_local":"久地","lines":"JN","hub":false,"color":"#ffff00","rank":1},"geometry":{"type":"Point","coordinates":[139.5928,35.6103]}},{"type":"Feature","properties":{"kind":"station","id":"kuki","name":"Kuki","name_local":"久喜","lines":"JU","hub":false,"color":"#f68b1e","rank":2},"geometry":{"type":"Point","coordinates":[139.6772,36.0656]}},{"type":"Feature","properties":{"kind":"station","id":"kumanomae","name":"Kumanomae","name_local":"熊野前","lines":"NT","hub":false,"color":"#ff69b4","rank":1},"geometry":{"type":"Point","coordinates":[139.7698,35.7485]}},{"type":"Feature","properties":{"kind":"station","id":"kumegawa","name":"Kumegawa","name_local":"久米川","lines":"SS","hub":false,"color":"#00a6bf","rank":1},"geometry":{"type":"Point","coordinates":[139.4726,35.7496]}},{"type":"Feature","properties":{"kind":"station","id":"kunitachi","name":"Kunitachi","name_local":"国立","lines":"JC","hub":false,"color":"#f15620","rank":1},"geometry":{"type":"Point","coordinates":[139.4465,35.6993]}},{"type":"Feature","properties":{"kind":"station","id":"kuramae","name":"Kuramae","name_local":"蔵前","lines":"A,E","hub":true,"color":null,"rank":1},"geometry":{"type":"Point","coordinates":[139.7911,35.7057]}},{"type":"Feature","properties":{"kind":"station","id":"kurihashi","name":"Kurihashi","name_local":"栗橋","lines":"JU","hub":false,"color":"#f68b1e","rank":2},"geometry":{"type":"Point","coordinates":[139.6941,36.1364]}},{"type":"Feature","properties":{"kind":"station","id":"kuroiso","name":"Kuroiso","name_local":"黒磯","lines":"JU","hub":false,"color":"#f68b1e","rank":2},"geometry":{"type":"Point","coordinates":[140.06,36.9703]}},{"type":"Feature","properties":{"kind":"station","id":"kyobashi","name":"Kyobashi","name_local":"京橋","lines":"G","hub":false,"color":"#ff9500","rank":1},"geometry":{"type":"Point","coordinates":[139.7701,35.6767]}},{"type":"Feature","properties":{"kind":"station","id":"kyodo","name":"Kyodo","name_local":"経堂","lines":"OH","hub":false,"color":"#0d82c7","rank":1},"geometry":{"type":"Point","coordinates":[139.6367,35.6512]}},{"type":"Feature","properties":{"kind":"station","id":"kyoteijo-mae","name":"Kyoteijo-mae","name_local":"競艇場前","lines":"SW","hub":false,"color":"#ef810f","rank":1},"geometry":{"type":"Point","coordinates":[139.4996,35.6562]}},{"type":"Feature","properties":{"kind":"station","id":"mabashi","name":"Mabashi","name_local":"馬橋","lines":"JL","hub":false,"color":"#939598","rank":2},"geometry":{"type":"Point","coordinates":[139.9172,35.8116]}},{"type":"Feature","properties":{"kind":"station","id":"maborikaigan","name":"Maborikaigan","name_local":"馬堀海岸","lines":"KK","hub":false,"color":"#3366ff","rank":1},"geometry":{"type":"Point","coordinates":[139.7076,35.2596]}},{"type":"Feature","properties":{"kind":"station","id":"machida","name":"Machida","name_local":"町田","lines":"JH,OH","hub":true,"color":null,"rank":1},"geometry":{"type":"Point","coordinates":[139.447,35.542]}},{"type":"Feature","properties":{"kind":"station","id":"magome","name":"Magome","name_local":"馬込","lines":"A","hub":false,"color":"#e85298","rank":1},"geometry":{"type":"Point","coordinates":[139.7119,35.5968]}},{"type":"Feature","properties":{"kind":"station","id":"maihama","name":"Maihama","name_local":"舞浜","lines":"JE,JM","hub":true,"color":null,"rank":1},"geometry":{"type":"Point","coordinates":[139.8836,35.6363]}},{"type":"Feature","properties":{"kind":"station","id":"maioka","name":"Maioka","name_local":"舞岡","lines":"B","hub":false,"color":"#005ba5","rank":1},"geometry":{"type":"Point","coordinates":[139.5513,35.4025]}},{"type":"Feature","properties":{"kind":"station","id":"maita","name":"Maita","name_local":"蒔田","lines":"B","hub":false,"color":"#005ba5","rank":1},"geometry":{"type":"Point","coordinates":[139.61,35.4299]}},{"type":"Feature","properties":{"kind":"station","id":"makuhari","name":"Makuhari","name_local":"幕張","lines":"JB","hub":false,"color":"#ffd700","rank":1},"geometry":{"type":"Point","coordinates":[140.0578,35.6593]}},{"type":"Feature","properties":{"kind":"station","id":"makuhari-hongo","name":"Makuhari-Hongo","name_local":"幕張本郷","lines":"JB","hub":false,"color":"#ffd700","rank":1},"geometry":{"type":"Point","coordinates":[140.0422,35.6727]}},{"type":"Feature","properties":{"kind":"station","id":"makuhari-toyosuna","name":"Makuhari-Toyosuna","name_local":"幕張豊砂","lines":"JE","hub":false,"color":"#dc143c","rank":1},"geometry":{"type":"Point","coordinates":[140.0274,35.6579]}},{"type":"Feature","properties":{"kind":"station","id":"mamada","name":"Mamada","name_local":"間々田","lines":"JU","hub":false,"color":"#f68b1e","rank":2},"geometry":{"type":"Point","coordinates":[139.7611,36.2579]}},{"type":"Feature","properties":{"kind":"station","id":"manazuru","name":"Manazuru","name_local":"真鶴","lines":"JT","hub":false,"color":"#ffa500","rank":2},"geometry":{"type":"Point","coordinates":[139.1322,35.157]}},{"type":"Feature","properties":{"kind":"station","id":"manganji-2","name":"Manganji","name_local":"万願寺","lines":"TT","hub":false,"color":"#22625e","rank":1},"geometry":{"type":"Point","coordinates":[139.4201,35.6712]}},{"type":"Feature","properties":{"kind":"station","id":"matsubara","name":"Matsubara","name_local":"松原","lines":"SG","hub":false,"color":"#fcc70d","rank":1},"geometry":{"type":"Point","coordinates":[139.642,35.6602]}},{"type":"Feature","properties":{"kind":"station","id":"matsudo","name":"Matsudo","name_local":"松戸","lines":"JJ,JL","hub":true,"color":null,"rank":1},"geometry":{"type":"Point","coordinates":[139.9007,35.7845]}},{"type":"Feature","properties":{"kind":"station","id":"matsugaya","name":"Matsugaya","name_local":"松が谷","lines":"TT","hub":false,"color":"#22625e","rank":1},"geometry":{"type":"Point","coordinates":[139.4221,35.6318]}},{"type":"Feature","properties":{"kind":"station","id":"meguro","name":"Meguro","name_local":"目黒","lines":"I,JY,MG,N","hub":true,"color":null,"rank":1},"geometry":{"type":"Point","coordinates":[139.7157,35.6339]}},{"type":"Feature","properties":{"kind":"station","id":"meiji-jingumae-harajuku","name":"Meiji-jingumae 'Harajuku'","name_local":"明治神宮前〈原宿〉","lines":"F","hub":false,"color":"#9c5e31","rank":1},"geometry":{"type":"Point","coordinates":[139.7054,35.6684]}},{"type":"Feature","properties":{"kind":"station","id":"mejiro","name":"Mejiro","name_local":"目白","lines":"JY","hub":false,"color":"#b1cb39","rank":1},"geometry":{"type":"Point","coordinates":[139.7064,35.7212]}},{"type":"Feature","properties":{"kind":"station","id":"midoridai","name":"Midoridai","name_local":"みどり台","lines":"KS","hub":false,"color":"#0000cd","rank":1},"geometry":{"type":"Point","coordinates":[140.0975,35.625]}},{"type":"Feature","properties":{"kind":"station","id":"midorigaoka","name":"Midorigaoka","name_local":"緑が丘","lines":"OM","hub":false,"color":"#f18c43","rank":1},"geometry":{"type":"Point","coordinates":[139.679,35.6065]}},{"type":"Feature","properties":{"kind":"station","id":"midorino","name":"Midorino","name_local":"みどりの","lines":"TX","hub":false,"color":"#000084","rank":1},"geometry":{"type":"Point","coordinates":[140.0562,36.0299]}},{"type":"Feature","properties":{"kind":"station","id":"mikawashima","name":"Mikawashima","name_local":"三河島","lines":"JJ","hub":false,"color":"#3cb371","rank":1},"geometry":{"type":"Point","coordinates":[139.7775,35.7333]}},{"type":"Feature","properties":{"kind":"station","id":"mimomi","name":"Mimomi","name_local":"実籾","lines":"KS","hub":false,"color":"#005aaa","rank":1},"geometry":{"type":"Point","coordinates":[140.0684,35.6869]}},{"type":"Feature","properties":{"kind":"station","id":"minami-asagaya","name":"Minami-asagaya","name_local":"南阿佐ケ谷","lines":"M","hub":false,"color":"#f62e36","rank":1},"geometry":{"type":"Point","coordinates":[139.6357,35.6994]}},{"type":"Feature","properties":{"kind":"station","id":"minami-gyotoku","name":"Minami-gyotoku","name_local":"南行徳","lines":"T","hub":false,"color":"#009bbf","rank":1},"geometry":{"type":"Point","coordinates":[139.9023,35.6727]}},{"type":"Feature","properties":{"kind":"station","id":"minami-kashiwa","name":"Minami-Kashiwa","name_local":"南柏","lines":"JL","hub":false,"color":"#939598","rank":2},"geometry":{"type":"Point","coordinates":[139.9541,35.8446]}},{"type":"Feature","properties":{"kind":"station","id":"minami-koshigaya","name":"Minami-Koshigaya","name_local":"南越谷","lines":"JM","hub":false,"color":"#ff4500","rank":2},"geometry":{"type":"Point","coordinates":[139.7909,35.876]}},{"type":"Feature","properties":{"kind":"station","id":"minami-machida-grandberry-park","name":"Minami-machida Grandberry Park","name_local":"南町田グランベリーパーク","lines":"DT","hub":false,"color":"#20a288","rank":1},"geometry":{"type":"Point","coordinates":[139.4705,35.5115]}},{"type":"Feature","properties":{"kind":"station","id":"minami-nagareyama","name":"Minami-Nagareyama","name_local":"南流山","lines":"JM,TX","hub":true,"color":null,"rank":1},"geometry":{"type":"Point","coordinates":[139.9031,35.8384]}},{"type":"Feature","properties":{"kind":"station","id":"minami-otsuka","name":"Minami-Otsuka","name_local":"南大塚","lines":"SS","hub":false,"color":"#00a6bf","rank":1},"geometry":{"type":"Point","coordinates":[139.4544,35.8899]}},{"type":"Feature","properties":{"kind":"station","id":"minami-sunamachi","name":"Minami-sunamachi","name_local":"南砂町","lines":"T","hub":false,"color":"#009bbf","rank":1},"geometry":{"type":"Point","coordinates":[139.8319,35.6684]}},{"type":"Feature","properties":{"kind":"station","id":"minami-tama","name":"Minami-Tama","name_local":"南多摩","lines":"JN","hub":false,"color":"#ffff00","rank":1},"geometry":{"type":"Point","coordinates":[139.4899,35.6492]}},{"type":"Feature","properties":{"kind":"station","id":"minami-urawa","name":"Minami-Urawa","name_local":"南浦和","lines":"JK,JM","hub":true,"color":null,"rank":1},"geometry":{"type":"Point","coordinates":[139.6692,35.8477]}},{"type":"Feature","properties":{"kind":"station","id":"minami-yorii","name":"Minami-Yorii","name_local":"みなみ寄居","lines":"TJ","hub":false,"color":"#004da3","rank":1},"geometry":{"type":"Point","coordinates":[139.2365,36.0913]}},{"type":"Feature","properties":{"kind":"station","id":"minamidaira","name":"Minamidaira","name_local":"南平","lines":"KO","hub":false,"color":"#e50b84","rank":1},"geometry":{"type":"Point","coordinates":[139.3923,35.655]}},{"type":"Feature","properties":{"kind":"station","id":"minamifunabashi","name":"Minami-Funabashi","name_local":"南船橋","lines":"JE","hub":false,"color":"#dc143c","rank":1},"geometry":{"type":"Point","coordinates":[139.993,35.682]}},{"type":"Feature","properties":{"kind":"station","id":"minamiota","name":"Minamiota","name_local":"南太田","lines":"KK","hub":false,"color":"#3366ff","rank":1},"geometry":{"type":"Point","coordinates":[139.6132,35.4369]}},{"type":"Feature","properties":{"kind":"station","id":"minamisenju","name":"Minami-Senju","name_local":"南千住","lines":"H,JJ,TX","hub":true,"color":null,"rank":1},"geometry":{"type":"Point","coordinates":[139.7986,35.7333]}},{"type":"Feature","properties":{"kind":"station","id":"minamishinjuku","name":"Yoyogi","name_local":"代々木","lines":"E,JB,JY,OH","hub":true,"color":null,"rank":1},"geometry":{"type":"Point","coordinates":[139.6994,35.6839]}},{"type":"Feature","properties":{"kind":"station","id":"minatomirai","name":"Minatomirai","name_local":"みなとみらい","lines":"MM","hub":false,"color":"#c61094","rank":1},"geometry":{"type":"Point","coordinates":[139.633,35.4573]}},{"type":"Feature","properties":{"kind":"station","id":"minowa","name":"Minowa","name_local":"三ノ輪","lines":"H","hub":false,"color":"#b5b5ac","rank":1},"geometry":{"type":"Point","coordinates":[139.7913,35.7296]}},{"type":"Feature","properties":{"kind":"station","id":"minumadai-shinsuikoen","name":"Minumadai-shinsuikoen","name_local":"見沼代親水公園","lines":"NT","hub":false,"color":"#ff69b4","rank":1},"geometry":{"type":"Point","coordinates":[139.7707,35.8145]}},{"type":"Feature","properties":{"kind":"station","id":"miraidaira","name":"Miraidaira","name_local":"みらい平","lines":"TX","hub":false,"color":"#000084","rank":1},"geometry":{"type":"Point","coordinates":[140.0382,35.9944]}},{"type":"Feature","properties":{"kind":"station","id":"misato","name":"Misato","name_local":"三郷","lines":"JM","hub":false,"color":"#ff4500","rank":2},"geometry":{"type":"Point","coordinates":[139.8867,35.8449]}},{"type":"Feature","properties":{"kind":"station","id":"misato-chuo","name":"Misato-chuo","name_local":"三郷中央","lines":"TX","hub":false,"color":"#000084","rank":1},"geometry":{"type":"Point","coordinates":[139.8784,35.8245]}},{"type":"Feature","properties":{"kind":"station","id":"mita","name":"Mita","name_local":"三田","lines":"I","hub":false,"color":"#0079c2","rank":1},"geometry":{"type":"Point","coordinates":[139.7486,35.6481]}},{"type":"Feature","properties":{"kind":"station","id":"mitaka","name":"Mitaka","name_local":"三鷹","lines":"JB,JC","hub":true,"color":null,"rank":1},"geometry":{"type":"Point","coordinates":[139.5603,35.7027]}},{"type":"Feature","properties":{"kind":"station","id":"mitakadai","name":"Mitakadai","name_local":"三鷹台","lines":"IN","hub":false,"color":"#083476","rank":1},"geometry":{"type":"Point","coordinates":[139.5891,35.6922]}},{"type":"Feature","properties":{"kind":"station","id":"mitake","name":"Mitake","name_local":"御嶽","lines":"JC","hub":false,"color":"#fe642e","rank":1},"geometry":{"type":"Point","coordinates":[139.1819,35.8014]}},{"type":"Feature","properties":{"kind":"station","id":"mitsukoshimae","name":"Mitsukoshimae","name_local":"三越前","lines":"G,Z","hub":true,"color":null,"rank":1},"geometry":{"type":"Point","coordinates":[139.7737,35.6871]}},{"type":"Feature","properties":{"kind":"station","id":"mitsukyo","name":"Mitsukyo","name_local":"三ツ境","lines":"SO","hub":false,"color":"#0c1e56","rank":1},"geometry":{"type":"Point","coordinates":[139.5022,35.4679]}},{"type":"Feature","properties":{"kind":"station","id":"mitsuzawa-kamicho","name":"Mitsuzawa-kamicho","name_local":"三ツ沢上町","lines":"B","hub":false,"color":"#005ba5","rank":1},"geometry":{"type":"Point","coordinates":[139.6057,35.4764]}},{"type":"Feature","properties":{"kind":"station","id":"mitsuzawa-shimocho","name":"Mitsuzawa-shimocho","name_local":"三ツ沢下町","lines":"B","hub":false,"color":"#005ba5","rank":1},"geometry":{"type":"Point","coordinates":[139.6161,35.4765]}},{"type":"Feature","properties":{"kind":"station","id":"miyamaedaira","name":"Miyamaedaira","name_local":"宮前平","lines":"DT","hub":false,"color":"#20a288","rank":1},"geometry":{"type":"Point","coordinates":[139.5823,35.585]}},{"type":"Feature","properties":{"kind":"station","id":"miyanohira","name":"Miyanohira","name_local":"宮ノ平","lines":"JC","hub":false,"color":"#fe642e","rank":1},"geometry":{"type":"Point","coordinates":[139.237,35.7875]}},{"type":"Feature","properties":{"kind":"station","id":"miyanosaka","name":"Miyanosaka","name_local":"宮の坂","lines":"SG","hub":false,"color":"#fcc70d","rank":1},"geometry":{"type":"Point","coordinates":[139.645,35.6479]}},{"type":"Feature","properties":{"kind":"station","id":"miyazakidai","name":"Miyazakidai","name_local":"宮崎台","lines":"DT","hub":false,"color":"#20a288","rank":1},"geometry":{"type":"Point","coordinates":[139.591,35.5872]}},{"type":"Feature","properties":{"kind":"station","id":"mizonokuchi","name":"Mizonokuchi","name_local":"溝の口","lines":"DT,OM","hub":true,"color":null,"rank":1},"geometry":{"type":"Point","coordinates":[139.6104,35.6]}},{"type":"Feature","properties":{"kind":"station","id":"mizue","name":"Mizue","name_local":"瑞江","lines":"S","hub":false,"color":"#6cbb5a","rank":1},"geometry":{"type":"Point","coordinates":[139.8977,35.6932]}},{"type":"Feature","properties":{"kind":"station","id":"mizuhodai","name":"Mizuhodai","name_local":"みずほ台","lines":"TJ","hub":false,"color":"#004da3","rank":1},"geometry":{"type":"Point","coordinates":[139.5509,35.8383]}},{"type":"Feature","properties":{"kind":"station","id":"monorail-hamamatsucho","name":"Monorail Hamamatsucho","name_local":"モノレール浜松町","lines":"MO","hub":false,"color":"#003685","rank":1},"geometry":{"type":"Point","coordinates":[139.7568,35.6556]}},{"type":"Feature","properties":{"kind":"station","id":"monzennakacho","name":"Monzen-nakacho","name_local":"門前仲町","lines":"E,T","hub":true,"color":null,"rank":1},"geometry":{"type":"Point","coordinates":[139.7967,35.6714]}},{"type":"Feature","properties":{"kind":"station","id":"morikaigan","name":"Ōmorikaigan","name_local":"大森海岸","lines":"KK","hub":false,"color":"#3366ff","rank":1},"geometry":{"type":"Point","coordinates":[139.7354,35.5877]}},{"type":"Feature","properties":{"kind":"station","id":"morishita","name":"Morishita","name_local":"森下","lines":"E,S","hub":true,"color":null,"rank":1},"geometry":{"type":"Point","coordinates":[139.7965,35.69]}},{"type":"Feature","properties":{"kind":"station","id":"moriya","name":"Moriya","name_local":"守谷","lines":"TX","hub":false,"color":"#000084","rank":1},"geometry":{"type":"Point","coordinates":[139.9919,35.95]}},{"type":"Feature","properties":{"kind":"station","id":"moto-yawata","name":"Moto-Yawata","name_local":"本八幡","lines":"JB","hub":false,"color":"#ffd700","rank":1},"geometry":{"type":"Point","coordinates":[139.9272,35.7209]}},{"type":"Feature","properties":{"kind":"station","id":"motohasunuma","name":"Motohasunuma","name_local":"本蓮沼","lines":"I","hub":false,"color":"#0079c2","rank":1},"geometry":{"type":"Point","coordinates":[139.7024,35.7685]}},{"type":"Feature","properties":{"kind":"station","id":"motokaji","name":"Motokaji","name_local":"元加治","lines":"SI","hub":false,"color":"#ed772d","rank":1},"geometry":{"type":"Point","coordinates":[139.3456,35.8404]}},{"type":"Feature","properties":{"kind":"station","id":"motomachi-chukagai","name":"Motomachi-chukagai","name_local":"元町・中華街","lines":"MM","hub":false,"color":"#c61094","rank":1},"geometry":{"type":"Point","coordinates":[139.6509,35.4421]}},{"type":"Feature","properties":{"kind":"station","id":"motosumiyoshi","name":"Motosumiyoshi","name_local":"元住吉","lines":"MG,TY","hub":true,"color":null,"rank":1},"geometry":{"type":"Point","coordinates":[139.654,35.5645]}},{"type":"Feature","properties":{"kind":"station","id":"motoyawata","name":"Motoyawata","name_local":"本八幡","lines":"S","hub":false,"color":"#6cbb5a","rank":1},"geometry":{"type":"Point","coordinates":[139.9271,35.7237]}},{"type":"Feature","properties":{"kind":"station","id":"mukaigawara","name":"Mukaigawara","name_local":"向河原","lines":"JN","hub":false,"color":"#ffff00","rank":1},"geometry":{"type":"Point","coordinates":[139.6673,35.5725]}},{"type":"Feature","properties":{"kind":"station","id":"mukogaoka-yuen","name":"Mukogaoka-Yuen","name_local":"向ヶ丘遊園","lines":"OH","hub":false,"color":"#0d82c7","rank":1},"geometry":{"type":"Point","coordinates":[139.5646,35.6172]}},{"type":"Feature","properties":{"kind":"station","id":"musashi-fujisawa","name":"Musashi-Fujisawa","name_local":"武蔵藤沢","lines":"SI","hub":false,"color":"#ed772d","rank":1},"geometry":{"type":"Point","coordinates":[139.4126,35.8212]}},{"type":"Feature","properties":{"kind":"station","id":"musashi-koganei","name":"Musashi-Koganei","name_local":"武蔵小金井","lines":"JC","hub":false,"color":"#f15620","rank":1},"geometry":{"type":"Point","coordinates":[139.5068,35.7012]}},{"type":"Feature","properties":{"kind":"station","id":"musashi-kosugi","name":"Musashi-kosugi","name_local":"武蔵小杉","lines":"JN,JO,MG,TY","hub":true,"color":null,"rank":1},"geometry":{"type":"Point","coordinates":[139.6596,35.5758]}},{"type":"Feature","properties":{"kind":"station","id":"musashi-koyama","name":"Musashi-koyama","name_local":"武蔵小山","lines":"MG","hub":false,"color":"#009cd2","rank":1},"geometry":{"type":"Point","coordinates":[139.7046,35.6206]}},{"type":"Feature","properties":{"kind":"station","id":"musashi-mizonokuchi","name":"Musashi-Mizonokuchi","name_local":"武蔵溝ノ口","lines":"JN","hub":false,"color":"#ffff00","rank":1},"geometry":{"type":"Point","coordinates":[139.6111,35.5989]}},{"type":"Feature","properties":{"kind":"station","id":"musashi-nakahara","name":"Musashi-Nakahara","name_local":"武蔵中原","lines":"JN","hub":false,"color":"#ffff00","rank":1},"geometry":{"type":"Point","coordinates":[139.6417,35.5808]}},{"type":"Feature","properties":{"kind":"station","id":"musashi-nitta","name":"Musashi-nitta","name_local":"武蔵新田","lines":"TM","hub":false,"color":"#ae0378","rank":1},"geometry":{"type":"Point","coordinates":[139.6925,35.5679]}},{"type":"Feature","properties":{"kind":"station","id":"musashi-ranzan","name":"Musashi-ranzan","name_local":"武蔵嵐山","lines":"TJ","hub":false,"color":"#004da3","rank":1},"geometry":{"type":"Point","coordinates":[139.3277,36.0445]}},{"type":"Feature","properties":{"kind":"station","id":"musashi-sakai","name":"Musashi-Sakai","name_local":"武蔵境","lines":"JC,SW","hub":true,"color":null,"rank":1},"geometry":{"type":"Point","coordinates":[139.5441,35.7021]}},{"type":"Feature","properties":{"kind":"station","id":"musashi-seki","name":"Musashi-Seki","name_local":"武蔵関","lines":"SS","hub":false,"color":"#00a6bf","rank":1},"geometry":{"type":"Point","coordinates":[139.5764,35.7277]}},{"type":"Feature","properties":{"kind":"station","id":"musashi-shinjo","name":"Musashi-Shinjo","name_local":"武蔵新城","lines":"JN","hub":false,"color":"#ffff00","rank":1},"geometry":{"type":"Point","coordinates":[139.6298,35.5871]}},{"type":"Feature","properties":{"kind":"station","id":"musashi-urawa","name":"Musashi-Urawa","name_local":"武蔵浦和","lines":"JA,JM","hub":true,"color":null,"rank":1},"geometry":{"type":"Point","coordinates":[139.647,35.8456]}},{"type":"Feature","properties":{"kind":"station","id":"musashinodai","name":"Musashinodai","name_local":"武蔵野台","lines":"KO","hub":false,"color":"#e50b84","rank":1},"geometry":{"type":"Point","coordinates":[139.5111,35.6642]}},{"type":"Feature","properties":{"kind":"station","id":"myoden","name":"Myoden","name_local":"妙典","lines":"T","hub":false,"color":"#009bbf","rank":1},"geometry":{"type":"Point","coordinates":[139.9243,35.6912]}},{"type":"Feature","properties":{"kind":"station","id":"myogadani","name":"Myogadani","name_local":"茗荷谷","lines":"M","hub":false,"color":"#f62e36","rank":1},"geometry":{"type":"Point","coordinates":[139.7369,35.7172]}},{"type":"Feature","properties":{"kind":"station","id":"myorenji","name":"Myorenji","name_local":"妙蓮寺","lines":"TY","hub":false,"color":"#da0442","rank":1},"geometry":{"type":"Point","coordinates":[139.6332,35.4986]}},{"type":"Feature","properties":{"kind":"station","id":"nagahara","name":"Nagahara","name_local":"長原","lines":"IK","hub":false,"color":"#ee86a7","rank":1},"geometry":{"type":"Point","coordinates":[139.6979,35.6023]}},{"type":"Feature","properties":{"kind":"station","id":"naganuma","name":"Naganuma","name_local":"長沼","lines":"KO","hub":false,"color":"#e50b84","rank":1},"geometry":{"type":"Point","coordinates":[139.366,35.6428]}},{"type":"Feature","properties":{"kind":"station","id":"nagareyama-centralpark","name":"Nagareyama-centralpark","name_local":"流山セントラルパーク","lines":"TX","hub":false,"color":"#000084","rank":1},"geometry":{"type":"Point","coordinates":[139.9153,35.8546]}},{"type":"Feature","properties":{"kind":"station","id":"nagareyama-otakanomori","name":"Nagareyama-otakanomori","name_local":"流山おおたかの森","lines":"TX","hub":false,"color":"#000084","rank":1},"geometry":{"type":"Point","coordinates":[139.9251,35.8718]}},{"type":"Feature","properties":{"kind":"station","id":"nagatacho","name":"Nagatacho","name_local":"永田町","lines":"N,Y,Z","hub":true,"color":null,"rank":1},"geometry":{"type":"Point","coordinates":[139.7416,35.678]}},{"type":"Feature","properties":{"kind":"station","id":"nagatsuta","name":"Nagatsuta","name_local":"長津田","lines":"DT,JH","hub":true,"color":null,"rank":1},"geometry":{"type":"Point","coordinates":[139.4937,35.5319]}},{"type":"Feature","properties":{"kind":"station","id":"naka-itabashi","name":"Naka-itabashi","name_local":"中板橋","lines":"TJ","hub":false,"color":"#004da3","rank":1},"geometry":{"type":"Point","coordinates":[139.6942,35.7564]}},{"type":"Feature","properties":{"kind":"station","id":"naka-meguro","name":"Naka-meguro","name_local":"中目黒","lines":"H,TY","hub":true,"color":null,"rank":1},"geometry":{"type":"Point","coordinates":[139.6988,35.6441]}},{"type":"Feature","properties":{"kind":"station","id":"naka-urawa","name":"Naka-Urawa","name_local":"中浦和","lines":"JA","hub":false,"color":"#00ac9a","rank":1},"geometry":{"type":"Point","coordinates":[139.6378,35.8536]}},{"type":"Feature","properties":{"kind":"station","id":"nakada","name":"Nakada","name_local":"中田","lines":"B","hub":false,"color":"#005ba5","rank":1},"geometry":{"type":"Point","coordinates":[139.5112,35.4112]}},{"type":"Feature","properties":{"kind":"station","id":"nakagami","name":"Nakagami","name_local":"中神","lines":"JC","hub":false,"color":"#fe642e","rank":1},"geometry":{"type":"Point","coordinates":[139.3755,35.7091]}},{"type":"Feature","properties":{"kind":"station","id":"nakagawa","name":"Nakagawa","name_local":"中川","lines":"B","hub":false,"color":"#005ba5","rank":1},"geometry":{"type":"Point","coordinates":[139.5699,35.5629]}},{"type":"Feature","properties":{"kind":"station","id":"nakagawara","name":"Nakagawara","name_local":"中河原","lines":"KO","hub":false,"color":"#e50b84","rank":1},"geometry":{"type":"Point","coordinates":[139.4579,35.6596]}},{"type":"Feature","properties":{"kind":"station","id":"nakai","name":"Nakai","name_local":"中井","lines":"E,SS","hub":true,"color":null,"rank":1},"geometry":{"type":"Point","coordinates":[139.6863,35.7151]}},{"type":"Feature","properties":{"kind":"station","id":"nakamachidai","name":"Nakamachidai","name_local":"仲町台","lines":"B","hub":false,"color":"#005ba5","rank":1},"geometry":{"type":"Point","coordinates":[139.5895,35.5353]}},{"type":"Feature","properties":{"kind":"station","id":"nakamurabashi","name":"Nakamurabashi","name_local":"中村橋","lines":"SI","hub":false,"color":"#ed772d","rank":1},"geometry":{"type":"Point","coordinates":[139.6378,35.7368]}},{"type":"Feature","properties":{"kind":"station","id":"nakano","name":"Nakano","name_local":"中野","lines":"JB,JC,T","hub":true,"color":null,"rank":1},"geometry":{"type":"Point","coordinates":[139.6659,35.7056]}},{"type":"Feature","properties":{"kind":"station","id":"nakano-sakaue","name":"Nakano-sakaue","name_local":"中野坂上","lines":"E,M","hub":true,"color":null,"rank":1},"geometry":{"type":"Point","coordinates":[139.6819,35.6972]}},{"type":"Feature","properties":{"kind":"station","id":"nakanobu","name":"Nakanobu","name_local":"中延","lines":"A,OM","hub":true,"color":null,"rank":1},"geometry":{"type":"Point","coordinates":[139.7128,35.6058]}},{"type":"Feature","properties":{"kind":"station","id":"nakanoshima","name":"Nakanoshima","name_local":"中野島","lines":"JN","hub":false,"color":"#ffff00","rank":1},"geometry":{"type":"Point","coordinates":[139.5507,35.6301]}},{"type":"Feature","properties":{"kind":"station","id":"nakayama","name":"Nakayama","name_local":"中山","lines":"JH","hub":false,"color":"#9acd32","rank":1},"geometry":{"type":"Point","coordinates":[139.5395,35.5146]}},{"type":"Feature","properties":{"kind":"station","id":"namamugi","name":"Namamugi","name_local":"生麦","lines":"KK","hub":false,"color":"#3366ff","rank":1},"geometry":{"type":"Point","coordinates":[139.6674,35.4958]}},{"type":"Feature","properties":{"kind":"station","id":"narimasu-2","name":"Narimasu","name_local":"成増","lines":"TJ","hub":false,"color":"#004da3","rank":1},"geometry":{"type":"Point","coordinates":[139.6329,35.7776]}},{"type":"Feature","properties":{"kind":"station","id":"narita-airport-terminal-1","name":"Narita Airport Terminal 1","name_local":"成田空港","lines":"KS","hub":false,"color":"#005aaa","rank":1},"geometry":{"type":"Point","coordinates":[140.3858,35.7654]}},{"type":"Feature","properties":{"kind":"station","id":"narita-airport-terminal-2-3","name":"Narita Airport Terminal 2·3","name_local":"空港第2ビル","lines":"KS","hub":false,"color":"#005aaa","rank":1},"geometry":{"type":"Point","coordinates":[140.3872,35.7733]}},{"type":"Feature","properties":{"kind":"station","id":"naruse","name":"Naruse","name_local":"成瀬","lines":"JH","hub":false,"color":"#9acd32","rank":1},"geometry":{"type":"Point","coordinates":[139.4728,35.5353]}},{"type":"Feature","properties":{"kind":"station","id":"nasushiobara","name":"Nasushiobara","name_local":"那須塩原","lines":"JU","hub":false,"color":"#f68b1e","rank":2},"geometry":{"type":"Point","coordinates":[140.0209,36.9316]}},{"type":"Feature","properties":{"kind":"station","id":"nebukawa","name":"Nebukawa","name_local":"根府川","lines":"JT","hub":false,"color":"#ffa500","rank":2},"geometry":{"type":"Point","coordinates":[139.1387,35.2027]}},{"type":"Feature","properties":{"kind":"station","id":"nerima","name":"Nerima","name_local":"練馬","lines":"E,SI","hub":true,"color":null,"rank":1},"geometry":{"type":"Point","coordinates":[139.6545,35.7374]}},{"type":"Feature","properties":{"kind":"station","id":"nerima-kasugacho","name":"Nerima-kasugacho","name_local":"練馬春日町","lines":"E","hub":false,"color":"#b6007a","rank":1},"geometry":{"type":"Point","coordinates":[139.6404,35.7514]}},{"type":"Feature","properties":{"kind":"station","id":"nerima-takanodai","name":"Nerima-Takanodai","name_local":"練馬高野台","lines":"SI","hub":false,"color":"#ed772d","rank":1},"geometry":{"type":"Point","coordinates":[139.6163,35.7409]}},{"type":"Feature","properties":{"kind":"station","id":"nezu","name":"Nezu","name_local":"根津","lines":"C","hub":false,"color":"#00bb85","rank":1},"geometry":{"type":"Point","coordinates":[139.7657,35.7174]}},{"type":"Feature","properties":{"kind":"station","id":"nihon-odori","name":"Nihon-odori","name_local":"日本大通り","lines":"MM","hub":false,"color":"#c61094","rank":1},"geometry":{"type":"Point","coordinates":[139.6427,35.4468]}},{"type":"Feature","properties":{"kind":"station","id":"nihonbashi","name":"Nihombashi","name_local":"日本橋","lines":"A,G,T","hub":true,"color":null,"rank":1},"geometry":{"type":"Point","coordinates":[139.7745,35.6822]}},{"type":"Feature","properties":{"kind":"station","id":"niiza","name":"Niiza","name_local":"新座","lines":"JM","hub":false,"color":"#ff4500","rank":2},"geometry":{"type":"Point","coordinates":[139.5562,35.8037]}},{"type":"Feature","properties":{"kind":"station","id":"nijubashimae-marunouchi","name":"Nijubashimae 'Marunouchi'","name_local":"二重橋前〈丸の内〉","lines":"C","hub":false,"color":"#00bb85","rank":1},"geometry":{"type":"Point","coordinates":[139.7616,35.6803]}},{"type":"Feature","properties":{"kind":"station","id":"ningy-ch","name":"Ningyōchō","name_local":"人形町","lines":"A","hub":false,"color":"#e85298","rank":1},"geometry":{"type":"Point","coordinates":[139.7822,35.6863]}},{"type":"Feature","properties":{"kind":"station","id":"ningyocho","name":"Ningyocho","name_local":"人形町","lines":"H","hub":false,"color":"#b5b5ac","rank":1},"geometry":{"type":"Point","coordinates":[139.7824,35.6862]}},{"type":"Feature","properties":{"kind":"station","id":"ninomiya","name":"Ninomiya","name_local":"二宮","lines":"JT","hub":false,"color":"#ffa500","rank":2},"geometry":{"type":"Point","coordinates":[139.2576,35.2988]}},{"type":"Feature","properties":{"kind":"station","id":"nippa","name":"Nippa","name_local":"新羽","lines":"B","hub":false,"color":"#005ba5","rank":1},"geometry":{"type":"Point","coordinates":[139.6121,35.5275]}},{"type":"Feature","properties":{"kind":"station","id":"nippori","name":"Nippori","name_local":"日暮里","lines":"JJ,JK,JY,KS,NT","hub":true,"color":null,"rank":1},"geometry":{"type":"Point","coordinates":[139.7704,35.728]}},{"type":"Feature","properties":{"kind":"station","id":"nishi-chiba","name":"Nishi-Chiba","name_local":"西千葉","lines":"JB","hub":false,"color":"#ffd700","rank":1},"geometry":{"type":"Point","coordinates":[140.1031,35.6227]}},{"type":"Feature","properties":{"kind":"station","id":"nishi-eifuku","name":"Nishi-eifuku","name_local":"西永福","lines":"IN","hub":false,"color":"#083476","rank":1},"geometry":{"type":"Point","coordinates":[139.6353,35.6788]}},{"type":"Feature","properties":{"kind":"station","id":"nishi-funabashi","name":"Nishi-Funabashi","name_local":"西船橋","lines":"JB,JM,T","hub":true,"color":null,"rank":1},"geometry":{"type":"Point","coordinates":[139.9595,35.7072]}},{"type":"Feature","properties":{"kind":"station","id":"nishi-hachioji","name":"Nishi-Hachioji","name_local":"西八王子","lines":"JC","hub":false,"color":"#f15620","rank":1},"geometry":{"type":"Point","coordinates":[139.3124,35.6565]}},{"type":"Feature","properties":{"kind":"station","id":"nishi-kasai","name":"Nishi-kasai","name_local":"西葛西","lines":"T","hub":false,"color":"#009bbf","rank":1},"geometry":{"type":"Point","coordinates":[139.8593,35.6646]}},{"type":"Feature","properties":{"kind":"station","id":"nishi-kawaguchi","name":"Nishi-Kawaguchi","name_local":"西川口","lines":"JK","hub":false,"color":"#00b2e5","rank":1},"geometry":{"type":"Point","coordinates":[139.7045,35.8156]}},{"type":"Feature","properties":{"kind":"station","id":"nishi-kokubunji","name":"Nishi-Kokubunji","name_local":"西国分寺","lines":"JC,JM","hub":true,"color":null,"rank":1},"geometry":{"type":"Point","coordinates":[139.4657,35.6998]}},{"type":"Feature","properties":{"kind":"station","id":"nishi-koyama","name":"Nishi-koyama","name_local":"西小山","lines":"MG","hub":false,"color":"#009cd2","rank":1},"geometry":{"type":"Point","coordinates":[139.6987,35.6155]}},{"type":"Feature","properties":{"kind":"station","id":"nishi-kunitachi","name":"Nishi-Kunitachi","name_local":"西国立","lines":"JN","hub":false,"color":"#ffff00","rank":1},"geometry":{"type":"Point","coordinates":[139.424,35.6935]}},{"type":"Feature","properties":{"kind":"station","id":"nishi-magome","name":"Nishi-magome","name_local":"西馬込","lines":"A","hub":false,"color":"#e85298","rank":1},"geometry":{"type":"Point","coordinates":[139.7063,35.5873]}},{"type":"Feature","properties":{"kind":"station","id":"nishi-nasuno","name":"Nishi-Nasuno","name_local":"西那須野","lines":"JU","hub":false,"color":"#f68b1e","rank":2},"geometry":{"type":"Point","coordinates":[139.9866,36.8843]}},{"type":"Feature","properties":{"kind":"station","id":"nishi-nobuto","name":"Nishi-Nobuto","name_local":"西登戸","lines":"KS","hub":false,"color":"#0000cd","rank":1},"geometry":{"type":"Point","coordinates":[140.1029,35.6175]}},{"type":"Feature","properties":{"kind":"station","id":"nishi-oi","name":"Nishi-Oi","name_local":"西大井","lines":"JO","hub":false,"color":"#000080","rank":2},"geometry":{"type":"Point","coordinates":[139.7216,35.6019]}},{"type":"Feature","properties":{"kind":"station","id":"nishi-ojima","name":"Nishi-ojima","name_local":"西大島","lines":"S","hub":false,"color":"#6cbb5a","rank":1},"geometry":{"type":"Point","coordinates":[139.8266,35.6893]}},{"type":"Feature","properties":{"kind":"station","id":"nishi-shinjuku","name":"Nishi-shinjuku","name_local":"西新宿","lines":"M","hub":false,"color":"#f62e36","rank":1},"geometry":{"type":"Point","coordinates":[139.6928,35.6944]}},{"type":"Feature","properties":{"kind":"station","id":"nishi-shinjuku-gochome","name":"Nishi-shinjuku-gochome","name_local":"西新宿五丁目","lines":"E","hub":false,"color":"#b6007a","rank":1},"geometry":{"type":"Point","coordinates":[139.6848,35.69]}},{"type":"Feature","properties":{"kind":"station","id":"nishi-sugamo","name":"Nishi-sugamo","name_local":"西巣鴨","lines":"I","hub":false,"color":"#0079c2","rank":1},"geometry":{"type":"Point","coordinates":[139.7287,35.7435]}},{"type":"Feature","properties":{"kind":"station","id":"nishi-tachikawa","name":"Nishi-Tachikawa","name_local":"西立川","lines":"JC","hub":false,"color":"#fe642e","rank":1},"geometry":{"type":"Point","coordinates":[139.3936,35.7035]}},{"type":"Feature","properties":{"kind":"station","id":"nishi-taishido","name":"Nishi-taishido","name_local":"西太子堂","lines":"SG","hub":false,"color":"#fcc70d","rank":1},"geometry":{"type":"Point","coordinates":[139.6662,35.6446]}},{"type":"Feature","properties":{"kind":"station","id":"nishi-takashimadaira","name":"Nishi-takashimadaira","name_local":"西高島平","lines":"I","hub":false,"color":"#0079c2","rank":1},"geometry":{"type":"Point","coordinates":[139.6458,35.7919]}},{"type":"Feature","properties":{"kind":"station","id":"nishi-tokorozawa","name":"Nishi-Tokorozawa","name_local":"西所沢","lines":"SI","hub":false,"color":"#ed772d","rank":1},"geometry":{"type":"Point","coordinates":[139.4561,35.7891]}},{"type":"Feature","properties":{"kind":"station","id":"nishi-urawa","name":"Nishi-Urawa","name_local":"西浦和","lines":"JM","hub":false,"color":"#ff4500","rank":2},"geometry":{"type":"Point","coordinates":[139.628,35.8442]}},{"type":"Feature","properties":{"kind":"station","id":"nishi-waseda","name":"Nishi-waseda","name_local":"西早稲田","lines":"F","hub":false,"color":"#9c5e31","rank":1},"geometry":{"type":"Point","coordinates":[139.7091,35.7079]}},{"type":"Feature","properties":{"kind":"station","id":"nishi-yokohama","name":"Nishi-Yokohama","name_local":"西横浜","lines":"SO","hub":false,"color":"#0c1e56","rank":1},"geometry":{"type":"Point","coordinates":[139.6089,35.4534]}},{"type":"Feature","properties":{"kind":"station","id":"nishiarai","name":"Nishiarai","name_local":"西新井","lines":"TS","hub":false,"color":"#0f6cc3","rank":1},"geometry":{"type":"Point","coordinates":[139.7904,35.7773]}},{"type":"Feature","properties":{"kind":"station","id":"nishiaraidaishi-nishi","name":"Nishiaraidaishi-nishi","name_local":"西新井大師西","lines":"NT","hub":false,"color":"#ff69b4","rank":1},"geometry":{"type":"Point","coordinates":[139.77,35.7816]}},{"type":"Feature","properties":{"kind":"station","id":"nishidai-2","name":"Nishidai","name_local":"西台","lines":"I","hub":false,"color":"#0079c2","rank":1},"geometry":{"type":"Point","coordinates":[139.674,35.7869]}},{"type":"Feature","properties":{"kind":"station","id":"nishifu","name":"Nishifu","name_local":"西府","lines":"JN","hub":false,"color":"#ffff00","rank":1},"geometry":{"type":"Point","coordinates":[139.4574,35.6709]}},{"type":"Feature","properties":{"kind":"station","id":"nishigahara","name":"Nishigahara","name_local":"西ヶ原駅","lines":"N","hub":false,"color":"#00ac9b","rank":1},"geometry":{"type":"Point","coordinates":[139.7421,35.746]}},{"type":"Feature","properties":{"kind":"station","id":"nishinippori","name":"Nishi-Nippori","name_local":"西日暮里","lines":"C,JK,JY,NT","hub":true,"color":null,"rank":1},"geometry":{"type":"Point","coordinates":[139.7666,35.7325]}},{"type":"Feature","properties":{"kind":"station","id":"nishiogikubo","name":"Nishi-Ogikubo","name_local":"西荻窪","lines":"JB,JC","hub":true,"color":null,"rank":1},"geometry":{"type":"Point","coordinates":[139.5996,35.704]}},{"type":"Feature","properties":{"kind":"station","id":"nishitaishido","name":"Sangen-jaya","name_local":"三軒茶屋","lines":"SG","hub":false,"color":"#fcc70d","rank":1},"geometry":{"type":"Point","coordinates":[139.669,35.6438]}},{"type":"Feature","properties":{"kind":"station","id":"nishiya","name":"Nishiya","name_local":"西谷","lines":"SO","hub":false,"color":"#0c1e56","rank":1},"geometry":{"type":"Point","coordinates":[139.5655,35.4781]}},{"type":"Feature","properties":{"kind":"station","id":"noborito","name":"Noborito","name_local":"登戸","lines":"JN,OH","hub":true,"color":null,"rank":1},"geometry":{"type":"Point","coordinates":[139.5694,35.6209]}},{"type":"Feature","properties":{"kind":"station","id":"nogata","name":"Nogata","name_local":"野方","lines":"SS","hub":false,"color":"#00a6bf","rank":1},"geometry":{"type":"Point","coordinates":[139.6555,35.7205]}},{"type":"Feature","properties":{"kind":"station","id":"nogi","name":"Nogi","name_local":"野木","lines":"JU","hub":false,"color":"#f68b1e","rank":2},"geometry":{"type":"Point","coordinates":[139.7349,36.2302]}},{"type":"Feature","properties":{"kind":"station","id":"nogizaka","name":"Nogizaka","name_local":"乃木坂","lines":"C","hub":false,"color":"#00bb85","rank":1},"geometry":{"type":"Point","coordinates":[139.7267,35.6664]}},{"type":"Feature","properties":{"kind":"station","id":"nokendai","name":"Nokendai","name_local":"能見台","lines":"KK","hub":false,"color":"#3366ff","rank":1},"geometry":{"type":"Point","coordinates":[139.6294,35.3609]}},{"type":"Feature","properties":{"kind":"station","id":"numabe","name":"Numabe","name_local":"沼部","lines":"TM","hub":false,"color":"#ae0378","rank":1},"geometry":{"type":"Point","coordinates":[139.6731,35.5828]}},{"type":"Feature","properties":{"kind":"station","id":"numabukuro","name":"Numabukuro","name_local":"沼袋","lines":"SS","hub":false,"color":"#00a6bf","rank":1},"geometry":{"type":"Point","coordinates":[139.6647,35.7192]}},{"type":"Feature","properties":{"kind":"station","id":"obukuro","name":"Obukuro","name_local":"大袋","lines":"TS","hub":false,"color":"#0f6cc3","rank":1},"geometry":{"type":"Point","coordinates":[139.7779,35.9242]}},{"type":"Feature","properties":{"kind":"station","id":"obusuma","name":"Obusuma","name_local":"男衾","lines":"TJ","hub":false,"color":"#004da3","rank":1},"geometry":{"type":"Point","coordinates":[139.2342,36.1075]}},{"type":"Feature","properties":{"kind":"station","id":"ochanomizu","name":"Ochanomizu","name_local":"御茶ノ水","lines":"JB,JC,M","hub":true,"color":null,"rank":1},"geometry":{"type":"Point","coordinates":[139.7651,35.6997]}},{"type":"Feature","properties":{"kind":"station","id":"ochiai-2","name":"Ochiai","name_local":"落合","lines":"T","hub":false,"color":"#009bbf","rank":1},"geometry":{"type":"Point","coordinates":[139.6859,35.7107]}},{"type":"Feature","properties":{"kind":"station","id":"ochiai-minami-nagasaki","name":"Ochiai-minami-nagasaki","name_local":"落合南長崎","lines":"E","hub":false,"color":"#b6007a","rank":1},"geometry":{"type":"Point","coordinates":[139.6836,35.7233]}},{"type":"Feature","properties":{"kind":"station","id":"odakyu-sagamihara","name":"Odakyu-Sagamihara","name_local":"小田急相模原","lines":"OH","hub":false,"color":"#0d82c7","rank":1},"geometry":{"type":"Point","coordinates":[139.423,35.5155]}},{"type":"Feature","properties":{"kind":"station","id":"odoriba","name":"Odoriba","name_local":"踊場","lines":"B","hub":false,"color":"#005ba5","rank":1},"geometry":{"type":"Point","coordinates":[139.5185,35.4056]}},{"type":"Feature","properties":{"kind":"station","id":"ofuna","name":"Ofuna","name_local":"大船","lines":"JO,JT","hub":true,"color":null,"rank":2},"geometry":{"type":"Point","coordinates":[139.531,35.3544]}},{"type":"Feature","properties":{"kind":"station","id":"ogawamachi","name":"Ogawamachi","name_local":"小川町","lines":"TJ","hub":false,"color":"#004da3","rank":1},"geometry":{"type":"Point","coordinates":[139.2608,36.0587]}},{"type":"Feature","properties":{"kind":"station","id":"ogawamachi-2","name":"Ogawamachi","name_local":"小川町","lines":"S","hub":false,"color":"#6cbb5a","rank":1},"geometry":{"type":"Point","coordinates":[139.7663,35.6949]}},{"type":"Feature","properties":{"kind":"station","id":"ogi-ohashi","name":"Ogi-ohashi","name_local":"扇大橋","lines":"NT","hub":false,"color":"#ff69b4","rank":1},"geometry":{"type":"Point","coordinates":[139.7708,35.764]}},{"type":"Feature","properties":{"kind":"station","id":"ogikubo","name":"Ogikubo","name_local":"荻窪","lines":"JB,JC,M","hub":true,"color":null,"rank":1},"geometry":{"type":"Point","coordinates":[139.6202,35.7046]}},{"type":"Feature","properties":{"kind":"station","id":"oguchi","name":"Oguchi","name_local":"大口","lines":"JH","hub":false,"color":"#9acd32","rank":1},"geometry":{"type":"Point","coordinates":[139.6462,35.4924]}},{"type":"Feature","properties":{"kind":"station","id":"ohanajaya","name":"Ohanajaya","name_local":"お花茶屋","lines":"KS","hub":false,"color":"#0000cd","rank":1},"geometry":{"type":"Point","coordinates":[139.8401,35.7476]}},{"type":"Feature","properties":{"kind":"station","id":"oikeibajo-mae","name":"Oikeibajo-Mae","name_local":"大井競馬場前","lines":"MO","hub":false,"color":"#003685","rank":1},"geometry":{"type":"Point","coordinates":[139.7471,35.5951]}},{"type":"Feature","properties":{"kind":"station","id":"oimachi","name":"Oimachi","name_local":"大井町","lines":"JK,OM,R","hub":true,"color":null,"rank":1},"geometry":{"type":"Point","coordinates":[139.7349,35.6064]}},{"type":"Feature","properties":{"kind":"station","id":"oizumi-gakuen","name":"Oizumi-gakuen","name_local":"大泉学園","lines":"SI","hub":false,"color":"#ed772d","rank":1},"geometry":{"type":"Point","coordinates":[139.5866,35.7495]}},{"type":"Feature","properties":{"kind":"station","id":"oji","name":"Ōji","name_local":"王子","lines":"JK,N","hub":true,"color":null,"rank":1},"geometry":{"type":"Point","coordinates":[139.738,35.753]}},{"type":"Feature","properties":{"kind":"station","id":"oji-kamiya","name":"Oji-kamiya","name_local":"王子神谷","lines":"N","hub":false,"color":"#00ac9b","rank":1},"geometry":{"type":"Point","coordinates":[139.7357,35.765]}},{"type":"Feature","properties":{"kind":"station","id":"ojima","name":"Ojima","name_local":"大島","lines":"S","hub":false,"color":"#6cbb5a","rank":1},"geometry":{"type":"Point","coordinates":[139.8351,35.6897]}},{"type":"Feature","properties":{"kind":"station","id":"okachimachi","name":"Okachimachi","name_local":"御徒町","lines":"E,G,H,JK,JY","hub":true,"color":null,"rank":1},"geometry":{"type":"Point","coordinates":[139.7745,35.7077]}},{"type":"Feature","properties":{"kind":"station","id":"okamoto","name":"Okamoto","name_local":"岡本","lines":"JU","hub":false,"color":"#f68b1e","rank":2},"geometry":{"type":"Point","coordinates":[139.9443,36.5984]}},{"type":"Feature","properties":{"kind":"station","id":"oku","name":"Oku","name_local":"尾久","lines":"JU","hub":false,"color":"#f68b1e","rank":2},"geometry":{"type":"Point","coordinates":[139.7536,35.7469]}},{"type":"Feature","properties":{"kind":"station","id":"oku-tama","name":"Oku-Tama","name_local":"奥多摩","lines":"JC","hub":false,"color":"#fe642e","rank":1},"geometry":{"type":"Point","coordinates":[139.0968,35.8094]}},{"type":"Feature","properties":{"kind":"station","id":"okubo","name":"Okubo","name_local":"大久保","lines":"JB","hub":false,"color":"#ffd700","rank":1},"geometry":{"type":"Point","coordinates":[139.6973,35.7008]}},{"type":"Feature","properties":{"kind":"station","id":"okurayama","name":"Okurayama","name_local":"大倉山","lines":"TY","hub":false,"color":"#da0442","rank":1},"geometry":{"type":"Point","coordinates":[139.6299,35.5218]}},{"type":"Feature","properties":{"kind":"station","id":"okusawa","name":"Okusawa","name_local":"奥沢","lines":"MG","hub":false,"color":"#009cd2","rank":1},"geometry":{"type":"Point","coordinates":[139.6731,35.6042]}},{"type":"Feature","properties":{"kind":"station","id":"ome","name":"Ome","name_local":"青梅","lines":"JC","hub":false,"color":"#fe642e","rank":1},"geometry":{"type":"Point","coordinates":[139.2583,35.7904]}},{"type":"Feature","properties":{"kind":"station","id":"omiya","name":"Omiya","name_local":"大宮","lines":"JA,JK,JU","hub":true,"color":null,"rank":1},"geometry":{"type":"Point","coordinates":[139.6241,35.9063]}},{"type":"Feature","properties":{"kind":"station","id":"omori","name":"Omori","name_local":"大森","lines":"JK","hub":false,"color":"#00b2e5","rank":1},"geometry":{"type":"Point","coordinates":[139.7279,35.5885]}},{"type":"Feature","properties":{"kind":"station","id":"omoridai","name":"Omoridai","name_local":"大森台","lines":"KS","hub":false,"color":"#0000cd","rank":1},"geometry":{"type":"Point","coordinates":[140.1494,35.5841]}},{"type":"Feature","properties":{"kind":"station","id":"omorimachi","name":"Omorimachi","name_local":"大森町","lines":"KK","hub":false,"color":"#3366ff","rank":1},"geometry":{"type":"Point","coordinates":[139.7321,35.5725]}},{"type":"Feature","properties":{"kind":"station","id":"omotesando","name":"Omote-sando","name_local":"表参道","lines":"C,G,Z","hub":true,"color":null,"rank":1},"geometry":{"type":"Point","coordinates":[139.7126,35.6652]}},{"type":"Feature","properties":{"kind":"station","id":"onarimon","name":"Onarimon","name_local":"御成門","lines":"I","hub":false,"color":"#0079c2","rank":1},"geometry":{"type":"Point","coordinates":[139.7513,35.6608]}},{"type":"Feature","properties":{"kind":"station","id":"onigoe","name":"Onigoe","name_local":"鬼越","lines":"KS","hub":false,"color":"#0000cd","rank":1},"geometry":{"type":"Point","coordinates":[139.9375,35.7199]}},{"type":"Feature","properties":{"kind":"station","id":"ontakesan","name":"Ontakesan","name_local":"御嶽山","lines":"IK","hub":false,"color":"#ee86a7","rank":1},"geometry":{"type":"Point","coordinates":[139.6825,35.5852]}},{"type":"Feature","properties":{"kind":"station","id":"ookayama","name":"Ookayama","name_local":"大岡山","lines":"MG,OM","hub":true,"color":null,"rank":1},"geometry":{"type":"Point","coordinates":[139.6858,35.6075]}},{"type":"Feature","properties":{"kind":"station","id":"oppama","name":"Oppama","name_local":"追浜","lines":"KK","hub":false,"color":"#3366ff","rank":1},"geometry":{"type":"Point","coordinates":[139.6247,35.316]}},{"type":"Feature","properties":{"kind":"station","id":"osaki","name":"Osaki","name_local":"大崎","lines":"JA,JY,R","hub":true,"color":null,"rank":1},"geometry":{"type":"Point","coordinates":[139.7283,35.6193]}},{"type":"Feature","properties":{"kind":"station","id":"osakihirokoji","name":"Osakihirokoji","name_local":"大崎広小路","lines":"IK","hub":false,"color":"#ee86a7","rank":1},"geometry":{"type":"Point","coordinates":[139.7226,35.6226]}},{"type":"Feature","properties":{"kind":"station","id":"osakura","name":"Osakura","name_local":"大佐倉","lines":"KS","hub":false,"color":"#005aaa","rank":1},"geometry":{"type":"Point","coordinates":[140.2511,35.7301]}},{"type":"Feature","properties":{"kind":"station","id":"oshiage","name":"Oshiage 'SKYTREE'","name_local":"押上〈スカイツリー前〉","lines":"A,TS,Z","hub":true,"color":null,"rank":1},"geometry":{"type":"Point","coordinates":[139.813,35.71]}},{"type":"Feature","properties":{"kind":"station","id":"osm-2564754253","name":"谷塚","name_local":"谷塚","lines":"TS","hub":false,"color":"#0f6cc3","rank":1},"geometry":{"type":"Point","coordinates":[139.8011,35.8143]}},{"type":"Feature","properties":{"kind":"station","id":"osm-2604132531","name":"小田原","name_local":"小田原","lines":"JT,OH","hub":true,"color":null,"rank":1},"geometry":{"type":"Point","coordinates":[139.1557,35.2562]}},{"type":"Feature","properties":{"kind":"station","id":"osm-3689620452","name":"辻堂","name_local":"辻堂","lines":"JT","hub":false,"color":"#ffa500","rank":2},"geometry":{"type":"Point","coordinates":[139.4464,35.3369]}},{"type":"Feature","properties":{"kind":"station","id":"osm-3912788018","name":"東武動物公園","name_local":"東武動物公園","lines":"TS","hub":false,"color":"#0f6cc3","rank":1},"geometry":{"type":"Point","coordinates":[139.7267,36.0247]}},{"type":"Feature","properties":{"kind":"station","id":"osm-5453206815","name":"上大岡駅","name_local":"上大岡駅","lines":"B","hub":false,"color":"#005ba5","rank":1},"geometry":{"type":"Point","coordinates":[139.596,35.409]}},{"type":"Feature","properties":{"kind":"station","id":"osm-5481966142","name":"本厚木","name_local":"本厚木","lines":"OH","hub":false,"color":"#0d82c7","rank":1},"geometry":{"type":"Point","coordinates":[139.3643,35.4393]}},{"type":"Feature","properties":{"kind":"station","id":"osm-5826747436","name":"蒲須坂","name_local":"蒲須坂","lines":"JU","hub":false,"color":"#f68b1e","rank":2},"geometry":{"type":"Point","coordinates":[139.9502,36.7212]}},{"type":"Feature","properties":{"kind":"station","id":"osm-5826865504","name":"野崎","name_local":"野崎","lines":"JU","hub":false,"color":"#f68b1e","rank":2},"geometry":{"type":"Point","coordinates":[139.9579,36.8438]}},{"type":"Feature","properties":{"kind":"station","id":"osm-6098947525","name":"明大前","name_local":"明大前","lines":"IN,KO","hub":true,"color":null,"rank":1},"geometry":{"type":"Point","coordinates":[139.6504,35.6691]}},{"type":"Feature","properties":{"kind":"station","id":"osm-6184201320","name":"茅場町","name_local":"茅場町","lines":"T","hub":false,"color":"#009bbf","rank":1},"geometry":{"type":"Point","coordinates":[139.7794,35.6803]}},{"type":"Feature","properties":{"kind":"station","id":"osm-6190332147","name":"新高島平","name_local":"新高島平","lines":"I","hub":false,"color":"#0079c2","rank":1},"geometry":{"type":"Point","coordinates":[139.6543,35.7902]}},{"type":"Feature","properties":{"kind":"station","id":"osm-6205951379","name":"明治神宮前〈原宿〉","name_local":"明治神宮前〈原宿〉","lines":"C","hub":false,"color":"#00bb85","rank":1},"geometry":{"type":"Point","coordinates":[139.7044,35.669]}},{"type":"Feature","properties":{"kind":"station","id":"osm-6234351311","name":"有明テニスの森","name_local":"有明テニスの森","lines":"U","hub":false,"color":"#1662b8","rank":1},"geometry":{"type":"Point","coordinates":[139.7887,35.6401]}},{"type":"Feature","properties":{"kind":"station","id":"osm-6234751506","name":"東京ビッグサイト","name_local":"東京ビッグサイト","lines":"U","hub":false,"color":"#1662b8","rank":1},"geometry":{"type":"Point","coordinates":[139.7913,35.6303]}},{"type":"Feature","properties":{"kind":"station","id":"osm-6234771067","name":"青海","name_local":"青海","lines":"U","hub":false,"color":"#1662b8","rank":1},"geometry":{"type":"Point","coordinates":[139.7812,35.6248]}},{"type":"Feature","properties":{"kind":"station","id":"osm-6234812887","name":"テレコムセンター","name_local":"テレコムセンター","lines":"U","hub":false,"color":"#1662b8","rank":1},"geometry":{"type":"Point","coordinates":[139.7794,35.6176]}},{"type":"Feature","properties":{"kind":"station","id":"osm-6234812891","name":"台場","name_local":"台場","lines":"U","hub":false,"color":"#1662b8","rank":1},"geometry":{"type":"Point","coordinates":[139.7714,35.6259]}},{"type":"Feature","properties":{"kind":"station","id":"osm-6234857920","name":"お台場海浜公園","name_local":"お台場海浜公園","lines":"U","hub":false,"color":"#1662b8","rank":1},"geometry":{"type":"Point","coordinates":[139.7788,35.6299]}},{"type":"Feature","properties":{"kind":"station","id":"osm-6234857922","name":"芝浦ふ頭","name_local":"芝浦ふ頭","lines":"U","hub":false,"color":"#1662b8","rank":1},"geometry":{"type":"Point","coordinates":[139.7578,35.6417]}},{"type":"Feature","properties":{"kind":"station","id":"osm-6234857926","name":"日の出","name_local":"日の出","lines":"U","hub":false,"color":"#1662b8","rank":1},"geometry":{"type":"Point","coordinates":[139.7591,35.6491]}},{"type":"Feature","properties":{"kind":"station","id":"osm-6752902499","name":"海老名","name_local":"海老名","lines":"OH","hub":false,"color":"#0d82c7","rank":1},"geometry":{"type":"Point","coordinates":[139.391,35.4528]}},{"type":"Feature","properties":{"kind":"station","id":"osm-6795775064","name":"牛田","name_local":"牛田","lines":"TS","hub":false,"color":"#0f6cc3","rank":1},"geometry":{"type":"Point","coordinates":[139.8121,35.7446]}},{"type":"Feature","properties":{"kind":"station","id":"osm-6945282206","name":"西調布","name_local":"西調布","lines":"KO","hub":false,"color":"#e50b84","rank":1},"geometry":{"type":"Point","coordinates":[139.5298,35.6572]}},{"type":"Feature","properties":{"kind":"station","id":"osm-7483522317","name":"相武台前","name_local":"相武台前","lines":"OH","hub":false,"color":"#0d82c7","rank":1},"geometry":{"type":"Point","coordinates":[139.4085,35.4993]}},{"type":"Feature","properties":{"kind":"station","id":"osm-7483522321","name":"座間","name_local":"座間","lines":"OH","hub":false,"color":"#0d82c7","rank":1},"geometry":{"type":"Point","coordinates":[139.3999,35.4808]}},{"type":"Feature","properties":{"kind":"station","id":"osm-7483522322","name":"厚木","name_local":"厚木","lines":"OH","hub":false,"color":"#0d82c7","rank":1},"geometry":{"type":"Point","coordinates":[139.3777,35.443]}},{"type":"Feature","properties":{"kind":"station","id":"osm-7487644501","name":"北春日部","name_local":"北春日部","lines":"TS","hub":false,"color":"#0f6cc3","rank":1},"geometry":{"type":"Point","coordinates":[139.744,35.9903]}},{"type":"Feature","properties":{"kind":"station","id":"osm-7682887598","name":"八幡山","name_local":"八幡山","lines":"KO","hub":false,"color":"#e50b84","rank":1},"geometry":{"type":"Point","coordinates":[139.6157,35.6698]}},{"type":"Feature","properties":{"kind":"station","id":"osm-7682988288","name":"調布","name_local":"調布","lines":"KO","hub":false,"color":"#e50b84","rank":1},"geometry":{"type":"Point","coordinates":[139.545,35.6518]}},{"type":"Feature","properties":{"kind":"station","id":"osm-7682996344","name":"百草園","name_local":"百草園","lines":"KO","hub":false,"color":"#e50b84","rank":1},"geometry":{"type":"Point","coordinates":[139.431,35.6575]}},{"type":"Feature","properties":{"kind":"station","id":"osm-7683081874","name":"高幡不動","name_local":"高幡不動","lines":"KO","hub":false,"color":"#e50b84","rank":1},"geometry":{"type":"Point","coordinates":[139.4133,35.6622]}},{"type":"Feature","properties":{"kind":"station","id":"osm-9896616277","name":"相模大野","name_local":"相模大野","lines":"OH","hub":false,"color":"#0d82c7","rank":1},"geometry":{"type":"Point","coordinates":[139.4379,35.5322]}},{"type":"Feature","properties":{"kind":"station","id":"otemachi","name":"Otemachi","name_local":"大手町","lines":"C,I,M,T,Z","hub":true,"color":null,"rank":1},"geometry":{"type":"Point","coordinates":[139.7662,35.6868]}},{"type":"Feature","properties":{"kind":"station","id":"otsuka","name":"Otsuka","name_local":"大塚","lines":"JY","hub":false,"color":"#b1cb39","rank":1},"geometry":{"type":"Point","coordinates":[139.7286,35.7317]}},{"type":"Feature","properties":{"kind":"station","id":"otsuka-teikyo-daigaku","name":"Otsuka･Teikyo-Daigaku","name_local":"大塚・帝京大学","lines":"TT","hub":false,"color":"#22625e","rank":1},"geometry":{"type":"Point","coordinates":[139.4165,35.6369]}},{"type":"Feature","properties":{"kind":"station","id":"otsuki","name":"Otsuki","name_local":"大月","lines":"JC","hub":false,"color":"#f15620","rank":1},"geometry":{"type":"Point","coordinates":[138.9425,35.6134]}},{"type":"Feature","properties":{"kind":"station","id":"oyama","name":"Oyama","name_local":"大山","lines":"TJ","hub":false,"color":"#004da3","rank":1},"geometry":{"type":"Point","coordinates":[139.698,35.748]}},{"type":"Feature","properties":{"kind":"station","id":"oyama-2","name":"Oyama","name_local":"小山","lines":"JU","hub":false,"color":"#f68b1e","rank":2},"geometry":{"type":"Point","coordinates":[139.8059,36.3122]}},{"type":"Feature","properties":{"kind":"station","id":"oyamadai","name":"Oyamadai","name_local":"尾山台","lines":"OM","hub":false,"color":"#f18c43","rank":1},"geometry":{"type":"Point","coordinates":[139.6537,35.607]}},{"type":"Feature","properties":{"kind":"station","id":"oyumino","name":"Oyumino","name_local":"おゆみ野","lines":"KS","hub":false,"color":"#0000cd","rank":1},"geometry":{"type":"Point","coordinates":[140.1661,35.5501]}},{"type":"Feature","properties":{"kind":"station","id":"ozaku","name":"Ozaku","name_local":"小作","lines":"JC","hub":false,"color":"#fe642e","rank":1},"geometry":{"type":"Point","coordinates":[139.3019,35.7763]}},{"type":"Feature","properties":{"kind":"station","id":"roka-koen","name":"Roka-koen","name_local":"芦花公園","lines":"KO","hub":false,"color":"#e50b84","rank":1},"geometry":{"type":"Point","coordinates":[139.6086,35.6706]}},{"type":"Feature","properties":{"kind":"station","id":"rokucho","name":"Rokucho","name_local":"六町","lines":"TX","hub":false,"color":"#000084","rank":1},"geometry":{"type":"Point","coordinates":[139.8219,35.7849]}},{"type":"Feature","properties":{"kind":"station","id":"rokugodote","name":"Rokugodote","name_local":"六郷土手","lines":"KK","hub":false,"color":"#3366ff","rank":1},"geometry":{"type":"Point","coordinates":[139.7077,35.5407]}},{"type":"Feature","properties":{"kind":"station","id":"roppongi","name":"Roppongi","name_local":"六本木","lines":"E,H","hub":true,"color":null,"rank":1},"geometry":{"type":"Point","coordinates":[139.7315,35.6628]}},{"type":"Feature","properties":{"kind":"station","id":"roppongi-itchome","name":"Roppongi-itchome","name_local":"六本木一丁目","lines":"N","hub":false,"color":"#00ac9b","rank":1},"geometry":{"type":"Point","coordinates":[139.7389,35.665]}},{"type":"Feature","properties":{"kind":"station","id":"ryogoku","name":"Ryogoku","name_local":"両国","lines":"E,JB","hub":true,"color":null,"rank":1},"geometry":{"type":"Point","coordinates":[139.793,35.696]}},{"type":"Feature","properties":{"kind":"station","id":"ryutsu-center","name":"Ryutsu Center","name_local":"流通センター","lines":"MO","hub":false,"color":"#003685","rank":1},"geometry":{"type":"Point","coordinates":[139.7491,35.5817]}},{"type":"Feature","properties":{"kind":"station","id":"sagami-otsuka","name":"Sagami-Otsuka","name_local":"相模大塚","lines":"SO","hub":false,"color":"#0c1e56","rank":1},"geometry":{"type":"Point","coordinates":[139.4407,35.4706]}},{"type":"Feature","properties":{"kind":"station","id":"sagamihara","name":"Sagamihara","name_local":"相模原","lines":"JH","hub":false,"color":"#9acd32","rank":1},"geometry":{"type":"Point","coordinates":[139.3707,35.5814]}},{"type":"Feature","properties":{"kind":"station","id":"sagamiko","name":"Sagamiko","name_local":"相模湖","lines":"JC","hub":false,"color":"#f15620","rank":1},"geometry":{"type":"Point","coordinates":[139.1885,35.6175]}},{"type":"Feature","properties":{"kind":"station","id":"sagamino","name":"Sagamino","name_local":"さがみ野","lines":"SO","hub":false,"color":"#0c1e56","rank":1},"geometry":{"type":"Point","coordinates":[139.4285,35.4715]}},{"type":"Feature","properties":{"kind":"station","id":"saginomiya","name":"Saginomiya","name_local":"鷺ノ宮","lines":"SS","hub":false,"color":"#00a6bf","rank":1},"geometry":{"type":"Point","coordinates":[139.6396,35.7226]}},{"type":"Feature","properties":{"kind":"station","id":"saginuma","name":"Saginuma","name_local":"鷺沼","lines":"DT","hub":false,"color":"#20a288","rank":1},"geometry":{"type":"Point","coordinates":[139.5729,35.5795]}},{"type":"Feature","properties":{"kind":"station","id":"saitama-shintoshin","name":"Saitama-Shintoshin","name_local":"さいたま新都心","lines":"JK,JU","hub":true,"color":null,"rank":1},"geometry":{"type":"Point","coordinates":[139.6338,35.8936]}},{"type":"Feature","properties":{"kind":"station","id":"sakado","name":"Sakado","name_local":"坂戸","lines":"TJ","hub":false,"color":"#004da3","rank":1},"geometry":{"type":"Point","coordinates":[139.3939,35.9572]}},{"type":"Feature","properties":{"kind":"station","id":"sakura-shimmachi","name":"Sakura-shimmachi","name_local":"桜新町","lines":"DT","hub":false,"color":"#20a288","rank":1},"geometry":{"type":"Point","coordinates":[139.6454,35.6317]}},{"type":"Feature","properties":{"kind":"station","id":"sakuradai","name":"Sakuradai","name_local":"桜台","lines":"SI","hub":false,"color":"#ed772d","rank":1},"geometry":{"type":"Point","coordinates":[139.6624,35.7387]}},{"type":"Feature","properties":{"kind":"station","id":"sakuradamon","name":"Sakuradamon","name_local":"桜田門","lines":"Y","hub":false,"color":"#c1a470","rank":1},"geometry":{"type":"Point","coordinates":[139.7517,35.6775]}},{"type":"Feature","properties":{"kind":"station","id":"sakuragicho","name":"Sakuragicho","name_local":"桜木町","lines":"B,JH","hub":true,"color":null,"rank":1},"geometry":{"type":"Point","coordinates":[139.6308,35.4497]}},{"type":"Feature","properties":{"kind":"station","id":"sakurajosui-2","name":"Sakurajosui","name_local":"桜上水","lines":"KO","hub":false,"color":"#e50b84","rank":1},"geometry":{"type":"Point","coordinates":[139.632,35.6675]}},{"type":"Feature","properties":{"kind":"station","id":"sakurakaido","name":"Sakurakaido","name_local":"桜街道","lines":"TT","hub":false,"color":"#22625e","rank":1},"geometry":{"type":"Point","coordinates":[139.4167,35.7391]}},{"type":"Feature","properties":{"kind":"station","id":"samezu","name":"Samezu","name_local":"鮫洲","lines":"KK","hub":false,"color":"#3366ff","rank":1},"geometry":{"type":"Point","coordinates":[139.7422,35.6051]}},{"type":"Feature","properties":{"kind":"station","id":"sangenjaya","name":"Sangen-jaya","name_local":"三軒茶屋","lines":"DT","hub":false,"color":"#20a288","rank":1},"geometry":{"type":"Point","coordinates":[139.6712,35.6435]}},{"type":"Feature","properties":{"kind":"station","id":"sangubashi","name":"Sangubashi","name_local":"参宮橋","lines":"OH","hub":false,"color":"#0d82c7","rank":1},"geometry":{"type":"Point","coordinates":[139.6937,35.6787]}},{"type":"Feature","properties":{"kind":"station","id":"saruhashi","name":"Saruhashi","name_local":"猿橋","lines":"JC","hub":false,"color":"#f15620","rank":1},"geometry":{"type":"Point","coordinates":[138.9681,35.6128]}},{"type":"Feature","properties":{"kind":"station","id":"sasazuka","name":"Sasazuka","name_local":"笹塚","lines":"KO","hub":false,"color":"#e50b84","rank":1},"geometry":{"type":"Point","coordinates":[139.6672,35.6735]}},{"type":"Feature","properties":{"kind":"station","id":"sawai","name":"Sawai","name_local":"沢井","lines":"JC","hub":false,"color":"#fe642e","rank":1},"geometry":{"type":"Point","coordinates":[139.1938,35.8059]}},{"type":"Feature","properties":{"kind":"station","id":"sayamagaoka","name":"Sayamagaoka","name_local":"狭山ヶ丘","lines":"SI","hub":false,"color":"#ed772d","rank":1},"geometry":{"type":"Point","coordinates":[139.4168,35.8105]}},{"type":"Feature","properties":{"kind":"station","id":"sayamashi","name":"Sayamashi","name_local":"狭山市","lines":"SS,小江戸","hub":true,"color":null,"rank":1},"geometry":{"type":"Point","coordinates":[139.4133,35.8573]}},{"type":"Feature","properties":{"kind":"station","id":"seibijo","name":"Seibijo","name_local":"整備場","lines":"MO","hub":false,"color":"#003685","rank":1},"geometry":{"type":"Point","coordinates":[139.7534,35.5552]}},{"type":"Feature","properties":{"kind":"station","id":"seibu-yagisawa","name":"Seibu-Yagisawa","name_local":"西武柳沢","lines":"SS","hub":false,"color":"#00a6bf","rank":1},"geometry":{"type":"Point","coordinates":[139.5529,35.7287]}},{"type":"Feature","properties":{"kind":"station","id":"seibushinjuku","name":"Seibu-Shinjuku","name_local":"西武新宿","lines":"E,SS,小江戸","hub":true,"color":null,"rank":1},"geometry":{"type":"Point","coordinates":[139.6995,35.6947]}},{"type":"Feature","properties":{"kind":"station","id":"seijogakuen-mae","name":"Seijogakuen-mae","name_local":"成城学園前","lines":"OH","hub":false,"color":"#0d82c7","rank":1},"geometry":{"type":"Point","coordinates":[139.5984,35.6399]}},{"type":"Feature","properties":{"kind":"station","id":"seiseki-sakuragaoka","name":"Seiseki-sakuragaoka","name_local":"聖蹟桜ヶ丘","lines":"KO","hub":false,"color":"#e50b84","rank":1},"geometry":{"type":"Point","coordinates":[139.4469,35.6508]}},{"type":"Feature","properties":{"kind":"station","id":"sendagaya","name":"Sendagaya","name_local":"千駄ケ谷","lines":"JB","hub":false,"color":"#ffd700","rank":1},"geometry":{"type":"Point","coordinates":[139.7114,35.6812]}},{"type":"Feature","properties":{"kind":"station","id":"sendagi","name":"Sendagi","name_local":"千駄木","lines":"C","hub":false,"color":"#00bb85","rank":1},"geometry":{"type":"Point","coordinates":[139.7633,35.7255]}},{"type":"Feature","properties":{"kind":"station","id":"sengakuji","name":"Sengakuji","name_local":"泉岳寺","lines":"A,KK","hub":true,"color":null,"rank":1},"geometry":{"type":"Point","coordinates":[139.7399,35.6387]}},{"type":"Feature","properties":{"kind":"station","id":"sengawa","name":"Sengawa","name_local":"仙川","lines":"KO","hub":false,"color":"#e50b84","rank":1},"geometry":{"type":"Point","coordinates":[139.585,35.6623]}},{"type":"Feature","properties":{"kind":"station","id":"sengendai","name":"Sengendai","name_local":"せんげん台","lines":"TS","hub":false,"color":"#0f6cc3","rank":1},"geometry":{"type":"Point","coordinates":[139.7745,35.9358]}},{"type":"Feature","properties":{"kind":"station","id":"sengoku","name":"Sengoku","name_local":"千石","lines":"I","hub":false,"color":"#0079c2","rank":1},"geometry":{"type":"Point","coordinates":[139.7449,35.7277]}},{"type":"Feature","properties":{"kind":"station","id":"senjuohashi","name":"Senjuohashi","name_local":"千住大橋","lines":"KS","hub":false,"color":"#0000cd","rank":1},"geometry":{"type":"Point","coordinates":[139.7968,35.7423]}},{"type":"Feature","properties":{"kind":"station","id":"senkawa","name":"Senkawa","name_local":"千川","lines":"F,Y","hub":true,"color":null,"rank":1},"geometry":{"type":"Point","coordinates":[139.6895,35.7383]}},{"type":"Feature","properties":{"kind":"station","id":"senzoku","name":"Senzoku","name_local":"洗足","lines":"MG","hub":false,"color":"#009cd2","rank":1},"geometry":{"type":"Point","coordinates":[139.6942,35.6102]}},{"type":"Feature","properties":{"kind":"station","id":"senzoku-ike","name":"Senzoku-ike","name_local":"洗足池","lines":"IK","hub":false,"color":"#ee86a7","rank":1},"geometry":{"type":"Point","coordinates":[139.6913,35.5998]}},{"type":"Feature","properties":{"kind":"station","id":"setagaya","name":"Setagaya","name_local":"世田谷","lines":"SG","hub":false,"color":"#fcc70d","rank":1},"geometry":{"type":"Point","coordinates":[139.6506,35.6435]}},{"type":"Feature","properties":{"kind":"station","id":"setagaya-daita","name":"Setagaya-Daita","name_local":"世田谷代田","lines":"OH","hub":false,"color":"#0d82c7","rank":1},"geometry":{"type":"Point","coordinates":[139.6615,35.6583]}},{"type":"Feature","properties":{"kind":"station","id":"seya","name":"Seya","name_local":"瀬谷","lines":"SO","hub":false,"color":"#0c1e56","rank":1},"geometry":{"type":"Point","coordinates":[139.4828,35.4703]}},{"type":"Feature","properties":{"kind":"station","id":"shakujii-koen","name":"Shakujii-koen","name_local":"石神井公園","lines":"SI","hub":false,"color":"#ed772d","rank":1},"geometry":{"type":"Point","coordinates":[139.6061,35.7438]}},{"type":"Feature","properties":{"kind":"station","id":"shibakoen","name":"Shibakoen","name_local":"芝公園","lines":"I","hub":false,"color":"#0079c2","rank":1},"geometry":{"type":"Point","coordinates":[139.7499,35.6542]}},{"type":"Feature","properties":{"kind":"station","id":"shibasaki-2","name":"Shibasaki","name_local":"柴崎","lines":"KO","hub":false,"color":"#e50b84","rank":1},"geometry":{"type":"Point","coordinates":[139.567,35.6542]}},{"type":"Feature","properties":{"kind":"station","id":"shibasaki-taiikukan","name":"Shibasaki-Taiikukan","name_local":"柴崎体育館","lines":"TT","hub":false,"color":"#22625e","rank":1},"geometry":{"type":"Point","coordinates":[139.4094,35.69]}},{"type":"Feature","properties":{"kind":"station","id":"shibusawa","name":"Shibusawa","name_local":"渋沢","lines":"OH","hub":false,"color":"#0d82c7","rank":1},"geometry":{"type":"Point","coordinates":[139.1847,35.3741]}},{"type":"Feature","properties":{"kind":"station","id":"shibuya","name":"Shibuya","name_local":"渋谷","lines":"DT,F,G,IN,JA,JY,TY,Z","hub":true,"color":null,"rank":1},"geometry":{"type":"Point","coordinates":[139.7016,35.658]}},{"type":"Feature","properties":{"kind":"station","id":"shiinamachi","name":"Shiinamachi","name_local":"椎名町","lines":"SI","hub":false,"color":"#ed772d","rank":1},"geometry":{"type":"Point","coordinates":[139.6949,35.7264]}},{"type":"Feature","properties":{"kind":"station","id":"shij-mae","name":"Shijō-mae","name_local":"市場前","lines":"U","hub":false,"color":"#1662b8","rank":1},"geometry":{"type":"Point","coordinates":[139.7857,35.6458]}},{"type":"Feature","properties":{"kind":"station","id":"shiki","name":"Shiki","name_local":"志木","lines":"TJ","hub":false,"color":"#004da3","rank":1},"geometry":{"type":"Point","coordinates":[139.5751,35.8223]}},{"type":"Feature","properties":{"kind":"station","id":"shim-mikawashima","name":"Shim-Mikawashima","name_local":"新三河島","lines":"KS","hub":false,"color":"#0000cd","rank":1},"geometry":{"type":"Point","coordinates":[139.774,35.7372]}},{"type":"Feature","properties":{"kind":"station","id":"shim-misato","name":"Shim-Misato","name_local":"新三郷","lines":"JM","hub":false,"color":"#ff4500","rank":2},"geometry":{"type":"Point","coordinates":[139.8692,35.8588]}},{"type":"Feature","properties":{"kind":"station","id":"shimbamba","name":"Shimbamba","name_local":"新馬場","lines":"KK","hub":false,"color":"#3366ff","rank":1},"geometry":{"type":"Point","coordinates":[139.7414,35.6169]}},{"type":"Feature","properties":{"kind":"station","id":"shimbashi","name":"Shimbashi","name_local":"新橋","lines":"A,G,JK,JO,JT,JY,U","hub":true,"color":null,"rank":1},"geometry":{"type":"Point","coordinates":[139.7583,35.6662]}},{"type":"Feature","properties":{"kind":"station","id":"shimo","name":"Shimo","name_local":"志茂","lines":"N","hub":false,"color":"#00ac9b","rank":1},"geometry":{"type":"Point","coordinates":[139.7325,35.7779]}},{"type":"Feature","properties":{"kind":"station","id":"shimo-akatsuka","name":"Shimo-akatsuka","name_local":"下赤塚","lines":"TJ","hub":false,"color":"#004da3","rank":1},"geometry":{"type":"Point","coordinates":[139.6446,35.7706]}},{"type":"Feature","properties":{"kind":"station","id":"shimo-igusa","name":"Shimo-Igusa","name_local":"下井草","lines":"SS","hub":false,"color":"#00a6bf","rank":1},"geometry":{"type":"Point","coordinates":[139.6254,35.7238]}},{"type":"Feature","properties":{"kind":"station","id":"shimo-itabashi","name":"Shimo-itabashi","name_local":"下板橋","lines":"TJ","hub":false,"color":"#004da3","rank":1},"geometry":{"type":"Point","coordinates":[139.7155,35.7452]}},{"type":"Feature","properties":{"kind":"station","id":"shimo-ochiai","name":"Shimo-Ochiai","name_local":"下落合","lines":"SS","hub":false,"color":"#00a6bf","rank":1},"geometry":{"type":"Point","coordinates":[139.6954,35.7157]}},{"type":"Feature","properties":{"kind":"station","id":"shimo-simmei","name":"Shimo-simmei","name_local":"下神明","lines":"OM","hub":false,"color":"#f18c43","rank":1},"geometry":{"type":"Point","coordinates":[139.7262,35.6088]}},{"type":"Feature","properties":{"kind":"station","id":"shimo-takaido","name":"Shimo-takaido","name_local":"下高井戸","lines":"KO,SG","hub":true,"color":null,"rank":1},"geometry":{"type":"Point","coordinates":[139.6412,35.6661]}},{"type":"Feature","properties":{"kind":"station","id":"shimoiida","name":"Shimoiida","name_local":"下飯田","lines":"B","hub":false,"color":"#005ba5","rank":1},"geometry":{"type":"Point","coordinates":[139.4833,35.4034]}},{"type":"Feature","properties":{"kind":"station","id":"shimokitazawa","name":"Shimo-Kitazawa","name_local":"下北沢","lines":"IN,OH","hub":true,"color":null,"rank":1},"geometry":{"type":"Point","coordinates":[139.668,35.6613]}},{"type":"Feature","properties":{"kind":"station","id":"shimomaruko","name":"Shimomaruko","name_local":"下丸子","lines":"TM","hub":false,"color":"#ae0378","rank":1},"geometry":{"type":"Point","coordinates":[139.689,35.568]}},{"type":"Feature","properties":{"kind":"station","id":"shimonagaya","name":"Shimonagaya","name_local":"下永谷","lines":"B","hub":false,"color":"#005ba5","rank":1},"geometry":{"type":"Point","coordinates":[139.5592,35.4026]}},{"type":"Feature","properties":{"kind":"station","id":"shimosa-nakayama","name":"Shimosa-Nakayama","name_local":"下総中山","lines":"JB","hub":false,"color":"#ffd700","rank":1},"geometry":{"type":"Point","coordinates":[139.943,35.7142]}},{"type":"Feature","properties":{"kind":"station","id":"shimura-sakaue","name":"Shimura-sakaue","name_local":"志村坂上","lines":"I","hub":false,"color":"#0079c2","rank":1},"geometry":{"type":"Point","coordinates":[139.6955,35.7757]}},{"type":"Feature","properties":{"kind":"station","id":"shimura-sanchome","name":"Shimura-sanchome","name_local":"志村三丁目","lines":"I","hub":false,"color":"#0079c2","rank":1},"geometry":{"type":"Point","coordinates":[139.686,35.7775]}},{"type":"Feature","properties":{"kind":"station","id":"shin-akitsu","name":"Shin-Akitsu","name_local":"新秋津","lines":"JM","hub":false,"color":"#ff4500","rank":2},"geometry":{"type":"Point","coordinates":[139.4938,35.7784]}},{"type":"Feature","properties":{"kind":"station","id":"shin-chiba","name":"Shin-Chiba","name_local":"新千葉","lines":"KS","hub":false,"color":"#0000cd","rank":1},"geometry":{"type":"Point","coordinates":[140.1084,35.6124]}},{"type":"Feature","properties":{"kind":"station","id":"shin-egota","name":"Shin-egota","name_local":"新江古田","lines":"E","hub":false,"color":"#b6007a","rank":1},"geometry":{"type":"Point","coordinates":[139.6704,35.7326]}},{"type":"Feature","properties":{"kind":"station","id":"shin-itabashi","name":"Shin-itabashi","name_local":"新板橋","lines":"I","hub":false,"color":"#0079c2","rank":1},"geometry":{"type":"Point","coordinates":[139.72,35.7487]}},{"type":"Feature","properties":{"kind":"station","id":"shin-kawasaki","name":"Shin-Kawasaki","name_local":"新川崎","lines":"JO","hub":false,"color":"#000080","rank":2},"geometry":{"type":"Point","coordinates":[139.6717,35.5516]}},{"type":"Feature","properties":{"kind":"station","id":"shin-kemigawa","name":"Shin-Kemigawa","name_local":"新検見川","lines":"JB","hub":false,"color":"#ffd700","rank":1},"geometry":{"type":"Point","coordinates":[140.0731,35.6517]}},{"type":"Feature","properties":{"kind":"station","id":"shin-kiba","name":"Shin-Kiba","name_local":"新木場","lines":"JE,JM,R,Y","hub":true,"color":null,"rank":1},"geometry":{"type":"Point","coordinates":[139.8274,35.6462]}},{"type":"Feature","properties":{"kind":"station","id":"shin-kodaira","name":"Shin-Kodaira","name_local":"新小平","lines":"JM","hub":false,"color":"#ff4500","rank":2},"geometry":{"type":"Point","coordinates":[139.4707,35.7312]}},{"type":"Feature","properties":{"kind":"station","id":"shin-koenji","name":"Shin-koenji","name_local":"新高円寺","lines":"M","hub":false,"color":"#f62e36","rank":1},"geometry":{"type":"Point","coordinates":[139.6487,35.6979]}},{"type":"Feature","properties":{"kind":"station","id":"shin-koganei","name":"Shin-Koganei","name_local":"新小金井","lines":"SW","hub":false,"color":"#ef810f","rank":1},"geometry":{"type":"Point","coordinates":[139.5268,35.696]}},{"type":"Feature","properties":{"kind":"station","id":"shin-koshigaya","name":"Shin-koshigaya","name_local":"新越谷","lines":"TS","hub":false,"color":"#0f6cc3","rank":1},"geometry":{"type":"Point","coordinates":[139.7898,35.8755]}},{"type":"Feature","properties":{"kind":"station","id":"shin-koyasu","name":"Shin-Koyasu","name_local":"新子安","lines":"JK","hub":false,"color":"#00b2e5","rank":1},"geometry":{"type":"Point","coordinates":[139.6542,35.4868]}},{"type":"Feature","properties":{"kind":"station","id":"shin-kubo","name":"Shin-Ōkubo","name_local":"新大久保","lines":"JY","hub":false,"color":"#b1cb39","rank":1},"geometry":{"type":"Point","coordinates":[139.7002,35.7013]}},{"type":"Feature","properties":{"kind":"station","id":"shin-maruko","name":"Shin-maruko","name_local":"新丸子","lines":"MG,TY","hub":true,"color":null,"rank":1},"geometry":{"type":"Point","coordinates":[139.6619,35.5807]}},{"type":"Feature","properties":{"kind":"station","id":"shin-matsuda","name":"Shin-Matsuda","name_local":"新松田","lines":"OH","hub":false,"color":"#0d82c7","rank":1},"geometry":{"type":"Point","coordinates":[139.1396,35.3447]}},{"type":"Feature","properties":{"kind":"station","id":"shin-matsudo","name":"Shin-Matsudo","name_local":"新松戸","lines":"JL,JM","hub":true,"color":null,"rank":2},"geometry":{"type":"Point","coordinates":[139.9212,35.8255]}},{"type":"Feature","properties":{"kind":"station","id":"shin-nakano","name":"Shin-nakano","name_local":"新中野","lines":"M","hub":false,"color":"#f62e36","rank":1},"geometry":{"type":"Point","coordinates":[139.6686,35.6975]}},{"type":"Feature","properties":{"kind":"station","id":"shin-narashino","name":"Shin-Narashino","name_local":"新習志野","lines":"JE","hub":false,"color":"#dc143c","rank":1},"geometry":{"type":"Point","coordinates":[140.0129,35.6674]}},{"type":"Feature","properties":{"kind":"station","id":"shin-nihombashi","name":"Shin-Nihombashi","name_local":"新日本橋","lines":"JO","hub":false,"color":"#000080","rank":2},"geometry":{"type":"Point","coordinates":[139.7742,35.689]}},{"type":"Feature","properties":{"kind":"station","id":"shin-ochanomizu","name":"Shin-ochanomizu","name_local":"新御茶ノ水","lines":"C","hub":false,"color":"#00bb85","rank":1},"geometry":{"type":"Point","coordinates":[139.7655,35.6972]}},{"type":"Feature","properties":{"kind":"station","id":"shin-okachimachi","name":"Shin-okachimachi","name_local":"新御徒町","lines":"E,TX","hub":true,"color":null,"rank":1},"geometry":{"type":"Point","coordinates":[139.7819,35.707]}},{"type":"Feature","properties":{"kind":"station","id":"shin-sayama","name":"Shin-Sayama","name_local":"新狭山","lines":"SS","hub":false,"color":"#00a6bf","rank":1},"geometry":{"type":"Point","coordinates":[139.4335,35.874]}},{"type":"Feature","properties":{"kind":"station","id":"shin-shiraoka","name":"Shin-Shiraoka","name_local":"新白岡","lines":"JU","hub":false,"color":"#f68b1e","rank":2},"geometry":{"type":"Point","coordinates":[139.6721,36.0387]}},{"type":"Feature","properties":{"kind":"station","id":"shin-takashima","name":"Shin-Takashima","name_local":"新高島","lines":"MM","hub":false,"color":"#c61094","rank":1},"geometry":{"type":"Point","coordinates":[139.6266,35.462]}},{"type":"Feature","properties":{"kind":"station","id":"shin-tokorozawa","name":"Shin-Tokorozawa","name_local":"新所沢","lines":"SS","hub":false,"color":"#00a6bf","rank":1},"geometry":{"type":"Point","coordinates":[139.4559,35.8068]}},{"type":"Feature","properties":{"kind":"station","id":"shin-toyosu","name":"Shin-toyosu","name_local":"新豊洲","lines":"U","hub":false,"color":"#1662b8","rank":1},"geometry":{"type":"Point","coordinates":[139.7902,35.6488]}},{"type":"Feature","properties":{"kind":"station","id":"shin-urayasu","name":"Shin-Urayasu","name_local":"新浦安","lines":"JE,JM","hub":true,"color":null,"rank":1},"geometry":{"type":"Point","coordinates":[139.9125,35.6495]}},{"type":"Feature","properties":{"kind":"station","id":"shin-yahashira","name":"Shin-Yahashira","name_local":"新八柱","lines":"JM","hub":false,"color":"#ff4500","rank":2},"geometry":{"type":"Point","coordinates":[139.9384,35.7919]}},{"type":"Feature","properties":{"kind":"station","id":"shin-yokohama","name":"Shin-Yokohama","name_local":"新横浜","lines":"JH","hub":false,"color":"#9acd32","rank":1},"geometry":{"type":"Point","coordinates":[139.6173,35.5067]}},{"type":"Feature","properties":{"kind":"station","id":"shin-yurigaoka","name":"Shin-Yurigaoka","name_local":"新百合ヶ丘","lines":"OH","hub":false,"color":"#0d82c7","rank":1},"geometry":{"type":"Point","coordinates":[139.5078,35.6038]}},{"type":"Feature","properties":{"kind":"station","id":"shinagawa","name":"Shinagawa","name_local":"品川","lines":"JK,JO,JT,JY,KK","hub":true,"color":null,"rank":1},"geometry":{"type":"Point","coordinates":[139.7387,35.6285]}},{"type":"Feature","properties":{"kind":"station","id":"shinagawa-seaside","name":"Shinagawa Seaside","name_local":"品川シーサイド","lines":"R","hub":false,"color":"#2d3087","rank":1},"geometry":{"type":"Point","coordinates":[139.7499,35.6097]}},{"type":"Feature","properties":{"kind":"station","id":"shinanomachi","name":"Shinanomachi","name_local":"信濃町","lines":"JB","hub":false,"color":"#ffd700","rank":1},"geometry":{"type":"Point","coordinates":[139.7204,35.68]}},{"type":"Feature","properties":{"kind":"station","id":"shindaita","name":"Shindaita","name_local":"新代田","lines":"IN","hub":false,"color":"#083476","rank":1},"geometry":{"type":"Point","coordinates":[139.6606,35.6626]}},{"type":"Feature","properties":{"kind":"station","id":"shinden","name":"Shinden","name_local":"新田","lines":"TS","hub":false,"color":"#0f6cc3","rank":1},"geometry":{"type":"Point","coordinates":[139.7953,35.8543]}},{"type":"Feature","properties":{"kind":"station","id":"shingashi","name":"Shingashi","name_local":"新河岸","lines":"TJ","hub":false,"color":"#004da3","rank":1},"geometry":{"type":"Point","coordinates":[139.497,35.8913]}},{"type":"Feature","properties":{"kind":"station","id":"shinjuku","name":"Shinsen-Shinjuku","name_local":"新線新宿","lines":"E,JA,JB,JC,JY,KO,M,OH,S","hub":true,"color":null,"rank":1},"geometry":{"type":"Point","coordinates":[139.7006,35.6896]}},{"type":"Feature","properties":{"kind":"station","id":"shinjuku3","name":"Shinjuku-sanchome","name_local":"新宿三丁目","lines":"F,M,S","hub":true,"color":null,"rank":1},"geometry":{"type":"Point","coordinates":[139.705,35.691]}},{"type":"Feature","properties":{"kind":"station","id":"shinkoiwa","name":"Shin-Koiwa","name_local":"新小岩","lines":"JB,JO","hub":true,"color":null,"rank":1},"geometry":{"type":"Point","coordinates":[139.858,35.718]}},{"type":"Feature","properties":{"kind":"station","id":"shinonome","name":"Shinonome","name_local":"東雲","lines":"R","hub":false,"color":"#2d3087","rank":1},"geometry":{"type":"Point","coordinates":[139.8036,35.6407]}},{"type":"Feature","properties":{"kind":"station","id":"shinotsuka","name":"Shin-otsuka","name_local":"新大塚","lines":"M","hub":false,"color":"#f62e36","rank":1},"geometry":{"type":"Point","coordinates":[139.7307,35.7275]}},{"type":"Feature","properties":{"kind":"station","id":"shinozaki","name":"Shinozaki","name_local":"篠崎","lines":"S","hub":false,"color":"#6cbb5a","rank":1},"geometry":{"type":"Point","coordinates":[139.9039,35.706]}},{"type":"Feature","properties":{"kind":"station","id":"shinrin-koen","name":"Shinrin-koen","name_local":"森林公園","lines":"TJ","hub":false,"color":"#004da3","rank":1},"geometry":{"type":"Point","coordinates":[139.3749,36.0453]}},{"type":"Feature","properties":{"kind":"station","id":"shinseibijo","name":"Shinseibijo","name_local":"新整備場","lines":"MO","hub":false,"color":"#003685","rank":1},"geometry":{"type":"Point","coordinates":[139.7868,35.5428]}},{"type":"Feature","properties":{"kind":"station","id":"shinsen","name":"Shinsen","name_local":"神泉","lines":"IN","hub":false,"color":"#083476","rank":1},"geometry":{"type":"Point","coordinates":[139.6933,35.6572]}},{"type":"Feature","properties":{"kind":"station","id":"shintomicho","name":"Shintomicho","name_local":"新富町","lines":"Y","hub":false,"color":"#c1a470","rank":1},"geometry":{"type":"Point","coordinates":[139.7749,35.6714]}},{"type":"Feature","properties":{"kind":"station","id":"shinyokohama","name":"Shin-yokohama","name_local":"新横浜","lines":"B","hub":false,"color":"#005ba5","rank":1},"geometry":{"type":"Point","coordinates":[139.617,35.5099]}},{"type":"Feature","properties":{"kind":"station","id":"shiodome","name":"Shiodome","name_local":"汐留","lines":"E,U","hub":true,"color":null,"rank":1},"geometry":{"type":"Point","coordinates":[139.7602,35.6633]}},{"type":"Feature","properties":{"kind":"station","id":"shioiri","name":"Shioiri","name_local":"汐入","lines":"KK","hub":false,"color":"#3366ff","rank":1},"geometry":{"type":"Point","coordinates":[139.6622,35.2803]}},{"type":"Feature","properties":{"kind":"station","id":"shiomi","name":"Shiomi","name_local":"潮見","lines":"JE,JM","hub":true,"color":null,"rank":1},"geometry":{"type":"Point","coordinates":[139.8172,35.659]}},{"type":"Feature","properties":{"kind":"station","id":"shiotsu","name":"Shiotsu","name_local":"四方津","lines":"JC","hub":false,"color":"#f15620","rank":1},"geometry":{"type":"Point","coordinates":[139.0734,35.6142]}},{"type":"Feature","properties":{"kind":"station","id":"shiraitodai","name":"Shiraitodai","name_local":"白糸台","lines":"SW","hub":false,"color":"#ef810f","rank":1},"geometry":{"type":"Point","coordinates":[139.5098,35.6665]}},{"type":"Feature","properties":{"kind":"station","id":"shiraoka","name":"Shiraoka","name_local":"白岡","lines":"JU","hub":false,"color":"#f68b1e","rank":2},"geometry":{"type":"Point","coordinates":[139.6668,36.0175]}},{"type":"Feature","properties":{"kind":"station","id":"shirokane-takanawa","name":"Shirokane-takanawa","name_local":"白金高輪","lines":"I,N","hub":true,"color":null,"rank":1},"geometry":{"type":"Point","coordinates":[139.7341,35.6429]}},{"type":"Feature","properties":{"kind":"station","id":"shirokanedai","name":"Shirokanedai","name_local":"白金台","lines":"I,N","hub":true,"color":null,"rank":1},"geometry":{"type":"Point","coordinates":[139.7266,35.6381]}},{"type":"Feature","properties":{"kind":"station","id":"shiromaru","name":"Shiromaru","name_local":"白丸","lines":"JC","hub":false,"color":"#fe642e","rank":1},"geometry":{"type":"Point","coordinates":[139.1148,35.812]}},{"type":"Feature","properties":{"kind":"station","id":"shitte","name":"Shitte","name_local":"尻手","lines":"JN","hub":false,"color":"#ffff00","rank":1},"geometry":{"type":"Point","coordinates":[139.6842,35.5312]}},{"type":"Feature","properties":{"kind":"station","id":"shizu","name":"Shizu","name_local":"志津","lines":"KS","hub":false,"color":"#005aaa","rank":1},"geometry":{"type":"Point","coordinates":[140.145,35.7174]}},{"type":"Feature","properties":{"kind":"station","id":"shoin-jinja-mae","name":"Shoin-jinja-mae","name_local":"松陰神社前","lines":"SG","hub":false,"color":"#fcc70d","rank":1},"geometry":{"type":"Point","coordinates":[139.6551,35.6439]}},{"type":"Feature","properties":{"kind":"station","id":"shonandai","name":"Shonandai","name_local":"湘南台","lines":"B","hub":false,"color":"#005ba5","rank":1},"geometry":{"type":"Point","coordinates":[139.4671,35.3964]}},{"type":"Feature","properties":{"kind":"station","id":"showajima","name":"Showajima","name_local":"昭和島","lines":"MO","hub":false,"color":"#003685","rank":1},"geometry":{"type":"Point","coordinates":[139.7501,35.5708]}},{"type":"Feature","properties":{"kind":"station","id":"shukugawara","name":"Shukugawara","name_local":"宿河原","lines":"JN","hub":false,"color":"#ffff00","rank":1},"geometry":{"type":"Point","coordinates":[139.5798,35.6153]}},{"type":"Feature","properties":{"kind":"station","id":"soga","name":"Soga","name_local":"蘇我","lines":"JE","hub":false,"color":"#dc143c","rank":1},"geometry":{"type":"Point","coordinates":[140.1308,35.5823]}},{"type":"Feature","properties":{"kind":"station","id":"sogosando","name":"Sogosando","name_local":"宗吾参道","lines":"KS","hub":false,"color":"#005aaa","rank":1},"geometry":{"type":"Point","coordinates":[140.281,35.7526]}},{"type":"Feature","properties":{"kind":"station","id":"soka","name":"Soka","name_local":"草加","lines":"TS","hub":false,"color":"#0f6cc3","rank":1},"geometry":{"type":"Point","coordinates":[139.8034,35.8281]}},{"type":"Feature","properties":{"kind":"station","id":"suehirocho","name":"Suehirocho","name_local":"末広町","lines":"G","hub":false,"color":"#ff9500","rank":1},"geometry":{"type":"Point","coordinates":[139.7717,35.7029]}},{"type":"Feature","properties":{"kind":"station","id":"sugamo","name":"Sugamo","name_local":"巣鴨","lines":"I,JY","hub":true,"color":null,"rank":1},"geometry":{"type":"Point","coordinates":[139.7392,35.7337]}},{"type":"Feature","properties":{"kind":"station","id":"sugano","name":"Sugano","name_local":"菅野","lines":"KS","hub":false,"color":"#0000cd","rank":1},"geometry":{"type":"Point","coordinates":[139.9193,35.7283]}},{"type":"Feature","properties":{"kind":"station","id":"sugita","name":"Sugita","name_local":"杉田","lines":"KK","hub":false,"color":"#3366ff","rank":1},"geometry":{"type":"Point","coordinates":[139.6156,35.384]}},{"type":"Feature","properties":{"kind":"station","id":"suidobashi","name":"Suidobashi","name_local":"水道橋","lines":"I,JB","hub":true,"color":null,"rank":1},"geometry":{"type":"Point","coordinates":[139.7551,35.7035]}},{"type":"Feature","properties":{"kind":"station","id":"suitengumae","name":"Suitengumae","name_local":"水天宮前","lines":"Z","hub":false,"color":"#8f76d6","rank":1},"geometry":{"type":"Point","coordinates":[139.7857,35.6826]}},{"type":"Feature","properties":{"kind":"station","id":"sumiyoshi","name":"Sumiyoshi","name_local":"住吉","lines":"S,Z","hub":true,"color":null,"rank":1},"geometry":{"type":"Point","coordinates":[139.8157,35.6887]}},{"type":"Feature","properties":{"kind":"station","id":"sunagawa-nanaban","name":"Sunagawa-Nanaban","name_local":"砂川七番","lines":"TT","hub":false,"color":"#22625e","rank":1},"geometry":{"type":"Point","coordinates":[139.4182,35.7234]}},{"type":"Feature","properties":{"kind":"station","id":"suzukakedai","name":"Suzukakedai","name_local":"すずかけ台","lines":"DT","hub":false,"color":"#20a288","rank":1},"geometry":{"type":"Point","coordinates":[139.4817,35.5169]}},{"type":"Feature","properties":{"kind":"station","id":"suzumenomiya","name":"Suzumenomiya","name_local":"雀宮","lines":"JU","hub":false,"color":"#f68b1e","rank":2},"geometry":{"type":"Point","coordinates":[139.8769,36.4939]}},{"type":"Feature","properties":{"kind":"station","id":"t-bu-takezawa","name":"Tōbu-Takezawa","name_local":"東武竹沢","lines":"TJ","hub":false,"color":"#004da3","rank":1},"geometry":{"type":"Point","coordinates":[139.2376,36.0756]}},{"type":"Feature","properties":{"kind":"station","id":"t-ky","name":"Tōkyō","name_local":"東京","lines":"JE,JM","hub":true,"color":null,"rank":1},"geometry":{"type":"Point","coordinates":[139.7646,35.6778]}},{"type":"Feature","properties":{"kind":"station","id":"tabata","name":"Tabata","name_local":"田端","lines":"JK,JY","hub":true,"color":null,"rank":1},"geometry":{"type":"Point","coordinates":[139.7617,35.7374]}},{"type":"Feature","properties":{"kind":"station","id":"tachiaigawa","name":"Tachiaigawa","name_local":"立会川","lines":"KK","hub":false,"color":"#3366ff","rank":1},"geometry":{"type":"Point","coordinates":[139.739,35.5987]}},{"type":"Feature","properties":{"kind":"station","id":"tachihi","name":"Tachihi","name_local":"立飛","lines":"TT","hub":false,"color":"#22625e","rank":1},"geometry":{"type":"Point","coordinates":[139.4172,35.7144]}},{"type":"Feature","properties":{"kind":"station","id":"tachikawa","name":"Tachikawa","name_local":"立川","lines":"JC,JN","hub":true,"color":null,"rank":1},"geometry":{"type":"Point","coordinates":[139.4136,35.6977]}},{"type":"Feature","properties":{"kind":"station","id":"tachikawa-kita","name":"Tachikawa-Kita","name_local":"立川北","lines":"TT","hub":false,"color":"#22625e","rank":1},"geometry":{"type":"Point","coordinates":[139.4125,35.6994]}},{"type":"Feature","properties":{"kind":"station","id":"tachikawa-minami","name":"Tachikawa-Minami","name_local":"立川南","lines":"TT","hub":false,"color":"#22625e","rank":1},"geometry":{"type":"Point","coordinates":[139.4126,35.6962]}},{"type":"Feature","properties":{"kind":"station","id":"takadanobaba","name":"Takadanobaba","name_local":"高田馬場","lines":"JY,SS,T,小江戸","hub":true,"color":null,"rank":1},"geometry":{"type":"Point","coordinates":[139.7038,35.7124]}},{"type":"Feature","properties":{"kind":"station","id":"takahatafudo","name":"Takahatafudo","name_local":"高幡不動","lines":"TT","hub":false,"color":"#22625e","rank":1},"geometry":{"type":"Point","coordinates":[139.4152,35.6613]}},{"type":"Feature","properties":{"kind":"station","id":"takaido","name":"Takaido","name_local":"高井戸","lines":"IN","hub":false,"color":"#083476","rank":1},"geometry":{"type":"Point","coordinates":[139.6156,35.6813]}},{"type":"Feature","properties":{"kind":"station","id":"takamatsu","name":"Takamatsu","name_local":"高松","lines":"TT","hub":false,"color":"#22625e","rank":1},"geometry":{"type":"Point","coordinates":[139.4133,35.7101]}},{"type":"Feature","properties":{"kind":"station","id":"takanawa-gateway","name":"Takanawa Gateway","name_local":"高輪ゲートウェイ","lines":"JK,JY","hub":true,"color":null,"rank":1},"geometry":{"type":"Point","coordinates":[139.7408,35.6354]}},{"type":"Feature","properties":{"kind":"station","id":"takanawadai","name":"Takanawadai","name_local":"高輪台","lines":"A","hub":false,"color":"#e85298","rank":1},"geometry":{"type":"Point","coordinates":[139.7303,35.6318]}},{"type":"Feature","properties":{"kind":"station","id":"takao","name":"Takao","name_local":"高尾","lines":"JC","hub":false,"color":"#f15620","rank":1},"geometry":{"type":"Point","coordinates":[139.283,35.642]}},{"type":"Feature","properties":{"kind":"station","id":"takaracho","name":"Takaracho","name_local":"宝町","lines":"A","hub":false,"color":"#e85298","rank":1},"geometry":{"type":"Point","coordinates":[139.7719,35.6754]}},{"type":"Feature","properties":{"kind":"station","id":"takasaka","name":"Takasaka","name_local":"高坂","lines":"TJ","hub":false,"color":"#004da3","rank":1},"geometry":{"type":"Point","coordinates":[139.3978,36.0027]}},{"type":"Feature","properties":{"kind":"station","id":"takashimacho","name":"Takashimacho","name_local":"高島町","lines":"B","hub":false,"color":"#005ba5","rank":1},"geometry":{"type":"Point","coordinates":[139.6239,35.4585]}},{"type":"Feature","properties":{"kind":"station","id":"takashimadaira","name":"Takashimadaira","name_local":"高島平","lines":"I","hub":false,"color":"#0079c2","rank":1},"geometry":{"type":"Point","coordinates":[139.6613,35.7888]}},{"type":"Feature","properties":{"kind":"station","id":"takatsu","name":"Takatsu","name_local":"高津","lines":"DT,OM","hub":true,"color":null,"rank":1},"geometry":{"type":"Point","coordinates":[139.6169,35.6032]}},{"type":"Feature","properties":{"kind":"station","id":"takebashi","name":"Takebashi","name_local":"竹橋","lines":"T","hub":false,"color":"#009bbf","rank":1},"geometry":{"type":"Point","coordinates":[139.7587,35.6901]}},{"type":"Feature","properties":{"kind":"station","id":"takenotsuka","name":"Takenotsuka","name_local":"竹ノ塚","lines":"TS","hub":false,"color":"#0f6cc3","rank":1},"geometry":{"type":"Point","coordinates":[139.7908,35.7945]}},{"type":"Feature","properties":{"kind":"station","id":"takesato","name":"Takesato","name_local":"武里","lines":"TS","hub":false,"color":"#0f6cc3","rank":1},"geometry":{"type":"Point","coordinates":[139.7707,35.9486]}},{"type":"Feature","properties":{"kind":"station","id":"takeshiba","name":"Takeshiba","name_local":"竹芝","lines":"U","hub":false,"color":"#1662b8","rank":1},"geometry":{"type":"Point","coordinates":[139.7619,35.654]}},{"type":"Feature","properties":{"kind":"station","id":"tama","name":"Tama","name_local":"多磨","lines":"SW","hub":false,"color":"#ef810f","rank":1},"geometry":{"type":"Point","coordinates":[139.5172,35.6769]}},{"type":"Feature","properties":{"kind":"station","id":"tama-center","name":"Tama Center","name_local":"多摩センター","lines":"TT","hub":false,"color":"#22625e","rank":1},"geometry":{"type":"Point","coordinates":[139.4229,35.624]}},{"type":"Feature","properties":{"kind":"station","id":"tama-dobutsukoen","name":"Tama-Dobutsukoen","name_local":"多摩動物公園","lines":"TT","hub":false,"color":"#22625e","rank":1},"geometry":{"type":"Point","coordinates":[139.4038,35.6487]}},{"type":"Feature","properties":{"kind":"station","id":"tama-plaza","name":"Tama-plaza","name_local":"たまプラーザ","lines":"DT","hub":false,"color":"#20a288","rank":1},"geometry":{"type":"Point","coordinates":[139.5588,35.5775]}},{"type":"Feature","properties":{"kind":"station","id":"tama-reien","name":"Tama-reien","name_local":"多磨霊園","lines":"KO","hub":false,"color":"#e50b84","rank":1},"geometry":{"type":"Point","coordinates":[139.5026,35.6662]}},{"type":"Feature","properties":{"kind":"station","id":"tamachi","name":"Mita","name_local":"三田","lines":"A,JK,JY","hub":true,"color":null,"rank":1},"geometry":{"type":"Point","coordinates":[139.7476,35.6457]}},{"type":"Feature","properties":{"kind":"station","id":"tamagawa","name":"Tamagawa","name_local":"多摩川","lines":"MG,TM,TY","hub":true,"color":null,"rank":1},"geometry":{"type":"Point","coordinates":[139.6687,35.5896]}},{"type":"Feature","properties":{"kind":"station","id":"tamagawa-josui","name":"Tamagawa-Josui","name_local":"玉川上水","lines":"TT","hub":false,"color":"#22625e","rank":1},"geometry":{"type":"Point","coordinates":[139.4179,35.7322]}},{"type":"Feature","properties":{"kind":"station","id":"tamagawagakuen-mae","name":"Tamagawagakuen-mae","name_local":"玉川学園前","lines":"OH","hub":false,"color":"#0d82c7","rank":1},"geometry":{"type":"Point","coordinates":[139.4635,35.5636]}},{"type":"Feature","properties":{"kind":"station","id":"tamayodo","name":"Tamayodo","name_local":"玉淀","lines":"TJ","hub":false,"color":"#004da3","rank":1},"geometry":{"type":"Point","coordinates":[139.2002,36.1171]}},{"type":"Feature","properties":{"kind":"station","id":"tameike-sanno","name":"Tameike-sanno","name_local":"溜池山王","lines":"G,N","hub":true,"color":null,"rank":1},"geometry":{"type":"Point","coordinates":[139.7413,35.673]}},{"type":"Feature","properties":{"kind":"station","id":"tammachi","name":"Tammachi","name_local":"反町","lines":"TY","hub":false,"color":"#da0442","rank":1},"geometry":{"type":"Point","coordinates":[139.6253,35.4745]}},{"type":"Feature","properties":{"kind":"station","id":"tana","name":"Tana","name_local":"田奈","lines":"DT","hub":false,"color":"#20a288","rank":1},"geometry":{"type":"Point","coordinates":[139.5048,35.5361]}},{"type":"Feature","properties":{"kind":"station","id":"tanashi","name":"Tanashi","name_local":"田無","lines":"SS","hub":false,"color":"#00a6bf","rank":1},"geometry":{"type":"Point","coordinates":[139.5395,35.7272]}},{"type":"Feature","properties":{"kind":"station","id":"tateba","name":"Tateba","name_local":"立場","lines":"B","hub":false,"color":"#005ba5","rank":1},"geometry":{"type":"Point","coordinates":[139.5004,35.4143]}},{"type":"Feature","properties":{"kind":"station","id":"tatsumi","name":"Tatsumi","name_local":"辰巳","lines":"Y","hub":false,"color":"#c1a470","rank":1},"geometry":{"type":"Point","coordinates":[139.8107,35.6455]}},{"type":"Feature","properties":{"kind":"station","id":"tawaramachi","name":"Tawaramachi","name_local":"田原町","lines":"G","hub":false,"color":"#ff9500","rank":1},"geometry":{"type":"Point","coordinates":[139.7887,35.7101]}},{"type":"Feature","properties":{"kind":"station","id":"tenkubashi","name":"Tenkubashi","name_local":"天空橋","lines":"MO","hub":false,"color":"#003685","rank":1},"geometry":{"type":"Point","coordinates":[139.7544,35.549]}},{"type":"Feature","properties":{"kind":"station","id":"tennocho","name":"Tennocho","name_local":"天王町","lines":"SO","hub":false,"color":"#0c1e56","rank":1},"geometry":{"type":"Point","coordinates":[139.6027,35.454]}},{"type":"Feature","properties":{"kind":"station","id":"tennodai","name":"Tennodai","name_local":"天王台","lines":"JJ,JL","hub":true,"color":null,"rank":1},"geometry":{"type":"Point","coordinates":[140.0407,35.8726]}},{"type":"Feature","properties":{"kind":"station","id":"tennozu-isle","name":"Tennozu Isle","name_local":"天王洲アイル","lines":"MO,R","hub":true,"color":null,"rank":1},"geometry":{"type":"Point","coordinates":[139.7509,35.6206]}},{"type":"Feature","properties":{"kind":"station","id":"tobe","name":"Tobe","name_local":"戸部","lines":"KK","hub":false,"color":"#3366ff","rank":1},"geometry":{"type":"Point","coordinates":[139.6195,35.4567]}},{"type":"Feature","properties":{"kind":"station","id":"tobitakyu-ajinomoto-stadium","name":"Tobitakyu (Ajinomoto Stadium)","name_local":"飛田給","lines":"KO","hub":false,"color":"#e50b84","rank":1},"geometry":{"type":"Point","coordinates":[139.5235,35.6601]}},{"type":"Feature","properties":{"kind":"station","id":"tobu-nerima","name":"Tobu-nerima","name_local":"東武練馬","lines":"TJ","hub":false,"color":"#004da3","rank":1},"geometry":{"type":"Point","coordinates":[139.6625,35.7687]}},{"type":"Feature","properties":{"kind":"station","id":"tochomae","name":"Tochomae","name_local":"都庁前","lines":"E","hub":false,"color":"#b6007a","rank":1},"geometry":{"type":"Point","coordinates":[139.6928,35.6906]}},{"type":"Feature","properties":{"kind":"station","id":"toda","name":"Toda","name_local":"戸田","lines":"JA","hub":false,"color":"#00ac9a","rank":1},"geometry":{"type":"Point","coordinates":[139.6697,35.8177]}},{"type":"Feature","properties":{"kind":"station","id":"todaimae","name":"Todaimae","name_local":"東大前","lines":"N","hub":false,"color":"#00ac9b","rank":1},"geometry":{"type":"Point","coordinates":[139.7581,35.7173]}},{"type":"Feature","properties":{"kind":"station","id":"todakoen","name":"Todakoen","name_local":"戸田公園","lines":"JA","hub":false,"color":"#00ac9a","rank":1},"geometry":{"type":"Point","coordinates":[139.6782,35.808]}},{"type":"Feature","properties":{"kind":"station","id":"todoroki","name":"Todoroki","name_local":"等々力","lines":"OM","hub":false,"color":"#f18c43","rank":1},"geometry":{"type":"Point","coordinates":[139.648,35.6083]}},{"type":"Feature","properties":{"kind":"station","id":"togoshi","name":"Togoshi","name_local":"戸越","lines":"A","hub":false,"color":"#e85298","rank":1},"geometry":{"type":"Point","coordinates":[139.7163,35.6145]}},{"type":"Feature","properties":{"kind":"station","id":"togoshi-ginza","name":"Togoshi-ginza","name_local":"戸越銀座","lines":"IK","hub":false,"color":"#ee86a7","rank":1},"geometry":{"type":"Point","coordinates":[139.7151,35.6162]}},{"type":"Feature","properties":{"kind":"station","id":"togoshi-koen","name":"Togoshi-koen","name_local":"戸越公園","lines":"OM","hub":false,"color":"#f18c43","rank":1},"geometry":{"type":"Point","coordinates":[139.7183,35.6089]}},{"type":"Feature","properties":{"kind":"station","id":"tokaichiba","name":"Tokaichiba","name_local":"十日市場","lines":"JH","hub":false,"color":"#9acd32","rank":1},"geometry":{"type":"Point","coordinates":[139.5163,35.5263]}},{"type":"Feature","properties":{"kind":"station","id":"tokaidaigaku-mae","name":"Tokaidaigaku-mae","name_local":"東海大学前","lines":"OH","hub":false,"color":"#0d82c7","rank":1},"geometry":{"type":"Point","coordinates":[139.2713,35.3732]}},{"type":"Feature","properties":{"kind":"station","id":"tokiwadai","name":"Tokiwadai","name_local":"ときわ台","lines":"TJ","hub":false,"color":"#004da3","rank":1},"geometry":{"type":"Point","coordinates":[139.6886,35.759]}},{"type":"Feature","properties":{"kind":"station","id":"tokorozawa","name":"Tokorozawa","name_local":"所沢","lines":"SI,SS,小江戸","hub":true,"color":null,"rank":1},"geometry":{"type":"Point","coordinates":[139.4733,35.7873]}},{"type":"Feature","properties":{"kind":"station","id":"tokyo","name":"Tokyo","name_local":"東京","lines":"JC,JK,JO,JT,JU,JY,M","hub":true,"color":null,"rank":1},"geometry":{"type":"Point","coordinates":[139.7671,35.6812]}},{"type":"Feature","properties":{"kind":"station","id":"tokyo-international-cruise-terminal","name":"Tokyo International Cruise Terminal","name_local":"東京国際クルーズターミナル","lines":"U","hub":false,"color":"#1662b8","rank":1},"geometry":{"type":"Point","coordinates":[139.7731,35.6214]}},{"type":"Feature","properties":{"kind":"station","id":"tokyo-teleport","name":"Tokyo Teleport","name_local":"東京テレポート","lines":"R","hub":false,"color":"#2d3087","rank":1},"geometry":{"type":"Point","coordinates":[139.7781,35.6271]}},{"type":"Feature","properties":{"kind":"station","id":"tomizu","name":"Tomizu","name_local":"富水","lines":"OH","hub":false,"color":"#0d82c7","rank":1},"geometry":{"type":"Point","coordinates":[139.1453,35.2963]}},{"type":"Feature","properties":{"kind":"station","id":"toneri","name":"Toneri","name_local":"舎人","lines":"NT","hub":false,"color":"#ff69b4","rank":1},"geometry":{"type":"Point","coordinates":[139.7701,35.8056]}},{"type":"Feature","properties":{"kind":"station","id":"toneri-koen","name":"Toneri-koen","name_local":"舎人公園","lines":"NT","hub":false,"color":"#ff69b4","rank":1},"geometry":{"type":"Point","coordinates":[139.7701,35.7964]}},{"type":"Feature","properties":{"kind":"station","id":"toranomon","name":"Toranomon","name_local":"虎ノ門","lines":"G","hub":false,"color":"#ff9500","rank":1},"geometry":{"type":"Point","coordinates":[139.75,35.6701]}},{"type":"Feature","properties":{"kind":"station","id":"toranomon-hills","name":"Toranomon Hills","name_local":"虎ノ門ヒルズ","lines":"H","hub":false,"color":"#b5b5ac","rank":1},"geometry":{"type":"Point","coordinates":[139.7478,35.6675]}},{"type":"Feature","properties":{"kind":"station","id":"toride","name":"Toride","name_local":"取手","lines":"JJ,JL","hub":true,"color":null,"rank":1},"geometry":{"type":"Point","coordinates":[140.0629,35.8954]}},{"type":"Feature","properties":{"kind":"station","id":"torisawa","name":"Torisawa","name_local":"鳥沢","lines":"JC","hub":false,"color":"#f15620","rank":1},"geometry":{"type":"Point","coordinates":[139.0031,35.6082]}},{"type":"Feature","properties":{"kind":"station","id":"toritsu-daigaku","name":"Toritsu-daigaku","name_local":"都立大学","lines":"TY","hub":false,"color":"#da0442","rank":1},"geometry":{"type":"Point","coordinates":[139.6762,35.6176]}},{"type":"Feature","properties":{"kind":"station","id":"toritsu-kasei","name":"Toritsu-Kasei","name_local":"都立家政","lines":"SS","hub":false,"color":"#00a6bf","rank":1},"geometry":{"type":"Point","coordinates":[139.6448,35.7224]}},{"type":"Feature","properties":{"kind":"station","id":"toro","name":"Toro","name_local":"土呂","lines":"JU","hub":false,"color":"#f68b1e","rank":2},"geometry":{"type":"Point","coordinates":[139.6321,35.9318]}},{"type":"Feature","properties":{"kind":"station","id":"toshimaen","name":"Toshimaen","name_local":"豊島園","lines":"E","hub":false,"color":"#b6007a","rank":1},"geometry":{"type":"Point","coordinates":[139.6491,35.7422]}},{"type":"Feature","properties":{"kind":"station","id":"totsuka","name":"Totsuka","name_local":"戸塚","lines":"B,JO,JT","hub":true,"color":null,"rank":1},"geometry":{"type":"Point","coordinates":[139.5341,35.4005]}},{"type":"Feature","properties":{"kind":"station","id":"toyocho","name":"Toyocho","name_local":"東陽町","lines":"T","hub":false,"color":"#009bbf","rank":1},"geometry":{"type":"Point","coordinates":[139.8175,35.6693]}},{"type":"Feature","properties":{"kind":"station","id":"toyoda","name":"Toyoda","name_local":"豊田","lines":"JC","hub":false,"color":"#f15620","rank":1},"geometry":{"type":"Point","coordinates":[139.3814,35.6596]}},{"type":"Feature","properties":{"kind":"station","id":"toyosu","name":"Toyosu","name_local":"豊洲","lines":"U,Y","hub":true,"color":null,"rank":1},"geometry":{"type":"Point","coordinates":[139.7954,35.6538]}},{"type":"Feature","properties":{"kind":"station","id":"tsudanuma","name":"Tsudanuma","name_local":"津田沼","lines":"JB,JO","hub":true,"color":null,"rank":1},"geometry":{"type":"Point","coordinates":[140.02,35.6912]}},{"type":"Feature","properties":{"kind":"station","id":"tsudayama","name":"Tsudayama","name_local":"津田山","lines":"JN","hub":false,"color":"#ffff00","rank":1},"geometry":{"type":"Point","coordinates":[139.6004,35.6039]}},{"type":"Feature","properties":{"kind":"station","id":"tsukiji","name":"Tsukiji","name_local":"築地","lines":"H","hub":false,"color":"#b5b5ac","rank":1},"geometry":{"type":"Point","coordinates":[139.7707,35.6654]}},{"type":"Feature","properties":{"kind":"station","id":"tsukijishijo","name":"Tsukijishijo","name_local":"築地市場","lines":"E","hub":false,"color":"#b6007a","rank":1},"geometry":{"type":"Point","coordinates":[139.7702,35.6647]}},{"type":"Feature","properties":{"kind":"station","id":"tsukimino","name":"Tsukimino","name_local":"つきみ野","lines":"DT","hub":false,"color":"#20a288","rank":1},"geometry":{"type":"Point","coordinates":[139.4582,35.5104]}},{"type":"Feature","properties":{"kind":"station","id":"tsukinowa","name":"Tsukinowa","name_local":"つきのわ","lines":"TJ","hub":false,"color":"#004da3","rank":1},"geometry":{"type":"Point","coordinates":[139.3454,36.0435]}},{"type":"Feature","properties":{"kind":"station","id":"tsukishima","name":"Tsukishima","name_local":"月島","lines":"E,Y","hub":true,"color":null,"rank":1},"geometry":{"type":"Point","coordinates":[139.7848,35.6646]}},{"type":"Feature","properties":{"kind":"station","id":"tsukuba","name":"Tsukuba","name_local":"つくば","lines":"TX","hub":false,"color":"#000084","rank":1},"geometry":{"type":"Point","coordinates":[140.1112,36.0826]}},{"type":"Feature","properties":{"kind":"station","id":"tsukushino","name":"Tsukushino","name_local":"つくし野","lines":"DT","hub":false,"color":"#20a288","rank":1},"geometry":{"type":"Point","coordinates":[139.485,35.5274]}},{"type":"Feature","properties":{"kind":"station","id":"tsunashima","name":"Tsunashima","name_local":"綱島","lines":"TY","hub":false,"color":"#da0442","rank":1},"geometry":{"type":"Point","coordinates":[139.6347,35.5367]}},{"type":"Feature","properties":{"kind":"station","id":"tsurugamine","name":"Tsurugamine","name_local":"鶴ヶ峰","lines":"SO","hub":false,"color":"#0c1e56","rank":1},"geometry":{"type":"Point","coordinates":[139.5497,35.475]}},{"type":"Feature","properties":{"kind":"station","id":"tsurugashima","name":"Tsurugashima","name_local":"鶴ヶ島","lines":"TJ","hub":false,"color":"#004da3","rank":1},"geometry":{"type":"Point","coordinates":[139.4237,35.937]}},{"type":"Feature","properties":{"kind":"station","id":"tsurukawa","name":"Tsurukawa","name_local":"鶴川","lines":"OH","hub":false,"color":"#0d82c7","rank":1},"geometry":{"type":"Point","coordinates":[139.4816,35.5831]}},{"type":"Feature","properties":{"kind":"station","id":"tsurumaki-onsen","name":"Tsurumaki-Onsen","name_local":"鶴巻温泉","lines":"OH","hub":false,"color":"#0d82c7","rank":1},"geometry":{"type":"Point","coordinates":[139.2776,35.3808]}},{"type":"Feature","properties":{"kind":"station","id":"tsurumi","name":"Tsurumi","name_local":"鶴見","lines":"JK","hub":false,"color":"#00b2e5","rank":1},"geometry":{"type":"Point","coordinates":[139.6762,35.5083]}},{"type":"Feature","properties":{"kind":"station","id":"tsurumi-ichiba","name":"Tsurumi-ichiba","name_local":"鶴見市場","lines":"KK","hub":false,"color":"#3366ff","rank":1},"geometry":{"type":"Point","coordinates":[139.6869,35.5182]}},{"type":"Feature","properties":{"kind":"station","id":"tsuruse","name":"Tsuruse","name_local":"鶴瀬","lines":"TJ","hub":false,"color":"#004da3","rank":1},"geometry":{"type":"Point","coordinates":[139.5395,35.8458]}},{"type":"Feature","properties":{"kind":"station","id":"tsutsujigaoka-2","name":"Tsutsujigaoka","name_local":"つつじヶ丘","lines":"KO","hub":false,"color":"#e50b84","rank":1},"geometry":{"type":"Point","coordinates":[139.5753,35.6581]}},{"type":"Feature","properties":{"kind":"station","id":"uchisaiwaicho","name":"Uchisaiwaicho","name_local":"内幸町","lines":"I","hub":false,"color":"#0079c2","rank":1},"geometry":{"type":"Point","coordinates":[139.7553,35.6695]}},{"type":"Feature","properties":{"kind":"station","id":"ueno","name":"Ueno","name_local":"上野","lines":"G,H,JJ,JK,JU,JY","hub":true,"color":null,"rank":1},"geometry":{"type":"Point","coordinates":[139.7762,35.7117]}},{"type":"Feature","properties":{"kind":"station","id":"uenohara","name":"Uenohara","name_local":"上野原","lines":"JC","hub":false,"color":"#f15620","rank":1},"geometry":{"type":"Point","coordinates":[139.116,35.6189]}},{"type":"Feature","properties":{"kind":"station","id":"uguisudani","name":"Uguisudani","name_local":"鶯谷","lines":"JK,JY","hub":true,"color":null,"rank":1},"geometry":{"type":"Point","coordinates":[139.7779,35.7217]}},{"type":"Feature","properties":{"kind":"station","id":"ujiie","name":"Ujiie","name_local":"氏家","lines":"JU","hub":false,"color":"#f68b1e","rank":2},"geometry":{"type":"Point","coordinates":[139.9621,36.6815]}},{"type":"Feature","properties":{"kind":"station","id":"ukimafunado","name":"Ukimafunado","name_local":"浮間舟渡","lines":"JA","hub":false,"color":"#00ac9a","rank":1},"geometry":{"type":"Point","coordinates":[139.6915,35.7912]}},{"type":"Feature","properties":{"kind":"station","id":"umegaoka","name":"Umegaoka","name_local":"梅ヶ丘","lines":"OH","hub":false,"color":"#0d82c7","rank":1},"geometry":{"type":"Point","coordinates":[139.6542,35.6561]}},{"type":"Feature","properties":{"kind":"station","id":"umejima","name":"Umejima","name_local":"梅島","lines":"TS","hub":false,"color":"#0f6cc3","rank":1},"geometry":{"type":"Point","coordinates":[139.798,35.7723]}},{"type":"Feature","properties":{"kind":"station","id":"umeyashiki","name":"Umeyashiki","name_local":"梅屋敷","lines":"KK","hub":false,"color":"#3366ff","rank":1},"geometry":{"type":"Point","coordinates":[139.7284,35.567]}},{"type":"Feature","properties":{"kind":"station","id":"unoki","name":"Unoki","name_local":"鵜の木","lines":"TM","hub":false,"color":"#ae0378","rank":1},"geometry":{"type":"Point","coordinates":[139.6805,35.5755]}},{"type":"Feature","properties":{"kind":"station","id":"uraga","name":"Uraga","name_local":"浦賀","lines":"KK","hub":false,"color":"#3366ff","rank":1},"geometry":{"type":"Point","coordinates":[139.715,35.2515]}},{"type":"Feature","properties":{"kind":"station","id":"urawa","name":"Urawa","name_local":"浦和","lines":"JK,JU","hub":true,"color":null,"rank":1},"geometry":{"type":"Point","coordinates":[139.6574,35.8591]}},{"type":"Feature","properties":{"kind":"station","id":"urayasu","name":"Urayasu","name_local":"浦安","lines":"T","hub":false,"color":"#009bbf","rank":1},"geometry":{"type":"Point","coordinates":[139.893,35.6658]}},{"type":"Feature","properties":{"kind":"station","id":"ushigome-yanagicho","name":"Ushigome-yanagicho","name_local":"牛込柳町","lines":"E","hub":false,"color":"#b6007a","rank":1},"geometry":{"type":"Point","coordinates":[139.7256,35.6994]}},{"type":"Feature","properties":{"kind":"station","id":"ushigomekagurazaka","name":"Ushigome-kagurazaka","name_local":"牛込神楽坂","lines":"E","hub":false,"color":"#b6007a","rank":1},"geometry":{"type":"Point","coordinates":[139.7375,35.7017]}},{"type":"Feature","properties":{"kind":"station","id":"ushihama","name":"Ushihama","name_local":"牛浜","lines":"JC","hub":false,"color":"#fe642e","rank":1},"geometry":{"type":"Point","coordinates":[139.3336,35.7346]}},{"type":"Feature","properties":{"kind":"station","id":"utsunomiya","name":"Utsunomiya","name_local":"宇都宮","lines":"JU","hub":false,"color":"#f68b1e","rank":2},"geometry":{"type":"Point","coordinates":[139.8983,36.5586]}},{"type":"Feature","properties":{"kind":"station","id":"wadamachi","name":"Wadamachi","name_local":"和田町","lines":"SO","hub":false,"color":"#0c1e56","rank":1},"geometry":{"type":"Point","coordinates":[139.5864,35.4638]}},{"type":"Feature","properties":{"kind":"station","id":"wakaba","name":"Wakaba","name_local":"若葉","lines":"TJ","hub":false,"color":"#004da3","rank":1},"geometry":{"type":"Point","coordinates":[139.4088,35.9491]}},{"type":"Feature","properties":{"kind":"station","id":"wakabayashi","name":"Wakabayashi","name_local":"若林","lines":"SG","hub":false,"color":"#fcc70d","rank":1},"geometry":{"type":"Point","coordinates":[139.6597,35.6459]}},{"type":"Feature","properties":{"kind":"station","id":"wakamatsu-kawada","name":"Wakamatsu-kawada","name_local":"若松河田","lines":"E","hub":false,"color":"#b6007a","rank":1},"geometry":{"type":"Point","coordinates":[139.7184,35.6993]}},{"type":"Feature","properties":{"kind":"station","id":"wakoshi","name":"Wakoshi","name_local":"和光市","lines":"F,TJ,Y","hub":true,"color":null,"rank":1},"geometry":{"type":"Point","coordinates":[139.6129,35.7885]}},{"type":"Feature","properties":{"kind":"station","id":"warabi","name":"Warabi","name_local":"蕨","lines":"JK","hub":false,"color":"#00b2e5","rank":1},"geometry":{"type":"Point","coordinates":[139.6904,35.8282]}},{"type":"Feature","properties":{"kind":"station","id":"waseda","name":"Waseda","name_local":"早稲田","lines":"T","hub":false,"color":"#009bbf","rank":1},"geometry":{"type":"Point","coordinates":[139.72,35.7055]}},{"type":"Feature","properties":{"kind":"station","id":"yabe","name":"Yabe","name_local":"矢部","lines":"JH","hub":false,"color":"#9acd32","rank":1},"geometry":{"type":"Point","coordinates":[139.3866,35.5731]}},{"type":"Feature","properties":{"kind":"station","id":"yachiyodai","name":"Yachiyodai","name_local":"八千代台","lines":"KS","hub":false,"color":"#005aaa","rank":1},"geometry":{"type":"Point","coordinates":[140.0906,35.7012]}},{"type":"Feature","properties":{"kind":"station","id":"yagawa","name":"Yagawa","name_local":"矢川","lines":"JN","hub":false,"color":"#ffff00","rank":1},"geometry":{"type":"Point","coordinates":[139.4315,35.685]}},{"type":"Feature","properties":{"kind":"station","id":"yaguchi-no-watashi","name":"Yaguchi-no-watashi","name_local":"矢口渡","lines":"TM","hub":false,"color":"#ae0378","rank":1},"geometry":{"type":"Point","coordinates":[139.7002,35.5626]}},{"type":"Feature","properties":{"kind":"station","id":"yaho","name":"Yaho","name_local":"谷保","lines":"JN","hub":false,"color":"#ffff00","rank":1},"geometry":{"type":"Point","coordinates":[139.4469,35.6813]}},{"type":"Feature","properties":{"kind":"station","id":"yaita","name":"Yaita","name_local":"矢板","lines":"JU","hub":false,"color":"#f68b1e","rank":2},"geometry":{"type":"Point","coordinates":[139.933,36.8068]}},{"type":"Feature","properties":{"kind":"station","id":"yako","name":"Yako","name_local":"矢向","lines":"JN","hub":false,"color":"#ffff00","rank":1},"geometry":{"type":"Point","coordinates":[139.6805,35.5392]}},{"type":"Feature","properties":{"kind":"station","id":"yamashita","name":"Yamashita","name_local":"山下","lines":"SG","hub":false,"color":"#fcc70d","rank":1},"geometry":{"type":"Point","coordinates":[139.6465,35.6539]}},{"type":"Feature","properties":{"kind":"station","id":"yamato","name":"Yamato","name_local":"大和","lines":"SO","hub":false,"color":"#0c1e56","rank":1},"geometry":{"type":"Point","coordinates":[139.4613,35.4699]}},{"type":"Feature","properties":{"kind":"station","id":"yanagawa","name":"Yanagawa","name_local":"梁川","lines":"JC","hub":false,"color":"#f15620","rank":1},"geometry":{"type":"Point","coordinates":[139.0377,35.606]}},{"type":"Feature","properties":{"kind":"station","id":"yanasegawa","name":"Yanasegawa","name_local":"柳瀬川","lines":"TJ","hub":false,"color":"#004da3","rank":1},"geometry":{"type":"Point","coordinates":[139.5622,35.8308]}},{"type":"Feature","properties":{"kind":"station","id":"yanokuchi","name":"Yanokuchi","name_local":"矢野口","lines":"JN","hub":false,"color":"#ffff00","rank":1},"geometry":{"type":"Point","coordinates":[139.5205,35.6416]}},{"type":"Feature","properties":{"kind":"station","id":"yashio","name":"Yashio","name_local":"八潮","lines":"TX","hub":false,"color":"#000084","rank":1},"geometry":{"type":"Point","coordinates":[139.8448,35.8078]}},{"type":"Feature","properties":{"kind":"station","id":"yatsu","name":"Yatsu","name_local":"谷津","lines":"KS","hub":false,"color":"#0000cd","rank":1},"geometry":{"type":"Point","coordinates":[140.0075,35.6853]}},{"type":"Feature","properties":{"kind":"station","id":"yazaike","name":"Yazaike","name_local":"谷在家","lines":"NT","hub":false,"color":"#ff69b4","rank":1},"geometry":{"type":"Point","coordinates":[139.77,35.7887]}},{"type":"Feature","properties":{"kind":"station","id":"yoga","name":"Yoga","name_local":"用賀","lines":"DT","hub":false,"color":"#20a288","rank":1},"geometry":{"type":"Point","coordinates":[139.6342,35.6266]}},{"type":"Feature","properties":{"kind":"station","id":"yokohama","name":"Yokohama","name_local":"横浜","lines":"B,JH,JK,JO,JT,KK,MM,SO,TY","hub":true,"color":null,"rank":1},"geometry":{"type":"Point","coordinates":[139.622,35.466]}},{"type":"Feature","properties":{"kind":"station","id":"yokosuka-chuo","name":"Yokosuka-chuo","name_local":"横須賀中央","lines":"KK","hub":false,"color":"#3366ff","rank":1},"geometry":{"type":"Point","coordinates":[139.6704,35.2785]}},{"type":"Feature","properties":{"kind":"station","id":"yomiuriland-mae","name":"Yomiuriland-mae","name_local":"読売ランド前","lines":"OH","hub":false,"color":"#0d82c7","rank":1},"geometry":{"type":"Point","coordinates":[139.5279,35.6148]}},{"type":"Feature","properties":{"kind":"station","id":"yono","name":"Yono","name_local":"与野","lines":"JK","hub":false,"color":"#00b2e5","rank":1},"geometry":{"type":"Point","coordinates":[139.6392,35.8844]}},{"type":"Feature","properties":{"kind":"station","id":"yono-hommachi","name":"Yono-Hommachi","name_local":"与野本町","lines":"JA","hub":false,"color":"#00ac9a","rank":1},"geometry":{"type":"Point","coordinates":[139.6261,35.8812]}},{"type":"Feature","properties":{"kind":"station","id":"yorii","name":"Yorii","name_local":"寄居","lines":"TJ","hub":false,"color":"#004da3","rank":1},"geometry":{"type":"Point","coordinates":[139.1942,36.1176]}},{"type":"Feature","properties":{"kind":"station","id":"yoshikawa","name":"Yoshikawa","name_local":"吉川","lines":"JM","hub":false,"color":"#ff4500","rank":2},"geometry":{"type":"Point","coordinates":[139.8435,35.8765]}},{"type":"Feature","properties":{"kind":"station","id":"yoshikawa-minami","name":"Yoshikawa-Minami","name_local":"吉川美南","lines":"JM","hub":false,"color":"#ff4500","rank":2},"geometry":{"type":"Point","coordinates":[139.858,35.868]}},{"type":"Feature","properties":{"kind":"station","id":"yoshinocho","name":"Yoshinocho","name_local":"吉野町","lines":"B","hub":false,"color":"#005ba5","rank":1},"geometry":{"type":"Point","coordinates":[139.6187,35.4354]}},{"type":"Feature","properties":{"kind":"station","id":"yotsuya","name":"Yotsuya","name_local":"四ツ谷","lines":"JB,JC,M,N","hub":true,"color":null,"rank":1},"geometry":{"type":"Point","coordinates":[139.73,35.6847]}},{"type":"Feature","properties":{"kind":"station","id":"yotsuya3","name":"Yotsuya-sanchome","name_local":"四谷三丁目","lines":"M","hub":false,"color":"#f62e36","rank":1},"geometry":{"type":"Point","coordinates":[139.72,35.687]}},{"type":"Feature","properties":{"kind":"station","id":"yoyogi-hachiman","name":"Yoyogi-Hachiman","name_local":"代々木八幡","lines":"OH","hub":false,"color":"#0d82c7","rank":1},"geometry":{"type":"Point","coordinates":[139.6881,35.6694]}},{"type":"Feature","properties":{"kind":"station","id":"yoyogi-koen","name":"Yoyogi-koen","name_local":"代々木公園","lines":"C","hub":false,"color":"#00bb85","rank":1},"geometry":{"type":"Point","coordinates":[139.6901,35.6691]}},{"type":"Feature","properties":{"kind":"station","id":"yoyogiuehara","name":"Yoyogi-Uehara","name_local":"代々木上原","lines":"C,OH","hub":true,"color":null,"rank":1},"geometry":{"type":"Point","coordinates":[139.681,35.669]}},{"type":"Feature","properties":{"kind":"station","id":"yugawara","name":"Yugawara","name_local":"湯河原","lines":"JT","hub":false,"color":"#ffa500","rank":2},"geometry":{"type":"Point","coordinates":[139.1022,35.1463]}},{"type":"Feature","properties":{"kind":"station","id":"yukarigaoka","name":"Yukarigaoka","name_local":"ユーカリが丘","lines":"KS","hub":false,"color":"#005aaa","rank":1},"geometry":{"type":"Point","coordinates":[140.1564,35.7217]}},{"type":"Feature","properties":{"kind":"station","id":"yukigaya-otsuka","name":"Yukigaya-otsuka","name_local":"雪が谷大塚","lines":"IK","hub":false,"color":"#ee86a7","rank":1},"geometry":{"type":"Point","coordinates":[139.681,35.592]}},{"type":"Feature","properties":{"kind":"station","id":"yurakucho","name":"Yurakucho","name_local":"有楽町","lines":"JK,JY,Y","hub":true,"color":null,"rank":1},"geometry":{"type":"Point","coordinates":[139.7622,35.676]}},{"type":"Feature","properties":{"kind":"station","id":"yurigaoka","name":"Yurigaoka","name_local":"百合ヶ丘","lines":"OH","hub":false,"color":"#0d82c7","rank":1},"geometry":{"type":"Point","coordinates":[139.5161,35.609]}},{"type":"Feature","properties":{"kind":"station","id":"yushima","name":"Yushima","name_local":"湯島","lines":"C","hub":false,"color":"#00bb85","rank":1},"geometry":{"type":"Point","coordinates":[139.7699,35.7073]}},{"type":"Feature","properties":{"kind":"station","id":"yutenji","name":"Yutenji","name_local":"祐天寺","lines":"TY","hub":false,"color":"#da0442","rank":1},"geometry":{"type":"Point","coordinates":[139.6899,35.6337]}},{"type":"Feature","properties":{"kind":"station","id":"zoshigaya","name":"Zoshigaya","name_local":"雑司が谷","lines":"F","hub":false,"color":"#9c5e31","rank":1},"geometry":{"type":"Point","coordinates":[139.7147,35.7202]}},{"type":"Feature","properties":{"kind":"station","id":"zoshiki-2","name":"Zoshiki","name_local":"雑色","lines":"KK","hub":false,"color":"#3366ff","rank":1},"geometry":{"type":"Point","coordinates":[139.715,35.5497]}}]}
